[2026-01-20T00:00:29.064+0000] {processor.py:161} INFO - Started process (PID=16219) to work on /opt/airflow/dags/pipeline_scheduled.py
[2026-01-20T00:00:29.065+0000] {processor.py:830} INFO - Processing file /opt/airflow/dags/pipeline_scheduled.py for tasks to queue
[2026-01-20T00:00:29.069+0000] {logging_mixin.py:188} INFO - [2026-01-20T00:00:29.068+0000] {dagbag.py:545} INFO - Filling up the DagBag from /opt/airflow/dags/pipeline_scheduled.py
[2026-01-20T00:00:29.097+0000] {processor.py:840} INFO - DAG(s) 'pipeline_scheduled' retrieved from /opt/airflow/dags/pipeline_scheduled.py
[2026-01-20T00:00:29.140+0000] {logging_mixin.py:188} INFO - [2026-01-20T00:00:29.140+0000] {dag.py:3089} INFO - Sync 1 DAGs
[2026-01-20T00:00:29.169+0000] {logging_mixin.py:188} INFO - [2026-01-20T00:00:29.168+0000] {dag.py:3947} INFO - Setting next_dagrun for pipeline_scheduled to 2026-01-20 00:00:00+00:00, run_after=2026-01-20 01:00:00+00:00
[2026-01-20T00:00:29.199+0000] {processor.py:183} INFO - Processing /opt/airflow/dags/pipeline_scheduled.py took 0.143 seconds
[2026-01-20T00:00:59.488+0000] {processor.py:161} INFO - Started process (PID=16229) to work on /opt/airflow/dags/pipeline_scheduled.py
[2026-01-20T00:00:59.489+0000] {processor.py:830} INFO - Processing file /opt/airflow/dags/pipeline_scheduled.py for tasks to queue
[2026-01-20T00:00:59.492+0000] {logging_mixin.py:188} INFO - [2026-01-20T00:00:59.491+0000] {dagbag.py:545} INFO - Filling up the DagBag from /opt/airflow/dags/pipeline_scheduled.py
[2026-01-20T00:00:59.519+0000] {processor.py:840} INFO - DAG(s) 'pipeline_scheduled' retrieved from /opt/airflow/dags/pipeline_scheduled.py
[2026-01-20T00:00:59.559+0000] {logging_mixin.py:188} INFO - [2026-01-20T00:00:59.559+0000] {dag.py:3089} INFO - Sync 1 DAGs
[2026-01-20T00:00:59.584+0000] {logging_mixin.py:188} INFO - [2026-01-20T00:00:59.584+0000] {dag.py:3947} INFO - Setting next_dagrun for pipeline_scheduled to 2026-01-20 00:00:00+00:00, run_after=2026-01-20 01:00:00+00:00
[2026-01-20T00:00:59.607+0000] {processor.py:183} INFO - Processing /opt/airflow/dags/pipeline_scheduled.py took 0.127 seconds
[2026-01-20T00:01:29.885+0000] {processor.py:161} INFO - Started process (PID=16239) to work on /opt/airflow/dags/pipeline_scheduled.py
[2026-01-20T00:01:29.886+0000] {processor.py:830} INFO - Processing file /opt/airflow/dags/pipeline_scheduled.py for tasks to queue
[2026-01-20T00:01:29.888+0000] {logging_mixin.py:188} INFO - [2026-01-20T00:01:29.888+0000] {dagbag.py:545} INFO - Filling up the DagBag from /opt/airflow/dags/pipeline_scheduled.py
[2026-01-20T00:01:29.916+0000] {processor.py:840} INFO - DAG(s) 'pipeline_scheduled' retrieved from /opt/airflow/dags/pipeline_scheduled.py
[2026-01-20T00:01:29.955+0000] {logging_mixin.py:188} INFO - [2026-01-20T00:01:29.955+0000] {dag.py:3089} INFO - Sync 1 DAGs
[2026-01-20T00:01:29.981+0000] {logging_mixin.py:188} INFO - [2026-01-20T00:01:29.981+0000] {dag.py:3947} INFO - Setting next_dagrun for pipeline_scheduled to 2026-01-20 00:00:00+00:00, run_after=2026-01-20 01:00:00+00:00
[2026-01-20T00:01:30.003+0000] {processor.py:183} INFO - Processing /opt/airflow/dags/pipeline_scheduled.py took 0.126 seconds
[2026-01-20T00:02:00.299+0000] {processor.py:161} INFO - Started process (PID=16249) to work on /opt/airflow/dags/pipeline_scheduled.py
[2026-01-20T00:02:00.300+0000] {processor.py:830} INFO - Processing file /opt/airflow/dags/pipeline_scheduled.py for tasks to queue
[2026-01-20T00:02:00.303+0000] {logging_mixin.py:188} INFO - [2026-01-20T00:02:00.302+0000] {dagbag.py:545} INFO - Filling up the DagBag from /opt/airflow/dags/pipeline_scheduled.py
[2026-01-20T00:02:00.330+0000] {processor.py:840} INFO - DAG(s) 'pipeline_scheduled' retrieved from /opt/airflow/dags/pipeline_scheduled.py
[2026-01-20T00:02:00.370+0000] {logging_mixin.py:188} INFO - [2026-01-20T00:02:00.370+0000] {dag.py:3089} INFO - Sync 1 DAGs
[2026-01-20T00:02:00.396+0000] {logging_mixin.py:188} INFO - [2026-01-20T00:02:00.396+0000] {dag.py:3947} INFO - Setting next_dagrun for pipeline_scheduled to 2026-01-20 00:00:00+00:00, run_after=2026-01-20 01:00:00+00:00
[2026-01-20T00:02:00.419+0000] {processor.py:183} INFO - Processing /opt/airflow/dags/pipeline_scheduled.py took 0.128 seconds
[2026-01-20T00:02:30.705+0000] {processor.py:161} INFO - Started process (PID=16259) to work on /opt/airflow/dags/pipeline_scheduled.py
[2026-01-20T00:02:30.706+0000] {processor.py:830} INFO - Processing file /opt/airflow/dags/pipeline_scheduled.py for tasks to queue
[2026-01-20T00:02:30.709+0000] {logging_mixin.py:188} INFO - [2026-01-20T00:02:30.708+0000] {dagbag.py:545} INFO - Filling up the DagBag from /opt/airflow/dags/pipeline_scheduled.py
[2026-01-20T00:02:30.737+0000] {processor.py:840} INFO - DAG(s) 'pipeline_scheduled' retrieved from /opt/airflow/dags/pipeline_scheduled.py
[2026-01-20T00:02:30.779+0000] {logging_mixin.py:188} INFO - [2026-01-20T00:02:30.779+0000] {dag.py:3089} INFO - Sync 1 DAGs
[2026-01-20T00:02:30.805+0000] {logging_mixin.py:188} INFO - [2026-01-20T00:02:30.804+0000] {dag.py:3947} INFO - Setting next_dagrun for pipeline_scheduled to 2026-01-20 00:00:00+00:00, run_after=2026-01-20 01:00:00+00:00
[2026-01-20T00:02:30.825+0000] {processor.py:183} INFO - Processing /opt/airflow/dags/pipeline_scheduled.py took 0.129 seconds
[2026-01-20T00:03:01.111+0000] {processor.py:161} INFO - Started process (PID=16269) to work on /opt/airflow/dags/pipeline_scheduled.py
[2026-01-20T00:03:01.112+0000] {processor.py:830} INFO - Processing file /opt/airflow/dags/pipeline_scheduled.py for tasks to queue
[2026-01-20T00:03:01.115+0000] {logging_mixin.py:188} INFO - [2026-01-20T00:03:01.115+0000] {dagbag.py:545} INFO - Filling up the DagBag from /opt/airflow/dags/pipeline_scheduled.py
[2026-01-20T00:03:01.143+0000] {processor.py:840} INFO - DAG(s) 'pipeline_scheduled' retrieved from /opt/airflow/dags/pipeline_scheduled.py
[2026-01-20T00:03:01.186+0000] {logging_mixin.py:188} INFO - [2026-01-20T00:03:01.185+0000] {dag.py:3089} INFO - Sync 1 DAGs
[2026-01-20T00:03:01.211+0000] {logging_mixin.py:188} INFO - [2026-01-20T00:03:01.211+0000] {dag.py:3947} INFO - Setting next_dagrun for pipeline_scheduled to 2026-01-20 00:00:00+00:00, run_after=2026-01-20 01:00:00+00:00
[2026-01-20T00:03:01.233+0000] {processor.py:183} INFO - Processing /opt/airflow/dags/pipeline_scheduled.py took 0.130 seconds
[2026-01-20T00:03:31.565+0000] {processor.py:161} INFO - Started process (PID=16279) to work on /opt/airflow/dags/pipeline_scheduled.py
[2026-01-20T00:03:31.567+0000] {processor.py:830} INFO - Processing file /opt/airflow/dags/pipeline_scheduled.py for tasks to queue
[2026-01-20T00:03:31.570+0000] {logging_mixin.py:188} INFO - [2026-01-20T00:03:31.570+0000] {dagbag.py:545} INFO - Filling up the DagBag from /opt/airflow/dags/pipeline_scheduled.py
[2026-01-20T00:03:31.597+0000] {processor.py:840} INFO - DAG(s) 'pipeline_scheduled' retrieved from /opt/airflow/dags/pipeline_scheduled.py
[2026-01-20T00:03:31.636+0000] {logging_mixin.py:188} INFO - [2026-01-20T00:03:31.636+0000] {dag.py:3089} INFO - Sync 1 DAGs
[2026-01-20T00:03:31.661+0000] {logging_mixin.py:188} INFO - [2026-01-20T00:03:31.661+0000] {dag.py:3947} INFO - Setting next_dagrun for pipeline_scheduled to 2026-01-20 00:00:00+00:00, run_after=2026-01-20 01:00:00+00:00
[2026-01-20T00:03:31.684+0000] {processor.py:183} INFO - Processing /opt/airflow/dags/pipeline_scheduled.py took 0.126 seconds
[2026-01-20T00:04:01.965+0000] {processor.py:161} INFO - Started process (PID=16289) to work on /opt/airflow/dags/pipeline_scheduled.py
[2026-01-20T00:04:01.967+0000] {processor.py:830} INFO - Processing file /opt/airflow/dags/pipeline_scheduled.py for tasks to queue
[2026-01-20T00:04:01.970+0000] {logging_mixin.py:188} INFO - [2026-01-20T00:04:01.970+0000] {dagbag.py:545} INFO - Filling up the DagBag from /opt/airflow/dags/pipeline_scheduled.py
[2026-01-20T00:04:01.997+0000] {processor.py:840} INFO - DAG(s) 'pipeline_scheduled' retrieved from /opt/airflow/dags/pipeline_scheduled.py
[2026-01-20T00:04:02.037+0000] {logging_mixin.py:188} INFO - [2026-01-20T00:04:02.037+0000] {dag.py:3089} INFO - Sync 1 DAGs
[2026-01-20T00:04:02.063+0000] {logging_mixin.py:188} INFO - [2026-01-20T00:04:02.062+0000] {dag.py:3947} INFO - Setting next_dagrun for pipeline_scheduled to 2026-01-20 00:00:00+00:00, run_after=2026-01-20 01:00:00+00:00
[2026-01-20T00:04:02.086+0000] {processor.py:183} INFO - Processing /opt/airflow/dags/pipeline_scheduled.py took 0.128 seconds
[2026-01-20T00:04:32.361+0000] {processor.py:161} INFO - Started process (PID=16299) to work on /opt/airflow/dags/pipeline_scheduled.py
[2026-01-20T00:04:32.363+0000] {processor.py:830} INFO - Processing file /opt/airflow/dags/pipeline_scheduled.py for tasks to queue
[2026-01-20T00:04:32.365+0000] {logging_mixin.py:188} INFO - [2026-01-20T00:04:32.365+0000] {dagbag.py:545} INFO - Filling up the DagBag from /opt/airflow/dags/pipeline_scheduled.py
[2026-01-20T00:04:32.395+0000] {processor.py:840} INFO - DAG(s) 'pipeline_scheduled' retrieved from /opt/airflow/dags/pipeline_scheduled.py
[2026-01-20T00:04:32.434+0000] {logging_mixin.py:188} INFO - [2026-01-20T00:04:32.434+0000] {dag.py:3089} INFO - Sync 1 DAGs
[2026-01-20T00:04:32.464+0000] {logging_mixin.py:188} INFO - [2026-01-20T00:04:32.464+0000] {dag.py:3947} INFO - Setting next_dagrun for pipeline_scheduled to 2026-01-20 00:00:00+00:00, run_after=2026-01-20 01:00:00+00:00
[2026-01-20T00:04:32.496+0000] {processor.py:183} INFO - Processing /opt/airflow/dags/pipeline_scheduled.py took 0.144 seconds
[2026-01-20T00:05:02.777+0000] {processor.py:161} INFO - Started process (PID=16309) to work on /opt/airflow/dags/pipeline_scheduled.py
[2026-01-20T00:05:02.779+0000] {processor.py:830} INFO - Processing file /opt/airflow/dags/pipeline_scheduled.py for tasks to queue
[2026-01-20T00:05:02.781+0000] {logging_mixin.py:188} INFO - [2026-01-20T00:05:02.781+0000] {dagbag.py:545} INFO - Filling up the DagBag from /opt/airflow/dags/pipeline_scheduled.py
[2026-01-20T00:05:02.810+0000] {processor.py:840} INFO - DAG(s) 'pipeline_scheduled' retrieved from /opt/airflow/dags/pipeline_scheduled.py
[2026-01-20T00:05:02.849+0000] {logging_mixin.py:188} INFO - [2026-01-20T00:05:02.849+0000] {dag.py:3089} INFO - Sync 1 DAGs
[2026-01-20T00:05:02.873+0000] {logging_mixin.py:188} INFO - [2026-01-20T00:05:02.873+0000] {dag.py:3947} INFO - Setting next_dagrun for pipeline_scheduled to 2026-01-20 00:00:00+00:00, run_after=2026-01-20 01:00:00+00:00
[2026-01-20T00:05:02.896+0000] {processor.py:183} INFO - Processing /opt/airflow/dags/pipeline_scheduled.py took 0.127 seconds
[2026-01-20T00:05:33.178+0000] {processor.py:161} INFO - Started process (PID=16319) to work on /opt/airflow/dags/pipeline_scheduled.py
[2026-01-20T00:05:33.179+0000] {processor.py:830} INFO - Processing file /opt/airflow/dags/pipeline_scheduled.py for tasks to queue
[2026-01-20T00:05:33.181+0000] {logging_mixin.py:188} INFO - [2026-01-20T00:05:33.180+0000] {dagbag.py:545} INFO - Filling up the DagBag from /opt/airflow/dags/pipeline_scheduled.py
[2026-01-20T00:05:33.206+0000] {processor.py:840} INFO - DAG(s) 'pipeline_scheduled' retrieved from /opt/airflow/dags/pipeline_scheduled.py
[2026-01-20T00:05:33.240+0000] {logging_mixin.py:188} INFO - [2026-01-20T00:05:33.240+0000] {dag.py:3089} INFO - Sync 1 DAGs
[2026-01-20T00:05:33.263+0000] {logging_mixin.py:188} INFO - [2026-01-20T00:05:33.263+0000] {dag.py:3947} INFO - Setting next_dagrun for pipeline_scheduled to 2026-01-20 00:00:00+00:00, run_after=2026-01-20 01:00:00+00:00
[2026-01-20T00:05:33.286+0000] {processor.py:183} INFO - Processing /opt/airflow/dags/pipeline_scheduled.py took 0.115 seconds
[2026-01-20T00:06:03.578+0000] {processor.py:161} INFO - Started process (PID=16329) to work on /opt/airflow/dags/pipeline_scheduled.py
[2026-01-20T00:06:03.580+0000] {processor.py:830} INFO - Processing file /opt/airflow/dags/pipeline_scheduled.py for tasks to queue
[2026-01-20T00:06:03.582+0000] {logging_mixin.py:188} INFO - [2026-01-20T00:06:03.582+0000] {dagbag.py:545} INFO - Filling up the DagBag from /opt/airflow/dags/pipeline_scheduled.py
[2026-01-20T00:06:03.610+0000] {processor.py:840} INFO - DAG(s) 'pipeline_scheduled' retrieved from /opt/airflow/dags/pipeline_scheduled.py
[2026-01-20T00:06:03.649+0000] {logging_mixin.py:188} INFO - [2026-01-20T00:06:03.649+0000] {dag.py:3089} INFO - Sync 1 DAGs
[2026-01-20T00:06:03.674+0000] {logging_mixin.py:188} INFO - [2026-01-20T00:06:03.674+0000] {dag.py:3947} INFO - Setting next_dagrun for pipeline_scheduled to 2026-01-20 00:00:00+00:00, run_after=2026-01-20 01:00:00+00:00
[2026-01-20T00:06:03.697+0000] {processor.py:183} INFO - Processing /opt/airflow/dags/pipeline_scheduled.py took 0.126 seconds
[2026-01-20T00:06:33.983+0000] {processor.py:161} INFO - Started process (PID=16339) to work on /opt/airflow/dags/pipeline_scheduled.py
[2026-01-20T00:06:33.984+0000] {processor.py:830} INFO - Processing file /opt/airflow/dags/pipeline_scheduled.py for tasks to queue
[2026-01-20T00:06:33.987+0000] {logging_mixin.py:188} INFO - [2026-01-20T00:06:33.986+0000] {dagbag.py:545} INFO - Filling up the DagBag from /opt/airflow/dags/pipeline_scheduled.py
[2026-01-20T00:06:34.017+0000] {processor.py:840} INFO - DAG(s) 'pipeline_scheduled' retrieved from /opt/airflow/dags/pipeline_scheduled.py
[2026-01-20T00:06:34.060+0000] {logging_mixin.py:188} INFO - [2026-01-20T00:06:34.059+0000] {dag.py:3089} INFO - Sync 1 DAGs
[2026-01-20T00:06:34.084+0000] {logging_mixin.py:188} INFO - [2026-01-20T00:06:34.083+0000] {dag.py:3947} INFO - Setting next_dagrun for pipeline_scheduled to 2026-01-20 00:00:00+00:00, run_after=2026-01-20 01:00:00+00:00
[2026-01-20T00:06:34.107+0000] {processor.py:183} INFO - Processing /opt/airflow/dags/pipeline_scheduled.py took 0.132 seconds
[2026-01-20T00:07:04.393+0000] {processor.py:161} INFO - Started process (PID=16349) to work on /opt/airflow/dags/pipeline_scheduled.py
[2026-01-20T00:07:04.394+0000] {processor.py:830} INFO - Processing file /opt/airflow/dags/pipeline_scheduled.py for tasks to queue
[2026-01-20T00:07:04.397+0000] {logging_mixin.py:188} INFO - [2026-01-20T00:07:04.396+0000] {dagbag.py:545} INFO - Filling up the DagBag from /opt/airflow/dags/pipeline_scheduled.py
[2026-01-20T00:07:04.423+0000] {processor.py:840} INFO - DAG(s) 'pipeline_scheduled' retrieved from /opt/airflow/dags/pipeline_scheduled.py
[2026-01-20T00:07:04.466+0000] {logging_mixin.py:188} INFO - [2026-01-20T00:07:04.465+0000] {dag.py:3089} INFO - Sync 1 DAGs
[2026-01-20T00:07:04.493+0000] {logging_mixin.py:188} INFO - [2026-01-20T00:07:04.493+0000] {dag.py:3947} INFO - Setting next_dagrun for pipeline_scheduled to 2026-01-20 00:00:00+00:00, run_after=2026-01-20 01:00:00+00:00
[2026-01-20T00:07:04.518+0000] {processor.py:183} INFO - Processing /opt/airflow/dags/pipeline_scheduled.py took 0.132 seconds
[2026-01-20T00:07:34.798+0000] {processor.py:161} INFO - Started process (PID=16359) to work on /opt/airflow/dags/pipeline_scheduled.py
[2026-01-20T00:07:34.800+0000] {processor.py:830} INFO - Processing file /opt/airflow/dags/pipeline_scheduled.py for tasks to queue
[2026-01-20T00:07:34.803+0000] {logging_mixin.py:188} INFO - [2026-01-20T00:07:34.802+0000] {dagbag.py:545} INFO - Filling up the DagBag from /opt/airflow/dags/pipeline_scheduled.py
[2026-01-20T00:07:34.828+0000] {processor.py:840} INFO - DAG(s) 'pipeline_scheduled' retrieved from /opt/airflow/dags/pipeline_scheduled.py
[2026-01-20T00:07:34.867+0000] {logging_mixin.py:188} INFO - [2026-01-20T00:07:34.867+0000] {dag.py:3089} INFO - Sync 1 DAGs
[2026-01-20T00:07:34.892+0000] {logging_mixin.py:188} INFO - [2026-01-20T00:07:34.892+0000] {dag.py:3947} INFO - Setting next_dagrun for pipeline_scheduled to 2026-01-20 00:00:00+00:00, run_after=2026-01-20 01:00:00+00:00
[2026-01-20T00:07:34.915+0000] {processor.py:183} INFO - Processing /opt/airflow/dags/pipeline_scheduled.py took 0.124 seconds
[2026-01-20T00:08:05.185+0000] {processor.py:161} INFO - Started process (PID=16369) to work on /opt/airflow/dags/pipeline_scheduled.py
[2026-01-20T00:08:05.187+0000] {processor.py:830} INFO - Processing file /opt/airflow/dags/pipeline_scheduled.py for tasks to queue
[2026-01-20T00:08:05.190+0000] {logging_mixin.py:188} INFO - [2026-01-20T00:08:05.189+0000] {dagbag.py:545} INFO - Filling up the DagBag from /opt/airflow/dags/pipeline_scheduled.py
[2026-01-20T00:08:05.219+0000] {processor.py:840} INFO - DAG(s) 'pipeline_scheduled' retrieved from /opt/airflow/dags/pipeline_scheduled.py
[2026-01-20T00:08:05.261+0000] {logging_mixin.py:188} INFO - [2026-01-20T00:08:05.261+0000] {dag.py:3089} INFO - Sync 1 DAGs
[2026-01-20T00:08:05.287+0000] {logging_mixin.py:188} INFO - [2026-01-20T00:08:05.287+0000] {dag.py:3947} INFO - Setting next_dagrun for pipeline_scheduled to 2026-01-20 00:00:00+00:00, run_after=2026-01-20 01:00:00+00:00
[2026-01-20T00:08:05.310+0000] {processor.py:183} INFO - Processing /opt/airflow/dags/pipeline_scheduled.py took 0.132 seconds
[2026-01-20T00:08:35.630+0000] {processor.py:161} INFO - Started process (PID=16379) to work on /opt/airflow/dags/pipeline_scheduled.py
[2026-01-20T00:08:35.631+0000] {processor.py:830} INFO - Processing file /opt/airflow/dags/pipeline_scheduled.py for tasks to queue
[2026-01-20T00:08:35.634+0000] {logging_mixin.py:188} INFO - [2026-01-20T00:08:35.634+0000] {dagbag.py:545} INFO - Filling up the DagBag from /opt/airflow/dags/pipeline_scheduled.py
[2026-01-20T00:08:35.662+0000] {processor.py:840} INFO - DAG(s) 'pipeline_scheduled' retrieved from /opt/airflow/dags/pipeline_scheduled.py
[2026-01-20T00:08:35.700+0000] {logging_mixin.py:188} INFO - [2026-01-20T00:08:35.699+0000] {dag.py:3089} INFO - Sync 1 DAGs
[2026-01-20T00:08:35.726+0000] {logging_mixin.py:188} INFO - [2026-01-20T00:08:35.726+0000] {dag.py:3947} INFO - Setting next_dagrun for pipeline_scheduled to 2026-01-20 00:00:00+00:00, run_after=2026-01-20 01:00:00+00:00
[2026-01-20T00:08:35.748+0000] {processor.py:183} INFO - Processing /opt/airflow/dags/pipeline_scheduled.py took 0.126 seconds
[2026-01-20T00:09:06.036+0000] {processor.py:161} INFO - Started process (PID=16389) to work on /opt/airflow/dags/pipeline_scheduled.py
[2026-01-20T00:09:06.037+0000] {processor.py:830} INFO - Processing file /opt/airflow/dags/pipeline_scheduled.py for tasks to queue
[2026-01-20T00:09:06.040+0000] {logging_mixin.py:188} INFO - [2026-01-20T00:09:06.040+0000] {dagbag.py:545} INFO - Filling up the DagBag from /opt/airflow/dags/pipeline_scheduled.py
[2026-01-20T00:09:06.068+0000] {processor.py:840} INFO - DAG(s) 'pipeline_scheduled' retrieved from /opt/airflow/dags/pipeline_scheduled.py
[2026-01-20T00:09:06.107+0000] {logging_mixin.py:188} INFO - [2026-01-20T00:09:06.107+0000] {dag.py:3089} INFO - Sync 1 DAGs
[2026-01-20T00:09:06.133+0000] {logging_mixin.py:188} INFO - [2026-01-20T00:09:06.133+0000] {dag.py:3947} INFO - Setting next_dagrun for pipeline_scheduled to 2026-01-20 00:00:00+00:00, run_after=2026-01-20 01:00:00+00:00
[2026-01-20T00:09:06.155+0000] {processor.py:183} INFO - Processing /opt/airflow/dags/pipeline_scheduled.py took 0.127 seconds
[2026-01-20T00:09:36.442+0000] {processor.py:161} INFO - Started process (PID=16399) to work on /opt/airflow/dags/pipeline_scheduled.py
[2026-01-20T00:09:36.444+0000] {processor.py:830} INFO - Processing file /opt/airflow/dags/pipeline_scheduled.py for tasks to queue
[2026-01-20T00:09:36.447+0000] {logging_mixin.py:188} INFO - [2026-01-20T00:09:36.447+0000] {dagbag.py:545} INFO - Filling up the DagBag from /opt/airflow/dags/pipeline_scheduled.py
[2026-01-20T00:09:36.474+0000] {processor.py:840} INFO - DAG(s) 'pipeline_scheduled' retrieved from /opt/airflow/dags/pipeline_scheduled.py
[2026-01-20T00:09:36.514+0000] {logging_mixin.py:188} INFO - [2026-01-20T00:09:36.514+0000] {dag.py:3089} INFO - Sync 1 DAGs
[2026-01-20T00:09:36.539+0000] {logging_mixin.py:188} INFO - [2026-01-20T00:09:36.538+0000] {dag.py:3947} INFO - Setting next_dagrun for pipeline_scheduled to 2026-01-20 00:00:00+00:00, run_after=2026-01-20 01:00:00+00:00
[2026-01-20T00:09:36.562+0000] {processor.py:183} INFO - Processing /opt/airflow/dags/pipeline_scheduled.py took 0.127 seconds
[2026-01-20T00:10:06.854+0000] {processor.py:161} INFO - Started process (PID=16412) to work on /opt/airflow/dags/pipeline_scheduled.py
[2026-01-20T00:10:06.856+0000] {processor.py:830} INFO - Processing file /opt/airflow/dags/pipeline_scheduled.py for tasks to queue
[2026-01-20T00:10:06.858+0000] {logging_mixin.py:188} INFO - [2026-01-20T00:10:06.858+0000] {dagbag.py:545} INFO - Filling up the DagBag from /opt/airflow/dags/pipeline_scheduled.py
[2026-01-20T00:10:06.885+0000] {processor.py:840} INFO - DAG(s) 'pipeline_scheduled' retrieved from /opt/airflow/dags/pipeline_scheduled.py
[2026-01-20T00:10:06.926+0000] {logging_mixin.py:188} INFO - [2026-01-20T00:10:06.926+0000] {dag.py:3089} INFO - Sync 1 DAGs
[2026-01-20T00:10:06.953+0000] {logging_mixin.py:188} INFO - [2026-01-20T00:10:06.953+0000] {dag.py:3947} INFO - Setting next_dagrun for pipeline_scheduled to 2026-01-20 00:00:00+00:00, run_after=2026-01-20 01:00:00+00:00
[2026-01-20T00:10:06.975+0000] {processor.py:183} INFO - Processing /opt/airflow/dags/pipeline_scheduled.py took 0.128 seconds
[2026-01-20T00:10:37.269+0000] {processor.py:161} INFO - Started process (PID=16422) to work on /opt/airflow/dags/pipeline_scheduled.py
[2026-01-20T00:10:37.271+0000] {processor.py:830} INFO - Processing file /opt/airflow/dags/pipeline_scheduled.py for tasks to queue
[2026-01-20T00:10:37.273+0000] {logging_mixin.py:188} INFO - [2026-01-20T00:10:37.273+0000] {dagbag.py:545} INFO - Filling up the DagBag from /opt/airflow/dags/pipeline_scheduled.py
[2026-01-20T00:10:37.302+0000] {processor.py:840} INFO - DAG(s) 'pipeline_scheduled' retrieved from /opt/airflow/dags/pipeline_scheduled.py
[2026-01-20T00:10:37.344+0000] {logging_mixin.py:188} INFO - [2026-01-20T00:10:37.344+0000] {dag.py:3089} INFO - Sync 1 DAGs
[2026-01-20T00:10:37.373+0000] {logging_mixin.py:188} INFO - [2026-01-20T00:10:37.372+0000] {dag.py:3947} INFO - Setting next_dagrun for pipeline_scheduled to 2026-01-20 00:00:00+00:00, run_after=2026-01-20 01:00:00+00:00
[2026-01-20T00:10:37.395+0000] {processor.py:183} INFO - Processing /opt/airflow/dags/pipeline_scheduled.py took 0.135 seconds
[2026-01-20T00:11:07.679+0000] {processor.py:161} INFO - Started process (PID=16432) to work on /opt/airflow/dags/pipeline_scheduled.py
[2026-01-20T00:11:07.680+0000] {processor.py:830} INFO - Processing file /opt/airflow/dags/pipeline_scheduled.py for tasks to queue
[2026-01-20T00:11:07.683+0000] {logging_mixin.py:188} INFO - [2026-01-20T00:11:07.682+0000] {dagbag.py:545} INFO - Filling up the DagBag from /opt/airflow/dags/pipeline_scheduled.py
[2026-01-20T00:11:07.709+0000] {processor.py:840} INFO - DAG(s) 'pipeline_scheduled' retrieved from /opt/airflow/dags/pipeline_scheduled.py
[2026-01-20T00:11:07.749+0000] {logging_mixin.py:188} INFO - [2026-01-20T00:11:07.749+0000] {dag.py:3089} INFO - Sync 1 DAGs
[2026-01-20T00:11:07.775+0000] {logging_mixin.py:188} INFO - [2026-01-20T00:11:07.774+0000] {dag.py:3947} INFO - Setting next_dagrun for pipeline_scheduled to 2026-01-20 00:00:00+00:00, run_after=2026-01-20 01:00:00+00:00
[2026-01-20T00:11:07.796+0000] {processor.py:183} INFO - Processing /opt/airflow/dags/pipeline_scheduled.py took 0.125 seconds
[2026-01-20T00:11:38.087+0000] {processor.py:161} INFO - Started process (PID=16442) to work on /opt/airflow/dags/pipeline_scheduled.py
[2026-01-20T00:11:38.088+0000] {processor.py:830} INFO - Processing file /opt/airflow/dags/pipeline_scheduled.py for tasks to queue
[2026-01-20T00:11:38.091+0000] {logging_mixin.py:188} INFO - [2026-01-20T00:11:38.090+0000] {dagbag.py:545} INFO - Filling up the DagBag from /opt/airflow/dags/pipeline_scheduled.py
[2026-01-20T00:11:38.119+0000] {processor.py:840} INFO - DAG(s) 'pipeline_scheduled' retrieved from /opt/airflow/dags/pipeline_scheduled.py
[2026-01-20T00:11:38.160+0000] {logging_mixin.py:188} INFO - [2026-01-20T00:11:38.160+0000] {dag.py:3089} INFO - Sync 1 DAGs
[2026-01-20T00:11:38.185+0000] {logging_mixin.py:188} INFO - [2026-01-20T00:11:38.185+0000] {dag.py:3947} INFO - Setting next_dagrun for pipeline_scheduled to 2026-01-20 00:00:00+00:00, run_after=2026-01-20 01:00:00+00:00
[2026-01-20T00:11:38.208+0000] {processor.py:183} INFO - Processing /opt/airflow/dags/pipeline_scheduled.py took 0.129 seconds
[2026-01-20T00:12:08.481+0000] {processor.py:161} INFO - Started process (PID=16452) to work on /opt/airflow/dags/pipeline_scheduled.py
[2026-01-20T00:12:08.482+0000] {processor.py:830} INFO - Processing file /opt/airflow/dags/pipeline_scheduled.py for tasks to queue
[2026-01-20T00:12:08.484+0000] {logging_mixin.py:188} INFO - [2026-01-20T00:12:08.484+0000] {dagbag.py:545} INFO - Filling up the DagBag from /opt/airflow/dags/pipeline_scheduled.py
[2026-01-20T00:12:08.512+0000] {processor.py:840} INFO - DAG(s) 'pipeline_scheduled' retrieved from /opt/airflow/dags/pipeline_scheduled.py
[2026-01-20T00:12:08.553+0000] {logging_mixin.py:188} INFO - [2026-01-20T00:12:08.553+0000] {dag.py:3089} INFO - Sync 1 DAGs
[2026-01-20T00:12:08.579+0000] {logging_mixin.py:188} INFO - [2026-01-20T00:12:08.579+0000] {dag.py:3947} INFO - Setting next_dagrun for pipeline_scheduled to 2026-01-20 00:00:00+00:00, run_after=2026-01-20 01:00:00+00:00
[2026-01-20T00:12:08.602+0000] {processor.py:183} INFO - Processing /opt/airflow/dags/pipeline_scheduled.py took 0.127 seconds
[2026-01-20T00:12:38.889+0000] {processor.py:161} INFO - Started process (PID=16462) to work on /opt/airflow/dags/pipeline_scheduled.py
[2026-01-20T00:12:38.890+0000] {processor.py:830} INFO - Processing file /opt/airflow/dags/pipeline_scheduled.py for tasks to queue
[2026-01-20T00:12:38.893+0000] {logging_mixin.py:188} INFO - [2026-01-20T00:12:38.892+0000] {dagbag.py:545} INFO - Filling up the DagBag from /opt/airflow/dags/pipeline_scheduled.py
[2026-01-20T00:12:38.920+0000] {processor.py:840} INFO - DAG(s) 'pipeline_scheduled' retrieved from /opt/airflow/dags/pipeline_scheduled.py
[2026-01-20T00:12:38.961+0000] {logging_mixin.py:188} INFO - [2026-01-20T00:12:38.961+0000] {dag.py:3089} INFO - Sync 1 DAGs
[2026-01-20T00:12:38.987+0000] {logging_mixin.py:188} INFO - [2026-01-20T00:12:38.987+0000] {dag.py:3947} INFO - Setting next_dagrun for pipeline_scheduled to 2026-01-20 00:00:00+00:00, run_after=2026-01-20 01:00:00+00:00
[2026-01-20T00:12:39.011+0000] {processor.py:183} INFO - Processing /opt/airflow/dags/pipeline_scheduled.py took 0.130 seconds
[2026-01-20T00:13:09.281+0000] {processor.py:161} INFO - Started process (PID=16472) to work on /opt/airflow/dags/pipeline_scheduled.py
[2026-01-20T00:13:09.283+0000] {processor.py:830} INFO - Processing file /opt/airflow/dags/pipeline_scheduled.py for tasks to queue
[2026-01-20T00:13:09.286+0000] {logging_mixin.py:188} INFO - [2026-01-20T00:13:09.285+0000] {dagbag.py:545} INFO - Filling up the DagBag from /opt/airflow/dags/pipeline_scheduled.py
[2026-01-20T00:13:09.314+0000] {processor.py:840} INFO - DAG(s) 'pipeline_scheduled' retrieved from /opt/airflow/dags/pipeline_scheduled.py
[2026-01-20T00:13:09.353+0000] {logging_mixin.py:188} INFO - [2026-01-20T00:13:09.353+0000] {dag.py:3089} INFO - Sync 1 DAGs
[2026-01-20T00:13:09.380+0000] {logging_mixin.py:188} INFO - [2026-01-20T00:13:09.379+0000] {dag.py:3947} INFO - Setting next_dagrun for pipeline_scheduled to 2026-01-20 00:00:00+00:00, run_after=2026-01-20 01:00:00+00:00
[2026-01-20T00:13:09.402+0000] {processor.py:183} INFO - Processing /opt/airflow/dags/pipeline_scheduled.py took 0.129 seconds
[2026-01-20T00:13:39.717+0000] {processor.py:161} INFO - Started process (PID=16482) to work on /opt/airflow/dags/pipeline_scheduled.py
[2026-01-20T00:13:39.718+0000] {processor.py:830} INFO - Processing file /opt/airflow/dags/pipeline_scheduled.py for tasks to queue
[2026-01-20T00:13:39.721+0000] {logging_mixin.py:188} INFO - [2026-01-20T00:13:39.720+0000] {dagbag.py:545} INFO - Filling up the DagBag from /opt/airflow/dags/pipeline_scheduled.py
[2026-01-20T00:13:39.749+0000] {processor.py:840} INFO - DAG(s) 'pipeline_scheduled' retrieved from /opt/airflow/dags/pipeline_scheduled.py
[2026-01-20T00:13:39.784+0000] {logging_mixin.py:188} INFO - [2026-01-20T00:13:39.784+0000] {dag.py:3089} INFO - Sync 1 DAGs
[2026-01-20T00:13:39.807+0000] {logging_mixin.py:188} INFO - [2026-01-20T00:13:39.807+0000] {dag.py:3947} INFO - Setting next_dagrun for pipeline_scheduled to 2026-01-20 00:00:00+00:00, run_after=2026-01-20 01:00:00+00:00
[2026-01-20T00:13:39.828+0000] {processor.py:183} INFO - Processing /opt/airflow/dags/pipeline_scheduled.py took 0.118 seconds
[2026-01-20T00:14:10.105+0000] {processor.py:161} INFO - Started process (PID=16492) to work on /opt/airflow/dags/pipeline_scheduled.py
[2026-01-20T00:14:10.106+0000] {processor.py:830} INFO - Processing file /opt/airflow/dags/pipeline_scheduled.py for tasks to queue
[2026-01-20T00:14:10.109+0000] {logging_mixin.py:188} INFO - [2026-01-20T00:14:10.108+0000] {dagbag.py:545} INFO - Filling up the DagBag from /opt/airflow/dags/pipeline_scheduled.py
[2026-01-20T00:14:10.135+0000] {processor.py:840} INFO - DAG(s) 'pipeline_scheduled' retrieved from /opt/airflow/dags/pipeline_scheduled.py
[2026-01-20T00:14:10.170+0000] {logging_mixin.py:188} INFO - [2026-01-20T00:14:10.170+0000] {dag.py:3089} INFO - Sync 1 DAGs
[2026-01-20T00:14:10.193+0000] {logging_mixin.py:188} INFO - [2026-01-20T00:14:10.192+0000] {dag.py:3947} INFO - Setting next_dagrun for pipeline_scheduled to 2026-01-20 00:00:00+00:00, run_after=2026-01-20 01:00:00+00:00
[2026-01-20T00:14:10.214+0000] {processor.py:183} INFO - Processing /opt/airflow/dags/pipeline_scheduled.py took 0.116 seconds
[2026-01-20T00:14:40.510+0000] {processor.py:161} INFO - Started process (PID=16502) to work on /opt/airflow/dags/pipeline_scheduled.py
[2026-01-20T00:14:40.511+0000] {processor.py:830} INFO - Processing file /opt/airflow/dags/pipeline_scheduled.py for tasks to queue
[2026-01-20T00:14:40.514+0000] {logging_mixin.py:188} INFO - [2026-01-20T00:14:40.513+0000] {dagbag.py:545} INFO - Filling up the DagBag from /opt/airflow/dags/pipeline_scheduled.py
[2026-01-20T00:14:40.540+0000] {processor.py:840} INFO - DAG(s) 'pipeline_scheduled' retrieved from /opt/airflow/dags/pipeline_scheduled.py
[2026-01-20T00:14:40.577+0000] {logging_mixin.py:188} INFO - [2026-01-20T00:14:40.577+0000] {dag.py:3089} INFO - Sync 1 DAGs
[2026-01-20T00:14:40.602+0000] {logging_mixin.py:188} INFO - [2026-01-20T00:14:40.601+0000] {dag.py:3947} INFO - Setting next_dagrun for pipeline_scheduled to 2026-01-20 00:00:00+00:00, run_after=2026-01-20 01:00:00+00:00
[2026-01-20T00:14:40.624+0000] {processor.py:183} INFO - Processing /opt/airflow/dags/pipeline_scheduled.py took 0.122 seconds
[2026-01-20T00:15:10.917+0000] {processor.py:161} INFO - Started process (PID=16512) to work on /opt/airflow/dags/pipeline_scheduled.py
[2026-01-20T00:15:10.918+0000] {processor.py:830} INFO - Processing file /opt/airflow/dags/pipeline_scheduled.py for tasks to queue
[2026-01-20T00:15:10.921+0000] {logging_mixin.py:188} INFO - [2026-01-20T00:15:10.920+0000] {dagbag.py:545} INFO - Filling up the DagBag from /opt/airflow/dags/pipeline_scheduled.py
[2026-01-20T00:15:10.950+0000] {processor.py:840} INFO - DAG(s) 'pipeline_scheduled' retrieved from /opt/airflow/dags/pipeline_scheduled.py
[2026-01-20T00:15:10.989+0000] {logging_mixin.py:188} INFO - [2026-01-20T00:15:10.988+0000] {dag.py:3089} INFO - Sync 1 DAGs
[2026-01-20T00:15:11.014+0000] {logging_mixin.py:188} INFO - [2026-01-20T00:15:11.014+0000] {dag.py:3947} INFO - Setting next_dagrun for pipeline_scheduled to 2026-01-20 00:00:00+00:00, run_after=2026-01-20 01:00:00+00:00
[2026-01-20T00:15:11.036+0000] {processor.py:183} INFO - Processing /opt/airflow/dags/pipeline_scheduled.py took 0.127 seconds
[2026-01-20T00:15:41.323+0000] {processor.py:161} INFO - Started process (PID=16522) to work on /opt/airflow/dags/pipeline_scheduled.py
[2026-01-20T00:15:41.324+0000] {processor.py:830} INFO - Processing file /opt/airflow/dags/pipeline_scheduled.py for tasks to queue
[2026-01-20T00:15:41.326+0000] {logging_mixin.py:188} INFO - [2026-01-20T00:15:41.326+0000] {dagbag.py:545} INFO - Filling up the DagBag from /opt/airflow/dags/pipeline_scheduled.py
[2026-01-20T00:15:41.353+0000] {processor.py:840} INFO - DAG(s) 'pipeline_scheduled' retrieved from /opt/airflow/dags/pipeline_scheduled.py
[2026-01-20T00:15:41.392+0000] {logging_mixin.py:188} INFO - [2026-01-20T00:15:41.392+0000] {dag.py:3089} INFO - Sync 1 DAGs
[2026-01-20T00:15:41.419+0000] {logging_mixin.py:188} INFO - [2026-01-20T00:15:41.419+0000] {dag.py:3947} INFO - Setting next_dagrun for pipeline_scheduled to 2026-01-20 00:00:00+00:00, run_after=2026-01-20 01:00:00+00:00
[2026-01-20T00:15:41.446+0000] {processor.py:183} INFO - Processing /opt/airflow/dags/pipeline_scheduled.py took 0.131 seconds
[2026-01-20T00:16:11.719+0000] {processor.py:161} INFO - Started process (PID=16532) to work on /opt/airflow/dags/pipeline_scheduled.py
[2026-01-20T00:16:11.721+0000] {processor.py:830} INFO - Processing file /opt/airflow/dags/pipeline_scheduled.py for tasks to queue
[2026-01-20T00:16:11.723+0000] {logging_mixin.py:188} INFO - [2026-01-20T00:16:11.723+0000] {dagbag.py:545} INFO - Filling up the DagBag from /opt/airflow/dags/pipeline_scheduled.py
[2026-01-20T00:16:11.751+0000] {processor.py:840} INFO - DAG(s) 'pipeline_scheduled' retrieved from /opt/airflow/dags/pipeline_scheduled.py
[2026-01-20T00:16:11.791+0000] {logging_mixin.py:188} INFO - [2026-01-20T00:16:11.791+0000] {dag.py:3089} INFO - Sync 1 DAGs
[2026-01-20T00:16:11.817+0000] {logging_mixin.py:188} INFO - [2026-01-20T00:16:11.817+0000] {dag.py:3947} INFO - Setting next_dagrun for pipeline_scheduled to 2026-01-20 00:00:00+00:00, run_after=2026-01-20 01:00:00+00:00
[2026-01-20T00:16:11.838+0000] {processor.py:183} INFO - Processing /opt/airflow/dags/pipeline_scheduled.py took 0.127 seconds
[2026-01-20T00:16:42.116+0000] {processor.py:161} INFO - Started process (PID=16542) to work on /opt/airflow/dags/pipeline_scheduled.py
[2026-01-20T00:16:42.118+0000] {processor.py:830} INFO - Processing file /opt/airflow/dags/pipeline_scheduled.py for tasks to queue
[2026-01-20T00:16:42.121+0000] {logging_mixin.py:188} INFO - [2026-01-20T00:16:42.120+0000] {dagbag.py:545} INFO - Filling up the DagBag from /opt/airflow/dags/pipeline_scheduled.py
[2026-01-20T00:16:42.148+0000] {processor.py:840} INFO - DAG(s) 'pipeline_scheduled' retrieved from /opt/airflow/dags/pipeline_scheduled.py
[2026-01-20T00:16:42.187+0000] {logging_mixin.py:188} INFO - [2026-01-20T00:16:42.186+0000] {dag.py:3089} INFO - Sync 1 DAGs
[2026-01-20T00:16:42.212+0000] {logging_mixin.py:188} INFO - [2026-01-20T00:16:42.212+0000] {dag.py:3947} INFO - Setting next_dagrun for pipeline_scheduled to 2026-01-20 00:00:00+00:00, run_after=2026-01-20 01:00:00+00:00
[2026-01-20T00:16:42.237+0000] {processor.py:183} INFO - Processing /opt/airflow/dags/pipeline_scheduled.py took 0.129 seconds
[2026-01-20T00:17:12.530+0000] {processor.py:161} INFO - Started process (PID=16552) to work on /opt/airflow/dags/pipeline_scheduled.py
[2026-01-20T00:17:12.531+0000] {processor.py:830} INFO - Processing file /opt/airflow/dags/pipeline_scheduled.py for tasks to queue
[2026-01-20T00:17:12.534+0000] {logging_mixin.py:188} INFO - [2026-01-20T00:17:12.533+0000] {dagbag.py:545} INFO - Filling up the DagBag from /opt/airflow/dags/pipeline_scheduled.py
[2026-01-20T00:17:12.561+0000] {processor.py:840} INFO - DAG(s) 'pipeline_scheduled' retrieved from /opt/airflow/dags/pipeline_scheduled.py
[2026-01-20T00:17:12.599+0000] {logging_mixin.py:188} INFO - [2026-01-20T00:17:12.598+0000] {dag.py:3089} INFO - Sync 1 DAGs
[2026-01-20T00:17:12.625+0000] {logging_mixin.py:188} INFO - [2026-01-20T00:17:12.625+0000] {dag.py:3947} INFO - Setting next_dagrun for pipeline_scheduled to 2026-01-20 00:00:00+00:00, run_after=2026-01-20 01:00:00+00:00
[2026-01-20T00:17:12.647+0000] {processor.py:183} INFO - Processing /opt/airflow/dags/pipeline_scheduled.py took 0.125 seconds
[2026-01-20T00:17:42.938+0000] {processor.py:161} INFO - Started process (PID=16562) to work on /opt/airflow/dags/pipeline_scheduled.py
[2026-01-20T00:17:42.940+0000] {processor.py:830} INFO - Processing file /opt/airflow/dags/pipeline_scheduled.py for tasks to queue
[2026-01-20T00:17:42.943+0000] {logging_mixin.py:188} INFO - [2026-01-20T00:17:42.942+0000] {dagbag.py:545} INFO - Filling up the DagBag from /opt/airflow/dags/pipeline_scheduled.py
[2026-01-20T00:17:42.973+0000] {processor.py:840} INFO - DAG(s) 'pipeline_scheduled' retrieved from /opt/airflow/dags/pipeline_scheduled.py
[2026-01-20T00:17:43.012+0000] {logging_mixin.py:188} INFO - [2026-01-20T00:17:43.012+0000] {dag.py:3089} INFO - Sync 1 DAGs
[2026-01-20T00:17:43.043+0000] {logging_mixin.py:188} INFO - [2026-01-20T00:17:43.043+0000] {dag.py:3947} INFO - Setting next_dagrun for pipeline_scheduled to 2026-01-20 00:00:00+00:00, run_after=2026-01-20 01:00:00+00:00
[2026-01-20T00:17:43.065+0000] {processor.py:183} INFO - Processing /opt/airflow/dags/pipeline_scheduled.py took 0.135 seconds
[2026-01-20T00:18:13.344+0000] {processor.py:161} INFO - Started process (PID=16572) to work on /opt/airflow/dags/pipeline_scheduled.py
[2026-01-20T00:18:13.345+0000] {processor.py:830} INFO - Processing file /opt/airflow/dags/pipeline_scheduled.py for tasks to queue
[2026-01-20T00:18:13.348+0000] {logging_mixin.py:188} INFO - [2026-01-20T00:18:13.348+0000] {dagbag.py:545} INFO - Filling up the DagBag from /opt/airflow/dags/pipeline_scheduled.py
[2026-01-20T00:18:13.375+0000] {processor.py:840} INFO - DAG(s) 'pipeline_scheduled' retrieved from /opt/airflow/dags/pipeline_scheduled.py
[2026-01-20T00:18:13.418+0000] {logging_mixin.py:188} INFO - [2026-01-20T00:18:13.417+0000] {dag.py:3089} INFO - Sync 1 DAGs
[2026-01-20T00:18:13.443+0000] {logging_mixin.py:188} INFO - [2026-01-20T00:18:13.443+0000] {dag.py:3947} INFO - Setting next_dagrun for pipeline_scheduled to 2026-01-20 00:00:00+00:00, run_after=2026-01-20 01:00:00+00:00
[2026-01-20T00:18:13.466+0000] {processor.py:183} INFO - Processing /opt/airflow/dags/pipeline_scheduled.py took 0.130 seconds
[2026-01-20T00:18:43.795+0000] {processor.py:161} INFO - Started process (PID=16582) to work on /opt/airflow/dags/pipeline_scheduled.py
[2026-01-20T00:18:43.796+0000] {processor.py:830} INFO - Processing file /opt/airflow/dags/pipeline_scheduled.py for tasks to queue
[2026-01-20T00:18:43.799+0000] {logging_mixin.py:188} INFO - [2026-01-20T00:18:43.799+0000] {dagbag.py:545} INFO - Filling up the DagBag from /opt/airflow/dags/pipeline_scheduled.py
[2026-01-20T00:18:43.829+0000] {processor.py:840} INFO - DAG(s) 'pipeline_scheduled' retrieved from /opt/airflow/dags/pipeline_scheduled.py
[2026-01-20T00:18:43.871+0000] {logging_mixin.py:188} INFO - [2026-01-20T00:18:43.871+0000] {dag.py:3089} INFO - Sync 1 DAGs
[2026-01-20T00:18:43.899+0000] {logging_mixin.py:188} INFO - [2026-01-20T00:18:43.899+0000] {dag.py:3947} INFO - Setting next_dagrun for pipeline_scheduled to 2026-01-20 00:00:00+00:00, run_after=2026-01-20 01:00:00+00:00
[2026-01-20T00:18:43.921+0000] {processor.py:183} INFO - Processing /opt/airflow/dags/pipeline_scheduled.py took 0.134 seconds
[2026-01-20T00:19:14.195+0000] {processor.py:161} INFO - Started process (PID=16592) to work on /opt/airflow/dags/pipeline_scheduled.py
[2026-01-20T00:19:14.196+0000] {processor.py:830} INFO - Processing file /opt/airflow/dags/pipeline_scheduled.py for tasks to queue
[2026-01-20T00:19:14.200+0000] {logging_mixin.py:188} INFO - [2026-01-20T00:19:14.199+0000] {dagbag.py:545} INFO - Filling up the DagBag from /opt/airflow/dags/pipeline_scheduled.py
[2026-01-20T00:19:14.227+0000] {processor.py:840} INFO - DAG(s) 'pipeline_scheduled' retrieved from /opt/airflow/dags/pipeline_scheduled.py
[2026-01-20T00:19:14.266+0000] {logging_mixin.py:188} INFO - [2026-01-20T00:19:14.266+0000] {dag.py:3089} INFO - Sync 1 DAGs
[2026-01-20T00:19:14.293+0000] {logging_mixin.py:188} INFO - [2026-01-20T00:19:14.293+0000] {dag.py:3947} INFO - Setting next_dagrun for pipeline_scheduled to 2026-01-20 00:00:00+00:00, run_after=2026-01-20 01:00:00+00:00
[2026-01-20T00:19:14.314+0000] {processor.py:183} INFO - Processing /opt/airflow/dags/pipeline_scheduled.py took 0.127 seconds
[2026-01-20T00:19:44.597+0000] {processor.py:161} INFO - Started process (PID=16602) to work on /opt/airflow/dags/pipeline_scheduled.py
[2026-01-20T00:19:44.598+0000] {processor.py:830} INFO - Processing file /opt/airflow/dags/pipeline_scheduled.py for tasks to queue
[2026-01-20T00:19:44.601+0000] {logging_mixin.py:188} INFO - [2026-01-20T00:19:44.601+0000] {dagbag.py:545} INFO - Filling up the DagBag from /opt/airflow/dags/pipeline_scheduled.py
[2026-01-20T00:19:44.628+0000] {processor.py:840} INFO - DAG(s) 'pipeline_scheduled' retrieved from /opt/airflow/dags/pipeline_scheduled.py
[2026-01-20T00:19:44.670+0000] {logging_mixin.py:188} INFO - [2026-01-20T00:19:44.670+0000] {dag.py:3089} INFO - Sync 1 DAGs
[2026-01-20T00:19:44.696+0000] {logging_mixin.py:188} INFO - [2026-01-20T00:19:44.696+0000] {dag.py:3947} INFO - Setting next_dagrun for pipeline_scheduled to 2026-01-20 00:00:00+00:00, run_after=2026-01-20 01:00:00+00:00
[2026-01-20T00:19:44.719+0000] {processor.py:183} INFO - Processing /opt/airflow/dags/pipeline_scheduled.py took 0.129 seconds
[2026-01-20T00:20:15.001+0000] {processor.py:161} INFO - Started process (PID=16615) to work on /opt/airflow/dags/pipeline_scheduled.py
[2026-01-20T00:20:15.002+0000] {processor.py:830} INFO - Processing file /opt/airflow/dags/pipeline_scheduled.py for tasks to queue
[2026-01-20T00:20:15.005+0000] {logging_mixin.py:188} INFO - [2026-01-20T00:20:15.005+0000] {dagbag.py:545} INFO - Filling up the DagBag from /opt/airflow/dags/pipeline_scheduled.py
[2026-01-20T00:20:15.035+0000] {processor.py:840} INFO - DAG(s) 'pipeline_scheduled' retrieved from /opt/airflow/dags/pipeline_scheduled.py
[2026-01-20T00:20:15.074+0000] {logging_mixin.py:188} INFO - [2026-01-20T00:20:15.074+0000] {dag.py:3089} INFO - Sync 1 DAGs
[2026-01-20T00:20:15.100+0000] {logging_mixin.py:188} INFO - [2026-01-20T00:20:15.100+0000] {dag.py:3947} INFO - Setting next_dagrun for pipeline_scheduled to 2026-01-20 00:00:00+00:00, run_after=2026-01-20 01:00:00+00:00
[2026-01-20T00:20:15.121+0000] {processor.py:183} INFO - Processing /opt/airflow/dags/pipeline_scheduled.py took 0.128 seconds
[2026-01-20T00:20:45.417+0000] {processor.py:161} INFO - Started process (PID=16625) to work on /opt/airflow/dags/pipeline_scheduled.py
[2026-01-20T00:20:45.418+0000] {processor.py:830} INFO - Processing file /opt/airflow/dags/pipeline_scheduled.py for tasks to queue
[2026-01-20T00:20:45.420+0000] {logging_mixin.py:188} INFO - [2026-01-20T00:20:45.420+0000] {dagbag.py:545} INFO - Filling up the DagBag from /opt/airflow/dags/pipeline_scheduled.py
[2026-01-20T00:20:45.449+0000] {processor.py:840} INFO - DAG(s) 'pipeline_scheduled' retrieved from /opt/airflow/dags/pipeline_scheduled.py
[2026-01-20T00:20:45.487+0000] {logging_mixin.py:188} INFO - [2026-01-20T00:20:45.486+0000] {dag.py:3089} INFO - Sync 1 DAGs
[2026-01-20T00:20:45.513+0000] {logging_mixin.py:188} INFO - [2026-01-20T00:20:45.513+0000] {dag.py:3947} INFO - Setting next_dagrun for pipeline_scheduled to 2026-01-20 00:00:00+00:00, run_after=2026-01-20 01:00:00+00:00
[2026-01-20T00:20:45.536+0000] {processor.py:183} INFO - Processing /opt/airflow/dags/pipeline_scheduled.py took 0.127 seconds
[2026-01-20T00:21:15.831+0000] {processor.py:161} INFO - Started process (PID=16635) to work on /opt/airflow/dags/pipeline_scheduled.py
[2026-01-20T00:21:15.832+0000] {processor.py:830} INFO - Processing file /opt/airflow/dags/pipeline_scheduled.py for tasks to queue
[2026-01-20T00:21:15.835+0000] {logging_mixin.py:188} INFO - [2026-01-20T00:21:15.834+0000] {dagbag.py:545} INFO - Filling up the DagBag from /opt/airflow/dags/pipeline_scheduled.py
[2026-01-20T00:21:15.864+0000] {processor.py:840} INFO - DAG(s) 'pipeline_scheduled' retrieved from /opt/airflow/dags/pipeline_scheduled.py
[2026-01-20T00:21:15.903+0000] {logging_mixin.py:188} INFO - [2026-01-20T00:21:15.903+0000] {dag.py:3089} INFO - Sync 1 DAGs
[2026-01-20T00:21:15.928+0000] {logging_mixin.py:188} INFO - [2026-01-20T00:21:15.927+0000] {dag.py:3947} INFO - Setting next_dagrun for pipeline_scheduled to 2026-01-20 00:00:00+00:00, run_after=2026-01-20 01:00:00+00:00
[2026-01-20T00:21:15.952+0000] {processor.py:183} INFO - Processing /opt/airflow/dags/pipeline_scheduled.py took 0.127 seconds
[2026-01-20T00:21:46.230+0000] {processor.py:161} INFO - Started process (PID=16645) to work on /opt/airflow/dags/pipeline_scheduled.py
[2026-01-20T00:21:46.231+0000] {processor.py:830} INFO - Processing file /opt/airflow/dags/pipeline_scheduled.py for tasks to queue
[2026-01-20T00:21:46.233+0000] {logging_mixin.py:188} INFO - [2026-01-20T00:21:46.233+0000] {dagbag.py:545} INFO - Filling up the DagBag from /opt/airflow/dags/pipeline_scheduled.py
[2026-01-20T00:21:46.261+0000] {processor.py:840} INFO - DAG(s) 'pipeline_scheduled' retrieved from /opt/airflow/dags/pipeline_scheduled.py
[2026-01-20T00:21:46.294+0000] {logging_mixin.py:188} INFO - [2026-01-20T00:21:46.293+0000] {dag.py:3089} INFO - Sync 1 DAGs
[2026-01-20T00:21:46.316+0000] {logging_mixin.py:188} INFO - [2026-01-20T00:21:46.316+0000] {dag.py:3947} INFO - Setting next_dagrun for pipeline_scheduled to 2026-01-20 00:00:00+00:00, run_after=2026-01-20 01:00:00+00:00
[2026-01-20T00:21:46.338+0000] {processor.py:183} INFO - Processing /opt/airflow/dags/pipeline_scheduled.py took 0.115 seconds
[2026-01-20T00:22:16.626+0000] {processor.py:161} INFO - Started process (PID=16655) to work on /opt/airflow/dags/pipeline_scheduled.py
[2026-01-20T00:22:16.627+0000] {processor.py:830} INFO - Processing file /opt/airflow/dags/pipeline_scheduled.py for tasks to queue
[2026-01-20T00:22:16.630+0000] {logging_mixin.py:188} INFO - [2026-01-20T00:22:16.629+0000] {dagbag.py:545} INFO - Filling up the DagBag from /opt/airflow/dags/pipeline_scheduled.py
[2026-01-20T00:22:16.658+0000] {processor.py:840} INFO - DAG(s) 'pipeline_scheduled' retrieved from /opt/airflow/dags/pipeline_scheduled.py
[2026-01-20T00:22:16.698+0000] {logging_mixin.py:188} INFO - [2026-01-20T00:22:16.697+0000] {dag.py:3089} INFO - Sync 1 DAGs
[2026-01-20T00:22:16.723+0000] {logging_mixin.py:188} INFO - [2026-01-20T00:22:16.723+0000] {dag.py:3947} INFO - Setting next_dagrun for pipeline_scheduled to 2026-01-20 00:00:00+00:00, run_after=2026-01-20 01:00:00+00:00
[2026-01-20T00:22:16.746+0000] {processor.py:183} INFO - Processing /opt/airflow/dags/pipeline_scheduled.py took 0.127 seconds
[2026-01-20T00:22:47.027+0000] {processor.py:161} INFO - Started process (PID=16665) to work on /opt/airflow/dags/pipeline_scheduled.py
[2026-01-20T00:22:47.028+0000] {processor.py:830} INFO - Processing file /opt/airflow/dags/pipeline_scheduled.py for tasks to queue
[2026-01-20T00:22:47.031+0000] {logging_mixin.py:188} INFO - [2026-01-20T00:22:47.030+0000] {dagbag.py:545} INFO - Filling up the DagBag from /opt/airflow/dags/pipeline_scheduled.py
[2026-01-20T00:22:47.060+0000] {processor.py:840} INFO - DAG(s) 'pipeline_scheduled' retrieved from /opt/airflow/dags/pipeline_scheduled.py
[2026-01-20T00:22:47.100+0000] {logging_mixin.py:188} INFO - [2026-01-20T00:22:47.099+0000] {dag.py:3089} INFO - Sync 1 DAGs
[2026-01-20T00:22:47.126+0000] {logging_mixin.py:188} INFO - [2026-01-20T00:22:47.126+0000] {dag.py:3947} INFO - Setting next_dagrun for pipeline_scheduled to 2026-01-20 00:00:00+00:00, run_after=2026-01-20 01:00:00+00:00
[2026-01-20T00:22:47.147+0000] {processor.py:183} INFO - Processing /opt/airflow/dags/pipeline_scheduled.py took 0.127 seconds
[2026-01-20T00:23:17.414+0000] {processor.py:161} INFO - Started process (PID=16675) to work on /opt/airflow/dags/pipeline_scheduled.py
[2026-01-20T00:23:17.416+0000] {processor.py:830} INFO - Processing file /opt/airflow/dags/pipeline_scheduled.py for tasks to queue
[2026-01-20T00:23:17.419+0000] {logging_mixin.py:188} INFO - [2026-01-20T00:23:17.418+0000] {dagbag.py:545} INFO - Filling up the DagBag from /opt/airflow/dags/pipeline_scheduled.py
[2026-01-20T00:23:17.447+0000] {processor.py:840} INFO - DAG(s) 'pipeline_scheduled' retrieved from /opt/airflow/dags/pipeline_scheduled.py
[2026-01-20T00:23:17.486+0000] {logging_mixin.py:188} INFO - [2026-01-20T00:23:17.486+0000] {dag.py:3089} INFO - Sync 1 DAGs
[2026-01-20T00:23:17.510+0000] {logging_mixin.py:188} INFO - [2026-01-20T00:23:17.510+0000] {dag.py:3947} INFO - Setting next_dagrun for pipeline_scheduled to 2026-01-20 00:00:00+00:00, run_after=2026-01-20 01:00:00+00:00
[2026-01-20T00:23:17.533+0000] {processor.py:183} INFO - Processing /opt/airflow/dags/pipeline_scheduled.py took 0.126 seconds
[2026-01-20T00:23:47.842+0000] {processor.py:161} INFO - Started process (PID=16685) to work on /opt/airflow/dags/pipeline_scheduled.py
[2026-01-20T00:23:47.844+0000] {processor.py:830} INFO - Processing file /opt/airflow/dags/pipeline_scheduled.py for tasks to queue
[2026-01-20T00:23:47.848+0000] {logging_mixin.py:188} INFO - [2026-01-20T00:23:47.847+0000] {dagbag.py:545} INFO - Filling up the DagBag from /opt/airflow/dags/pipeline_scheduled.py
[2026-01-20T00:23:47.875+0000] {processor.py:840} INFO - DAG(s) 'pipeline_scheduled' retrieved from /opt/airflow/dags/pipeline_scheduled.py
[2026-01-20T00:23:47.919+0000] {logging_mixin.py:188} INFO - [2026-01-20T00:23:47.919+0000] {dag.py:3089} INFO - Sync 1 DAGs
[2026-01-20T00:23:47.946+0000] {logging_mixin.py:188} INFO - [2026-01-20T00:23:47.945+0000] {dag.py:3947} INFO - Setting next_dagrun for pipeline_scheduled to 2026-01-20 00:00:00+00:00, run_after=2026-01-20 01:00:00+00:00
[2026-01-20T00:23:47.968+0000] {processor.py:183} INFO - Processing /opt/airflow/dags/pipeline_scheduled.py took 0.134 seconds
[2026-01-20T00:24:18.244+0000] {processor.py:161} INFO - Started process (PID=16695) to work on /opt/airflow/dags/pipeline_scheduled.py
[2026-01-20T00:24:18.246+0000] {processor.py:830} INFO - Processing file /opt/airflow/dags/pipeline_scheduled.py for tasks to queue
[2026-01-20T00:24:18.250+0000] {logging_mixin.py:188} INFO - [2026-01-20T00:24:18.249+0000] {dagbag.py:545} INFO - Filling up the DagBag from /opt/airflow/dags/pipeline_scheduled.py
[2026-01-20T00:24:18.277+0000] {processor.py:840} INFO - DAG(s) 'pipeline_scheduled' retrieved from /opt/airflow/dags/pipeline_scheduled.py
[2026-01-20T00:24:18.317+0000] {logging_mixin.py:188} INFO - [2026-01-20T00:24:18.317+0000] {dag.py:3089} INFO - Sync 1 DAGs
[2026-01-20T00:24:18.342+0000] {logging_mixin.py:188} INFO - [2026-01-20T00:24:18.342+0000] {dag.py:3947} INFO - Setting next_dagrun for pipeline_scheduled to 2026-01-20 00:00:00+00:00, run_after=2026-01-20 01:00:00+00:00
[2026-01-20T00:24:18.364+0000] {processor.py:183} INFO - Processing /opt/airflow/dags/pipeline_scheduled.py took 0.129 seconds
[2026-01-20T00:24:48.653+0000] {processor.py:161} INFO - Started process (PID=16705) to work on /opt/airflow/dags/pipeline_scheduled.py
[2026-01-20T00:24:48.654+0000] {processor.py:830} INFO - Processing file /opt/airflow/dags/pipeline_scheduled.py for tasks to queue
[2026-01-20T00:24:48.658+0000] {logging_mixin.py:188} INFO - [2026-01-20T00:24:48.657+0000] {dagbag.py:545} INFO - Filling up the DagBag from /opt/airflow/dags/pipeline_scheduled.py
[2026-01-20T00:24:48.685+0000] {processor.py:840} INFO - DAG(s) 'pipeline_scheduled' retrieved from /opt/airflow/dags/pipeline_scheduled.py
[2026-01-20T00:24:48.724+0000] {logging_mixin.py:188} INFO - [2026-01-20T00:24:48.724+0000] {dag.py:3089} INFO - Sync 1 DAGs
[2026-01-20T00:24:48.750+0000] {logging_mixin.py:188} INFO - [2026-01-20T00:24:48.749+0000] {dag.py:3947} INFO - Setting next_dagrun for pipeline_scheduled to 2026-01-20 00:00:00+00:00, run_after=2026-01-20 01:00:00+00:00
[2026-01-20T00:24:48.772+0000] {processor.py:183} INFO - Processing /opt/airflow/dags/pipeline_scheduled.py took 0.127 seconds
[2026-01-20T00:25:19.052+0000] {processor.py:161} INFO - Started process (PID=16715) to work on /opt/airflow/dags/pipeline_scheduled.py
[2026-01-20T00:25:19.054+0000] {processor.py:830} INFO - Processing file /opt/airflow/dags/pipeline_scheduled.py for tasks to queue
[2026-01-20T00:25:19.057+0000] {logging_mixin.py:188} INFO - [2026-01-20T00:25:19.056+0000] {dagbag.py:545} INFO - Filling up the DagBag from /opt/airflow/dags/pipeline_scheduled.py
[2026-01-20T00:25:19.085+0000] {processor.py:840} INFO - DAG(s) 'pipeline_scheduled' retrieved from /opt/airflow/dags/pipeline_scheduled.py
[2026-01-20T00:25:19.127+0000] {logging_mixin.py:188} INFO - [2026-01-20T00:25:19.126+0000] {dag.py:3089} INFO - Sync 1 DAGs
[2026-01-20T00:25:19.153+0000] {logging_mixin.py:188} INFO - [2026-01-20T00:25:19.152+0000] {dag.py:3947} INFO - Setting next_dagrun for pipeline_scheduled to 2026-01-20 00:00:00+00:00, run_after=2026-01-20 01:00:00+00:00
[2026-01-20T00:25:19.177+0000] {processor.py:183} INFO - Processing /opt/airflow/dags/pipeline_scheduled.py took 0.135 seconds
[2026-01-20T00:25:49.478+0000] {processor.py:161} INFO - Started process (PID=16725) to work on /opt/airflow/dags/pipeline_scheduled.py
[2026-01-20T00:25:49.480+0000] {processor.py:830} INFO - Processing file /opt/airflow/dags/pipeline_scheduled.py for tasks to queue
[2026-01-20T00:25:49.483+0000] {logging_mixin.py:188} INFO - [2026-01-20T00:25:49.483+0000] {dagbag.py:545} INFO - Filling up the DagBag from /opt/airflow/dags/pipeline_scheduled.py
[2026-01-20T00:25:49.511+0000] {processor.py:840} INFO - DAG(s) 'pipeline_scheduled' retrieved from /opt/airflow/dags/pipeline_scheduled.py
[2026-01-20T00:25:49.550+0000] {logging_mixin.py:188} INFO - [2026-01-20T00:25:49.550+0000] {dag.py:3089} INFO - Sync 1 DAGs
[2026-01-20T00:25:49.575+0000] {logging_mixin.py:188} INFO - [2026-01-20T00:25:49.575+0000] {dag.py:3947} INFO - Setting next_dagrun for pipeline_scheduled to 2026-01-20 00:00:00+00:00, run_after=2026-01-20 01:00:00+00:00
[2026-01-20T00:25:49.598+0000] {processor.py:183} INFO - Processing /opt/airflow/dags/pipeline_scheduled.py took 0.130 seconds
[2026-01-20T00:26:19.884+0000] {processor.py:161} INFO - Started process (PID=16735) to work on /opt/airflow/dags/pipeline_scheduled.py
[2026-01-20T00:26:19.885+0000] {processor.py:830} INFO - Processing file /opt/airflow/dags/pipeline_scheduled.py for tasks to queue
[2026-01-20T00:26:19.888+0000] {logging_mixin.py:188} INFO - [2026-01-20T00:26:19.887+0000] {dagbag.py:545} INFO - Filling up the DagBag from /opt/airflow/dags/pipeline_scheduled.py
[2026-01-20T00:26:19.915+0000] {processor.py:840} INFO - DAG(s) 'pipeline_scheduled' retrieved from /opt/airflow/dags/pipeline_scheduled.py
[2026-01-20T00:26:19.954+0000] {logging_mixin.py:188} INFO - [2026-01-20T00:26:19.954+0000] {dag.py:3089} INFO - Sync 1 DAGs
[2026-01-20T00:26:19.979+0000] {logging_mixin.py:188} INFO - [2026-01-20T00:26:19.979+0000] {dag.py:3947} INFO - Setting next_dagrun for pipeline_scheduled to 2026-01-20 00:00:00+00:00, run_after=2026-01-20 01:00:00+00:00
[2026-01-20T00:26:20.001+0000] {processor.py:183} INFO - Processing /opt/airflow/dags/pipeline_scheduled.py took 0.124 seconds
[2026-01-20T00:26:50.295+0000] {processor.py:161} INFO - Started process (PID=16745) to work on /opt/airflow/dags/pipeline_scheduled.py
[2026-01-20T00:26:50.296+0000] {processor.py:830} INFO - Processing file /opt/airflow/dags/pipeline_scheduled.py for tasks to queue
[2026-01-20T00:26:50.299+0000] {logging_mixin.py:188} INFO - [2026-01-20T00:26:50.299+0000] {dagbag.py:545} INFO - Filling up the DagBag from /opt/airflow/dags/pipeline_scheduled.py
[2026-01-20T00:26:50.326+0000] {processor.py:840} INFO - DAG(s) 'pipeline_scheduled' retrieved from /opt/airflow/dags/pipeline_scheduled.py
[2026-01-20T00:26:50.363+0000] {logging_mixin.py:188} INFO - [2026-01-20T00:26:50.363+0000] {dag.py:3089} INFO - Sync 1 DAGs
[2026-01-20T00:26:50.389+0000] {logging_mixin.py:188} INFO - [2026-01-20T00:26:50.389+0000] {dag.py:3947} INFO - Setting next_dagrun for pipeline_scheduled to 2026-01-20 00:00:00+00:00, run_after=2026-01-20 01:00:00+00:00
[2026-01-20T00:26:50.410+0000] {processor.py:183} INFO - Processing /opt/airflow/dags/pipeline_scheduled.py took 0.123 seconds
[2026-01-20T00:27:20.689+0000] {processor.py:161} INFO - Started process (PID=16755) to work on /opt/airflow/dags/pipeline_scheduled.py
[2026-01-20T00:27:20.690+0000] {processor.py:830} INFO - Processing file /opt/airflow/dags/pipeline_scheduled.py for tasks to queue
[2026-01-20T00:27:20.692+0000] {logging_mixin.py:188} INFO - [2026-01-20T00:27:20.692+0000] {dagbag.py:545} INFO - Filling up the DagBag from /opt/airflow/dags/pipeline_scheduled.py
[2026-01-20T00:27:20.720+0000] {processor.py:840} INFO - DAG(s) 'pipeline_scheduled' retrieved from /opt/airflow/dags/pipeline_scheduled.py
[2026-01-20T00:27:20.757+0000] {logging_mixin.py:188} INFO - [2026-01-20T00:27:20.757+0000] {dag.py:3089} INFO - Sync 1 DAGs
[2026-01-20T00:27:20.783+0000] {logging_mixin.py:188} INFO - [2026-01-20T00:27:20.783+0000] {dag.py:3947} INFO - Setting next_dagrun for pipeline_scheduled to 2026-01-20 00:00:00+00:00, run_after=2026-01-20 01:00:00+00:00
[2026-01-20T00:27:20.806+0000] {processor.py:183} INFO - Processing /opt/airflow/dags/pipeline_scheduled.py took 0.125 seconds
[2026-01-20T00:27:51.093+0000] {processor.py:161} INFO - Started process (PID=16765) to work on /opt/airflow/dags/pipeline_scheduled.py
[2026-01-20T00:27:51.094+0000] {processor.py:830} INFO - Processing file /opt/airflow/dags/pipeline_scheduled.py for tasks to queue
[2026-01-20T00:27:51.097+0000] {logging_mixin.py:188} INFO - [2026-01-20T00:27:51.096+0000] {dagbag.py:545} INFO - Filling up the DagBag from /opt/airflow/dags/pipeline_scheduled.py
[2026-01-20T00:27:51.124+0000] {processor.py:840} INFO - DAG(s) 'pipeline_scheduled' retrieved from /opt/airflow/dags/pipeline_scheduled.py
[2026-01-20T00:27:51.164+0000] {logging_mixin.py:188} INFO - [2026-01-20T00:27:51.164+0000] {dag.py:3089} INFO - Sync 1 DAGs
[2026-01-20T00:27:51.191+0000] {logging_mixin.py:188} INFO - [2026-01-20T00:27:51.191+0000] {dag.py:3947} INFO - Setting next_dagrun for pipeline_scheduled to 2026-01-20 00:00:00+00:00, run_after=2026-01-20 01:00:00+00:00
[2026-01-20T00:27:51.213+0000] {processor.py:183} INFO - Processing /opt/airflow/dags/pipeline_scheduled.py took 0.129 seconds
[2026-01-20T00:28:21.488+0000] {processor.py:161} INFO - Started process (PID=16775) to work on /opt/airflow/dags/pipeline_scheduled.py
[2026-01-20T00:28:21.489+0000] {processor.py:830} INFO - Processing file /opt/airflow/dags/pipeline_scheduled.py for tasks to queue
[2026-01-20T00:28:21.492+0000] {logging_mixin.py:188} INFO - [2026-01-20T00:28:21.492+0000] {dagbag.py:545} INFO - Filling up the DagBag from /opt/airflow/dags/pipeline_scheduled.py
[2026-01-20T00:28:21.520+0000] {processor.py:840} INFO - DAG(s) 'pipeline_scheduled' retrieved from /opt/airflow/dags/pipeline_scheduled.py
[2026-01-20T00:28:21.560+0000] {logging_mixin.py:188} INFO - [2026-01-20T00:28:21.560+0000] {dag.py:3089} INFO - Sync 1 DAGs
[2026-01-20T00:28:21.586+0000] {logging_mixin.py:188} INFO - [2026-01-20T00:28:21.586+0000] {dag.py:3947} INFO - Setting next_dagrun for pipeline_scheduled to 2026-01-20 00:00:00+00:00, run_after=2026-01-20 01:00:00+00:00
[2026-01-20T00:28:21.609+0000] {processor.py:183} INFO - Processing /opt/airflow/dags/pipeline_scheduled.py took 0.128 seconds
[2026-01-20T00:28:51.944+0000] {processor.py:161} INFO - Started process (PID=16785) to work on /opt/airflow/dags/pipeline_scheduled.py
[2026-01-20T00:28:51.945+0000] {processor.py:830} INFO - Processing file /opt/airflow/dags/pipeline_scheduled.py for tasks to queue
[2026-01-20T00:28:51.950+0000] {logging_mixin.py:188} INFO - [2026-01-20T00:28:51.949+0000] {dagbag.py:545} INFO - Filling up the DagBag from /opt/airflow/dags/pipeline_scheduled.py
[2026-01-20T00:28:51.977+0000] {processor.py:840} INFO - DAG(s) 'pipeline_scheduled' retrieved from /opt/airflow/dags/pipeline_scheduled.py
[2026-01-20T00:28:52.020+0000] {logging_mixin.py:188} INFO - [2026-01-20T00:28:52.019+0000] {dag.py:3089} INFO - Sync 1 DAGs
[2026-01-20T00:28:52.044+0000] {logging_mixin.py:188} INFO - [2026-01-20T00:28:52.044+0000] {dag.py:3947} INFO - Setting next_dagrun for pipeline_scheduled to 2026-01-20 00:00:00+00:00, run_after=2026-01-20 01:00:00+00:00
[2026-01-20T00:28:52.066+0000] {processor.py:183} INFO - Processing /opt/airflow/dags/pipeline_scheduled.py took 0.130 seconds
[2026-01-20T00:29:22.339+0000] {processor.py:161} INFO - Started process (PID=16795) to work on /opt/airflow/dags/pipeline_scheduled.py
[2026-01-20T00:29:22.340+0000] {processor.py:830} INFO - Processing file /opt/airflow/dags/pipeline_scheduled.py for tasks to queue
[2026-01-20T00:29:22.343+0000] {logging_mixin.py:188} INFO - [2026-01-20T00:29:22.343+0000] {dagbag.py:545} INFO - Filling up the DagBag from /opt/airflow/dags/pipeline_scheduled.py
[2026-01-20T00:29:22.369+0000] {processor.py:840} INFO - DAG(s) 'pipeline_scheduled' retrieved from /opt/airflow/dags/pipeline_scheduled.py
[2026-01-20T00:29:22.404+0000] {logging_mixin.py:188} INFO - [2026-01-20T00:29:22.404+0000] {dag.py:3089} INFO - Sync 1 DAGs
[2026-01-20T00:29:22.429+0000] {logging_mixin.py:188} INFO - [2026-01-20T00:29:22.429+0000] {dag.py:3947} INFO - Setting next_dagrun for pipeline_scheduled to 2026-01-20 00:00:00+00:00, run_after=2026-01-20 01:00:00+00:00
[2026-01-20T00:29:22.454+0000] {processor.py:183} INFO - Processing /opt/airflow/dags/pipeline_scheduled.py took 0.123 seconds
[2026-01-20T00:29:52.751+0000] {processor.py:161} INFO - Started process (PID=16805) to work on /opt/airflow/dags/pipeline_scheduled.py
[2026-01-20T00:29:52.753+0000] {processor.py:830} INFO - Processing file /opt/airflow/dags/pipeline_scheduled.py for tasks to queue
[2026-01-20T00:29:52.757+0000] {logging_mixin.py:188} INFO - [2026-01-20T00:29:52.756+0000] {dagbag.py:545} INFO - Filling up the DagBag from /opt/airflow/dags/pipeline_scheduled.py
[2026-01-20T00:29:52.785+0000] {processor.py:840} INFO - DAG(s) 'pipeline_scheduled' retrieved from /opt/airflow/dags/pipeline_scheduled.py
[2026-01-20T00:29:52.828+0000] {logging_mixin.py:188} INFO - [2026-01-20T00:29:52.828+0000] {dag.py:3089} INFO - Sync 1 DAGs
[2026-01-20T00:29:52.856+0000] {logging_mixin.py:188} INFO - [2026-01-20T00:29:52.855+0000] {dag.py:3947} INFO - Setting next_dagrun for pipeline_scheduled to 2026-01-20 00:00:00+00:00, run_after=2026-01-20 01:00:00+00:00
[2026-01-20T00:29:52.878+0000] {processor.py:183} INFO - Processing /opt/airflow/dags/pipeline_scheduled.py took 0.135 seconds
[2026-01-20T00:30:23.146+0000] {processor.py:161} INFO - Started process (PID=16818) to work on /opt/airflow/dags/pipeline_scheduled.py
[2026-01-20T00:30:23.148+0000] {processor.py:830} INFO - Processing file /opt/airflow/dags/pipeline_scheduled.py for tasks to queue
[2026-01-20T00:30:23.152+0000] {logging_mixin.py:188} INFO - [2026-01-20T00:30:23.152+0000] {dagbag.py:545} INFO - Filling up the DagBag from /opt/airflow/dags/pipeline_scheduled.py
[2026-01-20T00:30:23.180+0000] {processor.py:840} INFO - DAG(s) 'pipeline_scheduled' retrieved from /opt/airflow/dags/pipeline_scheduled.py
[2026-01-20T00:30:23.222+0000] {logging_mixin.py:188} INFO - [2026-01-20T00:30:23.221+0000] {dag.py:3089} INFO - Sync 1 DAGs
[2026-01-20T00:30:23.248+0000] {logging_mixin.py:188} INFO - [2026-01-20T00:30:23.248+0000] {dag.py:3947} INFO - Setting next_dagrun for pipeline_scheduled to 2026-01-20 00:00:00+00:00, run_after=2026-01-20 01:00:00+00:00
[2026-01-20T00:30:23.270+0000] {processor.py:183} INFO - Processing /opt/airflow/dags/pipeline_scheduled.py took 0.132 seconds
[2026-01-20T00:30:53.559+0000] {processor.py:161} INFO - Started process (PID=16828) to work on /opt/airflow/dags/pipeline_scheduled.py
[2026-01-20T00:30:53.560+0000] {processor.py:830} INFO - Processing file /opt/airflow/dags/pipeline_scheduled.py for tasks to queue
[2026-01-20T00:30:53.563+0000] {logging_mixin.py:188} INFO - [2026-01-20T00:30:53.563+0000] {dagbag.py:545} INFO - Filling up the DagBag from /opt/airflow/dags/pipeline_scheduled.py
[2026-01-20T00:30:53.590+0000] {processor.py:840} INFO - DAG(s) 'pipeline_scheduled' retrieved from /opt/airflow/dags/pipeline_scheduled.py
[2026-01-20T00:30:53.630+0000] {logging_mixin.py:188} INFO - [2026-01-20T00:30:53.630+0000] {dag.py:3089} INFO - Sync 1 DAGs
[2026-01-20T00:30:53.656+0000] {logging_mixin.py:188} INFO - [2026-01-20T00:30:53.655+0000] {dag.py:3947} INFO - Setting next_dagrun for pipeline_scheduled to 2026-01-20 00:00:00+00:00, run_after=2026-01-20 01:00:00+00:00
[2026-01-20T00:30:53.677+0000] {processor.py:183} INFO - Processing /opt/airflow/dags/pipeline_scheduled.py took 0.126 seconds
[2026-01-20T00:31:23.966+0000] {processor.py:161} INFO - Started process (PID=16838) to work on /opt/airflow/dags/pipeline_scheduled.py
[2026-01-20T00:31:23.968+0000] {processor.py:830} INFO - Processing file /opt/airflow/dags/pipeline_scheduled.py for tasks to queue
[2026-01-20T00:31:23.970+0000] {logging_mixin.py:188} INFO - [2026-01-20T00:31:23.970+0000] {dagbag.py:545} INFO - Filling up the DagBag from /opt/airflow/dags/pipeline_scheduled.py
[2026-01-20T00:31:23.998+0000] {processor.py:840} INFO - DAG(s) 'pipeline_scheduled' retrieved from /opt/airflow/dags/pipeline_scheduled.py
[2026-01-20T00:31:24.039+0000] {logging_mixin.py:188} INFO - [2026-01-20T00:31:24.039+0000] {dag.py:3089} INFO - Sync 1 DAGs
[2026-01-20T00:31:24.065+0000] {logging_mixin.py:188} INFO - [2026-01-20T00:31:24.065+0000] {dag.py:3947} INFO - Setting next_dagrun for pipeline_scheduled to 2026-01-20 00:00:00+00:00, run_after=2026-01-20 01:00:00+00:00
[2026-01-20T00:31:24.087+0000] {processor.py:183} INFO - Processing /opt/airflow/dags/pipeline_scheduled.py took 0.129 seconds
[2026-01-20T00:31:54.380+0000] {processor.py:161} INFO - Started process (PID=16848) to work on /opt/airflow/dags/pipeline_scheduled.py
[2026-01-20T00:31:54.381+0000] {processor.py:830} INFO - Processing file /opt/airflow/dags/pipeline_scheduled.py for tasks to queue
[2026-01-20T00:31:54.384+0000] {logging_mixin.py:188} INFO - [2026-01-20T00:31:54.383+0000] {dagbag.py:545} INFO - Filling up the DagBag from /opt/airflow/dags/pipeline_scheduled.py
[2026-01-20T00:31:54.411+0000] {processor.py:840} INFO - DAG(s) 'pipeline_scheduled' retrieved from /opt/airflow/dags/pipeline_scheduled.py
[2026-01-20T00:31:54.450+0000] {logging_mixin.py:188} INFO - [2026-01-20T00:31:54.450+0000] {dag.py:3089} INFO - Sync 1 DAGs
[2026-01-20T00:31:54.473+0000] {logging_mixin.py:188} INFO - [2026-01-20T00:31:54.473+0000] {dag.py:3947} INFO - Setting next_dagrun for pipeline_scheduled to 2026-01-20 00:00:00+00:00, run_after=2026-01-20 01:00:00+00:00
[2026-01-20T00:31:54.496+0000] {processor.py:183} INFO - Processing /opt/airflow/dags/pipeline_scheduled.py took 0.122 seconds
[2026-01-20T00:32:24.787+0000] {processor.py:161} INFO - Started process (PID=16858) to work on /opt/airflow/dags/pipeline_scheduled.py
[2026-01-20T00:32:24.788+0000] {processor.py:830} INFO - Processing file /opt/airflow/dags/pipeline_scheduled.py for tasks to queue
[2026-01-20T00:32:24.791+0000] {logging_mixin.py:188} INFO - [2026-01-20T00:32:24.790+0000] {dagbag.py:545} INFO - Filling up the DagBag from /opt/airflow/dags/pipeline_scheduled.py
[2026-01-20T00:32:24.817+0000] {processor.py:840} INFO - DAG(s) 'pipeline_scheduled' retrieved from /opt/airflow/dags/pipeline_scheduled.py
[2026-01-20T00:32:24.858+0000] {logging_mixin.py:188} INFO - [2026-01-20T00:32:24.857+0000] {dag.py:3089} INFO - Sync 1 DAGs
[2026-01-20T00:32:24.882+0000] {logging_mixin.py:188} INFO - [2026-01-20T00:32:24.882+0000] {dag.py:3947} INFO - Setting next_dagrun for pipeline_scheduled to 2026-01-20 00:00:00+00:00, run_after=2026-01-20 01:00:00+00:00
[2026-01-20T00:32:24.903+0000] {processor.py:183} INFO - Processing /opt/airflow/dags/pipeline_scheduled.py took 0.124 seconds
[2026-01-20T00:32:55.206+0000] {processor.py:161} INFO - Started process (PID=16868) to work on /opt/airflow/dags/pipeline_scheduled.py
[2026-01-20T00:32:55.207+0000] {processor.py:830} INFO - Processing file /opt/airflow/dags/pipeline_scheduled.py for tasks to queue
[2026-01-20T00:32:55.210+0000] {logging_mixin.py:188} INFO - [2026-01-20T00:32:55.209+0000] {dagbag.py:545} INFO - Filling up the DagBag from /opt/airflow/dags/pipeline_scheduled.py
[2026-01-20T00:32:55.236+0000] {processor.py:840} INFO - DAG(s) 'pipeline_scheduled' retrieved from /opt/airflow/dags/pipeline_scheduled.py
[2026-01-20T00:32:55.271+0000] {logging_mixin.py:188} INFO - [2026-01-20T00:32:55.271+0000] {dag.py:3089} INFO - Sync 1 DAGs
[2026-01-20T00:32:55.297+0000] {logging_mixin.py:188} INFO - [2026-01-20T00:32:55.296+0000] {dag.py:3947} INFO - Setting next_dagrun for pipeline_scheduled to 2026-01-20 00:00:00+00:00, run_after=2026-01-20 01:00:00+00:00
[2026-01-20T00:32:55.319+0000] {processor.py:183} INFO - Processing /opt/airflow/dags/pipeline_scheduled.py took 0.120 seconds
[2026-01-20T00:33:25.623+0000] {processor.py:161} INFO - Started process (PID=16878) to work on /opt/airflow/dags/pipeline_scheduled.py
[2026-01-20T00:33:25.624+0000] {processor.py:830} INFO - Processing file /opt/airflow/dags/pipeline_scheduled.py for tasks to queue
[2026-01-20T00:33:25.626+0000] {logging_mixin.py:188} INFO - [2026-01-20T00:33:25.626+0000] {dagbag.py:545} INFO - Filling up the DagBag from /opt/airflow/dags/pipeline_scheduled.py
[2026-01-20T00:33:25.652+0000] {processor.py:840} INFO - DAG(s) 'pipeline_scheduled' retrieved from /opt/airflow/dags/pipeline_scheduled.py
[2026-01-20T00:33:25.691+0000] {logging_mixin.py:188} INFO - [2026-01-20T00:33:25.690+0000] {dag.py:3089} INFO - Sync 1 DAGs
[2026-01-20T00:33:25.716+0000] {logging_mixin.py:188} INFO - [2026-01-20T00:33:25.716+0000] {dag.py:3947} INFO - Setting next_dagrun for pipeline_scheduled to 2026-01-20 00:00:00+00:00, run_after=2026-01-20 01:00:00+00:00
[2026-01-20T00:33:25.736+0000] {processor.py:183} INFO - Processing /opt/airflow/dags/pipeline_scheduled.py took 0.122 seconds
[2026-01-20T00:33:56.063+0000] {processor.py:161} INFO - Started process (PID=16888) to work on /opt/airflow/dags/pipeline_scheduled.py
[2026-01-20T00:33:56.064+0000] {processor.py:830} INFO - Processing file /opt/airflow/dags/pipeline_scheduled.py for tasks to queue
[2026-01-20T00:33:56.068+0000] {logging_mixin.py:188} INFO - [2026-01-20T00:33:56.068+0000] {dagbag.py:545} INFO - Filling up the DagBag from /opt/airflow/dags/pipeline_scheduled.py
[2026-01-20T00:33:56.094+0000] {processor.py:840} INFO - DAG(s) 'pipeline_scheduled' retrieved from /opt/airflow/dags/pipeline_scheduled.py
[2026-01-20T00:33:56.131+0000] {logging_mixin.py:188} INFO - [2026-01-20T00:33:56.131+0000] {dag.py:3089} INFO - Sync 1 DAGs
[2026-01-20T00:33:56.156+0000] {logging_mixin.py:188} INFO - [2026-01-20T00:33:56.156+0000] {dag.py:3947} INFO - Setting next_dagrun for pipeline_scheduled to 2026-01-20 00:00:00+00:00, run_after=2026-01-20 01:00:00+00:00
[2026-01-20T00:33:56.176+0000] {processor.py:183} INFO - Processing /opt/airflow/dags/pipeline_scheduled.py took 0.121 seconds
[2026-01-20T00:34:26.480+0000] {processor.py:161} INFO - Started process (PID=16898) to work on /opt/airflow/dags/pipeline_scheduled.py
[2026-01-20T00:34:26.481+0000] {processor.py:830} INFO - Processing file /opt/airflow/dags/pipeline_scheduled.py for tasks to queue
[2026-01-20T00:34:26.484+0000] {logging_mixin.py:188} INFO - [2026-01-20T00:34:26.484+0000] {dagbag.py:545} INFO - Filling up the DagBag from /opt/airflow/dags/pipeline_scheduled.py
[2026-01-20T00:34:26.510+0000] {processor.py:840} INFO - DAG(s) 'pipeline_scheduled' retrieved from /opt/airflow/dags/pipeline_scheduled.py
[2026-01-20T00:34:26.548+0000] {logging_mixin.py:188} INFO - [2026-01-20T00:34:26.548+0000] {dag.py:3089} INFO - Sync 1 DAGs
[2026-01-20T00:34:26.572+0000] {logging_mixin.py:188} INFO - [2026-01-20T00:34:26.572+0000] {dag.py:3947} INFO - Setting next_dagrun for pipeline_scheduled to 2026-01-20 00:00:00+00:00, run_after=2026-01-20 01:00:00+00:00
[2026-01-20T00:34:26.594+0000] {processor.py:183} INFO - Processing /opt/airflow/dags/pipeline_scheduled.py took 0.122 seconds
[2026-01-20T00:34:56.902+0000] {processor.py:161} INFO - Started process (PID=16908) to work on /opt/airflow/dags/pipeline_scheduled.py
[2026-01-20T00:34:56.903+0000] {processor.py:830} INFO - Processing file /opt/airflow/dags/pipeline_scheduled.py for tasks to queue
[2026-01-20T00:34:56.907+0000] {logging_mixin.py:188} INFO - [2026-01-20T00:34:56.906+0000] {dagbag.py:545} INFO - Filling up the DagBag from /opt/airflow/dags/pipeline_scheduled.py
[2026-01-20T00:34:56.934+0000] {processor.py:840} INFO - DAG(s) 'pipeline_scheduled' retrieved from /opt/airflow/dags/pipeline_scheduled.py
[2026-01-20T00:34:56.972+0000] {logging_mixin.py:188} INFO - [2026-01-20T00:34:56.971+0000] {dag.py:3089} INFO - Sync 1 DAGs
[2026-01-20T00:34:56.997+0000] {logging_mixin.py:188} INFO - [2026-01-20T00:34:56.997+0000] {dag.py:3947} INFO - Setting next_dagrun for pipeline_scheduled to 2026-01-20 00:00:00+00:00, run_after=2026-01-20 01:00:00+00:00
[2026-01-20T00:34:57.019+0000] {processor.py:183} INFO - Processing /opt/airflow/dags/pipeline_scheduled.py took 0.124 seconds
[2026-01-20T00:35:27.336+0000] {processor.py:161} INFO - Started process (PID=16918) to work on /opt/airflow/dags/pipeline_scheduled.py
[2026-01-20T00:35:27.338+0000] {processor.py:830} INFO - Processing file /opt/airflow/dags/pipeline_scheduled.py for tasks to queue
[2026-01-20T00:35:27.342+0000] {logging_mixin.py:188} INFO - [2026-01-20T00:35:27.342+0000] {dagbag.py:545} INFO - Filling up the DagBag from /opt/airflow/dags/pipeline_scheduled.py
[2026-01-20T00:35:27.379+0000] {processor.py:840} INFO - DAG(s) 'pipeline_scheduled' retrieved from /opt/airflow/dags/pipeline_scheduled.py
[2026-01-20T00:35:27.441+0000] {logging_mixin.py:188} INFO - [2026-01-20T00:35:27.441+0000] {dag.py:3089} INFO - Sync 1 DAGs
[2026-01-20T00:35:27.473+0000] {logging_mixin.py:188} INFO - [2026-01-20T00:35:27.473+0000] {dag.py:3947} INFO - Setting next_dagrun for pipeline_scheduled to 2026-01-20 00:00:00+00:00, run_after=2026-01-20 01:00:00+00:00
[2026-01-20T00:35:27.502+0000] {processor.py:183} INFO - Processing /opt/airflow/dags/pipeline_scheduled.py took 0.179 seconds
[2026-01-20T00:35:57.773+0000] {processor.py:161} INFO - Started process (PID=16928) to work on /opt/airflow/dags/pipeline_scheduled.py
[2026-01-20T00:35:57.774+0000] {processor.py:830} INFO - Processing file /opt/airflow/dags/pipeline_scheduled.py for tasks to queue
[2026-01-20T00:35:57.778+0000] {logging_mixin.py:188} INFO - [2026-01-20T00:35:57.778+0000] {dagbag.py:545} INFO - Filling up the DagBag from /opt/airflow/dags/pipeline_scheduled.py
[2026-01-20T00:35:57.804+0000] {processor.py:840} INFO - DAG(s) 'pipeline_scheduled' retrieved from /opt/airflow/dags/pipeline_scheduled.py
[2026-01-20T00:35:57.846+0000] {logging_mixin.py:188} INFO - [2026-01-20T00:35:57.846+0000] {dag.py:3089} INFO - Sync 1 DAGs
[2026-01-20T00:35:57.871+0000] {logging_mixin.py:188} INFO - [2026-01-20T00:35:57.871+0000] {dag.py:3947} INFO - Setting next_dagrun for pipeline_scheduled to 2026-01-20 00:00:00+00:00, run_after=2026-01-20 01:00:00+00:00
[2026-01-20T00:35:57.896+0000] {processor.py:183} INFO - Processing /opt/airflow/dags/pipeline_scheduled.py took 0.131 seconds
[2026-01-20T00:36:28.164+0000] {processor.py:161} INFO - Started process (PID=16938) to work on /opt/airflow/dags/pipeline_scheduled.py
[2026-01-20T00:36:28.166+0000] {processor.py:830} INFO - Processing file /opt/airflow/dags/pipeline_scheduled.py for tasks to queue
[2026-01-20T00:36:28.169+0000] {logging_mixin.py:188} INFO - [2026-01-20T00:36:28.168+0000] {dagbag.py:545} INFO - Filling up the DagBag from /opt/airflow/dags/pipeline_scheduled.py
[2026-01-20T00:36:28.198+0000] {processor.py:840} INFO - DAG(s) 'pipeline_scheduled' retrieved from /opt/airflow/dags/pipeline_scheduled.py
[2026-01-20T00:36:28.239+0000] {logging_mixin.py:188} INFO - [2026-01-20T00:36:28.239+0000] {dag.py:3089} INFO - Sync 1 DAGs
[2026-01-20T00:36:28.267+0000] {logging_mixin.py:188} INFO - [2026-01-20T00:36:28.266+0000] {dag.py:3947} INFO - Setting next_dagrun for pipeline_scheduled to 2026-01-20 00:00:00+00:00, run_after=2026-01-20 01:00:00+00:00
[2026-01-20T00:36:28.287+0000] {processor.py:183} INFO - Processing /opt/airflow/dags/pipeline_scheduled.py took 0.132 seconds
[2026-01-20T00:36:58.556+0000] {processor.py:161} INFO - Started process (PID=16948) to work on /opt/airflow/dags/pipeline_scheduled.py
[2026-01-20T00:36:58.557+0000] {processor.py:830} INFO - Processing file /opt/airflow/dags/pipeline_scheduled.py for tasks to queue
[2026-01-20T00:36:58.559+0000] {logging_mixin.py:188} INFO - [2026-01-20T00:36:58.559+0000] {dagbag.py:545} INFO - Filling up the DagBag from /opt/airflow/dags/pipeline_scheduled.py
[2026-01-20T00:36:58.587+0000] {processor.py:840} INFO - DAG(s) 'pipeline_scheduled' retrieved from /opt/airflow/dags/pipeline_scheduled.py
[2026-01-20T00:36:58.624+0000] {logging_mixin.py:188} INFO - [2026-01-20T00:36:58.624+0000] {dag.py:3089} INFO - Sync 1 DAGs
[2026-01-20T00:36:58.649+0000] {logging_mixin.py:188} INFO - [2026-01-20T00:36:58.649+0000] {dag.py:3947} INFO - Setting next_dagrun for pipeline_scheduled to 2026-01-20 00:00:00+00:00, run_after=2026-01-20 01:00:00+00:00
[2026-01-20T00:36:58.670+0000] {processor.py:183} INFO - Processing /opt/airflow/dags/pipeline_scheduled.py took 0.122 seconds
[2026-01-20T00:37:28.952+0000] {processor.py:161} INFO - Started process (PID=16958) to work on /opt/airflow/dags/pipeline_scheduled.py
[2026-01-20T00:37:28.953+0000] {processor.py:830} INFO - Processing file /opt/airflow/dags/pipeline_scheduled.py for tasks to queue
[2026-01-20T00:37:28.956+0000] {logging_mixin.py:188} INFO - [2026-01-20T00:37:28.955+0000] {dagbag.py:545} INFO - Filling up the DagBag from /opt/airflow/dags/pipeline_scheduled.py
[2026-01-20T00:37:28.983+0000] {processor.py:840} INFO - DAG(s) 'pipeline_scheduled' retrieved from /opt/airflow/dags/pipeline_scheduled.py
[2026-01-20T00:37:29.022+0000] {logging_mixin.py:188} INFO - [2026-01-20T00:37:29.022+0000] {dag.py:3089} INFO - Sync 1 DAGs
[2026-01-20T00:37:29.049+0000] {logging_mixin.py:188} INFO - [2026-01-20T00:37:29.049+0000] {dag.py:3947} INFO - Setting next_dagrun for pipeline_scheduled to 2026-01-20 00:00:00+00:00, run_after=2026-01-20 01:00:00+00:00
[2026-01-20T00:37:29.071+0000] {processor.py:183} INFO - Processing /opt/airflow/dags/pipeline_scheduled.py took 0.127 seconds
[2026-01-20T00:37:59.340+0000] {processor.py:161} INFO - Started process (PID=16968) to work on /opt/airflow/dags/pipeline_scheduled.py
[2026-01-20T00:37:59.341+0000] {processor.py:830} INFO - Processing file /opt/airflow/dags/pipeline_scheduled.py for tasks to queue
[2026-01-20T00:37:59.343+0000] {logging_mixin.py:188} INFO - [2026-01-20T00:37:59.343+0000] {dagbag.py:545} INFO - Filling up the DagBag from /opt/airflow/dags/pipeline_scheduled.py
[2026-01-20T00:37:59.369+0000] {processor.py:840} INFO - DAG(s) 'pipeline_scheduled' retrieved from /opt/airflow/dags/pipeline_scheduled.py
[2026-01-20T00:37:59.404+0000] {logging_mixin.py:188} INFO - [2026-01-20T00:37:59.404+0000] {dag.py:3089} INFO - Sync 1 DAGs
[2026-01-20T00:37:59.425+0000] {logging_mixin.py:188} INFO - [2026-01-20T00:37:59.425+0000] {dag.py:3947} INFO - Setting next_dagrun for pipeline_scheduled to 2026-01-20 00:00:00+00:00, run_after=2026-01-20 01:00:00+00:00
[2026-01-20T00:37:59.444+0000] {processor.py:183} INFO - Processing /opt/airflow/dags/pipeline_scheduled.py took 0.110 seconds
[2026-01-20T00:38:29.766+0000] {processor.py:161} INFO - Started process (PID=16978) to work on /opt/airflow/dags/pipeline_scheduled.py
[2026-01-20T00:38:29.767+0000] {processor.py:830} INFO - Processing file /opt/airflow/dags/pipeline_scheduled.py for tasks to queue
[2026-01-20T00:38:29.770+0000] {logging_mixin.py:188} INFO - [2026-01-20T00:38:29.769+0000] {dagbag.py:545} INFO - Filling up the DagBag from /opt/airflow/dags/pipeline_scheduled.py
[2026-01-20T00:38:29.803+0000] {processor.py:840} INFO - DAG(s) 'pipeline_scheduled' retrieved from /opt/airflow/dags/pipeline_scheduled.py
[2026-01-20T00:38:29.848+0000] {logging_mixin.py:188} INFO - [2026-01-20T00:38:29.847+0000] {dag.py:3089} INFO - Sync 1 DAGs
[2026-01-20T00:38:29.881+0000] {logging_mixin.py:188} INFO - [2026-01-20T00:38:29.880+0000] {dag.py:3947} INFO - Setting next_dagrun for pipeline_scheduled to 2026-01-20 00:00:00+00:00, run_after=2026-01-20 01:00:00+00:00
[2026-01-20T00:38:29.905+0000] {processor.py:183} INFO - Processing /opt/airflow/dags/pipeline_scheduled.py took 0.148 seconds
[2026-01-20T00:39:00.184+0000] {processor.py:161} INFO - Started process (PID=16988) to work on /opt/airflow/dags/pipeline_scheduled.py
[2026-01-20T00:39:00.186+0000] {processor.py:830} INFO - Processing file /opt/airflow/dags/pipeline_scheduled.py for tasks to queue
[2026-01-20T00:39:00.189+0000] {logging_mixin.py:188} INFO - [2026-01-20T00:39:00.188+0000] {dagbag.py:545} INFO - Filling up the DagBag from /opt/airflow/dags/pipeline_scheduled.py
[2026-01-20T00:39:00.217+0000] {processor.py:840} INFO - DAG(s) 'pipeline_scheduled' retrieved from /opt/airflow/dags/pipeline_scheduled.py
[2026-01-20T00:39:00.255+0000] {logging_mixin.py:188} INFO - [2026-01-20T00:39:00.255+0000] {dag.py:3089} INFO - Sync 1 DAGs
[2026-01-20T00:39:00.280+0000] {logging_mixin.py:188} INFO - [2026-01-20T00:39:00.280+0000] {dag.py:3947} INFO - Setting next_dagrun for pipeline_scheduled to 2026-01-20 00:00:00+00:00, run_after=2026-01-20 01:00:00+00:00
[2026-01-20T00:39:00.303+0000] {processor.py:183} INFO - Processing /opt/airflow/dags/pipeline_scheduled.py took 0.127 seconds
[2026-01-20T00:39:30.595+0000] {processor.py:161} INFO - Started process (PID=16998) to work on /opt/airflow/dags/pipeline_scheduled.py
[2026-01-20T00:39:30.596+0000] {processor.py:830} INFO - Processing file /opt/airflow/dags/pipeline_scheduled.py for tasks to queue
[2026-01-20T00:39:30.599+0000] {logging_mixin.py:188} INFO - [2026-01-20T00:39:30.598+0000] {dagbag.py:545} INFO - Filling up the DagBag from /opt/airflow/dags/pipeline_scheduled.py
[2026-01-20T00:39:30.626+0000] {processor.py:840} INFO - DAG(s) 'pipeline_scheduled' retrieved from /opt/airflow/dags/pipeline_scheduled.py
[2026-01-20T00:39:30.668+0000] {logging_mixin.py:188} INFO - [2026-01-20T00:39:30.667+0000] {dag.py:3089} INFO - Sync 1 DAGs
[2026-01-20T00:39:30.695+0000] {logging_mixin.py:188} INFO - [2026-01-20T00:39:30.694+0000] {dag.py:3947} INFO - Setting next_dagrun for pipeline_scheduled to 2026-01-20 00:00:00+00:00, run_after=2026-01-20 01:00:00+00:00
[2026-01-20T00:39:30.715+0000] {processor.py:183} INFO - Processing /opt/airflow/dags/pipeline_scheduled.py took 0.127 seconds
[2026-01-20T00:40:01.006+0000] {processor.py:161} INFO - Started process (PID=17008) to work on /opt/airflow/dags/pipeline_scheduled.py
[2026-01-20T00:40:01.007+0000] {processor.py:830} INFO - Processing file /opt/airflow/dags/pipeline_scheduled.py for tasks to queue
[2026-01-20T00:40:01.011+0000] {logging_mixin.py:188} INFO - [2026-01-20T00:40:01.011+0000] {dagbag.py:545} INFO - Filling up the DagBag from /opt/airflow/dags/pipeline_scheduled.py
[2026-01-20T00:40:01.037+0000] {processor.py:840} INFO - DAG(s) 'pipeline_scheduled' retrieved from /opt/airflow/dags/pipeline_scheduled.py
[2026-01-20T00:40:01.075+0000] {logging_mixin.py:188} INFO - [2026-01-20T00:40:01.075+0000] {dag.py:3089} INFO - Sync 1 DAGs
[2026-01-20T00:40:01.100+0000] {logging_mixin.py:188} INFO - [2026-01-20T00:40:01.099+0000] {dag.py:3947} INFO - Setting next_dagrun for pipeline_scheduled to 2026-01-20 00:00:00+00:00, run_after=2026-01-20 01:00:00+00:00
[2026-01-20T00:40:01.122+0000] {processor.py:183} INFO - Processing /opt/airflow/dags/pipeline_scheduled.py took 0.124 seconds
[2026-01-20T00:40:31.410+0000] {processor.py:161} INFO - Started process (PID=17018) to work on /opt/airflow/dags/pipeline_scheduled.py
[2026-01-20T00:40:31.411+0000] {processor.py:830} INFO - Processing file /opt/airflow/dags/pipeline_scheduled.py for tasks to queue
[2026-01-20T00:40:31.415+0000] {logging_mixin.py:188} INFO - [2026-01-20T00:40:31.414+0000] {dagbag.py:545} INFO - Filling up the DagBag from /opt/airflow/dags/pipeline_scheduled.py
[2026-01-20T00:40:31.445+0000] {processor.py:840} INFO - DAG(s) 'pipeline_scheduled' retrieved from /opt/airflow/dags/pipeline_scheduled.py
[2026-01-20T00:40:31.485+0000] {logging_mixin.py:188} INFO - [2026-01-20T00:40:31.485+0000] {dag.py:3089} INFO - Sync 1 DAGs
[2026-01-20T00:40:31.511+0000] {logging_mixin.py:188} INFO - [2026-01-20T00:40:31.511+0000] {dag.py:3947} INFO - Setting next_dagrun for pipeline_scheduled to 2026-01-20 00:00:00+00:00, run_after=2026-01-20 01:00:00+00:00
[2026-01-20T00:40:31.534+0000] {processor.py:183} INFO - Processing /opt/airflow/dags/pipeline_scheduled.py took 0.132 seconds
[2026-01-20T00:41:01.806+0000] {processor.py:161} INFO - Started process (PID=17028) to work on /opt/airflow/dags/pipeline_scheduled.py
[2026-01-20T00:41:01.807+0000] {processor.py:830} INFO - Processing file /opt/airflow/dags/pipeline_scheduled.py for tasks to queue
[2026-01-20T00:41:01.811+0000] {logging_mixin.py:188} INFO - [2026-01-20T00:41:01.810+0000] {dagbag.py:545} INFO - Filling up the DagBag from /opt/airflow/dags/pipeline_scheduled.py
[2026-01-20T00:41:01.839+0000] {processor.py:840} INFO - DAG(s) 'pipeline_scheduled' retrieved from /opt/airflow/dags/pipeline_scheduled.py
[2026-01-20T00:41:01.876+0000] {logging_mixin.py:188} INFO - [2026-01-20T00:41:01.876+0000] {dag.py:3089} INFO - Sync 1 DAGs
[2026-01-20T00:41:01.901+0000] {logging_mixin.py:188} INFO - [2026-01-20T00:41:01.901+0000] {dag.py:3947} INFO - Setting next_dagrun for pipeline_scheduled to 2026-01-20 00:00:00+00:00, run_after=2026-01-20 01:00:00+00:00
[2026-01-20T00:41:01.923+0000] {processor.py:183} INFO - Processing /opt/airflow/dags/pipeline_scheduled.py took 0.124 seconds
[2026-01-20T00:41:32.204+0000] {processor.py:161} INFO - Started process (PID=17038) to work on /opt/airflow/dags/pipeline_scheduled.py
[2026-01-20T00:41:32.205+0000] {processor.py:830} INFO - Processing file /opt/airflow/dags/pipeline_scheduled.py for tasks to queue
[2026-01-20T00:41:32.209+0000] {logging_mixin.py:188} INFO - [2026-01-20T00:41:32.208+0000] {dagbag.py:545} INFO - Filling up the DagBag from /opt/airflow/dags/pipeline_scheduled.py
[2026-01-20T00:41:32.235+0000] {processor.py:840} INFO - DAG(s) 'pipeline_scheduled' retrieved from /opt/airflow/dags/pipeline_scheduled.py
[2026-01-20T00:41:32.273+0000] {logging_mixin.py:188} INFO - [2026-01-20T00:41:32.273+0000] {dag.py:3089} INFO - Sync 1 DAGs
[2026-01-20T00:41:32.297+0000] {logging_mixin.py:188} INFO - [2026-01-20T00:41:32.297+0000] {dag.py:3947} INFO - Setting next_dagrun for pipeline_scheduled to 2026-01-20 00:00:00+00:00, run_after=2026-01-20 01:00:00+00:00
[2026-01-20T00:41:32.319+0000] {processor.py:183} INFO - Processing /opt/airflow/dags/pipeline_scheduled.py took 0.123 seconds
[2026-01-20T00:42:02.614+0000] {processor.py:161} INFO - Started process (PID=17048) to work on /opt/airflow/dags/pipeline_scheduled.py
[2026-01-20T00:42:02.615+0000] {processor.py:830} INFO - Processing file /opt/airflow/dags/pipeline_scheduled.py for tasks to queue
[2026-01-20T00:42:02.618+0000] {logging_mixin.py:188} INFO - [2026-01-20T00:42:02.617+0000] {dagbag.py:545} INFO - Filling up the DagBag from /opt/airflow/dags/pipeline_scheduled.py
[2026-01-20T00:42:02.644+0000] {processor.py:840} INFO - DAG(s) 'pipeline_scheduled' retrieved from /opt/airflow/dags/pipeline_scheduled.py
[2026-01-20T00:42:02.683+0000] {logging_mixin.py:188} INFO - [2026-01-20T00:42:02.682+0000] {dag.py:3089} INFO - Sync 1 DAGs
[2026-01-20T00:42:02.708+0000] {logging_mixin.py:188} INFO - [2026-01-20T00:42:02.708+0000] {dag.py:3947} INFO - Setting next_dagrun for pipeline_scheduled to 2026-01-20 00:00:00+00:00, run_after=2026-01-20 01:00:00+00:00
[2026-01-20T00:42:02.731+0000] {processor.py:183} INFO - Processing /opt/airflow/dags/pipeline_scheduled.py took 0.126 seconds
[2026-01-20T00:42:33.009+0000] {processor.py:161} INFO - Started process (PID=17058) to work on /opt/airflow/dags/pipeline_scheduled.py
[2026-01-20T00:42:33.010+0000] {processor.py:830} INFO - Processing file /opt/airflow/dags/pipeline_scheduled.py for tasks to queue
[2026-01-20T00:42:33.013+0000] {logging_mixin.py:188} INFO - [2026-01-20T00:42:33.012+0000] {dagbag.py:545} INFO - Filling up the DagBag from /opt/airflow/dags/pipeline_scheduled.py
[2026-01-20T00:42:33.038+0000] {processor.py:840} INFO - DAG(s) 'pipeline_scheduled' retrieved from /opt/airflow/dags/pipeline_scheduled.py
[2026-01-20T00:42:33.078+0000] {logging_mixin.py:188} INFO - [2026-01-20T00:42:33.077+0000] {dag.py:3089} INFO - Sync 1 DAGs
[2026-01-20T00:42:33.104+0000] {logging_mixin.py:188} INFO - [2026-01-20T00:42:33.104+0000] {dag.py:3947} INFO - Setting next_dagrun for pipeline_scheduled to 2026-01-20 00:00:00+00:00, run_after=2026-01-20 01:00:00+00:00
[2026-01-20T00:42:33.127+0000] {processor.py:183} INFO - Processing /opt/airflow/dags/pipeline_scheduled.py took 0.126 seconds
[2026-01-20T00:43:03.425+0000] {processor.py:161} INFO - Started process (PID=17068) to work on /opt/airflow/dags/pipeline_scheduled.py
[2026-01-20T00:43:03.426+0000] {processor.py:830} INFO - Processing file /opt/airflow/dags/pipeline_scheduled.py for tasks to queue
[2026-01-20T00:43:03.429+0000] {logging_mixin.py:188} INFO - [2026-01-20T00:43:03.428+0000] {dagbag.py:545} INFO - Filling up the DagBag from /opt/airflow/dags/pipeline_scheduled.py
[2026-01-20T00:43:03.455+0000] {processor.py:840} INFO - DAG(s) 'pipeline_scheduled' retrieved from /opt/airflow/dags/pipeline_scheduled.py
[2026-01-20T00:43:03.493+0000] {logging_mixin.py:188} INFO - [2026-01-20T00:43:03.493+0000] {dag.py:3089} INFO - Sync 1 DAGs
[2026-01-20T00:43:03.517+0000] {logging_mixin.py:188} INFO - [2026-01-20T00:43:03.517+0000] {dag.py:3947} INFO - Setting next_dagrun for pipeline_scheduled to 2026-01-20 00:00:00+00:00, run_after=2026-01-20 01:00:00+00:00
[2026-01-20T00:43:03.539+0000] {processor.py:183} INFO - Processing /opt/airflow/dags/pipeline_scheduled.py took 0.122 seconds
[2026-01-20T00:43:33.896+0000] {processor.py:161} INFO - Started process (PID=17078) to work on /opt/airflow/dags/pipeline_scheduled.py
[2026-01-20T00:43:33.897+0000] {processor.py:830} INFO - Processing file /opt/airflow/dags/pipeline_scheduled.py for tasks to queue
[2026-01-20T00:43:33.899+0000] {logging_mixin.py:188} INFO - [2026-01-20T00:43:33.899+0000] {dagbag.py:545} INFO - Filling up the DagBag from /opt/airflow/dags/pipeline_scheduled.py
[2026-01-20T00:43:33.927+0000] {processor.py:840} INFO - DAG(s) 'pipeline_scheduled' retrieved from /opt/airflow/dags/pipeline_scheduled.py
[2026-01-20T00:43:33.966+0000] {logging_mixin.py:188} INFO - [2026-01-20T00:43:33.966+0000] {dag.py:3089} INFO - Sync 1 DAGs
[2026-01-20T00:43:33.991+0000] {logging_mixin.py:188} INFO - [2026-01-20T00:43:33.991+0000] {dag.py:3947} INFO - Setting next_dagrun for pipeline_scheduled to 2026-01-20 00:00:00+00:00, run_after=2026-01-20 01:00:00+00:00
[2026-01-20T00:43:34.013+0000] {processor.py:183} INFO - Processing /opt/airflow/dags/pipeline_scheduled.py took 0.126 seconds
[2026-01-20T00:44:04.302+0000] {processor.py:161} INFO - Started process (PID=17088) to work on /opt/airflow/dags/pipeline_scheduled.py
[2026-01-20T00:44:04.303+0000] {processor.py:830} INFO - Processing file /opt/airflow/dags/pipeline_scheduled.py for tasks to queue
[2026-01-20T00:44:04.306+0000] {logging_mixin.py:188} INFO - [2026-01-20T00:44:04.305+0000] {dagbag.py:545} INFO - Filling up the DagBag from /opt/airflow/dags/pipeline_scheduled.py
[2026-01-20T00:44:04.332+0000] {processor.py:840} INFO - DAG(s) 'pipeline_scheduled' retrieved from /opt/airflow/dags/pipeline_scheduled.py
[2026-01-20T00:44:04.372+0000] {logging_mixin.py:188} INFO - [2026-01-20T00:44:04.372+0000] {dag.py:3089} INFO - Sync 1 DAGs
[2026-01-20T00:44:04.395+0000] {logging_mixin.py:188} INFO - [2026-01-20T00:44:04.395+0000] {dag.py:3947} INFO - Setting next_dagrun for pipeline_scheduled to 2026-01-20 00:00:00+00:00, run_after=2026-01-20 01:00:00+00:00
[2026-01-20T00:44:04.416+0000] {processor.py:183} INFO - Processing /opt/airflow/dags/pipeline_scheduled.py took 0.122 seconds
[2026-01-20T00:44:34.695+0000] {processor.py:161} INFO - Started process (PID=17098) to work on /opt/airflow/dags/pipeline_scheduled.py
[2026-01-20T00:44:34.697+0000] {processor.py:830} INFO - Processing file /opt/airflow/dags/pipeline_scheduled.py for tasks to queue
[2026-01-20T00:44:34.700+0000] {logging_mixin.py:188} INFO - [2026-01-20T00:44:34.699+0000] {dagbag.py:545} INFO - Filling up the DagBag from /opt/airflow/dags/pipeline_scheduled.py
[2026-01-20T00:44:34.731+0000] {processor.py:840} INFO - DAG(s) 'pipeline_scheduled' retrieved from /opt/airflow/dags/pipeline_scheduled.py
[2026-01-20T00:44:34.774+0000] {logging_mixin.py:188} INFO - [2026-01-20T00:44:34.773+0000] {dag.py:3089} INFO - Sync 1 DAGs
[2026-01-20T00:44:34.800+0000] {logging_mixin.py:188} INFO - [2026-01-20T00:44:34.800+0000] {dag.py:3947} INFO - Setting next_dagrun for pipeline_scheduled to 2026-01-20 00:00:00+00:00, run_after=2026-01-20 01:00:00+00:00
[2026-01-20T00:44:34.827+0000] {processor.py:183} INFO - Processing /opt/airflow/dags/pipeline_scheduled.py took 0.140 seconds
[2026-01-20T00:45:05.096+0000] {processor.py:161} INFO - Started process (PID=17108) to work on /opt/airflow/dags/pipeline_scheduled.py
[2026-01-20T00:45:05.097+0000] {processor.py:830} INFO - Processing file /opt/airflow/dags/pipeline_scheduled.py for tasks to queue
[2026-01-20T00:45:05.100+0000] {logging_mixin.py:188} INFO - [2026-01-20T00:45:05.100+0000] {dagbag.py:545} INFO - Filling up the DagBag from /opt/airflow/dags/pipeline_scheduled.py
[2026-01-20T00:45:05.127+0000] {processor.py:840} INFO - DAG(s) 'pipeline_scheduled' retrieved from /opt/airflow/dags/pipeline_scheduled.py
[2026-01-20T00:45:05.164+0000] {logging_mixin.py:188} INFO - [2026-01-20T00:45:05.164+0000] {dag.py:3089} INFO - Sync 1 DAGs
[2026-01-20T00:45:05.191+0000] {logging_mixin.py:188} INFO - [2026-01-20T00:45:05.191+0000] {dag.py:3947} INFO - Setting next_dagrun for pipeline_scheduled to 2026-01-20 00:00:00+00:00, run_after=2026-01-20 01:00:00+00:00
[2026-01-20T00:45:05.213+0000] {processor.py:183} INFO - Processing /opt/airflow/dags/pipeline_scheduled.py took 0.124 seconds
[2026-01-20T00:45:35.495+0000] {processor.py:161} INFO - Started process (PID=17118) to work on /opt/airflow/dags/pipeline_scheduled.py
[2026-01-20T00:45:35.497+0000] {processor.py:830} INFO - Processing file /opt/airflow/dags/pipeline_scheduled.py for tasks to queue
[2026-01-20T00:45:35.501+0000] {logging_mixin.py:188} INFO - [2026-01-20T00:45:35.500+0000] {dagbag.py:545} INFO - Filling up the DagBag from /opt/airflow/dags/pipeline_scheduled.py
[2026-01-20T00:45:35.527+0000] {processor.py:840} INFO - DAG(s) 'pipeline_scheduled' retrieved from /opt/airflow/dags/pipeline_scheduled.py
[2026-01-20T00:45:35.568+0000] {logging_mixin.py:188} INFO - [2026-01-20T00:45:35.567+0000] {dag.py:3089} INFO - Sync 1 DAGs
[2026-01-20T00:45:35.593+0000] {logging_mixin.py:188} INFO - [2026-01-20T00:45:35.592+0000] {dag.py:3947} INFO - Setting next_dagrun for pipeline_scheduled to 2026-01-20 00:00:00+00:00, run_after=2026-01-20 01:00:00+00:00
[2026-01-20T00:45:35.615+0000] {processor.py:183} INFO - Processing /opt/airflow/dags/pipeline_scheduled.py took 0.127 seconds
[2026-01-20T00:46:05.891+0000] {processor.py:161} INFO - Started process (PID=17128) to work on /opt/airflow/dags/pipeline_scheduled.py
[2026-01-20T00:46:05.892+0000] {processor.py:830} INFO - Processing file /opt/airflow/dags/pipeline_scheduled.py for tasks to queue
[2026-01-20T00:46:05.896+0000] {logging_mixin.py:188} INFO - [2026-01-20T00:46:05.896+0000] {dagbag.py:545} INFO - Filling up the DagBag from /opt/airflow/dags/pipeline_scheduled.py
[2026-01-20T00:46:05.922+0000] {processor.py:840} INFO - DAG(s) 'pipeline_scheduled' retrieved from /opt/airflow/dags/pipeline_scheduled.py
[2026-01-20T00:46:05.960+0000] {logging_mixin.py:188} INFO - [2026-01-20T00:46:05.959+0000] {dag.py:3089} INFO - Sync 1 DAGs
[2026-01-20T00:46:05.985+0000] {logging_mixin.py:188} INFO - [2026-01-20T00:46:05.985+0000] {dag.py:3947} INFO - Setting next_dagrun for pipeline_scheduled to 2026-01-20 00:00:00+00:00, run_after=2026-01-20 01:00:00+00:00
[2026-01-20T00:46:06.005+0000] {processor.py:183} INFO - Processing /opt/airflow/dags/pipeline_scheduled.py took 0.121 seconds
[2026-01-20T00:46:36.293+0000] {processor.py:161} INFO - Started process (PID=17138) to work on /opt/airflow/dags/pipeline_scheduled.py
[2026-01-20T00:46:36.294+0000] {processor.py:830} INFO - Processing file /opt/airflow/dags/pipeline_scheduled.py for tasks to queue
[2026-01-20T00:46:36.298+0000] {logging_mixin.py:188} INFO - [2026-01-20T00:46:36.298+0000] {dagbag.py:545} INFO - Filling up the DagBag from /opt/airflow/dags/pipeline_scheduled.py
[2026-01-20T00:46:36.327+0000] {processor.py:840} INFO - DAG(s) 'pipeline_scheduled' retrieved from /opt/airflow/dags/pipeline_scheduled.py
[2026-01-20T00:46:36.370+0000] {logging_mixin.py:188} INFO - [2026-01-20T00:46:36.370+0000] {dag.py:3089} INFO - Sync 1 DAGs
[2026-01-20T00:46:36.395+0000] {logging_mixin.py:188} INFO - [2026-01-20T00:46:36.395+0000] {dag.py:3947} INFO - Setting next_dagrun for pipeline_scheduled to 2026-01-20 00:00:00+00:00, run_after=2026-01-20 01:00:00+00:00
[2026-01-20T00:46:36.416+0000] {processor.py:183} INFO - Processing /opt/airflow/dags/pipeline_scheduled.py took 0.132 seconds
[2026-01-20T00:47:06.700+0000] {processor.py:161} INFO - Started process (PID=17148) to work on /opt/airflow/dags/pipeline_scheduled.py
[2026-01-20T00:47:06.701+0000] {processor.py:830} INFO - Processing file /opt/airflow/dags/pipeline_scheduled.py for tasks to queue
[2026-01-20T00:47:06.704+0000] {logging_mixin.py:188} INFO - [2026-01-20T00:47:06.704+0000] {dagbag.py:545} INFO - Filling up the DagBag from /opt/airflow/dags/pipeline_scheduled.py
[2026-01-20T00:47:06.730+0000] {processor.py:840} INFO - DAG(s) 'pipeline_scheduled' retrieved from /opt/airflow/dags/pipeline_scheduled.py
[2026-01-20T00:47:06.768+0000] {logging_mixin.py:188} INFO - [2026-01-20T00:47:06.768+0000] {dag.py:3089} INFO - Sync 1 DAGs
[2026-01-20T00:47:06.794+0000] {logging_mixin.py:188} INFO - [2026-01-20T00:47:06.794+0000] {dag.py:3947} INFO - Setting next_dagrun for pipeline_scheduled to 2026-01-20 00:00:00+00:00, run_after=2026-01-20 01:00:00+00:00
[2026-01-20T00:47:06.815+0000] {processor.py:183} INFO - Processing /opt/airflow/dags/pipeline_scheduled.py took 0.122 seconds
[2026-01-20T00:47:37.096+0000] {processor.py:161} INFO - Started process (PID=17158) to work on /opt/airflow/dags/pipeline_scheduled.py
[2026-01-20T00:47:37.097+0000] {processor.py:830} INFO - Processing file /opt/airflow/dags/pipeline_scheduled.py for tasks to queue
[2026-01-20T00:47:37.100+0000] {logging_mixin.py:188} INFO - [2026-01-20T00:47:37.100+0000] {dagbag.py:545} INFO - Filling up the DagBag from /opt/airflow/dags/pipeline_scheduled.py
[2026-01-20T00:47:37.126+0000] {processor.py:840} INFO - DAG(s) 'pipeline_scheduled' retrieved from /opt/airflow/dags/pipeline_scheduled.py
[2026-01-20T00:47:37.160+0000] {logging_mixin.py:188} INFO - [2026-01-20T00:47:37.160+0000] {dag.py:3089} INFO - Sync 1 DAGs
[2026-01-20T00:47:37.181+0000] {logging_mixin.py:188} INFO - [2026-01-20T00:47:37.181+0000] {dag.py:3947} INFO - Setting next_dagrun for pipeline_scheduled to 2026-01-20 00:00:00+00:00, run_after=2026-01-20 01:00:00+00:00
[2026-01-20T00:47:37.202+0000] {processor.py:183} INFO - Processing /opt/airflow/dags/pipeline_scheduled.py took 0.113 seconds
[2026-01-20T00:48:07.491+0000] {processor.py:161} INFO - Started process (PID=17168) to work on /opt/airflow/dags/pipeline_scheduled.py
[2026-01-20T00:48:07.492+0000] {processor.py:830} INFO - Processing file /opt/airflow/dags/pipeline_scheduled.py for tasks to queue
[2026-01-20T00:48:07.495+0000] {logging_mixin.py:188} INFO - [2026-01-20T00:48:07.494+0000] {dagbag.py:545} INFO - Filling up the DagBag from /opt/airflow/dags/pipeline_scheduled.py
[2026-01-20T00:48:07.522+0000] {processor.py:840} INFO - DAG(s) 'pipeline_scheduled' retrieved from /opt/airflow/dags/pipeline_scheduled.py
[2026-01-20T00:48:07.564+0000] {logging_mixin.py:188} INFO - [2026-01-20T00:48:07.563+0000] {dag.py:3089} INFO - Sync 1 DAGs
[2026-01-20T00:48:07.590+0000] {logging_mixin.py:188} INFO - [2026-01-20T00:48:07.590+0000] {dag.py:3947} INFO - Setting next_dagrun for pipeline_scheduled to 2026-01-20 00:00:00+00:00, run_after=2026-01-20 01:00:00+00:00
[2026-01-20T00:48:07.611+0000] {processor.py:183} INFO - Processing /opt/airflow/dags/pipeline_scheduled.py took 0.128 seconds
[2026-01-20T00:48:37.921+0000] {processor.py:161} INFO - Started process (PID=17178) to work on /opt/airflow/dags/pipeline_scheduled.py
[2026-01-20T00:48:37.923+0000] {processor.py:830} INFO - Processing file /opt/airflow/dags/pipeline_scheduled.py for tasks to queue
[2026-01-20T00:48:37.925+0000] {logging_mixin.py:188} INFO - [2026-01-20T00:48:37.925+0000] {dagbag.py:545} INFO - Filling up the DagBag from /opt/airflow/dags/pipeline_scheduled.py
[2026-01-20T00:48:37.953+0000] {processor.py:840} INFO - DAG(s) 'pipeline_scheduled' retrieved from /opt/airflow/dags/pipeline_scheduled.py
[2026-01-20T00:48:37.990+0000] {logging_mixin.py:188} INFO - [2026-01-20T00:48:37.990+0000] {dag.py:3089} INFO - Sync 1 DAGs
[2026-01-20T00:48:38.015+0000] {logging_mixin.py:188} INFO - [2026-01-20T00:48:38.014+0000] {dag.py:3947} INFO - Setting next_dagrun for pipeline_scheduled to 2026-01-20 00:00:00+00:00, run_after=2026-01-20 01:00:00+00:00
[2026-01-20T00:48:38.036+0000] {processor.py:183} INFO - Processing /opt/airflow/dags/pipeline_scheduled.py took 0.122 seconds
[2026-01-20T00:49:08.325+0000] {processor.py:161} INFO - Started process (PID=17188) to work on /opt/airflow/dags/pipeline_scheduled.py
[2026-01-20T00:49:08.327+0000] {processor.py:830} INFO - Processing file /opt/airflow/dags/pipeline_scheduled.py for tasks to queue
[2026-01-20T00:49:08.330+0000] {logging_mixin.py:188} INFO - [2026-01-20T00:49:08.329+0000] {dagbag.py:545} INFO - Filling up the DagBag from /opt/airflow/dags/pipeline_scheduled.py
[2026-01-20T00:49:08.357+0000] {processor.py:840} INFO - DAG(s) 'pipeline_scheduled' retrieved from /opt/airflow/dags/pipeline_scheduled.py
[2026-01-20T00:49:08.392+0000] {logging_mixin.py:188} INFO - [2026-01-20T00:49:08.392+0000] {dag.py:3089} INFO - Sync 1 DAGs
[2026-01-20T00:49:08.415+0000] {logging_mixin.py:188} INFO - [2026-01-20T00:49:08.415+0000] {dag.py:3947} INFO - Setting next_dagrun for pipeline_scheduled to 2026-01-20 00:00:00+00:00, run_after=2026-01-20 01:00:00+00:00
[2026-01-20T00:49:08.436+0000] {processor.py:183} INFO - Processing /opt/airflow/dags/pipeline_scheduled.py took 0.118 seconds
[2026-01-20T00:49:38.708+0000] {processor.py:161} INFO - Started process (PID=17198) to work on /opt/airflow/dags/pipeline_scheduled.py
[2026-01-20T00:49:38.710+0000] {processor.py:830} INFO - Processing file /opt/airflow/dags/pipeline_scheduled.py for tasks to queue
[2026-01-20T00:49:38.713+0000] {logging_mixin.py:188} INFO - [2026-01-20T00:49:38.712+0000] {dagbag.py:545} INFO - Filling up the DagBag from /opt/airflow/dags/pipeline_scheduled.py
[2026-01-20T00:49:38.746+0000] {processor.py:840} INFO - DAG(s) 'pipeline_scheduled' retrieved from /opt/airflow/dags/pipeline_scheduled.py
[2026-01-20T00:49:38.784+0000] {logging_mixin.py:188} INFO - [2026-01-20T00:49:38.783+0000] {dag.py:3089} INFO - Sync 1 DAGs
[2026-01-20T00:49:38.811+0000] {logging_mixin.py:188} INFO - [2026-01-20T00:49:38.811+0000] {dag.py:3947} INFO - Setting next_dagrun for pipeline_scheduled to 2026-01-20 00:00:00+00:00, run_after=2026-01-20 01:00:00+00:00
[2026-01-20T00:49:38.835+0000] {processor.py:183} INFO - Processing /opt/airflow/dags/pipeline_scheduled.py took 0.136 seconds
[2026-01-20T00:50:09.094+0000] {processor.py:161} INFO - Started process (PID=17208) to work on /opt/airflow/dags/pipeline_scheduled.py
[2026-01-20T00:50:09.095+0000] {processor.py:830} INFO - Processing file /opt/airflow/dags/pipeline_scheduled.py for tasks to queue
[2026-01-20T00:50:09.098+0000] {logging_mixin.py:188} INFO - [2026-01-20T00:50:09.098+0000] {dagbag.py:545} INFO - Filling up the DagBag from /opt/airflow/dags/pipeline_scheduled.py
[2026-01-20T00:50:09.129+0000] {processor.py:840} INFO - DAG(s) 'pipeline_scheduled' retrieved from /opt/airflow/dags/pipeline_scheduled.py
[2026-01-20T00:50:09.168+0000] {logging_mixin.py:188} INFO - [2026-01-20T00:50:09.168+0000] {dag.py:3089} INFO - Sync 1 DAGs
[2026-01-20T00:50:09.193+0000] {logging_mixin.py:188} INFO - [2026-01-20T00:50:09.193+0000] {dag.py:3947} INFO - Setting next_dagrun for pipeline_scheduled to 2026-01-20 00:00:00+00:00, run_after=2026-01-20 01:00:00+00:00
[2026-01-20T00:50:09.213+0000] {processor.py:183} INFO - Processing /opt/airflow/dags/pipeline_scheduled.py took 0.127 seconds
[2026-01-20T00:50:39.483+0000] {processor.py:161} INFO - Started process (PID=17218) to work on /opt/airflow/dags/pipeline_scheduled.py
[2026-01-20T00:50:39.484+0000] {processor.py:830} INFO - Processing file /opt/airflow/dags/pipeline_scheduled.py for tasks to queue
[2026-01-20T00:50:39.487+0000] {logging_mixin.py:188} INFO - [2026-01-20T00:50:39.487+0000] {dagbag.py:545} INFO - Filling up the DagBag from /opt/airflow/dags/pipeline_scheduled.py
[2026-01-20T00:50:39.514+0000] {processor.py:840} INFO - DAG(s) 'pipeline_scheduled' retrieved from /opt/airflow/dags/pipeline_scheduled.py
[2026-01-20T00:50:39.549+0000] {logging_mixin.py:188} INFO - [2026-01-20T00:50:39.549+0000] {dag.py:3089} INFO - Sync 1 DAGs
[2026-01-20T00:50:39.577+0000] {logging_mixin.py:188} INFO - [2026-01-20T00:50:39.577+0000] {dag.py:3947} INFO - Setting next_dagrun for pipeline_scheduled to 2026-01-20 00:00:00+00:00, run_after=2026-01-20 01:00:00+00:00
[2026-01-20T00:50:39.601+0000] {processor.py:183} INFO - Processing /opt/airflow/dags/pipeline_scheduled.py took 0.124 seconds
[2026-01-20T00:51:09.857+0000] {processor.py:161} INFO - Started process (PID=17228) to work on /opt/airflow/dags/pipeline_scheduled.py
[2026-01-20T00:51:09.858+0000] {processor.py:830} INFO - Processing file /opt/airflow/dags/pipeline_scheduled.py for tasks to queue
[2026-01-20T00:51:09.861+0000] {logging_mixin.py:188} INFO - [2026-01-20T00:51:09.861+0000] {dagbag.py:545} INFO - Filling up the DagBag from /opt/airflow/dags/pipeline_scheduled.py
[2026-01-20T00:51:09.886+0000] {processor.py:840} INFO - DAG(s) 'pipeline_scheduled' retrieved from /opt/airflow/dags/pipeline_scheduled.py
[2026-01-20T00:51:09.918+0000] {logging_mixin.py:188} INFO - [2026-01-20T00:51:09.918+0000] {dag.py:3089} INFO - Sync 1 DAGs
[2026-01-20T00:51:09.942+0000] {logging_mixin.py:188} INFO - [2026-01-20T00:51:09.941+0000] {dag.py:3947} INFO - Setting next_dagrun for pipeline_scheduled to 2026-01-20 00:00:00+00:00, run_after=2026-01-20 01:00:00+00:00
[2026-01-20T00:51:09.959+0000] {processor.py:183} INFO - Processing /opt/airflow/dags/pipeline_scheduled.py took 0.109 seconds
[2026-01-20T00:51:40.211+0000] {processor.py:161} INFO - Started process (PID=17238) to work on /opt/airflow/dags/pipeline_scheduled.py
[2026-01-20T00:51:40.212+0000] {processor.py:830} INFO - Processing file /opt/airflow/dags/pipeline_scheduled.py for tasks to queue
[2026-01-20T00:51:40.215+0000] {logging_mixin.py:188} INFO - [2026-01-20T00:51:40.214+0000] {dagbag.py:545} INFO - Filling up the DagBag from /opt/airflow/dags/pipeline_scheduled.py
[2026-01-20T00:51:40.241+0000] {processor.py:840} INFO - DAG(s) 'pipeline_scheduled' retrieved from /opt/airflow/dags/pipeline_scheduled.py
[2026-01-20T00:51:40.279+0000] {logging_mixin.py:188} INFO - [2026-01-20T00:51:40.279+0000] {dag.py:3089} INFO - Sync 1 DAGs
[2026-01-20T00:51:40.300+0000] {logging_mixin.py:188} INFO - [2026-01-20T00:51:40.300+0000] {dag.py:3947} INFO - Setting next_dagrun for pipeline_scheduled to 2026-01-20 00:00:00+00:00, run_after=2026-01-20 01:00:00+00:00
[2026-01-20T00:51:40.319+0000] {processor.py:183} INFO - Processing /opt/airflow/dags/pipeline_scheduled.py took 0.114 seconds
[2026-01-20T00:52:10.562+0000] {processor.py:161} INFO - Started process (PID=17248) to work on /opt/airflow/dags/pipeline_scheduled.py
[2026-01-20T00:52:10.564+0000] {processor.py:830} INFO - Processing file /opt/airflow/dags/pipeline_scheduled.py for tasks to queue
[2026-01-20T00:52:10.567+0000] {logging_mixin.py:188} INFO - [2026-01-20T00:52:10.567+0000] {dagbag.py:545} INFO - Filling up the DagBag from /opt/airflow/dags/pipeline_scheduled.py
[2026-01-20T00:52:10.596+0000] {processor.py:840} INFO - DAG(s) 'pipeline_scheduled' retrieved from /opt/airflow/dags/pipeline_scheduled.py
[2026-01-20T00:52:10.637+0000] {logging_mixin.py:188} INFO - [2026-01-20T00:52:10.637+0000] {dag.py:3089} INFO - Sync 1 DAGs
[2026-01-20T00:52:10.660+0000] {logging_mixin.py:188} INFO - [2026-01-20T00:52:10.660+0000] {dag.py:3947} INFO - Setting next_dagrun for pipeline_scheduled to 2026-01-20 00:00:00+00:00, run_after=2026-01-20 01:00:00+00:00
[2026-01-20T00:52:10.681+0000] {processor.py:183} INFO - Processing /opt/airflow/dags/pipeline_scheduled.py took 0.126 seconds
[2026-01-20T00:52:40.935+0000] {processor.py:161} INFO - Started process (PID=17258) to work on /opt/airflow/dags/pipeline_scheduled.py
[2026-01-20T00:52:40.936+0000] {processor.py:830} INFO - Processing file /opt/airflow/dags/pipeline_scheduled.py for tasks to queue
[2026-01-20T00:52:40.939+0000] {logging_mixin.py:188} INFO - [2026-01-20T00:52:40.939+0000] {dagbag.py:545} INFO - Filling up the DagBag from /opt/airflow/dags/pipeline_scheduled.py
[2026-01-20T00:52:40.969+0000] {processor.py:840} INFO - DAG(s) 'pipeline_scheduled' retrieved from /opt/airflow/dags/pipeline_scheduled.py
[2026-01-20T00:52:41.011+0000] {logging_mixin.py:188} INFO - [2026-01-20T00:52:41.010+0000] {dag.py:3089} INFO - Sync 1 DAGs
[2026-01-20T00:52:41.035+0000] {logging_mixin.py:188} INFO - [2026-01-20T00:52:41.035+0000] {dag.py:3947} INFO - Setting next_dagrun for pipeline_scheduled to 2026-01-20 00:00:00+00:00, run_after=2026-01-20 01:00:00+00:00
[2026-01-20T00:52:41.057+0000] {processor.py:183} INFO - Processing /opt/airflow/dags/pipeline_scheduled.py took 0.130 seconds
[2026-01-20T00:53:11.348+0000] {processor.py:161} INFO - Started process (PID=17268) to work on /opt/airflow/dags/pipeline_scheduled.py
[2026-01-20T00:53:11.349+0000] {processor.py:830} INFO - Processing file /opt/airflow/dags/pipeline_scheduled.py for tasks to queue
[2026-01-20T00:53:11.352+0000] {logging_mixin.py:188} INFO - [2026-01-20T00:53:11.351+0000] {dagbag.py:545} INFO - Filling up the DagBag from /opt/airflow/dags/pipeline_scheduled.py
[2026-01-20T00:53:11.379+0000] {processor.py:840} INFO - DAG(s) 'pipeline_scheduled' retrieved from /opt/airflow/dags/pipeline_scheduled.py
[2026-01-20T00:53:11.417+0000] {logging_mixin.py:188} INFO - [2026-01-20T00:53:11.417+0000] {dag.py:3089} INFO - Sync 1 DAGs
[2026-01-20T00:53:11.442+0000] {logging_mixin.py:188} INFO - [2026-01-20T00:53:11.442+0000] {dag.py:3947} INFO - Setting next_dagrun for pipeline_scheduled to 2026-01-20 00:00:00+00:00, run_after=2026-01-20 01:00:00+00:00
[2026-01-20T00:53:11.466+0000] {processor.py:183} INFO - Processing /opt/airflow/dags/pipeline_scheduled.py took 0.125 seconds
[2026-01-20T00:53:41.801+0000] {processor.py:161} INFO - Started process (PID=17278) to work on /opt/airflow/dags/pipeline_scheduled.py
[2026-01-20T00:53:41.802+0000] {processor.py:830} INFO - Processing file /opt/airflow/dags/pipeline_scheduled.py for tasks to queue
[2026-01-20T00:53:41.804+0000] {logging_mixin.py:188} INFO - [2026-01-20T00:53:41.804+0000] {dagbag.py:545} INFO - Filling up the DagBag from /opt/airflow/dags/pipeline_scheduled.py
[2026-01-20T00:53:41.828+0000] {processor.py:840} INFO - DAG(s) 'pipeline_scheduled' retrieved from /opt/airflow/dags/pipeline_scheduled.py
[2026-01-20T00:53:41.859+0000] {logging_mixin.py:188} INFO - [2026-01-20T00:53:41.859+0000] {dag.py:3089} INFO - Sync 1 DAGs
[2026-01-20T00:53:41.880+0000] {logging_mixin.py:188} INFO - [2026-01-20T00:53:41.880+0000] {dag.py:3947} INFO - Setting next_dagrun for pipeline_scheduled to 2026-01-20 00:00:00+00:00, run_after=2026-01-20 01:00:00+00:00
[2026-01-20T00:53:41.899+0000] {processor.py:183} INFO - Processing /opt/airflow/dags/pipeline_scheduled.py took 0.104 seconds
[2026-01-20T00:54:12.177+0000] {processor.py:161} INFO - Started process (PID=17288) to work on /opt/airflow/dags/pipeline_scheduled.py
[2026-01-20T00:54:12.179+0000] {processor.py:830} INFO - Processing file /opt/airflow/dags/pipeline_scheduled.py for tasks to queue
[2026-01-20T00:54:12.181+0000] {logging_mixin.py:188} INFO - [2026-01-20T00:54:12.181+0000] {dagbag.py:545} INFO - Filling up the DagBag from /opt/airflow/dags/pipeline_scheduled.py
[2026-01-20T00:54:12.207+0000] {processor.py:840} INFO - DAG(s) 'pipeline_scheduled' retrieved from /opt/airflow/dags/pipeline_scheduled.py
[2026-01-20T00:54:12.242+0000] {logging_mixin.py:188} INFO - [2026-01-20T00:54:12.242+0000] {dag.py:3089} INFO - Sync 1 DAGs
[2026-01-20T00:54:12.267+0000] {logging_mixin.py:188} INFO - [2026-01-20T00:54:12.267+0000] {dag.py:3947} INFO - Setting next_dagrun for pipeline_scheduled to 2026-01-20 00:00:00+00:00, run_after=2026-01-20 01:00:00+00:00
[2026-01-20T00:54:12.288+0000] {processor.py:183} INFO - Processing /opt/airflow/dags/pipeline_scheduled.py took 0.118 seconds
[2026-01-20T00:54:42.565+0000] {processor.py:161} INFO - Started process (PID=17298) to work on /opt/airflow/dags/pipeline_scheduled.py
[2026-01-20T00:54:42.566+0000] {processor.py:830} INFO - Processing file /opt/airflow/dags/pipeline_scheduled.py for tasks to queue
[2026-01-20T00:54:42.569+0000] {logging_mixin.py:188} INFO - [2026-01-20T00:54:42.569+0000] {dagbag.py:545} INFO - Filling up the DagBag from /opt/airflow/dags/pipeline_scheduled.py
[2026-01-20T00:54:42.597+0000] {processor.py:840} INFO - DAG(s) 'pipeline_scheduled' retrieved from /opt/airflow/dags/pipeline_scheduled.py
[2026-01-20T00:54:42.636+0000] {logging_mixin.py:188} INFO - [2026-01-20T00:54:42.636+0000] {dag.py:3089} INFO - Sync 1 DAGs
[2026-01-20T00:54:42.661+0000] {logging_mixin.py:188} INFO - [2026-01-20T00:54:42.661+0000] {dag.py:3947} INFO - Setting next_dagrun for pipeline_scheduled to 2026-01-20 00:00:00+00:00, run_after=2026-01-20 01:00:00+00:00
[2026-01-20T00:54:42.683+0000] {processor.py:183} INFO - Processing /opt/airflow/dags/pipeline_scheduled.py took 0.126 seconds
[2026-01-20T00:55:12.974+0000] {processor.py:161} INFO - Started process (PID=17308) to work on /opt/airflow/dags/pipeline_scheduled.py
[2026-01-20T00:55:12.976+0000] {processor.py:830} INFO - Processing file /opt/airflow/dags/pipeline_scheduled.py for tasks to queue
[2026-01-20T00:55:12.979+0000] {logging_mixin.py:188} INFO - [2026-01-20T00:55:12.978+0000] {dagbag.py:545} INFO - Filling up the DagBag from /opt/airflow/dags/pipeline_scheduled.py
[2026-01-20T00:55:13.005+0000] {processor.py:840} INFO - DAG(s) 'pipeline_scheduled' retrieved from /opt/airflow/dags/pipeline_scheduled.py
[2026-01-20T00:55:13.043+0000] {logging_mixin.py:188} INFO - [2026-01-20T00:55:13.042+0000] {dag.py:3089} INFO - Sync 1 DAGs
[2026-01-20T00:55:13.067+0000] {logging_mixin.py:188} INFO - [2026-01-20T00:55:13.066+0000] {dag.py:3947} INFO - Setting next_dagrun for pipeline_scheduled to 2026-01-20 00:00:00+00:00, run_after=2026-01-20 01:00:00+00:00
[2026-01-20T00:55:13.089+0000] {processor.py:183} INFO - Processing /opt/airflow/dags/pipeline_scheduled.py took 0.123 seconds
[2026-01-20T00:55:43.365+0000] {processor.py:161} INFO - Started process (PID=17318) to work on /opt/airflow/dags/pipeline_scheduled.py
[2026-01-20T00:55:43.367+0000] {processor.py:830} INFO - Processing file /opt/airflow/dags/pipeline_scheduled.py for tasks to queue
[2026-01-20T00:55:43.369+0000] {logging_mixin.py:188} INFO - [2026-01-20T00:55:43.369+0000] {dagbag.py:545} INFO - Filling up the DagBag from /opt/airflow/dags/pipeline_scheduled.py
[2026-01-20T00:55:43.396+0000] {processor.py:840} INFO - DAG(s) 'pipeline_scheduled' retrieved from /opt/airflow/dags/pipeline_scheduled.py
[2026-01-20T00:55:43.436+0000] {logging_mixin.py:188} INFO - [2026-01-20T00:55:43.436+0000] {dag.py:3089} INFO - Sync 1 DAGs
[2026-01-20T00:55:43.459+0000] {logging_mixin.py:188} INFO - [2026-01-20T00:55:43.459+0000] {dag.py:3947} INFO - Setting next_dagrun for pipeline_scheduled to 2026-01-20 00:00:00+00:00, run_after=2026-01-20 01:00:00+00:00
[2026-01-20T00:55:43.480+0000] {processor.py:183} INFO - Processing /opt/airflow/dags/pipeline_scheduled.py took 0.122 seconds
[2026-01-20T00:56:13.778+0000] {processor.py:161} INFO - Started process (PID=17328) to work on /opt/airflow/dags/pipeline_scheduled.py
[2026-01-20T00:56:13.779+0000] {processor.py:830} INFO - Processing file /opt/airflow/dags/pipeline_scheduled.py for tasks to queue
[2026-01-20T00:56:13.782+0000] {logging_mixin.py:188} INFO - [2026-01-20T00:56:13.781+0000] {dagbag.py:545} INFO - Filling up the DagBag from /opt/airflow/dags/pipeline_scheduled.py
[2026-01-20T00:56:13.809+0000] {processor.py:840} INFO - DAG(s) 'pipeline_scheduled' retrieved from /opt/airflow/dags/pipeline_scheduled.py
[2026-01-20T00:56:13.848+0000] {logging_mixin.py:188} INFO - [2026-01-20T00:56:13.847+0000] {dag.py:3089} INFO - Sync 1 DAGs
[2026-01-20T00:56:13.872+0000] {logging_mixin.py:188} INFO - [2026-01-20T00:56:13.872+0000] {dag.py:3947} INFO - Setting next_dagrun for pipeline_scheduled to 2026-01-20 00:00:00+00:00, run_after=2026-01-20 01:00:00+00:00
[2026-01-20T00:56:13.895+0000] {processor.py:183} INFO - Processing /opt/airflow/dags/pipeline_scheduled.py took 0.124 seconds
[2026-01-20T00:56:44.175+0000] {processor.py:161} INFO - Started process (PID=17338) to work on /opt/airflow/dags/pipeline_scheduled.py
[2026-01-20T00:56:44.177+0000] {processor.py:830} INFO - Processing file /opt/airflow/dags/pipeline_scheduled.py for tasks to queue
[2026-01-20T00:56:44.180+0000] {logging_mixin.py:188} INFO - [2026-01-20T00:56:44.179+0000] {dagbag.py:545} INFO - Filling up the DagBag from /opt/airflow/dags/pipeline_scheduled.py
[2026-01-20T00:56:44.207+0000] {processor.py:840} INFO - DAG(s) 'pipeline_scheduled' retrieved from /opt/airflow/dags/pipeline_scheduled.py
[2026-01-20T00:56:44.246+0000] {logging_mixin.py:188} INFO - [2026-01-20T00:56:44.246+0000] {dag.py:3089} INFO - Sync 1 DAGs
[2026-01-20T00:56:44.272+0000] {logging_mixin.py:188} INFO - [2026-01-20T00:56:44.272+0000] {dag.py:3947} INFO - Setting next_dagrun for pipeline_scheduled to 2026-01-20 00:00:00+00:00, run_after=2026-01-20 01:00:00+00:00
[2026-01-20T00:56:44.295+0000] {processor.py:183} INFO - Processing /opt/airflow/dags/pipeline_scheduled.py took 0.127 seconds
[2026-01-20T00:57:14.587+0000] {processor.py:161} INFO - Started process (PID=17348) to work on /opt/airflow/dags/pipeline_scheduled.py
[2026-01-20T00:57:14.588+0000] {processor.py:830} INFO - Processing file /opt/airflow/dags/pipeline_scheduled.py for tasks to queue
[2026-01-20T00:57:14.591+0000] {logging_mixin.py:188} INFO - [2026-01-20T00:57:14.591+0000] {dagbag.py:545} INFO - Filling up the DagBag from /opt/airflow/dags/pipeline_scheduled.py
[2026-01-20T00:57:14.617+0000] {processor.py:840} INFO - DAG(s) 'pipeline_scheduled' retrieved from /opt/airflow/dags/pipeline_scheduled.py
[2026-01-20T00:57:14.656+0000] {logging_mixin.py:188} INFO - [2026-01-20T00:57:14.656+0000] {dag.py:3089} INFO - Sync 1 DAGs
[2026-01-20T00:57:14.681+0000] {logging_mixin.py:188} INFO - [2026-01-20T00:57:14.681+0000] {dag.py:3947} INFO - Setting next_dagrun for pipeline_scheduled to 2026-01-20 00:00:00+00:00, run_after=2026-01-20 01:00:00+00:00
[2026-01-20T00:57:14.702+0000] {processor.py:183} INFO - Processing /opt/airflow/dags/pipeline_scheduled.py took 0.123 seconds
[2026-01-20T00:57:44.993+0000] {processor.py:161} INFO - Started process (PID=17358) to work on /opt/airflow/dags/pipeline_scheduled.py
[2026-01-20T00:57:44.994+0000] {processor.py:830} INFO - Processing file /opt/airflow/dags/pipeline_scheduled.py for tasks to queue
[2026-01-20T00:57:44.997+0000] {logging_mixin.py:188} INFO - [2026-01-20T00:57:44.996+0000] {dagbag.py:545} INFO - Filling up the DagBag from /opt/airflow/dags/pipeline_scheduled.py
[2026-01-20T00:57:45.024+0000] {processor.py:840} INFO - DAG(s) 'pipeline_scheduled' retrieved from /opt/airflow/dags/pipeline_scheduled.py
[2026-01-20T00:57:45.061+0000] {logging_mixin.py:188} INFO - [2026-01-20T00:57:45.061+0000] {dag.py:3089} INFO - Sync 1 DAGs
[2026-01-20T00:57:45.086+0000] {logging_mixin.py:188} INFO - [2026-01-20T00:57:45.086+0000] {dag.py:3947} INFO - Setting next_dagrun for pipeline_scheduled to 2026-01-20 00:00:00+00:00, run_after=2026-01-20 01:00:00+00:00
[2026-01-20T00:57:45.108+0000] {processor.py:183} INFO - Processing /opt/airflow/dags/pipeline_scheduled.py took 0.122 seconds
[2026-01-20T00:58:15.397+0000] {processor.py:161} INFO - Started process (PID=17368) to work on /opt/airflow/dags/pipeline_scheduled.py
[2026-01-20T00:58:15.398+0000] {processor.py:830} INFO - Processing file /opt/airflow/dags/pipeline_scheduled.py for tasks to queue
[2026-01-20T00:58:15.401+0000] {logging_mixin.py:188} INFO - [2026-01-20T00:58:15.401+0000] {dagbag.py:545} INFO - Filling up the DagBag from /opt/airflow/dags/pipeline_scheduled.py
[2026-01-20T00:58:15.428+0000] {processor.py:840} INFO - DAG(s) 'pipeline_scheduled' retrieved from /opt/airflow/dags/pipeline_scheduled.py
[2026-01-20T00:58:15.467+0000] {logging_mixin.py:188} INFO - [2026-01-20T00:58:15.467+0000] {dag.py:3089} INFO - Sync 1 DAGs
[2026-01-20T00:58:15.492+0000] {logging_mixin.py:188} INFO - [2026-01-20T00:58:15.492+0000] {dag.py:3947} INFO - Setting next_dagrun for pipeline_scheduled to 2026-01-20 00:00:00+00:00, run_after=2026-01-20 01:00:00+00:00
[2026-01-20T00:58:15.515+0000] {processor.py:183} INFO - Processing /opt/airflow/dags/pipeline_scheduled.py took 0.126 seconds
[2026-01-20T00:58:45.845+0000] {processor.py:161} INFO - Started process (PID=17378) to work on /opt/airflow/dags/pipeline_scheduled.py
[2026-01-20T00:58:45.846+0000] {processor.py:830} INFO - Processing file /opt/airflow/dags/pipeline_scheduled.py for tasks to queue
[2026-01-20T00:58:45.848+0000] {logging_mixin.py:188} INFO - [2026-01-20T00:58:45.848+0000] {dagbag.py:545} INFO - Filling up the DagBag from /opt/airflow/dags/pipeline_scheduled.py
[2026-01-20T00:58:45.876+0000] {processor.py:840} INFO - DAG(s) 'pipeline_scheduled' retrieved from /opt/airflow/dags/pipeline_scheduled.py
[2026-01-20T00:58:45.915+0000] {logging_mixin.py:188} INFO - [2026-01-20T00:58:45.914+0000] {dag.py:3089} INFO - Sync 1 DAGs
[2026-01-20T00:58:45.939+0000] {logging_mixin.py:188} INFO - [2026-01-20T00:58:45.939+0000] {dag.py:3947} INFO - Setting next_dagrun for pipeline_scheduled to 2026-01-20 00:00:00+00:00, run_after=2026-01-20 01:00:00+00:00
[2026-01-20T00:58:45.961+0000] {processor.py:183} INFO - Processing /opt/airflow/dags/pipeline_scheduled.py took 0.124 seconds
[2026-01-20T00:59:16.252+0000] {processor.py:161} INFO - Started process (PID=17388) to work on /opt/airflow/dags/pipeline_scheduled.py
[2026-01-20T00:59:16.253+0000] {processor.py:830} INFO - Processing file /opt/airflow/dags/pipeline_scheduled.py for tasks to queue
[2026-01-20T00:59:16.255+0000] {logging_mixin.py:188} INFO - [2026-01-20T00:59:16.255+0000] {dagbag.py:545} INFO - Filling up the DagBag from /opt/airflow/dags/pipeline_scheduled.py
[2026-01-20T00:59:16.283+0000] {processor.py:840} INFO - DAG(s) 'pipeline_scheduled' retrieved from /opt/airflow/dags/pipeline_scheduled.py
[2026-01-20T00:59:16.320+0000] {logging_mixin.py:188} INFO - [2026-01-20T00:59:16.320+0000] {dag.py:3089} INFO - Sync 1 DAGs
[2026-01-20T00:59:16.345+0000] {logging_mixin.py:188} INFO - [2026-01-20T00:59:16.344+0000] {dag.py:3947} INFO - Setting next_dagrun for pipeline_scheduled to 2026-01-20 00:00:00+00:00, run_after=2026-01-20 01:00:00+00:00
[2026-01-20T00:59:16.368+0000] {processor.py:183} INFO - Processing /opt/airflow/dags/pipeline_scheduled.py took 0.124 seconds
[2026-01-20T00:59:46.650+0000] {processor.py:161} INFO - Started process (PID=17398) to work on /opt/airflow/dags/pipeline_scheduled.py
[2026-01-20T00:59:46.651+0000] {processor.py:830} INFO - Processing file /opt/airflow/dags/pipeline_scheduled.py for tasks to queue
[2026-01-20T00:59:46.653+0000] {logging_mixin.py:188} INFO - [2026-01-20T00:59:46.652+0000] {dagbag.py:545} INFO - Filling up the DagBag from /opt/airflow/dags/pipeline_scheduled.py
[2026-01-20T00:59:46.682+0000] {processor.py:840} INFO - DAG(s) 'pipeline_scheduled' retrieved from /opt/airflow/dags/pipeline_scheduled.py
[2026-01-20T00:59:46.721+0000] {logging_mixin.py:188} INFO - [2026-01-20T00:59:46.720+0000] {dag.py:3089} INFO - Sync 1 DAGs
[2026-01-20T00:59:46.746+0000] {logging_mixin.py:188} INFO - [2026-01-20T00:59:46.746+0000] {dag.py:3947} INFO - Setting next_dagrun for pipeline_scheduled to 2026-01-20 00:00:00+00:00, run_after=2026-01-20 01:00:00+00:00
[2026-01-20T00:59:46.766+0000] {processor.py:183} INFO - Processing /opt/airflow/dags/pipeline_scheduled.py took 0.123 seconds
[2026-01-20T01:00:17.048+0000] {processor.py:161} INFO - Started process (PID=17411) to work on /opt/airflow/dags/pipeline_scheduled.py
[2026-01-20T01:00:17.049+0000] {processor.py:830} INFO - Processing file /opt/airflow/dags/pipeline_scheduled.py for tasks to queue
[2026-01-20T01:00:17.051+0000] {logging_mixin.py:188} INFO - [2026-01-20T01:00:17.051+0000] {dagbag.py:545} INFO - Filling up the DagBag from /opt/airflow/dags/pipeline_scheduled.py
[2026-01-20T01:00:17.079+0000] {processor.py:840} INFO - DAG(s) 'pipeline_scheduled' retrieved from /opt/airflow/dags/pipeline_scheduled.py
[2026-01-20T01:00:17.117+0000] {logging_mixin.py:188} INFO - [2026-01-20T01:00:17.117+0000] {dag.py:3089} INFO - Sync 1 DAGs
[2026-01-20T01:00:17.141+0000] {logging_mixin.py:188} INFO - [2026-01-20T01:00:17.141+0000] {dag.py:3947} INFO - Setting next_dagrun for pipeline_scheduled to 2026-01-20 01:00:00+00:00, run_after=2026-01-20 02:00:00+00:00
[2026-01-20T01:00:17.162+0000] {processor.py:183} INFO - Processing /opt/airflow/dags/pipeline_scheduled.py took 0.121 seconds
[2026-01-20T01:00:47.448+0000] {processor.py:161} INFO - Started process (PID=17421) to work on /opt/airflow/dags/pipeline_scheduled.py
[2026-01-20T01:00:47.450+0000] {processor.py:830} INFO - Processing file /opt/airflow/dags/pipeline_scheduled.py for tasks to queue
[2026-01-20T01:00:47.454+0000] {logging_mixin.py:188} INFO - [2026-01-20T01:00:47.453+0000] {dagbag.py:545} INFO - Filling up the DagBag from /opt/airflow/dags/pipeline_scheduled.py
[2026-01-20T01:00:47.480+0000] {processor.py:840} INFO - DAG(s) 'pipeline_scheduled' retrieved from /opt/airflow/dags/pipeline_scheduled.py
[2026-01-20T01:00:47.520+0000] {logging_mixin.py:188} INFO - [2026-01-20T01:00:47.520+0000] {dag.py:3089} INFO - Sync 1 DAGs
[2026-01-20T01:00:47.543+0000] {logging_mixin.py:188} INFO - [2026-01-20T01:00:47.543+0000] {dag.py:3947} INFO - Setting next_dagrun for pipeline_scheduled to 2026-01-20 01:00:00+00:00, run_after=2026-01-20 02:00:00+00:00
[2026-01-20T01:00:47.565+0000] {processor.py:183} INFO - Processing /opt/airflow/dags/pipeline_scheduled.py took 0.126 seconds
[2026-01-20T01:01:17.850+0000] {processor.py:161} INFO - Started process (PID=17431) to work on /opt/airflow/dags/pipeline_scheduled.py
[2026-01-20T01:01:17.851+0000] {processor.py:830} INFO - Processing file /opt/airflow/dags/pipeline_scheduled.py for tasks to queue
[2026-01-20T01:01:17.855+0000] {logging_mixin.py:188} INFO - [2026-01-20T01:01:17.854+0000] {dagbag.py:545} INFO - Filling up the DagBag from /opt/airflow/dags/pipeline_scheduled.py
[2026-01-20T01:01:17.882+0000] {processor.py:840} INFO - DAG(s) 'pipeline_scheduled' retrieved from /opt/airflow/dags/pipeline_scheduled.py
[2026-01-20T01:01:17.921+0000] {logging_mixin.py:188} INFO - [2026-01-20T01:01:17.921+0000] {dag.py:3089} INFO - Sync 1 DAGs
[2026-01-20T01:01:17.947+0000] {logging_mixin.py:188} INFO - [2026-01-20T01:01:17.946+0000] {dag.py:3947} INFO - Setting next_dagrun for pipeline_scheduled to 2026-01-20 01:00:00+00:00, run_after=2026-01-20 02:00:00+00:00
[2026-01-20T01:01:17.973+0000] {processor.py:183} INFO - Processing /opt/airflow/dags/pipeline_scheduled.py took 0.131 seconds
[2026-01-20T01:01:48.255+0000] {processor.py:161} INFO - Started process (PID=17441) to work on /opt/airflow/dags/pipeline_scheduled.py
[2026-01-20T01:01:48.256+0000] {processor.py:830} INFO - Processing file /opt/airflow/dags/pipeline_scheduled.py for tasks to queue
[2026-01-20T01:01:48.258+0000] {logging_mixin.py:188} INFO - [2026-01-20T01:01:48.258+0000] {dagbag.py:545} INFO - Filling up the DagBag from /opt/airflow/dags/pipeline_scheduled.py
[2026-01-20T01:01:48.285+0000] {processor.py:840} INFO - DAG(s) 'pipeline_scheduled' retrieved from /opt/airflow/dags/pipeline_scheduled.py
[2026-01-20T01:01:48.321+0000] {logging_mixin.py:188} INFO - [2026-01-20T01:01:48.321+0000] {dag.py:3089} INFO - Sync 1 DAGs
[2026-01-20T01:01:48.346+0000] {logging_mixin.py:188} INFO - [2026-01-20T01:01:48.346+0000] {dag.py:3947} INFO - Setting next_dagrun for pipeline_scheduled to 2026-01-20 01:00:00+00:00, run_after=2026-01-20 02:00:00+00:00
[2026-01-20T01:01:48.369+0000] {processor.py:183} INFO - Processing /opt/airflow/dags/pipeline_scheduled.py took 0.121 seconds
[2026-01-20T01:02:18.672+0000] {processor.py:161} INFO - Started process (PID=17451) to work on /opt/airflow/dags/pipeline_scheduled.py
[2026-01-20T01:02:18.673+0000] {processor.py:830} INFO - Processing file /opt/airflow/dags/pipeline_scheduled.py for tasks to queue
[2026-01-20T01:02:18.676+0000] {logging_mixin.py:188} INFO - [2026-01-20T01:02:18.676+0000] {dagbag.py:545} INFO - Filling up the DagBag from /opt/airflow/dags/pipeline_scheduled.py
[2026-01-20T01:02:18.703+0000] {processor.py:840} INFO - DAG(s) 'pipeline_scheduled' retrieved from /opt/airflow/dags/pipeline_scheduled.py
[2026-01-20T01:02:18.742+0000] {logging_mixin.py:188} INFO - [2026-01-20T01:02:18.742+0000] {dag.py:3089} INFO - Sync 1 DAGs
[2026-01-20T01:02:18.766+0000] {logging_mixin.py:188} INFO - [2026-01-20T01:02:18.766+0000] {dag.py:3947} INFO - Setting next_dagrun for pipeline_scheduled to 2026-01-20 01:00:00+00:00, run_after=2026-01-20 02:00:00+00:00
[2026-01-20T01:02:18.789+0000] {processor.py:183} INFO - Processing /opt/airflow/dags/pipeline_scheduled.py took 0.125 seconds
[2026-01-20T01:02:49.063+0000] {processor.py:161} INFO - Started process (PID=17461) to work on /opt/airflow/dags/pipeline_scheduled.py
[2026-01-20T01:02:49.064+0000] {processor.py:830} INFO - Processing file /opt/airflow/dags/pipeline_scheduled.py for tasks to queue
[2026-01-20T01:02:49.067+0000] {logging_mixin.py:188} INFO - [2026-01-20T01:02:49.067+0000] {dagbag.py:545} INFO - Filling up the DagBag from /opt/airflow/dags/pipeline_scheduled.py
[2026-01-20T01:02:49.091+0000] {processor.py:840} INFO - DAG(s) 'pipeline_scheduled' retrieved from /opt/airflow/dags/pipeline_scheduled.py
[2026-01-20T01:02:49.123+0000] {logging_mixin.py:188} INFO - [2026-01-20T01:02:49.123+0000] {dag.py:3089} INFO - Sync 1 DAGs
[2026-01-20T01:02:49.144+0000] {logging_mixin.py:188} INFO - [2026-01-20T01:02:49.144+0000] {dag.py:3947} INFO - Setting next_dagrun for pipeline_scheduled to 2026-01-20 01:00:00+00:00, run_after=2026-01-20 02:00:00+00:00
[2026-01-20T01:02:49.162+0000] {processor.py:183} INFO - Processing /opt/airflow/dags/pipeline_scheduled.py took 0.106 seconds
[2026-01-20T01:03:19.346+0000] {processor.py:161} INFO - Started process (PID=17471) to work on /opt/airflow/dags/pipeline_scheduled.py
[2026-01-20T01:03:19.348+0000] {processor.py:830} INFO - Processing file /opt/airflow/dags/pipeline_scheduled.py for tasks to queue
[2026-01-20T01:03:19.350+0000] {logging_mixin.py:188} INFO - [2026-01-20T01:03:19.350+0000] {dagbag.py:545} INFO - Filling up the DagBag from /opt/airflow/dags/pipeline_scheduled.py
[2026-01-20T01:03:19.378+0000] {processor.py:840} INFO - DAG(s) 'pipeline_scheduled' retrieved from /opt/airflow/dags/pipeline_scheduled.py
[2026-01-20T01:03:19.417+0000] {logging_mixin.py:188} INFO - [2026-01-20T01:03:19.417+0000] {dag.py:3089} INFO - Sync 1 DAGs
[2026-01-20T01:03:19.441+0000] {logging_mixin.py:188} INFO - [2026-01-20T01:03:19.441+0000] {dag.py:3947} INFO - Setting next_dagrun for pipeline_scheduled to 2026-01-20 01:00:00+00:00, run_after=2026-01-20 02:00:00+00:00
[2026-01-20T01:03:19.463+0000] {processor.py:183} INFO - Processing /opt/airflow/dags/pipeline_scheduled.py took 0.125 seconds
[2026-01-20T01:03:49.789+0000] {processor.py:161} INFO - Started process (PID=17481) to work on /opt/airflow/dags/pipeline_scheduled.py
[2026-01-20T01:03:49.791+0000] {processor.py:830} INFO - Processing file /opt/airflow/dags/pipeline_scheduled.py for tasks to queue
[2026-01-20T01:03:49.795+0000] {logging_mixin.py:188} INFO - [2026-01-20T01:03:49.794+0000] {dagbag.py:545} INFO - Filling up the DagBag from /opt/airflow/dags/pipeline_scheduled.py
[2026-01-20T01:03:49.829+0000] {processor.py:840} INFO - DAG(s) 'pipeline_scheduled' retrieved from /opt/airflow/dags/pipeline_scheduled.py
[2026-01-20T01:03:49.871+0000] {logging_mixin.py:188} INFO - [2026-01-20T01:03:49.870+0000] {dag.py:3089} INFO - Sync 1 DAGs
[2026-01-20T01:03:49.902+0000] {logging_mixin.py:188} INFO - [2026-01-20T01:03:49.901+0000] {dag.py:3947} INFO - Setting next_dagrun for pipeline_scheduled to 2026-01-20 01:00:00+00:00, run_after=2026-01-20 02:00:00+00:00
[2026-01-20T01:03:49.927+0000] {processor.py:183} INFO - Processing /opt/airflow/dags/pipeline_scheduled.py took 0.147 seconds
[2026-01-20T01:04:20.181+0000] {processor.py:161} INFO - Started process (PID=17491) to work on /opt/airflow/dags/pipeline_scheduled.py
[2026-01-20T01:04:20.183+0000] {processor.py:830} INFO - Processing file /opt/airflow/dags/pipeline_scheduled.py for tasks to queue
[2026-01-20T01:04:20.185+0000] {logging_mixin.py:188} INFO - [2026-01-20T01:04:20.184+0000] {dagbag.py:545} INFO - Filling up the DagBag from /opt/airflow/dags/pipeline_scheduled.py
[2026-01-20T01:04:20.210+0000] {processor.py:840} INFO - DAG(s) 'pipeline_scheduled' retrieved from /opt/airflow/dags/pipeline_scheduled.py
[2026-01-20T01:04:20.247+0000] {logging_mixin.py:188} INFO - [2026-01-20T01:04:20.247+0000] {dag.py:3089} INFO - Sync 1 DAGs
[2026-01-20T01:04:20.268+0000] {logging_mixin.py:188} INFO - [2026-01-20T01:04:20.267+0000] {dag.py:3947} INFO - Setting next_dagrun for pipeline_scheduled to 2026-01-20 01:00:00+00:00, run_after=2026-01-20 02:00:00+00:00
[2026-01-20T01:04:20.288+0000] {processor.py:183} INFO - Processing /opt/airflow/dags/pipeline_scheduled.py took 0.114 seconds
[2026-01-20T01:04:50.553+0000] {processor.py:161} INFO - Started process (PID=17501) to work on /opt/airflow/dags/pipeline_scheduled.py
[2026-01-20T01:04:50.554+0000] {processor.py:830} INFO - Processing file /opt/airflow/dags/pipeline_scheduled.py for tasks to queue
[2026-01-20T01:04:50.557+0000] {logging_mixin.py:188} INFO - [2026-01-20T01:04:50.556+0000] {dagbag.py:545} INFO - Filling up the DagBag from /opt/airflow/dags/pipeline_scheduled.py
[2026-01-20T01:04:50.585+0000] {processor.py:840} INFO - DAG(s) 'pipeline_scheduled' retrieved from /opt/airflow/dags/pipeline_scheduled.py
[2026-01-20T01:04:50.623+0000] {logging_mixin.py:188} INFO - [2026-01-20T01:04:50.623+0000] {dag.py:3089} INFO - Sync 1 DAGs
[2026-01-20T01:04:50.648+0000] {logging_mixin.py:188} INFO - [2026-01-20T01:04:50.648+0000] {dag.py:3947} INFO - Setting next_dagrun for pipeline_scheduled to 2026-01-20 01:00:00+00:00, run_after=2026-01-20 02:00:00+00:00
[2026-01-20T01:04:50.672+0000] {processor.py:183} INFO - Processing /opt/airflow/dags/pipeline_scheduled.py took 0.127 seconds
[2026-01-20T01:05:20.946+0000] {processor.py:161} INFO - Started process (PID=17511) to work on /opt/airflow/dags/pipeline_scheduled.py
[2026-01-20T01:05:20.947+0000] {processor.py:830} INFO - Processing file /opt/airflow/dags/pipeline_scheduled.py for tasks to queue
[2026-01-20T01:05:20.950+0000] {logging_mixin.py:188} INFO - [2026-01-20T01:05:20.950+0000] {dagbag.py:545} INFO - Filling up the DagBag from /opt/airflow/dags/pipeline_scheduled.py
[2026-01-20T01:05:20.979+0000] {processor.py:840} INFO - DAG(s) 'pipeline_scheduled' retrieved from /opt/airflow/dags/pipeline_scheduled.py
[2026-01-20T01:05:21.018+0000] {logging_mixin.py:188} INFO - [2026-01-20T01:05:21.017+0000] {dag.py:3089} INFO - Sync 1 DAGs
[2026-01-20T01:05:21.043+0000] {logging_mixin.py:188} INFO - [2026-01-20T01:05:21.043+0000] {dag.py:3947} INFO - Setting next_dagrun for pipeline_scheduled to 2026-01-20 01:00:00+00:00, run_after=2026-01-20 02:00:00+00:00
[2026-01-20T01:05:21.065+0000] {processor.py:183} INFO - Processing /opt/airflow/dags/pipeline_scheduled.py took 0.127 seconds
[2026-01-20T01:05:51.339+0000] {processor.py:161} INFO - Started process (PID=17521) to work on /opt/airflow/dags/pipeline_scheduled.py
[2026-01-20T01:05:51.341+0000] {processor.py:830} INFO - Processing file /opt/airflow/dags/pipeline_scheduled.py for tasks to queue
[2026-01-20T01:05:51.344+0000] {logging_mixin.py:188} INFO - [2026-01-20T01:05:51.343+0000] {dagbag.py:545} INFO - Filling up the DagBag from /opt/airflow/dags/pipeline_scheduled.py
[2026-01-20T01:05:51.371+0000] {processor.py:840} INFO - DAG(s) 'pipeline_scheduled' retrieved from /opt/airflow/dags/pipeline_scheduled.py
[2026-01-20T01:05:51.410+0000] {logging_mixin.py:188} INFO - [2026-01-20T01:05:51.410+0000] {dag.py:3089} INFO - Sync 1 DAGs
[2026-01-20T01:05:51.436+0000] {logging_mixin.py:188} INFO - [2026-01-20T01:05:51.435+0000] {dag.py:3947} INFO - Setting next_dagrun for pipeline_scheduled to 2026-01-20 01:00:00+00:00, run_after=2026-01-20 02:00:00+00:00
[2026-01-20T01:05:51.458+0000] {processor.py:183} INFO - Processing /opt/airflow/dags/pipeline_scheduled.py took 0.127 seconds
[2026-01-20T01:06:21.728+0000] {processor.py:161} INFO - Started process (PID=17531) to work on /opt/airflow/dags/pipeline_scheduled.py
[2026-01-20T01:06:21.729+0000] {processor.py:830} INFO - Processing file /opt/airflow/dags/pipeline_scheduled.py for tasks to queue
[2026-01-20T01:06:21.732+0000] {logging_mixin.py:188} INFO - [2026-01-20T01:06:21.732+0000] {dagbag.py:545} INFO - Filling up the DagBag from /opt/airflow/dags/pipeline_scheduled.py
[2026-01-20T01:06:21.759+0000] {processor.py:840} INFO - DAG(s) 'pipeline_scheduled' retrieved from /opt/airflow/dags/pipeline_scheduled.py
[2026-01-20T01:06:21.799+0000] {logging_mixin.py:188} INFO - [2026-01-20T01:06:21.798+0000] {dag.py:3089} INFO - Sync 1 DAGs
[2026-01-20T01:06:21.824+0000] {logging_mixin.py:188} INFO - [2026-01-20T01:06:21.824+0000] {dag.py:3947} INFO - Setting next_dagrun for pipeline_scheduled to 2026-01-20 01:00:00+00:00, run_after=2026-01-20 02:00:00+00:00
[2026-01-20T01:06:21.846+0000] {processor.py:183} INFO - Processing /opt/airflow/dags/pipeline_scheduled.py took 0.127 seconds
[2026-01-20T01:06:52.118+0000] {processor.py:161} INFO - Started process (PID=17541) to work on /opt/airflow/dags/pipeline_scheduled.py
[2026-01-20T01:06:52.119+0000] {processor.py:830} INFO - Processing file /opt/airflow/dags/pipeline_scheduled.py for tasks to queue
[2026-01-20T01:06:52.123+0000] {logging_mixin.py:188} INFO - [2026-01-20T01:06:52.122+0000] {dagbag.py:545} INFO - Filling up the DagBag from /opt/airflow/dags/pipeline_scheduled.py
[2026-01-20T01:06:52.150+0000] {processor.py:840} INFO - DAG(s) 'pipeline_scheduled' retrieved from /opt/airflow/dags/pipeline_scheduled.py
[2026-01-20T01:06:52.191+0000] {logging_mixin.py:188} INFO - [2026-01-20T01:06:52.191+0000] {dag.py:3089} INFO - Sync 1 DAGs
[2026-01-20T01:06:52.219+0000] {logging_mixin.py:188} INFO - [2026-01-20T01:06:52.219+0000] {dag.py:3947} INFO - Setting next_dagrun for pipeline_scheduled to 2026-01-20 01:00:00+00:00, run_after=2026-01-20 02:00:00+00:00
[2026-01-20T01:06:52.243+0000] {processor.py:183} INFO - Processing /opt/airflow/dags/pipeline_scheduled.py took 0.133 seconds
[2026-01-20T01:07:22.515+0000] {processor.py:161} INFO - Started process (PID=17551) to work on /opt/airflow/dags/pipeline_scheduled.py
[2026-01-20T01:07:22.516+0000] {processor.py:830} INFO - Processing file /opt/airflow/dags/pipeline_scheduled.py for tasks to queue
[2026-01-20T01:07:22.520+0000] {logging_mixin.py:188} INFO - [2026-01-20T01:07:22.520+0000] {dagbag.py:545} INFO - Filling up the DagBag from /opt/airflow/dags/pipeline_scheduled.py
[2026-01-20T01:07:22.548+0000] {processor.py:840} INFO - DAG(s) 'pipeline_scheduled' retrieved from /opt/airflow/dags/pipeline_scheduled.py
[2026-01-20T01:07:22.586+0000] {logging_mixin.py:188} INFO - [2026-01-20T01:07:22.586+0000] {dag.py:3089} INFO - Sync 1 DAGs
[2026-01-20T01:07:22.612+0000] {logging_mixin.py:188} INFO - [2026-01-20T01:07:22.611+0000] {dag.py:3947} INFO - Setting next_dagrun for pipeline_scheduled to 2026-01-20 01:00:00+00:00, run_after=2026-01-20 02:00:00+00:00
[2026-01-20T01:07:22.634+0000] {processor.py:183} INFO - Processing /opt/airflow/dags/pipeline_scheduled.py took 0.127 seconds
[2026-01-20T01:07:52.906+0000] {processor.py:161} INFO - Started process (PID=17561) to work on /opt/airflow/dags/pipeline_scheduled.py
[2026-01-20T01:07:52.907+0000] {processor.py:830} INFO - Processing file /opt/airflow/dags/pipeline_scheduled.py for tasks to queue
[2026-01-20T01:07:52.912+0000] {logging_mixin.py:188} INFO - [2026-01-20T01:07:52.911+0000] {dagbag.py:545} INFO - Filling up the DagBag from /opt/airflow/dags/pipeline_scheduled.py
[2026-01-20T01:07:52.942+0000] {processor.py:840} INFO - DAG(s) 'pipeline_scheduled' retrieved from /opt/airflow/dags/pipeline_scheduled.py
[2026-01-20T01:07:52.984+0000] {logging_mixin.py:188} INFO - [2026-01-20T01:07:52.984+0000] {dag.py:3089} INFO - Sync 1 DAGs
[2026-01-20T01:07:53.011+0000] {logging_mixin.py:188} INFO - [2026-01-20T01:07:53.011+0000] {dag.py:3947} INFO - Setting next_dagrun for pipeline_scheduled to 2026-01-20 01:00:00+00:00, run_after=2026-01-20 02:00:00+00:00
[2026-01-20T01:07:53.037+0000] {processor.py:183} INFO - Processing /opt/airflow/dags/pipeline_scheduled.py took 0.141 seconds
[2026-01-20T01:08:23.294+0000] {processor.py:161} INFO - Started process (PID=17571) to work on /opt/airflow/dags/pipeline_scheduled.py
[2026-01-20T01:08:23.295+0000] {processor.py:830} INFO - Processing file /opt/airflow/dags/pipeline_scheduled.py for tasks to queue
[2026-01-20T01:08:23.299+0000] {logging_mixin.py:188} INFO - [2026-01-20T01:08:23.299+0000] {dagbag.py:545} INFO - Filling up the DagBag from /opt/airflow/dags/pipeline_scheduled.py
[2026-01-20T01:08:23.327+0000] {processor.py:840} INFO - DAG(s) 'pipeline_scheduled' retrieved from /opt/airflow/dags/pipeline_scheduled.py
[2026-01-20T01:08:23.372+0000] {logging_mixin.py:188} INFO - [2026-01-20T01:08:23.371+0000] {dag.py:3089} INFO - Sync 1 DAGs
[2026-01-20T01:08:23.400+0000] {logging_mixin.py:188} INFO - [2026-01-20T01:08:23.399+0000] {dag.py:3947} INFO - Setting next_dagrun for pipeline_scheduled to 2026-01-20 01:00:00+00:00, run_after=2026-01-20 02:00:00+00:00
[2026-01-20T01:08:23.424+0000] {processor.py:183} INFO - Processing /opt/airflow/dags/pipeline_scheduled.py took 0.137 seconds
[2026-01-20T01:08:53.732+0000] {processor.py:161} INFO - Started process (PID=17581) to work on /opt/airflow/dags/pipeline_scheduled.py
[2026-01-20T01:08:53.734+0000] {processor.py:830} INFO - Processing file /opt/airflow/dags/pipeline_scheduled.py for tasks to queue
[2026-01-20T01:08:53.736+0000] {logging_mixin.py:188} INFO - [2026-01-20T01:08:53.736+0000] {dagbag.py:545} INFO - Filling up the DagBag from /opt/airflow/dags/pipeline_scheduled.py
[2026-01-20T01:08:53.765+0000] {processor.py:840} INFO - DAG(s) 'pipeline_scheduled' retrieved from /opt/airflow/dags/pipeline_scheduled.py
[2026-01-20T01:08:53.806+0000] {logging_mixin.py:188} INFO - [2026-01-20T01:08:53.806+0000] {dag.py:3089} INFO - Sync 1 DAGs
[2026-01-20T01:08:53.832+0000] {logging_mixin.py:188} INFO - [2026-01-20T01:08:53.832+0000] {dag.py:3947} INFO - Setting next_dagrun for pipeline_scheduled to 2026-01-20 01:00:00+00:00, run_after=2026-01-20 02:00:00+00:00
[2026-01-20T01:08:53.856+0000] {processor.py:183} INFO - Processing /opt/airflow/dags/pipeline_scheduled.py took 0.131 seconds
[2026-01-20T01:09:24.125+0000] {processor.py:161} INFO - Started process (PID=17591) to work on /opt/airflow/dags/pipeline_scheduled.py
[2026-01-20T01:09:24.126+0000] {processor.py:830} INFO - Processing file /opt/airflow/dags/pipeline_scheduled.py for tasks to queue
[2026-01-20T01:09:24.129+0000] {logging_mixin.py:188} INFO - [2026-01-20T01:09:24.129+0000] {dagbag.py:545} INFO - Filling up the DagBag from /opt/airflow/dags/pipeline_scheduled.py
[2026-01-20T01:09:24.157+0000] {processor.py:840} INFO - DAG(s) 'pipeline_scheduled' retrieved from /opt/airflow/dags/pipeline_scheduled.py
[2026-01-20T01:09:24.196+0000] {logging_mixin.py:188} INFO - [2026-01-20T01:09:24.196+0000] {dag.py:3089} INFO - Sync 1 DAGs
[2026-01-20T01:09:24.220+0000] {logging_mixin.py:188} INFO - [2026-01-20T01:09:24.219+0000] {dag.py:3947} INFO - Setting next_dagrun for pipeline_scheduled to 2026-01-20 01:00:00+00:00, run_after=2026-01-20 02:00:00+00:00
[2026-01-20T01:09:24.242+0000] {processor.py:183} INFO - Processing /opt/airflow/dags/pipeline_scheduled.py took 0.125 seconds
[2026-01-20T01:09:54.510+0000] {processor.py:161} INFO - Started process (PID=17601) to work on /opt/airflow/dags/pipeline_scheduled.py
[2026-01-20T01:09:54.512+0000] {processor.py:830} INFO - Processing file /opt/airflow/dags/pipeline_scheduled.py for tasks to queue
[2026-01-20T01:09:54.515+0000] {logging_mixin.py:188} INFO - [2026-01-20T01:09:54.514+0000] {dagbag.py:545} INFO - Filling up the DagBag from /opt/airflow/dags/pipeline_scheduled.py
[2026-01-20T01:09:54.541+0000] {processor.py:840} INFO - DAG(s) 'pipeline_scheduled' retrieved from /opt/airflow/dags/pipeline_scheduled.py
[2026-01-20T01:09:54.580+0000] {logging_mixin.py:188} INFO - [2026-01-20T01:09:54.579+0000] {dag.py:3089} INFO - Sync 1 DAGs
[2026-01-20T01:09:54.605+0000] {logging_mixin.py:188} INFO - [2026-01-20T01:09:54.605+0000] {dag.py:3947} INFO - Setting next_dagrun for pipeline_scheduled to 2026-01-20 01:00:00+00:00, run_after=2026-01-20 02:00:00+00:00
[2026-01-20T01:09:54.629+0000] {processor.py:183} INFO - Processing /opt/airflow/dags/pipeline_scheduled.py took 0.128 seconds
[2026-01-20T01:10:24.889+0000] {processor.py:161} INFO - Started process (PID=17614) to work on /opt/airflow/dags/pipeline_scheduled.py
[2026-01-20T01:10:24.891+0000] {processor.py:830} INFO - Processing file /opt/airflow/dags/pipeline_scheduled.py for tasks to queue
[2026-01-20T01:10:24.894+0000] {logging_mixin.py:188} INFO - [2026-01-20T01:10:24.894+0000] {dagbag.py:545} INFO - Filling up the DagBag from /opt/airflow/dags/pipeline_scheduled.py
[2026-01-20T01:10:24.925+0000] {processor.py:840} INFO - DAG(s) 'pipeline_scheduled' retrieved from /opt/airflow/dags/pipeline_scheduled.py
[2026-01-20T01:10:24.968+0000] {logging_mixin.py:188} INFO - [2026-01-20T01:10:24.968+0000] {dag.py:3089} INFO - Sync 1 DAGs
[2026-01-20T01:10:24.993+0000] {logging_mixin.py:188} INFO - [2026-01-20T01:10:24.992+0000] {dag.py:3947} INFO - Setting next_dagrun for pipeline_scheduled to 2026-01-20 01:00:00+00:00, run_after=2026-01-20 02:00:00+00:00
[2026-01-20T01:10:25.018+0000] {processor.py:183} INFO - Processing /opt/airflow/dags/pipeline_scheduled.py took 0.137 seconds
[2026-01-20T01:10:55.285+0000] {processor.py:161} INFO - Started process (PID=17624) to work on /opt/airflow/dags/pipeline_scheduled.py
[2026-01-20T01:10:55.287+0000] {processor.py:830} INFO - Processing file /opt/airflow/dags/pipeline_scheduled.py for tasks to queue
[2026-01-20T01:10:55.290+0000] {logging_mixin.py:188} INFO - [2026-01-20T01:10:55.289+0000] {dagbag.py:545} INFO - Filling up the DagBag from /opt/airflow/dags/pipeline_scheduled.py
[2026-01-20T01:10:55.318+0000] {processor.py:840} INFO - DAG(s) 'pipeline_scheduled' retrieved from /opt/airflow/dags/pipeline_scheduled.py
[2026-01-20T01:10:55.361+0000] {logging_mixin.py:188} INFO - [2026-01-20T01:10:55.361+0000] {dag.py:3089} INFO - Sync 1 DAGs
[2026-01-20T01:10:55.387+0000] {logging_mixin.py:188} INFO - [2026-01-20T01:10:55.387+0000] {dag.py:3947} INFO - Setting next_dagrun for pipeline_scheduled to 2026-01-20 01:00:00+00:00, run_after=2026-01-20 02:00:00+00:00
[2026-01-20T01:10:55.412+0000] {processor.py:183} INFO - Processing /opt/airflow/dags/pipeline_scheduled.py took 0.135 seconds
[2026-01-20T01:11:25.683+0000] {processor.py:161} INFO - Started process (PID=17634) to work on /opt/airflow/dags/pipeline_scheduled.py
[2026-01-20T01:11:25.685+0000] {processor.py:830} INFO - Processing file /opt/airflow/dags/pipeline_scheduled.py for tasks to queue
[2026-01-20T01:11:25.688+0000] {logging_mixin.py:188} INFO - [2026-01-20T01:11:25.687+0000] {dagbag.py:545} INFO - Filling up the DagBag from /opt/airflow/dags/pipeline_scheduled.py
[2026-01-20T01:11:25.717+0000] {processor.py:840} INFO - DAG(s) 'pipeline_scheduled' retrieved from /opt/airflow/dags/pipeline_scheduled.py
[2026-01-20T01:11:25.757+0000] {logging_mixin.py:188} INFO - [2026-01-20T01:11:25.756+0000] {dag.py:3089} INFO - Sync 1 DAGs
[2026-01-20T01:11:25.786+0000] {logging_mixin.py:188} INFO - [2026-01-20T01:11:25.785+0000] {dag.py:3947} INFO - Setting next_dagrun for pipeline_scheduled to 2026-01-20 01:00:00+00:00, run_after=2026-01-20 02:00:00+00:00
[2026-01-20T01:11:25.811+0000] {processor.py:183} INFO - Processing /opt/airflow/dags/pipeline_scheduled.py took 0.136 seconds
[2026-01-20T01:11:56.076+0000] {processor.py:161} INFO - Started process (PID=17644) to work on /opt/airflow/dags/pipeline_scheduled.py
[2026-01-20T01:11:56.078+0000] {processor.py:830} INFO - Processing file /opt/airflow/dags/pipeline_scheduled.py for tasks to queue
[2026-01-20T01:11:56.081+0000] {logging_mixin.py:188} INFO - [2026-01-20T01:11:56.080+0000] {dagbag.py:545} INFO - Filling up the DagBag from /opt/airflow/dags/pipeline_scheduled.py
[2026-01-20T01:11:56.109+0000] {processor.py:840} INFO - DAG(s) 'pipeline_scheduled' retrieved from /opt/airflow/dags/pipeline_scheduled.py
[2026-01-20T01:11:56.150+0000] {logging_mixin.py:188} INFO - [2026-01-20T01:11:56.150+0000] {dag.py:3089} INFO - Sync 1 DAGs
[2026-01-20T01:11:56.176+0000] {logging_mixin.py:188} INFO - [2026-01-20T01:11:56.175+0000] {dag.py:3947} INFO - Setting next_dagrun for pipeline_scheduled to 2026-01-20 01:00:00+00:00, run_after=2026-01-20 02:00:00+00:00
[2026-01-20T01:11:56.201+0000] {processor.py:183} INFO - Processing /opt/airflow/dags/pipeline_scheduled.py took 0.133 seconds
[2026-01-20T01:12:26.478+0000] {processor.py:161} INFO - Started process (PID=17654) to work on /opt/airflow/dags/pipeline_scheduled.py
[2026-01-20T01:12:26.479+0000] {processor.py:830} INFO - Processing file /opt/airflow/dags/pipeline_scheduled.py for tasks to queue
[2026-01-20T01:12:26.482+0000] {logging_mixin.py:188} INFO - [2026-01-20T01:12:26.482+0000] {dagbag.py:545} INFO - Filling up the DagBag from /opt/airflow/dags/pipeline_scheduled.py
[2026-01-20T01:12:26.514+0000] {processor.py:840} INFO - DAG(s) 'pipeline_scheduled' retrieved from /opt/airflow/dags/pipeline_scheduled.py
[2026-01-20T01:12:26.559+0000] {logging_mixin.py:188} INFO - [2026-01-20T01:12:26.559+0000] {dag.py:3089} INFO - Sync 1 DAGs
[2026-01-20T01:12:26.585+0000] {logging_mixin.py:188} INFO - [2026-01-20T01:12:26.585+0000] {dag.py:3947} INFO - Setting next_dagrun for pipeline_scheduled to 2026-01-20 01:00:00+00:00, run_after=2026-01-20 02:00:00+00:00
[2026-01-20T01:12:26.612+0000] {processor.py:183} INFO - Processing /opt/airflow/dags/pipeline_scheduled.py took 0.142 seconds
[2026-01-20T01:12:56.869+0000] {processor.py:161} INFO - Started process (PID=17664) to work on /opt/airflow/dags/pipeline_scheduled.py
[2026-01-20T01:12:56.870+0000] {processor.py:830} INFO - Processing file /opt/airflow/dags/pipeline_scheduled.py for tasks to queue
[2026-01-20T01:12:56.872+0000] {logging_mixin.py:188} INFO - [2026-01-20T01:12:56.872+0000] {dagbag.py:545} INFO - Filling up the DagBag from /opt/airflow/dags/pipeline_scheduled.py
[2026-01-20T01:12:56.901+0000] {processor.py:840} INFO - DAG(s) 'pipeline_scheduled' retrieved from /opt/airflow/dags/pipeline_scheduled.py
[2026-01-20T01:12:56.942+0000] {logging_mixin.py:188} INFO - [2026-01-20T01:12:56.941+0000] {dag.py:3089} INFO - Sync 1 DAGs
[2026-01-20T01:12:56.969+0000] {logging_mixin.py:188} INFO - [2026-01-20T01:12:56.968+0000] {dag.py:3947} INFO - Setting next_dagrun for pipeline_scheduled to 2026-01-20 01:00:00+00:00, run_after=2026-01-20 02:00:00+00:00
[2026-01-20T01:12:56.993+0000] {processor.py:183} INFO - Processing /opt/airflow/dags/pipeline_scheduled.py took 0.131 seconds
[2026-01-20T01:13:27.266+0000] {processor.py:161} INFO - Started process (PID=17674) to work on /opt/airflow/dags/pipeline_scheduled.py
[2026-01-20T01:13:27.268+0000] {processor.py:830} INFO - Processing file /opt/airflow/dags/pipeline_scheduled.py for tasks to queue
[2026-01-20T01:13:27.271+0000] {logging_mixin.py:188} INFO - [2026-01-20T01:13:27.270+0000] {dagbag.py:545} INFO - Filling up the DagBag from /opt/airflow/dags/pipeline_scheduled.py
[2026-01-20T01:13:27.299+0000] {processor.py:840} INFO - DAG(s) 'pipeline_scheduled' retrieved from /opt/airflow/dags/pipeline_scheduled.py
[2026-01-20T01:13:27.339+0000] {logging_mixin.py:188} INFO - [2026-01-20T01:13:27.339+0000] {dag.py:3089} INFO - Sync 1 DAGs
[2026-01-20T01:13:27.366+0000] {logging_mixin.py:188} INFO - [2026-01-20T01:13:27.366+0000] {dag.py:3947} INFO - Setting next_dagrun for pipeline_scheduled to 2026-01-20 01:00:00+00:00, run_after=2026-01-20 02:00:00+00:00
[2026-01-20T01:13:27.390+0000] {processor.py:183} INFO - Processing /opt/airflow/dags/pipeline_scheduled.py took 0.133 seconds
[2026-01-20T01:13:57.704+0000] {processor.py:161} INFO - Started process (PID=17684) to work on /opt/airflow/dags/pipeline_scheduled.py
[2026-01-20T01:13:57.706+0000] {processor.py:830} INFO - Processing file /opt/airflow/dags/pipeline_scheduled.py for tasks to queue
[2026-01-20T01:13:57.709+0000] {logging_mixin.py:188} INFO - [2026-01-20T01:13:57.709+0000] {dagbag.py:545} INFO - Filling up the DagBag from /opt/airflow/dags/pipeline_scheduled.py
[2026-01-20T01:13:57.738+0000] {processor.py:840} INFO - DAG(s) 'pipeline_scheduled' retrieved from /opt/airflow/dags/pipeline_scheduled.py
[2026-01-20T01:13:57.778+0000] {logging_mixin.py:188} INFO - [2026-01-20T01:13:57.778+0000] {dag.py:3089} INFO - Sync 1 DAGs
[2026-01-20T01:13:57.806+0000] {logging_mixin.py:188} INFO - [2026-01-20T01:13:57.806+0000] {dag.py:3947} INFO - Setting next_dagrun for pipeline_scheduled to 2026-01-20 01:00:00+00:00, run_after=2026-01-20 02:00:00+00:00
[2026-01-20T01:13:57.831+0000] {processor.py:183} INFO - Processing /opt/airflow/dags/pipeline_scheduled.py took 0.135 seconds
[2026-01-20T01:14:28.101+0000] {processor.py:161} INFO - Started process (PID=17694) to work on /opt/airflow/dags/pipeline_scheduled.py
[2026-01-20T01:14:28.102+0000] {processor.py:830} INFO - Processing file /opt/airflow/dags/pipeline_scheduled.py for tasks to queue
[2026-01-20T01:14:28.105+0000] {logging_mixin.py:188} INFO - [2026-01-20T01:14:28.105+0000] {dagbag.py:545} INFO - Filling up the DagBag from /opt/airflow/dags/pipeline_scheduled.py
[2026-01-20T01:14:28.135+0000] {processor.py:840} INFO - DAG(s) 'pipeline_scheduled' retrieved from /opt/airflow/dags/pipeline_scheduled.py
[2026-01-20T01:14:28.178+0000] {logging_mixin.py:188} INFO - [2026-01-20T01:14:28.178+0000] {dag.py:3089} INFO - Sync 1 DAGs
[2026-01-20T01:14:28.207+0000] {logging_mixin.py:188} INFO - [2026-01-20T01:14:28.207+0000] {dag.py:3947} INFO - Setting next_dagrun for pipeline_scheduled to 2026-01-20 01:00:00+00:00, run_after=2026-01-20 02:00:00+00:00
[2026-01-20T01:14:28.231+0000] {processor.py:183} INFO - Processing /opt/airflow/dags/pipeline_scheduled.py took 0.140 seconds
[2026-01-20T01:14:58.556+0000] {processor.py:161} INFO - Started process (PID=17704) to work on /opt/airflow/dags/pipeline_scheduled.py
[2026-01-20T01:14:58.557+0000] {processor.py:830} INFO - Processing file /opt/airflow/dags/pipeline_scheduled.py for tasks to queue
[2026-01-20T01:14:58.560+0000] {logging_mixin.py:188} INFO - [2026-01-20T01:14:58.559+0000] {dagbag.py:545} INFO - Filling up the DagBag from /opt/airflow/dags/pipeline_scheduled.py
[2026-01-20T01:14:58.604+0000] {processor.py:840} INFO - DAG(s) 'pipeline_scheduled' retrieved from /opt/airflow/dags/pipeline_scheduled.py
[2026-01-20T01:14:58.645+0000] {logging_mixin.py:188} INFO - [2026-01-20T01:14:58.645+0000] {dag.py:3089} INFO - Sync 1 DAGs
[2026-01-20T01:14:58.673+0000] {logging_mixin.py:188} INFO - [2026-01-20T01:14:58.672+0000] {dag.py:3947} INFO - Setting next_dagrun for pipeline_scheduled to 2026-01-20 01:00:00+00:00, run_after=2026-01-20 02:00:00+00:00
[2026-01-20T01:14:58.697+0000] {processor.py:183} INFO - Processing /opt/airflow/dags/pipeline_scheduled.py took 0.150 seconds
[2026-01-20T01:15:28.969+0000] {processor.py:161} INFO - Started process (PID=17714) to work on /opt/airflow/dags/pipeline_scheduled.py
[2026-01-20T01:15:28.971+0000] {processor.py:830} INFO - Processing file /opt/airflow/dags/pipeline_scheduled.py for tasks to queue
[2026-01-20T01:15:28.973+0000] {logging_mixin.py:188} INFO - [2026-01-20T01:15:28.973+0000] {dagbag.py:545} INFO - Filling up the DagBag from /opt/airflow/dags/pipeline_scheduled.py
[2026-01-20T01:15:29.002+0000] {processor.py:840} INFO - DAG(s) 'pipeline_scheduled' retrieved from /opt/airflow/dags/pipeline_scheduled.py
[2026-01-20T01:15:29.041+0000] {logging_mixin.py:188} INFO - [2026-01-20T01:15:29.040+0000] {dag.py:3089} INFO - Sync 1 DAGs
[2026-01-20T01:15:29.068+0000] {logging_mixin.py:188} INFO - [2026-01-20T01:15:29.068+0000] {dag.py:3947} INFO - Setting next_dagrun for pipeline_scheduled to 2026-01-20 01:00:00+00:00, run_after=2026-01-20 02:00:00+00:00
[2026-01-20T01:15:29.091+0000] {processor.py:183} INFO - Processing /opt/airflow/dags/pipeline_scheduled.py took 0.130 seconds
[2026-01-20T01:15:59.358+0000] {processor.py:161} INFO - Started process (PID=17724) to work on /opt/airflow/dags/pipeline_scheduled.py
[2026-01-20T01:15:59.359+0000] {processor.py:830} INFO - Processing file /opt/airflow/dags/pipeline_scheduled.py for tasks to queue
[2026-01-20T01:15:59.362+0000] {logging_mixin.py:188} INFO - [2026-01-20T01:15:59.362+0000] {dagbag.py:545} INFO - Filling up the DagBag from /opt/airflow/dags/pipeline_scheduled.py
[2026-01-20T01:15:59.391+0000] {processor.py:840} INFO - DAG(s) 'pipeline_scheduled' retrieved from /opt/airflow/dags/pipeline_scheduled.py
[2026-01-20T01:15:59.434+0000] {logging_mixin.py:188} INFO - [2026-01-20T01:15:59.434+0000] {dag.py:3089} INFO - Sync 1 DAGs
[2026-01-20T01:15:59.461+0000] {logging_mixin.py:188} INFO - [2026-01-20T01:15:59.461+0000] {dag.py:3947} INFO - Setting next_dagrun for pipeline_scheduled to 2026-01-20 01:00:00+00:00, run_after=2026-01-20 02:00:00+00:00
[2026-01-20T01:15:59.485+0000] {processor.py:183} INFO - Processing /opt/airflow/dags/pipeline_scheduled.py took 0.136 seconds
[2026-01-20T01:16:29.746+0000] {processor.py:161} INFO - Started process (PID=17734) to work on /opt/airflow/dags/pipeline_scheduled.py
[2026-01-20T01:16:29.747+0000] {processor.py:830} INFO - Processing file /opt/airflow/dags/pipeline_scheduled.py for tasks to queue
[2026-01-20T01:16:29.750+0000] {logging_mixin.py:188} INFO - [2026-01-20T01:16:29.750+0000] {dagbag.py:545} INFO - Filling up the DagBag from /opt/airflow/dags/pipeline_scheduled.py
[2026-01-20T01:16:29.779+0000] {processor.py:840} INFO - DAG(s) 'pipeline_scheduled' retrieved from /opt/airflow/dags/pipeline_scheduled.py
[2026-01-20T01:16:29.819+0000] {logging_mixin.py:188} INFO - [2026-01-20T01:16:29.819+0000] {dag.py:3089} INFO - Sync 1 DAGs
[2026-01-20T01:16:29.846+0000] {logging_mixin.py:188} INFO - [2026-01-20T01:16:29.845+0000] {dag.py:3947} INFO - Setting next_dagrun for pipeline_scheduled to 2026-01-20 01:00:00+00:00, run_after=2026-01-20 02:00:00+00:00
[2026-01-20T01:16:29.870+0000] {processor.py:183} INFO - Processing /opt/airflow/dags/pipeline_scheduled.py took 0.132 seconds
[2026-01-20T01:17:00.130+0000] {processor.py:161} INFO - Started process (PID=17744) to work on /opt/airflow/dags/pipeline_scheduled.py
[2026-01-20T01:17:00.131+0000] {processor.py:830} INFO - Processing file /opt/airflow/dags/pipeline_scheduled.py for tasks to queue
[2026-01-20T01:17:00.134+0000] {logging_mixin.py:188} INFO - [2026-01-20T01:17:00.133+0000] {dagbag.py:545} INFO - Filling up the DagBag from /opt/airflow/dags/pipeline_scheduled.py
[2026-01-20T01:17:00.161+0000] {processor.py:840} INFO - DAG(s) 'pipeline_scheduled' retrieved from /opt/airflow/dags/pipeline_scheduled.py
[2026-01-20T01:17:00.200+0000] {logging_mixin.py:188} INFO - [2026-01-20T01:17:00.200+0000] {dag.py:3089} INFO - Sync 1 DAGs
[2026-01-20T01:17:00.225+0000] {logging_mixin.py:188} INFO - [2026-01-20T01:17:00.224+0000] {dag.py:3947} INFO - Setting next_dagrun for pipeline_scheduled to 2026-01-20 01:00:00+00:00, run_after=2026-01-20 02:00:00+00:00
[2026-01-20T01:17:00.245+0000] {processor.py:183} INFO - Processing /opt/airflow/dags/pipeline_scheduled.py took 0.122 seconds
[2026-01-20T01:17:30.513+0000] {processor.py:161} INFO - Started process (PID=17754) to work on /opt/airflow/dags/pipeline_scheduled.py
[2026-01-20T01:17:30.514+0000] {processor.py:830} INFO - Processing file /opt/airflow/dags/pipeline_scheduled.py for tasks to queue
[2026-01-20T01:17:30.517+0000] {logging_mixin.py:188} INFO - [2026-01-20T01:17:30.516+0000] {dagbag.py:545} INFO - Filling up the DagBag from /opt/airflow/dags/pipeline_scheduled.py
[2026-01-20T01:17:30.545+0000] {processor.py:840} INFO - DAG(s) 'pipeline_scheduled' retrieved from /opt/airflow/dags/pipeline_scheduled.py
[2026-01-20T01:17:30.581+0000] {logging_mixin.py:188} INFO - [2026-01-20T01:17:30.580+0000] {dag.py:3089} INFO - Sync 1 DAGs
[2026-01-20T01:17:30.606+0000] {logging_mixin.py:188} INFO - [2026-01-20T01:17:30.605+0000] {dag.py:3947} INFO - Setting next_dagrun for pipeline_scheduled to 2026-01-20 01:00:00+00:00, run_after=2026-01-20 02:00:00+00:00
[2026-01-20T01:17:30.628+0000] {processor.py:183} INFO - Processing /opt/airflow/dags/pipeline_scheduled.py took 0.123 seconds
[2026-01-20T01:18:00.777+0000] {processor.py:161} INFO - Started process (PID=17764) to work on /opt/airflow/dags/pipeline_scheduled.py
[2026-01-20T01:18:00.779+0000] {processor.py:830} INFO - Processing file /opt/airflow/dags/pipeline_scheduled.py for tasks to queue
[2026-01-20T01:18:00.781+0000] {logging_mixin.py:188} INFO - [2026-01-20T01:18:00.781+0000] {dagbag.py:545} INFO - Filling up the DagBag from /opt/airflow/dags/pipeline_scheduled.py
[2026-01-20T01:18:00.809+0000] {processor.py:840} INFO - DAG(s) 'pipeline_scheduled' retrieved from /opt/airflow/dags/pipeline_scheduled.py
[2026-01-20T01:18:00.850+0000] {logging_mixin.py:188} INFO - [2026-01-20T01:18:00.850+0000] {dag.py:3089} INFO - Sync 1 DAGs
[2026-01-20T01:18:00.875+0000] {logging_mixin.py:188} INFO - [2026-01-20T01:18:00.875+0000] {dag.py:3947} INFO - Setting next_dagrun for pipeline_scheduled to 2026-01-20 01:00:00+00:00, run_after=2026-01-20 02:00:00+00:00
[2026-01-20T01:18:00.896+0000] {processor.py:183} INFO - Processing /opt/airflow/dags/pipeline_scheduled.py took 0.128 seconds
[2026-01-20T01:18:31.166+0000] {processor.py:161} INFO - Started process (PID=17774) to work on /opt/airflow/dags/pipeline_scheduled.py
[2026-01-20T01:18:31.168+0000] {processor.py:830} INFO - Processing file /opt/airflow/dags/pipeline_scheduled.py for tasks to queue
[2026-01-20T01:18:31.171+0000] {logging_mixin.py:188} INFO - [2026-01-20T01:18:31.170+0000] {dagbag.py:545} INFO - Filling up the DagBag from /opt/airflow/dags/pipeline_scheduled.py
[2026-01-20T01:18:31.198+0000] {processor.py:840} INFO - DAG(s) 'pipeline_scheduled' retrieved from /opt/airflow/dags/pipeline_scheduled.py
[2026-01-20T01:18:31.238+0000] {logging_mixin.py:188} INFO - [2026-01-20T01:18:31.238+0000] {dag.py:3089} INFO - Sync 1 DAGs
[2026-01-20T01:18:31.263+0000] {logging_mixin.py:188} INFO - [2026-01-20T01:18:31.263+0000] {dag.py:3947} INFO - Setting next_dagrun for pipeline_scheduled to 2026-01-20 01:00:00+00:00, run_after=2026-01-20 02:00:00+00:00
[2026-01-20T01:18:31.284+0000] {processor.py:183} INFO - Processing /opt/airflow/dags/pipeline_scheduled.py took 0.126 seconds
[2026-01-20T01:19:01.606+0000] {processor.py:161} INFO - Started process (PID=17784) to work on /opt/airflow/dags/pipeline_scheduled.py
[2026-01-20T01:19:01.607+0000] {processor.py:830} INFO - Processing file /opt/airflow/dags/pipeline_scheduled.py for tasks to queue
[2026-01-20T01:19:01.611+0000] {logging_mixin.py:188} INFO - [2026-01-20T01:19:01.610+0000] {dagbag.py:545} INFO - Filling up the DagBag from /opt/airflow/dags/pipeline_scheduled.py
[2026-01-20T01:19:01.637+0000] {processor.py:840} INFO - DAG(s) 'pipeline_scheduled' retrieved from /opt/airflow/dags/pipeline_scheduled.py
[2026-01-20T01:19:01.676+0000] {logging_mixin.py:188} INFO - [2026-01-20T01:19:01.676+0000] {dag.py:3089} INFO - Sync 1 DAGs
[2026-01-20T01:19:01.702+0000] {logging_mixin.py:188} INFO - [2026-01-20T01:19:01.701+0000] {dag.py:3947} INFO - Setting next_dagrun for pipeline_scheduled to 2026-01-20 01:00:00+00:00, run_after=2026-01-20 02:00:00+00:00
[2026-01-20T01:19:01.724+0000] {processor.py:183} INFO - Processing /opt/airflow/dags/pipeline_scheduled.py took 0.126 seconds
[2026-01-20T01:19:31.994+0000] {processor.py:161} INFO - Started process (PID=17794) to work on /opt/airflow/dags/pipeline_scheduled.py
[2026-01-20T01:19:31.996+0000] {processor.py:830} INFO - Processing file /opt/airflow/dags/pipeline_scheduled.py for tasks to queue
[2026-01-20T01:19:31.999+0000] {logging_mixin.py:188} INFO - [2026-01-20T01:19:31.999+0000] {dagbag.py:545} INFO - Filling up the DagBag from /opt/airflow/dags/pipeline_scheduled.py
[2026-01-20T01:19:32.027+0000] {processor.py:840} INFO - DAG(s) 'pipeline_scheduled' retrieved from /opt/airflow/dags/pipeline_scheduled.py
[2026-01-20T01:19:32.070+0000] {logging_mixin.py:188} INFO - [2026-01-20T01:19:32.070+0000] {dag.py:3089} INFO - Sync 1 DAGs
[2026-01-20T01:19:32.095+0000] {logging_mixin.py:188} INFO - [2026-01-20T01:19:32.095+0000] {dag.py:3947} INFO - Setting next_dagrun for pipeline_scheduled to 2026-01-20 01:00:00+00:00, run_after=2026-01-20 02:00:00+00:00
[2026-01-20T01:19:32.119+0000] {processor.py:183} INFO - Processing /opt/airflow/dags/pipeline_scheduled.py took 0.133 seconds
[2026-01-20T01:20:02.391+0000] {processor.py:161} INFO - Started process (PID=17804) to work on /opt/airflow/dags/pipeline_scheduled.py
[2026-01-20T01:20:02.393+0000] {processor.py:830} INFO - Processing file /opt/airflow/dags/pipeline_scheduled.py for tasks to queue
[2026-01-20T01:20:02.395+0000] {logging_mixin.py:188} INFO - [2026-01-20T01:20:02.395+0000] {dagbag.py:545} INFO - Filling up the DagBag from /opt/airflow/dags/pipeline_scheduled.py
[2026-01-20T01:20:02.424+0000] {processor.py:840} INFO - DAG(s) 'pipeline_scheduled' retrieved from /opt/airflow/dags/pipeline_scheduled.py
[2026-01-20T01:20:02.464+0000] {logging_mixin.py:188} INFO - [2026-01-20T01:20:02.464+0000] {dag.py:3089} INFO - Sync 1 DAGs
[2026-01-20T01:20:02.490+0000] {logging_mixin.py:188} INFO - [2026-01-20T01:20:02.490+0000] {dag.py:3947} INFO - Setting next_dagrun for pipeline_scheduled to 2026-01-20 01:00:00+00:00, run_after=2026-01-20 02:00:00+00:00
[2026-01-20T01:20:02.513+0000] {processor.py:183} INFO - Processing /opt/airflow/dags/pipeline_scheduled.py took 0.130 seconds
[2026-01-20T01:20:32.776+0000] {processor.py:161} INFO - Started process (PID=17817) to work on /opt/airflow/dags/pipeline_scheduled.py
[2026-01-20T01:20:32.778+0000] {processor.py:830} INFO - Processing file /opt/airflow/dags/pipeline_scheduled.py for tasks to queue
[2026-01-20T01:20:32.780+0000] {logging_mixin.py:188} INFO - [2026-01-20T01:20:32.780+0000] {dagbag.py:545} INFO - Filling up the DagBag from /opt/airflow/dags/pipeline_scheduled.py
[2026-01-20T01:20:32.810+0000] {processor.py:840} INFO - DAG(s) 'pipeline_scheduled' retrieved from /opt/airflow/dags/pipeline_scheduled.py
[2026-01-20T01:20:32.851+0000] {logging_mixin.py:188} INFO - [2026-01-20T01:20:32.850+0000] {dag.py:3089} INFO - Sync 1 DAGs
[2026-01-20T01:20:32.877+0000] {logging_mixin.py:188} INFO - [2026-01-20T01:20:32.877+0000] {dag.py:3947} INFO - Setting next_dagrun for pipeline_scheduled to 2026-01-20 01:00:00+00:00, run_after=2026-01-20 02:00:00+00:00
[2026-01-20T01:20:32.900+0000] {processor.py:183} INFO - Processing /opt/airflow/dags/pipeline_scheduled.py took 0.132 seconds
[2026-01-20T01:21:03.189+0000] {processor.py:161} INFO - Started process (PID=17827) to work on /opt/airflow/dags/pipeline_scheduled.py
[2026-01-20T01:21:03.190+0000] {processor.py:830} INFO - Processing file /opt/airflow/dags/pipeline_scheduled.py for tasks to queue
[2026-01-20T01:21:03.192+0000] {logging_mixin.py:188} INFO - [2026-01-20T01:21:03.192+0000] {dagbag.py:545} INFO - Filling up the DagBag from /opt/airflow/dags/pipeline_scheduled.py
[2026-01-20T01:21:03.221+0000] {processor.py:840} INFO - DAG(s) 'pipeline_scheduled' retrieved from /opt/airflow/dags/pipeline_scheduled.py
[2026-01-20T01:21:03.262+0000] {logging_mixin.py:188} INFO - [2026-01-20T01:21:03.261+0000] {dag.py:3089} INFO - Sync 1 DAGs
[2026-01-20T01:21:03.287+0000] {logging_mixin.py:188} INFO - [2026-01-20T01:21:03.286+0000] {dag.py:3947} INFO - Setting next_dagrun for pipeline_scheduled to 2026-01-20 01:00:00+00:00, run_after=2026-01-20 02:00:00+00:00
[2026-01-20T01:21:03.309+0000] {processor.py:183} INFO - Processing /opt/airflow/dags/pipeline_scheduled.py took 0.128 seconds
[2026-01-20T01:21:33.581+0000] {processor.py:161} INFO - Started process (PID=17837) to work on /opt/airflow/dags/pipeline_scheduled.py
[2026-01-20T01:21:33.582+0000] {processor.py:830} INFO - Processing file /opt/airflow/dags/pipeline_scheduled.py for tasks to queue
[2026-01-20T01:21:33.585+0000] {logging_mixin.py:188} INFO - [2026-01-20T01:21:33.584+0000] {dagbag.py:545} INFO - Filling up the DagBag from /opt/airflow/dags/pipeline_scheduled.py
[2026-01-20T01:21:33.617+0000] {processor.py:840} INFO - DAG(s) 'pipeline_scheduled' retrieved from /opt/airflow/dags/pipeline_scheduled.py
[2026-01-20T01:21:33.660+0000] {logging_mixin.py:188} INFO - [2026-01-20T01:21:33.660+0000] {dag.py:3089} INFO - Sync 1 DAGs
[2026-01-20T01:21:33.686+0000] {logging_mixin.py:188} INFO - [2026-01-20T01:21:33.686+0000] {dag.py:3947} INFO - Setting next_dagrun for pipeline_scheduled to 2026-01-20 01:00:00+00:00, run_after=2026-01-20 02:00:00+00:00
[2026-01-20T01:21:33.709+0000] {processor.py:183} INFO - Processing /opt/airflow/dags/pipeline_scheduled.py took 0.136 seconds
[2026-01-20T01:22:03.990+0000] {processor.py:161} INFO - Started process (PID=17847) to work on /opt/airflow/dags/pipeline_scheduled.py
[2026-01-20T01:22:03.992+0000] {processor.py:830} INFO - Processing file /opt/airflow/dags/pipeline_scheduled.py for tasks to queue
[2026-01-20T01:22:03.995+0000] {logging_mixin.py:188} INFO - [2026-01-20T01:22:03.994+0000] {dagbag.py:545} INFO - Filling up the DagBag from /opt/airflow/dags/pipeline_scheduled.py
[2026-01-20T01:22:04.024+0000] {processor.py:840} INFO - DAG(s) 'pipeline_scheduled' retrieved from /opt/airflow/dags/pipeline_scheduled.py
[2026-01-20T01:22:04.065+0000] {logging_mixin.py:188} INFO - [2026-01-20T01:22:04.065+0000] {dag.py:3089} INFO - Sync 1 DAGs
[2026-01-20T01:22:04.090+0000] {logging_mixin.py:188} INFO - [2026-01-20T01:22:04.090+0000] {dag.py:3947} INFO - Setting next_dagrun for pipeline_scheduled to 2026-01-20 01:00:00+00:00, run_after=2026-01-20 02:00:00+00:00
[2026-01-20T01:22:04.114+0000] {processor.py:183} INFO - Processing /opt/airflow/dags/pipeline_scheduled.py took 0.133 seconds
[2026-01-20T01:22:34.389+0000] {processor.py:161} INFO - Started process (PID=17857) to work on /opt/airflow/dags/pipeline_scheduled.py
[2026-01-20T01:22:34.391+0000] {processor.py:830} INFO - Processing file /opt/airflow/dags/pipeline_scheduled.py for tasks to queue
[2026-01-20T01:22:34.394+0000] {logging_mixin.py:188} INFO - [2026-01-20T01:22:34.393+0000] {dagbag.py:545} INFO - Filling up the DagBag from /opt/airflow/dags/pipeline_scheduled.py
[2026-01-20T01:22:34.422+0000] {processor.py:840} INFO - DAG(s) 'pipeline_scheduled' retrieved from /opt/airflow/dags/pipeline_scheduled.py
[2026-01-20T01:22:34.463+0000] {logging_mixin.py:188} INFO - [2026-01-20T01:22:34.462+0000] {dag.py:3089} INFO - Sync 1 DAGs
[2026-01-20T01:22:34.489+0000] {logging_mixin.py:188} INFO - [2026-01-20T01:22:34.489+0000] {dag.py:3947} INFO - Setting next_dagrun for pipeline_scheduled to 2026-01-20 01:00:00+00:00, run_after=2026-01-20 02:00:00+00:00
[2026-01-20T01:22:34.512+0000] {processor.py:183} INFO - Processing /opt/airflow/dags/pipeline_scheduled.py took 0.131 seconds
[2026-01-20T01:23:04.778+0000] {processor.py:161} INFO - Started process (PID=17867) to work on /opt/airflow/dags/pipeline_scheduled.py
[2026-01-20T01:23:04.780+0000] {processor.py:830} INFO - Processing file /opt/airflow/dags/pipeline_scheduled.py for tasks to queue
[2026-01-20T01:23:04.783+0000] {logging_mixin.py:188} INFO - [2026-01-20T01:23:04.783+0000] {dagbag.py:545} INFO - Filling up the DagBag from /opt/airflow/dags/pipeline_scheduled.py
[2026-01-20T01:23:04.813+0000] {processor.py:840} INFO - DAG(s) 'pipeline_scheduled' retrieved from /opt/airflow/dags/pipeline_scheduled.py
[2026-01-20T01:23:04.854+0000] {logging_mixin.py:188} INFO - [2026-01-20T01:23:04.854+0000] {dag.py:3089} INFO - Sync 1 DAGs
[2026-01-20T01:23:04.883+0000] {logging_mixin.py:188} INFO - [2026-01-20T01:23:04.883+0000] {dag.py:3947} INFO - Setting next_dagrun for pipeline_scheduled to 2026-01-20 01:00:00+00:00, run_after=2026-01-20 02:00:00+00:00
[2026-01-20T01:23:04.907+0000] {processor.py:183} INFO - Processing /opt/airflow/dags/pipeline_scheduled.py took 0.136 seconds
[2026-01-20T01:23:35.222+0000] {processor.py:161} INFO - Started process (PID=17877) to work on /opt/airflow/dags/pipeline_scheduled.py
[2026-01-20T01:23:35.223+0000] {processor.py:830} INFO - Processing file /opt/airflow/dags/pipeline_scheduled.py for tasks to queue
[2026-01-20T01:23:35.227+0000] {logging_mixin.py:188} INFO - [2026-01-20T01:23:35.227+0000] {dagbag.py:545} INFO - Filling up the DagBag from /opt/airflow/dags/pipeline_scheduled.py
[2026-01-20T01:23:35.257+0000] {processor.py:840} INFO - DAG(s) 'pipeline_scheduled' retrieved from /opt/airflow/dags/pipeline_scheduled.py
[2026-01-20T01:23:35.303+0000] {logging_mixin.py:188} INFO - [2026-01-20T01:23:35.303+0000] {dag.py:3089} INFO - Sync 1 DAGs
[2026-01-20T01:23:35.337+0000] {logging_mixin.py:188} INFO - [2026-01-20T01:23:35.337+0000] {dag.py:3947} INFO - Setting next_dagrun for pipeline_scheduled to 2026-01-20 01:00:00+00:00, run_after=2026-01-20 02:00:00+00:00
[2026-01-20T01:23:35.362+0000] {processor.py:183} INFO - Processing /opt/airflow/dags/pipeline_scheduled.py took 0.149 seconds
[2026-01-20T01:24:05.637+0000] {processor.py:161} INFO - Started process (PID=17887) to work on /opt/airflow/dags/pipeline_scheduled.py
[2026-01-20T01:24:05.639+0000] {processor.py:830} INFO - Processing file /opt/airflow/dags/pipeline_scheduled.py for tasks to queue
[2026-01-20T01:24:05.642+0000] {logging_mixin.py:188} INFO - [2026-01-20T01:24:05.642+0000] {dagbag.py:545} INFO - Filling up the DagBag from /opt/airflow/dags/pipeline_scheduled.py
[2026-01-20T01:24:05.669+0000] {processor.py:840} INFO - DAG(s) 'pipeline_scheduled' retrieved from /opt/airflow/dags/pipeline_scheduled.py
[2026-01-20T01:24:05.711+0000] {logging_mixin.py:188} INFO - [2026-01-20T01:24:05.711+0000] {dag.py:3089} INFO - Sync 1 DAGs
[2026-01-20T01:24:05.738+0000] {logging_mixin.py:188} INFO - [2026-01-20T01:24:05.737+0000] {dag.py:3947} INFO - Setting next_dagrun for pipeline_scheduled to 2026-01-20 01:00:00+00:00, run_after=2026-01-20 02:00:00+00:00
[2026-01-20T01:24:05.762+0000] {processor.py:183} INFO - Processing /opt/airflow/dags/pipeline_scheduled.py took 0.133 seconds
[2026-01-20T01:24:36.025+0000] {processor.py:161} INFO - Started process (PID=17897) to work on /opt/airflow/dags/pipeline_scheduled.py
[2026-01-20T01:24:36.026+0000] {processor.py:830} INFO - Processing file /opt/airflow/dags/pipeline_scheduled.py for tasks to queue
[2026-01-20T01:24:36.028+0000] {logging_mixin.py:188} INFO - [2026-01-20T01:24:36.028+0000] {dagbag.py:545} INFO - Filling up the DagBag from /opt/airflow/dags/pipeline_scheduled.py
[2026-01-20T01:24:36.055+0000] {processor.py:840} INFO - DAG(s) 'pipeline_scheduled' retrieved from /opt/airflow/dags/pipeline_scheduled.py
[2026-01-20T01:24:36.090+0000] {logging_mixin.py:188} INFO - [2026-01-20T01:24:36.090+0000] {dag.py:3089} INFO - Sync 1 DAGs
[2026-01-20T01:24:36.116+0000] {logging_mixin.py:188} INFO - [2026-01-20T01:24:36.115+0000] {dag.py:3947} INFO - Setting next_dagrun for pipeline_scheduled to 2026-01-20 01:00:00+00:00, run_after=2026-01-20 02:00:00+00:00
[2026-01-20T01:24:36.138+0000] {processor.py:183} INFO - Processing /opt/airflow/dags/pipeline_scheduled.py took 0.120 seconds
[2026-01-20T01:25:06.425+0000] {processor.py:161} INFO - Started process (PID=17907) to work on /opt/airflow/dags/pipeline_scheduled.py
[2026-01-20T01:25:06.427+0000] {processor.py:830} INFO - Processing file /opt/airflow/dags/pipeline_scheduled.py for tasks to queue
[2026-01-20T01:25:06.430+0000] {logging_mixin.py:188} INFO - [2026-01-20T01:25:06.430+0000] {dagbag.py:545} INFO - Filling up the DagBag from /opt/airflow/dags/pipeline_scheduled.py
[2026-01-20T01:25:06.462+0000] {processor.py:840} INFO - DAG(s) 'pipeline_scheduled' retrieved from /opt/airflow/dags/pipeline_scheduled.py
[2026-01-20T01:25:06.501+0000] {logging_mixin.py:188} INFO - [2026-01-20T01:25:06.501+0000] {dag.py:3089} INFO - Sync 1 DAGs
[2026-01-20T01:25:06.528+0000] {logging_mixin.py:188} INFO - [2026-01-20T01:25:06.528+0000] {dag.py:3947} INFO - Setting next_dagrun for pipeline_scheduled to 2026-01-20 01:00:00+00:00, run_after=2026-01-20 02:00:00+00:00
[2026-01-20T01:25:06.554+0000] {processor.py:183} INFO - Processing /opt/airflow/dags/pipeline_scheduled.py took 0.138 seconds
[2026-01-20T01:25:36.823+0000] {processor.py:161} INFO - Started process (PID=17917) to work on /opt/airflow/dags/pipeline_scheduled.py
[2026-01-20T01:25:36.825+0000] {processor.py:830} INFO - Processing file /opt/airflow/dags/pipeline_scheduled.py for tasks to queue
[2026-01-20T01:25:36.827+0000] {logging_mixin.py:188} INFO - [2026-01-20T01:25:36.827+0000] {dagbag.py:545} INFO - Filling up the DagBag from /opt/airflow/dags/pipeline_scheduled.py
[2026-01-20T01:25:36.855+0000] {processor.py:840} INFO - DAG(s) 'pipeline_scheduled' retrieved from /opt/airflow/dags/pipeline_scheduled.py
[2026-01-20T01:25:36.895+0000] {logging_mixin.py:188} INFO - [2026-01-20T01:25:36.895+0000] {dag.py:3089} INFO - Sync 1 DAGs
[2026-01-20T01:25:36.924+0000] {logging_mixin.py:188} INFO - [2026-01-20T01:25:36.924+0000] {dag.py:3947} INFO - Setting next_dagrun for pipeline_scheduled to 2026-01-20 01:00:00+00:00, run_after=2026-01-20 02:00:00+00:00
[2026-01-20T01:25:36.947+0000] {processor.py:183} INFO - Processing /opt/airflow/dags/pipeline_scheduled.py took 0.132 seconds
[2026-01-20T01:26:07.217+0000] {processor.py:161} INFO - Started process (PID=17927) to work on /opt/airflow/dags/pipeline_scheduled.py
[2026-01-20T01:26:07.219+0000] {processor.py:830} INFO - Processing file /opt/airflow/dags/pipeline_scheduled.py for tasks to queue
[2026-01-20T01:26:07.221+0000] {logging_mixin.py:188} INFO - [2026-01-20T01:26:07.221+0000] {dagbag.py:545} INFO - Filling up the DagBag from /opt/airflow/dags/pipeline_scheduled.py
[2026-01-20T01:26:07.249+0000] {processor.py:840} INFO - DAG(s) 'pipeline_scheduled' retrieved from /opt/airflow/dags/pipeline_scheduled.py
[2026-01-20T01:26:07.291+0000] {logging_mixin.py:188} INFO - [2026-01-20T01:26:07.291+0000] {dag.py:3089} INFO - Sync 1 DAGs
[2026-01-20T01:26:07.317+0000] {logging_mixin.py:188} INFO - [2026-01-20T01:26:07.317+0000] {dag.py:3947} INFO - Setting next_dagrun for pipeline_scheduled to 2026-01-20 01:00:00+00:00, run_after=2026-01-20 02:00:00+00:00
[2026-01-20T01:26:07.339+0000] {processor.py:183} INFO - Processing /opt/airflow/dags/pipeline_scheduled.py took 0.130 seconds
[2026-01-20T01:26:37.626+0000] {processor.py:161} INFO - Started process (PID=17937) to work on /opt/airflow/dags/pipeline_scheduled.py
[2026-01-20T01:26:37.628+0000] {processor.py:830} INFO - Processing file /opt/airflow/dags/pipeline_scheduled.py for tasks to queue
[2026-01-20T01:26:37.630+0000] {logging_mixin.py:188} INFO - [2026-01-20T01:26:37.630+0000] {dagbag.py:545} INFO - Filling up the DagBag from /opt/airflow/dags/pipeline_scheduled.py
[2026-01-20T01:26:37.659+0000] {processor.py:840} INFO - DAG(s) 'pipeline_scheduled' retrieved from /opt/airflow/dags/pipeline_scheduled.py
[2026-01-20T01:26:37.697+0000] {logging_mixin.py:188} INFO - [2026-01-20T01:26:37.697+0000] {dag.py:3089} INFO - Sync 1 DAGs
[2026-01-20T01:26:37.723+0000] {logging_mixin.py:188} INFO - [2026-01-20T01:26:37.723+0000] {dag.py:3947} INFO - Setting next_dagrun for pipeline_scheduled to 2026-01-20 01:00:00+00:00, run_after=2026-01-20 02:00:00+00:00
[2026-01-20T01:26:37.744+0000] {processor.py:183} INFO - Processing /opt/airflow/dags/pipeline_scheduled.py took 0.126 seconds
[2026-01-20T01:27:08.025+0000] {processor.py:161} INFO - Started process (PID=17947) to work on /opt/airflow/dags/pipeline_scheduled.py
[2026-01-20T01:27:08.026+0000] {processor.py:830} INFO - Processing file /opt/airflow/dags/pipeline_scheduled.py for tasks to queue
[2026-01-20T01:27:08.028+0000] {logging_mixin.py:188} INFO - [2026-01-20T01:27:08.028+0000] {dagbag.py:545} INFO - Filling up the DagBag from /opt/airflow/dags/pipeline_scheduled.py
[2026-01-20T01:27:08.055+0000] {processor.py:840} INFO - DAG(s) 'pipeline_scheduled' retrieved from /opt/airflow/dags/pipeline_scheduled.py
[2026-01-20T01:27:08.092+0000] {logging_mixin.py:188} INFO - [2026-01-20T01:27:08.092+0000] {dag.py:3089} INFO - Sync 1 DAGs
[2026-01-20T01:27:08.117+0000] {logging_mixin.py:188} INFO - [2026-01-20T01:27:08.117+0000] {dag.py:3947} INFO - Setting next_dagrun for pipeline_scheduled to 2026-01-20 01:00:00+00:00, run_after=2026-01-20 02:00:00+00:00
[2026-01-20T01:27:08.140+0000] {processor.py:183} INFO - Processing /opt/airflow/dags/pipeline_scheduled.py took 0.123 seconds
[2026-01-20T01:27:38.424+0000] {processor.py:161} INFO - Started process (PID=17957) to work on /opt/airflow/dags/pipeline_scheduled.py
[2026-01-20T01:27:38.426+0000] {processor.py:830} INFO - Processing file /opt/airflow/dags/pipeline_scheduled.py for tasks to queue
[2026-01-20T01:27:38.428+0000] {logging_mixin.py:188} INFO - [2026-01-20T01:27:38.428+0000] {dagbag.py:545} INFO - Filling up the DagBag from /opt/airflow/dags/pipeline_scheduled.py
[2026-01-20T01:27:38.455+0000] {processor.py:840} INFO - DAG(s) 'pipeline_scheduled' retrieved from /opt/airflow/dags/pipeline_scheduled.py
[2026-01-20T01:27:38.494+0000] {logging_mixin.py:188} INFO - [2026-01-20T01:27:38.493+0000] {dag.py:3089} INFO - Sync 1 DAGs
[2026-01-20T01:27:38.517+0000] {logging_mixin.py:188} INFO - [2026-01-20T01:27:38.517+0000] {dag.py:3947} INFO - Setting next_dagrun for pipeline_scheduled to 2026-01-20 01:00:00+00:00, run_after=2026-01-20 02:00:00+00:00
[2026-01-20T01:27:38.538+0000] {processor.py:183} INFO - Processing /opt/airflow/dags/pipeline_scheduled.py took 0.122 seconds
[2026-01-20T01:28:08.846+0000] {processor.py:161} INFO - Started process (PID=17967) to work on /opt/airflow/dags/pipeline_scheduled.py
[2026-01-20T01:28:08.847+0000] {processor.py:830} INFO - Processing file /opt/airflow/dags/pipeline_scheduled.py for tasks to queue
[2026-01-20T01:28:08.849+0000] {logging_mixin.py:188} INFO - [2026-01-20T01:28:08.849+0000] {dagbag.py:545} INFO - Filling up the DagBag from /opt/airflow/dags/pipeline_scheduled.py
[2026-01-20T01:28:08.876+0000] {processor.py:840} INFO - DAG(s) 'pipeline_scheduled' retrieved from /opt/airflow/dags/pipeline_scheduled.py
[2026-01-20T01:28:08.914+0000] {logging_mixin.py:188} INFO - [2026-01-20T01:28:08.913+0000] {dag.py:3089} INFO - Sync 1 DAGs
[2026-01-20T01:28:08.939+0000] {logging_mixin.py:188} INFO - [2026-01-20T01:28:08.938+0000] {dag.py:3947} INFO - Setting next_dagrun for pipeline_scheduled to 2026-01-20 01:00:00+00:00, run_after=2026-01-20 02:00:00+00:00
[2026-01-20T01:28:08.961+0000] {processor.py:183} INFO - Processing /opt/airflow/dags/pipeline_scheduled.py took 0.123 seconds
[2026-01-20T01:28:39.306+0000] {processor.py:161} INFO - Started process (PID=17977) to work on /opt/airflow/dags/pipeline_scheduled.py
[2026-01-20T01:28:39.308+0000] {processor.py:830} INFO - Processing file /opt/airflow/dags/pipeline_scheduled.py for tasks to queue
[2026-01-20T01:28:39.311+0000] {logging_mixin.py:188} INFO - [2026-01-20T01:28:39.310+0000] {dagbag.py:545} INFO - Filling up the DagBag from /opt/airflow/dags/pipeline_scheduled.py
[2026-01-20T01:28:39.338+0000] {processor.py:840} INFO - DAG(s) 'pipeline_scheduled' retrieved from /opt/airflow/dags/pipeline_scheduled.py
[2026-01-20T01:28:39.375+0000] {logging_mixin.py:188} INFO - [2026-01-20T01:28:39.375+0000] {dag.py:3089} INFO - Sync 1 DAGs
[2026-01-20T01:28:39.401+0000] {logging_mixin.py:188} INFO - [2026-01-20T01:28:39.401+0000] {dag.py:3947} INFO - Setting next_dagrun for pipeline_scheduled to 2026-01-20 01:00:00+00:00, run_after=2026-01-20 02:00:00+00:00
[2026-01-20T01:28:39.423+0000] {processor.py:183} INFO - Processing /opt/airflow/dags/pipeline_scheduled.py took 0.124 seconds
[2026-01-20T01:29:09.727+0000] {processor.py:161} INFO - Started process (PID=17987) to work on /opt/airflow/dags/pipeline_scheduled.py
[2026-01-20T01:29:09.729+0000] {processor.py:830} INFO - Processing file /opt/airflow/dags/pipeline_scheduled.py for tasks to queue
[2026-01-20T01:29:09.732+0000] {logging_mixin.py:188} INFO - [2026-01-20T01:29:09.731+0000] {dagbag.py:545} INFO - Filling up the DagBag from /opt/airflow/dags/pipeline_scheduled.py
[2026-01-20T01:29:09.759+0000] {processor.py:840} INFO - DAG(s) 'pipeline_scheduled' retrieved from /opt/airflow/dags/pipeline_scheduled.py
[2026-01-20T01:29:09.798+0000] {logging_mixin.py:188} INFO - [2026-01-20T01:29:09.797+0000] {dag.py:3089} INFO - Sync 1 DAGs
[2026-01-20T01:29:09.823+0000] {logging_mixin.py:188} INFO - [2026-01-20T01:29:09.823+0000] {dag.py:3947} INFO - Setting next_dagrun for pipeline_scheduled to 2026-01-20 01:00:00+00:00, run_after=2026-01-20 02:00:00+00:00
[2026-01-20T01:29:09.844+0000] {processor.py:183} INFO - Processing /opt/airflow/dags/pipeline_scheduled.py took 0.124 seconds
[2026-01-20T01:29:40.165+0000] {processor.py:161} INFO - Started process (PID=17997) to work on /opt/airflow/dags/pipeline_scheduled.py
[2026-01-20T01:29:40.167+0000] {processor.py:830} INFO - Processing file /opt/airflow/dags/pipeline_scheduled.py for tasks to queue
[2026-01-20T01:29:40.169+0000] {logging_mixin.py:188} INFO - [2026-01-20T01:29:40.169+0000] {dagbag.py:545} INFO - Filling up the DagBag from /opt/airflow/dags/pipeline_scheduled.py
[2026-01-20T01:29:40.195+0000] {processor.py:840} INFO - DAG(s) 'pipeline_scheduled' retrieved from /opt/airflow/dags/pipeline_scheduled.py
[2026-01-20T01:29:40.232+0000] {logging_mixin.py:188} INFO - [2026-01-20T01:29:40.232+0000] {dag.py:3089} INFO - Sync 1 DAGs
[2026-01-20T01:29:40.256+0000] {logging_mixin.py:188} INFO - [2026-01-20T01:29:40.256+0000] {dag.py:3947} INFO - Setting next_dagrun for pipeline_scheduled to 2026-01-20 01:00:00+00:00, run_after=2026-01-20 02:00:00+00:00
[2026-01-20T01:29:40.281+0000] {processor.py:183} INFO - Processing /opt/airflow/dags/pipeline_scheduled.py took 0.123 seconds
[2026-01-20T01:30:10.558+0000] {processor.py:161} INFO - Started process (PID=18010) to work on /opt/airflow/dags/pipeline_scheduled.py
[2026-01-20T01:30:10.559+0000] {processor.py:830} INFO - Processing file /opt/airflow/dags/pipeline_scheduled.py for tasks to queue
[2026-01-20T01:30:10.561+0000] {logging_mixin.py:188} INFO - [2026-01-20T01:30:10.561+0000] {dagbag.py:545} INFO - Filling up the DagBag from /opt/airflow/dags/pipeline_scheduled.py
[2026-01-20T01:30:10.589+0000] {processor.py:840} INFO - DAG(s) 'pipeline_scheduled' retrieved from /opt/airflow/dags/pipeline_scheduled.py
[2026-01-20T01:30:10.630+0000] {logging_mixin.py:188} INFO - [2026-01-20T01:30:10.630+0000] {dag.py:3089} INFO - Sync 1 DAGs
[2026-01-20T01:30:10.654+0000] {logging_mixin.py:188} INFO - [2026-01-20T01:30:10.654+0000] {dag.py:3947} INFO - Setting next_dagrun for pipeline_scheduled to 2026-01-20 01:00:00+00:00, run_after=2026-01-20 02:00:00+00:00
[2026-01-20T01:30:10.676+0000] {processor.py:183} INFO - Processing /opt/airflow/dags/pipeline_scheduled.py took 0.125 seconds
[2026-01-20T01:30:40.991+0000] {processor.py:161} INFO - Started process (PID=18020) to work on /opt/airflow/dags/pipeline_scheduled.py
[2026-01-20T01:30:40.992+0000] {processor.py:830} INFO - Processing file /opt/airflow/dags/pipeline_scheduled.py for tasks to queue
[2026-01-20T01:30:40.995+0000] {logging_mixin.py:188} INFO - [2026-01-20T01:30:40.995+0000] {dagbag.py:545} INFO - Filling up the DagBag from /opt/airflow/dags/pipeline_scheduled.py
[2026-01-20T01:30:41.021+0000] {processor.py:840} INFO - DAG(s) 'pipeline_scheduled' retrieved from /opt/airflow/dags/pipeline_scheduled.py
[2026-01-20T01:30:41.062+0000] {logging_mixin.py:188} INFO - [2026-01-20T01:30:41.062+0000] {dag.py:3089} INFO - Sync 1 DAGs
[2026-01-20T01:30:41.086+0000] {logging_mixin.py:188} INFO - [2026-01-20T01:30:41.086+0000] {dag.py:3947} INFO - Setting next_dagrun for pipeline_scheduled to 2026-01-20 01:00:00+00:00, run_after=2026-01-20 02:00:00+00:00
[2026-01-20T01:30:41.108+0000] {processor.py:183} INFO - Processing /opt/airflow/dags/pipeline_scheduled.py took 0.125 seconds
[2026-01-20T01:31:11.417+0000] {processor.py:161} INFO - Started process (PID=18030) to work on /opt/airflow/dags/pipeline_scheduled.py
[2026-01-20T01:31:11.418+0000] {processor.py:830} INFO - Processing file /opt/airflow/dags/pipeline_scheduled.py for tasks to queue
[2026-01-20T01:31:11.421+0000] {logging_mixin.py:188} INFO - [2026-01-20T01:31:11.421+0000] {dagbag.py:545} INFO - Filling up the DagBag from /opt/airflow/dags/pipeline_scheduled.py
[2026-01-20T01:31:11.448+0000] {processor.py:840} INFO - DAG(s) 'pipeline_scheduled' retrieved from /opt/airflow/dags/pipeline_scheduled.py
[2026-01-20T01:31:11.485+0000] {logging_mixin.py:188} INFO - [2026-01-20T01:31:11.485+0000] {dag.py:3089} INFO - Sync 1 DAGs
[2026-01-20T01:31:11.509+0000] {logging_mixin.py:188} INFO - [2026-01-20T01:31:11.509+0000] {dag.py:3947} INFO - Setting next_dagrun for pipeline_scheduled to 2026-01-20 01:00:00+00:00, run_after=2026-01-20 02:00:00+00:00
[2026-01-20T01:31:11.532+0000] {processor.py:183} INFO - Processing /opt/airflow/dags/pipeline_scheduled.py took 0.122 seconds
[2026-01-20T01:31:41.833+0000] {processor.py:161} INFO - Started process (PID=18040) to work on /opt/airflow/dags/pipeline_scheduled.py
[2026-01-20T01:31:41.835+0000] {processor.py:830} INFO - Processing file /opt/airflow/dags/pipeline_scheduled.py for tasks to queue
[2026-01-20T01:31:41.837+0000] {logging_mixin.py:188} INFO - [2026-01-20T01:31:41.837+0000] {dagbag.py:545} INFO - Filling up the DagBag from /opt/airflow/dags/pipeline_scheduled.py
[2026-01-20T01:31:41.863+0000] {processor.py:840} INFO - DAG(s) 'pipeline_scheduled' retrieved from /opt/airflow/dags/pipeline_scheduled.py
[2026-01-20T01:31:41.897+0000] {logging_mixin.py:188} INFO - [2026-01-20T01:31:41.897+0000] {dag.py:3089} INFO - Sync 1 DAGs
[2026-01-20T01:31:41.920+0000] {logging_mixin.py:188} INFO - [2026-01-20T01:31:41.920+0000] {dag.py:3947} INFO - Setting next_dagrun for pipeline_scheduled to 2026-01-20 01:00:00+00:00, run_after=2026-01-20 02:00:00+00:00
[2026-01-20T01:31:41.941+0000] {processor.py:183} INFO - Processing /opt/airflow/dags/pipeline_scheduled.py took 0.115 seconds
[2026-01-20T01:32:12.245+0000] {processor.py:161} INFO - Started process (PID=18050) to work on /opt/airflow/dags/pipeline_scheduled.py
[2026-01-20T01:32:12.246+0000] {processor.py:830} INFO - Processing file /opt/airflow/dags/pipeline_scheduled.py for tasks to queue
[2026-01-20T01:32:12.249+0000] {logging_mixin.py:188} INFO - [2026-01-20T01:32:12.248+0000] {dagbag.py:545} INFO - Filling up the DagBag from /opt/airflow/dags/pipeline_scheduled.py
[2026-01-20T01:32:12.277+0000] {processor.py:840} INFO - DAG(s) 'pipeline_scheduled' retrieved from /opt/airflow/dags/pipeline_scheduled.py
[2026-01-20T01:32:12.320+0000] {logging_mixin.py:188} INFO - [2026-01-20T01:32:12.320+0000] {dag.py:3089} INFO - Sync 1 DAGs
[2026-01-20T01:32:12.346+0000] {logging_mixin.py:188} INFO - [2026-01-20T01:32:12.346+0000] {dag.py:3947} INFO - Setting next_dagrun for pipeline_scheduled to 2026-01-20 01:00:00+00:00, run_after=2026-01-20 02:00:00+00:00
[2026-01-20T01:32:12.368+0000] {processor.py:183} INFO - Processing /opt/airflow/dags/pipeline_scheduled.py took 0.132 seconds
[2026-01-20T01:32:42.643+0000] {processor.py:161} INFO - Started process (PID=18060) to work on /opt/airflow/dags/pipeline_scheduled.py
[2026-01-20T01:32:42.645+0000] {processor.py:830} INFO - Processing file /opt/airflow/dags/pipeline_scheduled.py for tasks to queue
[2026-01-20T01:32:42.647+0000] {logging_mixin.py:188} INFO - [2026-01-20T01:32:42.647+0000] {dagbag.py:545} INFO - Filling up the DagBag from /opt/airflow/dags/pipeline_scheduled.py
[2026-01-20T01:32:42.674+0000] {processor.py:840} INFO - DAG(s) 'pipeline_scheduled' retrieved from /opt/airflow/dags/pipeline_scheduled.py
[2026-01-20T01:32:42.705+0000] {logging_mixin.py:188} INFO - [2026-01-20T01:32:42.705+0000] {dag.py:3089} INFO - Sync 1 DAGs
[2026-01-20T01:32:42.724+0000] {logging_mixin.py:188} INFO - [2026-01-20T01:32:42.724+0000] {dag.py:3947} INFO - Setting next_dagrun for pipeline_scheduled to 2026-01-20 01:00:00+00:00, run_after=2026-01-20 02:00:00+00:00
[2026-01-20T01:32:42.742+0000] {processor.py:183} INFO - Processing /opt/airflow/dags/pipeline_scheduled.py took 0.105 seconds
[2026-01-20T01:33:12.991+0000] {processor.py:161} INFO - Started process (PID=18070) to work on /opt/airflow/dags/pipeline_scheduled.py
[2026-01-20T01:33:12.992+0000] {processor.py:830} INFO - Processing file /opt/airflow/dags/pipeline_scheduled.py for tasks to queue
[2026-01-20T01:33:12.994+0000] {logging_mixin.py:188} INFO - [2026-01-20T01:33:12.994+0000] {dagbag.py:545} INFO - Filling up the DagBag from /opt/airflow/dags/pipeline_scheduled.py
[2026-01-20T01:33:13.020+0000] {processor.py:840} INFO - DAG(s) 'pipeline_scheduled' retrieved from /opt/airflow/dags/pipeline_scheduled.py
[2026-01-20T01:33:13.052+0000] {logging_mixin.py:188} INFO - [2026-01-20T01:33:13.052+0000] {dag.py:3089} INFO - Sync 1 DAGs
[2026-01-20T01:33:13.072+0000] {logging_mixin.py:188} INFO - [2026-01-20T01:33:13.072+0000] {dag.py:3947} INFO - Setting next_dagrun for pipeline_scheduled to 2026-01-20 01:00:00+00:00, run_after=2026-01-20 02:00:00+00:00
[2026-01-20T01:33:13.092+0000] {processor.py:183} INFO - Processing /opt/airflow/dags/pipeline_scheduled.py took 0.107 seconds
[2026-01-20T01:33:43.405+0000] {processor.py:161} INFO - Started process (PID=18080) to work on /opt/airflow/dags/pipeline_scheduled.py
[2026-01-20T01:33:43.406+0000] {processor.py:830} INFO - Processing file /opt/airflow/dags/pipeline_scheduled.py for tasks to queue
[2026-01-20T01:33:43.410+0000] {logging_mixin.py:188} INFO - [2026-01-20T01:33:43.409+0000] {dagbag.py:545} INFO - Filling up the DagBag from /opt/airflow/dags/pipeline_scheduled.py
[2026-01-20T01:33:43.436+0000] {processor.py:840} INFO - DAG(s) 'pipeline_scheduled' retrieved from /opt/airflow/dags/pipeline_scheduled.py
[2026-01-20T01:33:43.476+0000] {logging_mixin.py:188} INFO - [2026-01-20T01:33:43.475+0000] {dag.py:3089} INFO - Sync 1 DAGs
[2026-01-20T01:33:43.499+0000] {logging_mixin.py:188} INFO - [2026-01-20T01:33:43.499+0000] {dag.py:3947} INFO - Setting next_dagrun for pipeline_scheduled to 2026-01-20 01:00:00+00:00, run_after=2026-01-20 02:00:00+00:00
[2026-01-20T01:33:43.519+0000] {processor.py:183} INFO - Processing /opt/airflow/dags/pipeline_scheduled.py took 0.122 seconds
[2026-01-20T01:34:13.815+0000] {processor.py:161} INFO - Started process (PID=18090) to work on /opt/airflow/dags/pipeline_scheduled.py
[2026-01-20T01:34:13.817+0000] {processor.py:830} INFO - Processing file /opt/airflow/dags/pipeline_scheduled.py for tasks to queue
[2026-01-20T01:34:13.820+0000] {logging_mixin.py:188} INFO - [2026-01-20T01:34:13.819+0000] {dagbag.py:545} INFO - Filling up the DagBag from /opt/airflow/dags/pipeline_scheduled.py
[2026-01-20T01:34:13.844+0000] {processor.py:840} INFO - DAG(s) 'pipeline_scheduled' retrieved from /opt/airflow/dags/pipeline_scheduled.py
[2026-01-20T01:34:13.878+0000] {logging_mixin.py:188} INFO - [2026-01-20T01:34:13.878+0000] {dag.py:3089} INFO - Sync 1 DAGs
[2026-01-20T01:34:13.901+0000] {logging_mixin.py:188} INFO - [2026-01-20T01:34:13.901+0000] {dag.py:3947} INFO - Setting next_dagrun for pipeline_scheduled to 2026-01-20 01:00:00+00:00, run_after=2026-01-20 02:00:00+00:00
[2026-01-20T01:34:13.920+0000] {processor.py:183} INFO - Processing /opt/airflow/dags/pipeline_scheduled.py took 0.112 seconds
[2026-01-20T01:34:44.231+0000] {processor.py:161} INFO - Started process (PID=18100) to work on /opt/airflow/dags/pipeline_scheduled.py
[2026-01-20T01:34:44.232+0000] {processor.py:830} INFO - Processing file /opt/airflow/dags/pipeline_scheduled.py for tasks to queue
[2026-01-20T01:34:44.234+0000] {logging_mixin.py:188} INFO - [2026-01-20T01:34:44.234+0000] {dagbag.py:545} INFO - Filling up the DagBag from /opt/airflow/dags/pipeline_scheduled.py
[2026-01-20T01:34:44.261+0000] {processor.py:840} INFO - DAG(s) 'pipeline_scheduled' retrieved from /opt/airflow/dags/pipeline_scheduled.py
[2026-01-20T01:34:44.300+0000] {logging_mixin.py:188} INFO - [2026-01-20T01:34:44.300+0000] {dag.py:3089} INFO - Sync 1 DAGs
[2026-01-20T01:34:44.325+0000] {logging_mixin.py:188} INFO - [2026-01-20T01:34:44.324+0000] {dag.py:3947} INFO - Setting next_dagrun for pipeline_scheduled to 2026-01-20 01:00:00+00:00, run_after=2026-01-20 02:00:00+00:00
[2026-01-20T01:34:44.346+0000] {processor.py:183} INFO - Processing /opt/airflow/dags/pipeline_scheduled.py took 0.123 seconds
[2026-01-20T01:35:14.664+0000] {processor.py:161} INFO - Started process (PID=18110) to work on /opt/airflow/dags/pipeline_scheduled.py
[2026-01-20T01:35:14.666+0000] {processor.py:830} INFO - Processing file /opt/airflow/dags/pipeline_scheduled.py for tasks to queue
[2026-01-20T01:35:14.668+0000] {logging_mixin.py:188} INFO - [2026-01-20T01:35:14.668+0000] {dagbag.py:545} INFO - Filling up the DagBag from /opt/airflow/dags/pipeline_scheduled.py
[2026-01-20T01:35:14.697+0000] {processor.py:840} INFO - DAG(s) 'pipeline_scheduled' retrieved from /opt/airflow/dags/pipeline_scheduled.py
[2026-01-20T01:35:14.737+0000] {logging_mixin.py:188} INFO - [2026-01-20T01:35:14.736+0000] {dag.py:3089} INFO - Sync 1 DAGs
[2026-01-20T01:35:14.761+0000] {logging_mixin.py:188} INFO - [2026-01-20T01:35:14.760+0000] {dag.py:3947} INFO - Setting next_dagrun for pipeline_scheduled to 2026-01-20 01:00:00+00:00, run_after=2026-01-20 02:00:00+00:00
[2026-01-20T01:35:14.783+0000] {processor.py:183} INFO - Processing /opt/airflow/dags/pipeline_scheduled.py took 0.126 seconds
[2026-01-20T01:35:45.074+0000] {processor.py:161} INFO - Started process (PID=18120) to work on /opt/airflow/dags/pipeline_scheduled.py
[2026-01-20T01:35:45.075+0000] {processor.py:830} INFO - Processing file /opt/airflow/dags/pipeline_scheduled.py for tasks to queue
[2026-01-20T01:35:45.078+0000] {logging_mixin.py:188} INFO - [2026-01-20T01:35:45.077+0000] {dagbag.py:545} INFO - Filling up the DagBag from /opt/airflow/dags/pipeline_scheduled.py
[2026-01-20T01:35:45.105+0000] {processor.py:840} INFO - DAG(s) 'pipeline_scheduled' retrieved from /opt/airflow/dags/pipeline_scheduled.py
[2026-01-20T01:35:45.140+0000] {logging_mixin.py:188} INFO - [2026-01-20T01:35:45.140+0000] {dag.py:3089} INFO - Sync 1 DAGs
[2026-01-20T01:35:45.165+0000] {logging_mixin.py:188} INFO - [2026-01-20T01:35:45.164+0000] {dag.py:3947} INFO - Setting next_dagrun for pipeline_scheduled to 2026-01-20 01:00:00+00:00, run_after=2026-01-20 02:00:00+00:00
[2026-01-20T01:35:45.185+0000] {processor.py:183} INFO - Processing /opt/airflow/dags/pipeline_scheduled.py took 0.118 seconds
[2026-01-20T01:36:15.489+0000] {processor.py:161} INFO - Started process (PID=18130) to work on /opt/airflow/dags/pipeline_scheduled.py
[2026-01-20T01:36:15.490+0000] {processor.py:830} INFO - Processing file /opt/airflow/dags/pipeline_scheduled.py for tasks to queue
[2026-01-20T01:36:15.493+0000] {logging_mixin.py:188} INFO - [2026-01-20T01:36:15.493+0000] {dagbag.py:545} INFO - Filling up the DagBag from /opt/airflow/dags/pipeline_scheduled.py
[2026-01-20T01:36:15.519+0000] {processor.py:840} INFO - DAG(s) 'pipeline_scheduled' retrieved from /opt/airflow/dags/pipeline_scheduled.py
[2026-01-20T01:36:15.558+0000] {logging_mixin.py:188} INFO - [2026-01-20T01:36:15.558+0000] {dag.py:3089} INFO - Sync 1 DAGs
[2026-01-20T01:36:15.582+0000] {logging_mixin.py:188} INFO - [2026-01-20T01:36:15.582+0000] {dag.py:3947} INFO - Setting next_dagrun for pipeline_scheduled to 2026-01-20 01:00:00+00:00, run_after=2026-01-20 02:00:00+00:00
[2026-01-20T01:36:15.604+0000] {processor.py:183} INFO - Processing /opt/airflow/dags/pipeline_scheduled.py took 0.123 seconds
[2026-01-20T01:36:45.907+0000] {processor.py:161} INFO - Started process (PID=18140) to work on /opt/airflow/dags/pipeline_scheduled.py
[2026-01-20T01:36:45.908+0000] {processor.py:830} INFO - Processing file /opt/airflow/dags/pipeline_scheduled.py for tasks to queue
[2026-01-20T01:36:45.911+0000] {logging_mixin.py:188} INFO - [2026-01-20T01:36:45.910+0000] {dagbag.py:545} INFO - Filling up the DagBag from /opt/airflow/dags/pipeline_scheduled.py
[2026-01-20T01:36:45.937+0000] {processor.py:840} INFO - DAG(s) 'pipeline_scheduled' retrieved from /opt/airflow/dags/pipeline_scheduled.py
[2026-01-20T01:36:45.975+0000] {logging_mixin.py:188} INFO - [2026-01-20T01:36:45.975+0000] {dag.py:3089} INFO - Sync 1 DAGs
[2026-01-20T01:36:46.000+0000] {logging_mixin.py:188} INFO - [2026-01-20T01:36:45.999+0000] {dag.py:3947} INFO - Setting next_dagrun for pipeline_scheduled to 2026-01-20 01:00:00+00:00, run_after=2026-01-20 02:00:00+00:00
[2026-01-20T01:36:46.022+0000] {processor.py:183} INFO - Processing /opt/airflow/dags/pipeline_scheduled.py took 0.123 seconds
[2026-01-20T01:37:16.334+0000] {processor.py:161} INFO - Started process (PID=18150) to work on /opt/airflow/dags/pipeline_scheduled.py
[2026-01-20T01:37:16.335+0000] {processor.py:830} INFO - Processing file /opt/airflow/dags/pipeline_scheduled.py for tasks to queue
[2026-01-20T01:37:16.338+0000] {logging_mixin.py:188} INFO - [2026-01-20T01:37:16.337+0000] {dagbag.py:545} INFO - Filling up the DagBag from /opt/airflow/dags/pipeline_scheduled.py
[2026-01-20T01:37:16.365+0000] {processor.py:840} INFO - DAG(s) 'pipeline_scheduled' retrieved from /opt/airflow/dags/pipeline_scheduled.py
[2026-01-20T01:37:16.401+0000] {logging_mixin.py:188} INFO - [2026-01-20T01:37:16.400+0000] {dag.py:3089} INFO - Sync 1 DAGs
[2026-01-20T01:37:16.425+0000] {logging_mixin.py:188} INFO - [2026-01-20T01:37:16.425+0000] {dag.py:3947} INFO - Setting next_dagrun for pipeline_scheduled to 2026-01-20 01:00:00+00:00, run_after=2026-01-20 02:00:00+00:00
[2026-01-20T01:37:16.446+0000] {processor.py:183} INFO - Processing /opt/airflow/dags/pipeline_scheduled.py took 0.120 seconds
[2026-01-20T01:37:46.758+0000] {processor.py:161} INFO - Started process (PID=18160) to work on /opt/airflow/dags/pipeline_scheduled.py
[2026-01-20T01:37:46.759+0000] {processor.py:830} INFO - Processing file /opt/airflow/dags/pipeline_scheduled.py for tasks to queue
[2026-01-20T01:37:46.761+0000] {logging_mixin.py:188} INFO - [2026-01-20T01:37:46.761+0000] {dagbag.py:545} INFO - Filling up the DagBag from /opt/airflow/dags/pipeline_scheduled.py
[2026-01-20T01:37:46.788+0000] {processor.py:840} INFO - DAG(s) 'pipeline_scheduled' retrieved from /opt/airflow/dags/pipeline_scheduled.py
[2026-01-20T01:37:46.826+0000] {logging_mixin.py:188} INFO - [2026-01-20T01:37:46.826+0000] {dag.py:3089} INFO - Sync 1 DAGs
[2026-01-20T01:37:46.852+0000] {logging_mixin.py:188} INFO - [2026-01-20T01:37:46.852+0000] {dag.py:3947} INFO - Setting next_dagrun for pipeline_scheduled to 2026-01-20 01:00:00+00:00, run_after=2026-01-20 02:00:00+00:00
[2026-01-20T01:37:46.874+0000] {processor.py:183} INFO - Processing /opt/airflow/dags/pipeline_scheduled.py took 0.124 seconds
[2026-01-20T01:38:17.174+0000] {processor.py:161} INFO - Started process (PID=18170) to work on /opt/airflow/dags/pipeline_scheduled.py
[2026-01-20T01:38:17.176+0000] {processor.py:830} INFO - Processing file /opt/airflow/dags/pipeline_scheduled.py for tasks to queue
[2026-01-20T01:38:17.178+0000] {logging_mixin.py:188} INFO - [2026-01-20T01:38:17.178+0000] {dagbag.py:545} INFO - Filling up the DagBag from /opt/airflow/dags/pipeline_scheduled.py
[2026-01-20T01:38:17.206+0000] {processor.py:840} INFO - DAG(s) 'pipeline_scheduled' retrieved from /opt/airflow/dags/pipeline_scheduled.py
[2026-01-20T01:38:17.245+0000] {logging_mixin.py:188} INFO - [2026-01-20T01:38:17.245+0000] {dag.py:3089} INFO - Sync 1 DAGs
[2026-01-20T01:38:17.269+0000] {logging_mixin.py:188} INFO - [2026-01-20T01:38:17.269+0000] {dag.py:3947} INFO - Setting next_dagrun for pipeline_scheduled to 2026-01-20 01:00:00+00:00, run_after=2026-01-20 02:00:00+00:00
[2026-01-20T01:38:17.292+0000] {processor.py:183} INFO - Processing /opt/airflow/dags/pipeline_scheduled.py took 0.125 seconds
[2026-01-20T01:38:47.633+0000] {processor.py:161} INFO - Started process (PID=18180) to work on /opt/airflow/dags/pipeline_scheduled.py
[2026-01-20T01:38:47.635+0000] {processor.py:830} INFO - Processing file /opt/airflow/dags/pipeline_scheduled.py for tasks to queue
[2026-01-20T01:38:47.638+0000] {logging_mixin.py:188} INFO - [2026-01-20T01:38:47.638+0000] {dagbag.py:545} INFO - Filling up the DagBag from /opt/airflow/dags/pipeline_scheduled.py
[2026-01-20T01:38:47.664+0000] {processor.py:840} INFO - DAG(s) 'pipeline_scheduled' retrieved from /opt/airflow/dags/pipeline_scheduled.py
[2026-01-20T01:38:47.702+0000] {logging_mixin.py:188} INFO - [2026-01-20T01:38:47.702+0000] {dag.py:3089} INFO - Sync 1 DAGs
[2026-01-20T01:38:47.729+0000] {logging_mixin.py:188} INFO - [2026-01-20T01:38:47.728+0000] {dag.py:3947} INFO - Setting next_dagrun for pipeline_scheduled to 2026-01-20 01:00:00+00:00, run_after=2026-01-20 02:00:00+00:00
[2026-01-20T01:38:47.750+0000] {processor.py:183} INFO - Processing /opt/airflow/dags/pipeline_scheduled.py took 0.124 seconds
[2026-01-20T01:39:18.050+0000] {processor.py:161} INFO - Started process (PID=18190) to work on /opt/airflow/dags/pipeline_scheduled.py
[2026-01-20T01:39:18.052+0000] {processor.py:830} INFO - Processing file /opt/airflow/dags/pipeline_scheduled.py for tasks to queue
[2026-01-20T01:39:18.055+0000] {logging_mixin.py:188} INFO - [2026-01-20T01:39:18.054+0000] {dagbag.py:545} INFO - Filling up the DagBag from /opt/airflow/dags/pipeline_scheduled.py
[2026-01-20T01:39:18.082+0000] {processor.py:840} INFO - DAG(s) 'pipeline_scheduled' retrieved from /opt/airflow/dags/pipeline_scheduled.py
[2026-01-20T01:39:18.119+0000] {logging_mixin.py:188} INFO - [2026-01-20T01:39:18.119+0000] {dag.py:3089} INFO - Sync 1 DAGs
[2026-01-20T01:39:18.144+0000] {logging_mixin.py:188} INFO - [2026-01-20T01:39:18.144+0000] {dag.py:3947} INFO - Setting next_dagrun for pipeline_scheduled to 2026-01-20 01:00:00+00:00, run_after=2026-01-20 02:00:00+00:00
[2026-01-20T01:39:18.166+0000] {processor.py:183} INFO - Processing /opt/airflow/dags/pipeline_scheduled.py took 0.124 seconds
[2026-01-20T01:39:48.484+0000] {processor.py:161} INFO - Started process (PID=18200) to work on /opt/airflow/dags/pipeline_scheduled.py
[2026-01-20T01:39:48.486+0000] {processor.py:830} INFO - Processing file /opt/airflow/dags/pipeline_scheduled.py for tasks to queue
[2026-01-20T01:39:48.488+0000] {logging_mixin.py:188} INFO - [2026-01-20T01:39:48.488+0000] {dagbag.py:545} INFO - Filling up the DagBag from /opt/airflow/dags/pipeline_scheduled.py
[2026-01-20T01:39:48.514+0000] {processor.py:840} INFO - DAG(s) 'pipeline_scheduled' retrieved from /opt/airflow/dags/pipeline_scheduled.py
[2026-01-20T01:39:48.551+0000] {logging_mixin.py:188} INFO - [2026-01-20T01:39:48.551+0000] {dag.py:3089} INFO - Sync 1 DAGs
[2026-01-20T01:39:48.576+0000] {logging_mixin.py:188} INFO - [2026-01-20T01:39:48.576+0000] {dag.py:3947} INFO - Setting next_dagrun for pipeline_scheduled to 2026-01-20 01:00:00+00:00, run_after=2026-01-20 02:00:00+00:00
[2026-01-20T01:39:48.600+0000] {processor.py:183} INFO - Processing /opt/airflow/dags/pipeline_scheduled.py took 0.123 seconds
[2026-01-20T01:40:18.907+0000] {processor.py:161} INFO - Started process (PID=18210) to work on /opt/airflow/dags/pipeline_scheduled.py
[2026-01-20T01:40:18.908+0000] {processor.py:830} INFO - Processing file /opt/airflow/dags/pipeline_scheduled.py for tasks to queue
[2026-01-20T01:40:18.911+0000] {logging_mixin.py:188} INFO - [2026-01-20T01:40:18.910+0000] {dagbag.py:545} INFO - Filling up the DagBag from /opt/airflow/dags/pipeline_scheduled.py
[2026-01-20T01:40:18.937+0000] {processor.py:840} INFO - DAG(s) 'pipeline_scheduled' retrieved from /opt/airflow/dags/pipeline_scheduled.py
[2026-01-20T01:40:18.975+0000] {logging_mixin.py:188} INFO - [2026-01-20T01:40:18.974+0000] {dag.py:3089} INFO - Sync 1 DAGs
[2026-01-20T01:40:19.000+0000] {logging_mixin.py:188} INFO - [2026-01-20T01:40:18.999+0000] {dag.py:3947} INFO - Setting next_dagrun for pipeline_scheduled to 2026-01-20 01:00:00+00:00, run_after=2026-01-20 02:00:00+00:00
[2026-01-20T01:40:19.019+0000] {processor.py:183} INFO - Processing /opt/airflow/dags/pipeline_scheduled.py took 0.120 seconds
[2026-01-20T01:40:49.320+0000] {processor.py:161} INFO - Started process (PID=18220) to work on /opt/airflow/dags/pipeline_scheduled.py
[2026-01-20T01:40:49.322+0000] {processor.py:830} INFO - Processing file /opt/airflow/dags/pipeline_scheduled.py for tasks to queue
[2026-01-20T01:40:49.324+0000] {logging_mixin.py:188} INFO - [2026-01-20T01:40:49.324+0000] {dagbag.py:545} INFO - Filling up the DagBag from /opt/airflow/dags/pipeline_scheduled.py
[2026-01-20T01:40:49.350+0000] {processor.py:840} INFO - DAG(s) 'pipeline_scheduled' retrieved from /opt/airflow/dags/pipeline_scheduled.py
[2026-01-20T01:40:49.392+0000] {logging_mixin.py:188} INFO - [2026-01-20T01:40:49.391+0000] {dag.py:3089} INFO - Sync 1 DAGs
[2026-01-20T01:40:49.417+0000] {logging_mixin.py:188} INFO - [2026-01-20T01:40:49.416+0000] {dag.py:3947} INFO - Setting next_dagrun for pipeline_scheduled to 2026-01-20 01:00:00+00:00, run_after=2026-01-20 02:00:00+00:00
[2026-01-20T01:40:49.439+0000] {processor.py:183} INFO - Processing /opt/airflow/dags/pipeline_scheduled.py took 0.126 seconds
[2026-01-20T01:41:19.743+0000] {processor.py:161} INFO - Started process (PID=18230) to work on /opt/airflow/dags/pipeline_scheduled.py
[2026-01-20T01:41:19.744+0000] {processor.py:830} INFO - Processing file /opt/airflow/dags/pipeline_scheduled.py for tasks to queue
[2026-01-20T01:41:19.746+0000] {logging_mixin.py:188} INFO - [2026-01-20T01:41:19.746+0000] {dagbag.py:545} INFO - Filling up the DagBag from /opt/airflow/dags/pipeline_scheduled.py
[2026-01-20T01:41:19.772+0000] {processor.py:840} INFO - DAG(s) 'pipeline_scheduled' retrieved from /opt/airflow/dags/pipeline_scheduled.py
[2026-01-20T01:41:19.811+0000] {logging_mixin.py:188} INFO - [2026-01-20T01:41:19.811+0000] {dag.py:3089} INFO - Sync 1 DAGs
[2026-01-20T01:41:19.835+0000] {logging_mixin.py:188} INFO - [2026-01-20T01:41:19.835+0000] {dag.py:3947} INFO - Setting next_dagrun for pipeline_scheduled to 2026-01-20 01:00:00+00:00, run_after=2026-01-20 02:00:00+00:00
[2026-01-20T01:41:19.856+0000] {processor.py:183} INFO - Processing /opt/airflow/dags/pipeline_scheduled.py took 0.121 seconds
[2026-01-20T01:41:50.168+0000] {processor.py:161} INFO - Started process (PID=18240) to work on /opt/airflow/dags/pipeline_scheduled.py
[2026-01-20T01:41:50.169+0000] {processor.py:830} INFO - Processing file /opt/airflow/dags/pipeline_scheduled.py for tasks to queue
[2026-01-20T01:41:50.172+0000] {logging_mixin.py:188} INFO - [2026-01-20T01:41:50.172+0000] {dagbag.py:545} INFO - Filling up the DagBag from /opt/airflow/dags/pipeline_scheduled.py
[2026-01-20T01:41:50.200+0000] {processor.py:840} INFO - DAG(s) 'pipeline_scheduled' retrieved from /opt/airflow/dags/pipeline_scheduled.py
[2026-01-20T01:41:50.237+0000] {logging_mixin.py:188} INFO - [2026-01-20T01:41:50.236+0000] {dag.py:3089} INFO - Sync 1 DAGs
[2026-01-20T01:41:50.260+0000] {logging_mixin.py:188} INFO - [2026-01-20T01:41:50.260+0000] {dag.py:3947} INFO - Setting next_dagrun for pipeline_scheduled to 2026-01-20 01:00:00+00:00, run_after=2026-01-20 02:00:00+00:00
[2026-01-20T01:41:50.282+0000] {processor.py:183} INFO - Processing /opt/airflow/dags/pipeline_scheduled.py took 0.122 seconds
[2026-01-20T01:42:20.583+0000] {processor.py:161} INFO - Started process (PID=18250) to work on /opt/airflow/dags/pipeline_scheduled.py
[2026-01-20T01:42:20.584+0000] {processor.py:830} INFO - Processing file /opt/airflow/dags/pipeline_scheduled.py for tasks to queue
[2026-01-20T01:42:20.586+0000] {logging_mixin.py:188} INFO - [2026-01-20T01:42:20.586+0000] {dagbag.py:545} INFO - Filling up the DagBag from /opt/airflow/dags/pipeline_scheduled.py
[2026-01-20T01:42:20.613+0000] {processor.py:840} INFO - DAG(s) 'pipeline_scheduled' retrieved from /opt/airflow/dags/pipeline_scheduled.py
[2026-01-20T01:42:20.649+0000] {logging_mixin.py:188} INFO - [2026-01-20T01:42:20.649+0000] {dag.py:3089} INFO - Sync 1 DAGs
[2026-01-20T01:42:20.674+0000] {logging_mixin.py:188} INFO - [2026-01-20T01:42:20.673+0000] {dag.py:3947} INFO - Setting next_dagrun for pipeline_scheduled to 2026-01-20 01:00:00+00:00, run_after=2026-01-20 02:00:00+00:00
[2026-01-20T01:42:20.694+0000] {processor.py:183} INFO - Processing /opt/airflow/dags/pipeline_scheduled.py took 0.119 seconds
[2026-01-20T01:42:51.007+0000] {processor.py:161} INFO - Started process (PID=18260) to work on /opt/airflow/dags/pipeline_scheduled.py
[2026-01-20T01:42:51.008+0000] {processor.py:830} INFO - Processing file /opt/airflow/dags/pipeline_scheduled.py for tasks to queue
[2026-01-20T01:42:51.010+0000] {logging_mixin.py:188} INFO - [2026-01-20T01:42:51.010+0000] {dagbag.py:545} INFO - Filling up the DagBag from /opt/airflow/dags/pipeline_scheduled.py
[2026-01-20T01:42:51.037+0000] {processor.py:840} INFO - DAG(s) 'pipeline_scheduled' retrieved from /opt/airflow/dags/pipeline_scheduled.py
[2026-01-20T01:42:51.074+0000] {logging_mixin.py:188} INFO - [2026-01-20T01:42:51.073+0000] {dag.py:3089} INFO - Sync 1 DAGs
[2026-01-20T01:42:51.097+0000] {logging_mixin.py:188} INFO - [2026-01-20T01:42:51.096+0000] {dag.py:3947} INFO - Setting next_dagrun for pipeline_scheduled to 2026-01-20 01:00:00+00:00, run_after=2026-01-20 02:00:00+00:00
[2026-01-20T01:42:51.119+0000] {processor.py:183} INFO - Processing /opt/airflow/dags/pipeline_scheduled.py took 0.120 seconds
[2026-01-20T01:43:21.409+0000] {processor.py:161} INFO - Started process (PID=18270) to work on /opt/airflow/dags/pipeline_scheduled.py
[2026-01-20T01:43:21.410+0000] {processor.py:830} INFO - Processing file /opt/airflow/dags/pipeline_scheduled.py for tasks to queue
[2026-01-20T01:43:21.412+0000] {logging_mixin.py:188} INFO - [2026-01-20T01:43:21.412+0000] {dagbag.py:545} INFO - Filling up the DagBag from /opt/airflow/dags/pipeline_scheduled.py
[2026-01-20T01:43:21.438+0000] {processor.py:840} INFO - DAG(s) 'pipeline_scheduled' retrieved from /opt/airflow/dags/pipeline_scheduled.py
[2026-01-20T01:43:21.475+0000] {logging_mixin.py:188} INFO - [2026-01-20T01:43:21.474+0000] {dag.py:3089} INFO - Sync 1 DAGs
[2026-01-20T01:43:21.501+0000] {logging_mixin.py:188} INFO - [2026-01-20T01:43:21.501+0000] {dag.py:3947} INFO - Setting next_dagrun for pipeline_scheduled to 2026-01-20 01:00:00+00:00, run_after=2026-01-20 02:00:00+00:00
[2026-01-20T01:43:21.521+0000] {processor.py:183} INFO - Processing /opt/airflow/dags/pipeline_scheduled.py took 0.120 seconds
[2026-01-20T01:43:51.876+0000] {processor.py:161} INFO - Started process (PID=18280) to work on /opt/airflow/dags/pipeline_scheduled.py
[2026-01-20T01:43:51.877+0000] {processor.py:830} INFO - Processing file /opt/airflow/dags/pipeline_scheduled.py for tasks to queue
[2026-01-20T01:43:51.880+0000] {logging_mixin.py:188} INFO - [2026-01-20T01:43:51.880+0000] {dagbag.py:545} INFO - Filling up the DagBag from /opt/airflow/dags/pipeline_scheduled.py
[2026-01-20T01:43:51.906+0000] {processor.py:840} INFO - DAG(s) 'pipeline_scheduled' retrieved from /opt/airflow/dags/pipeline_scheduled.py
[2026-01-20T01:43:51.942+0000] {logging_mixin.py:188} INFO - [2026-01-20T01:43:51.942+0000] {dag.py:3089} INFO - Sync 1 DAGs
[2026-01-20T01:43:51.966+0000] {logging_mixin.py:188} INFO - [2026-01-20T01:43:51.965+0000] {dag.py:3947} INFO - Setting next_dagrun for pipeline_scheduled to 2026-01-20 01:00:00+00:00, run_after=2026-01-20 02:00:00+00:00
[2026-01-20T01:43:51.987+0000] {processor.py:183} INFO - Processing /opt/airflow/dags/pipeline_scheduled.py took 0.119 seconds
[2026-01-20T01:44:22.299+0000] {processor.py:161} INFO - Started process (PID=18290) to work on /opt/airflow/dags/pipeline_scheduled.py
[2026-01-20T01:44:22.300+0000] {processor.py:830} INFO - Processing file /opt/airflow/dags/pipeline_scheduled.py for tasks to queue
[2026-01-20T01:44:22.302+0000] {logging_mixin.py:188} INFO - [2026-01-20T01:44:22.302+0000] {dagbag.py:545} INFO - Filling up the DagBag from /opt/airflow/dags/pipeline_scheduled.py
[2026-01-20T01:44:22.329+0000] {processor.py:840} INFO - DAG(s) 'pipeline_scheduled' retrieved from /opt/airflow/dags/pipeline_scheduled.py
[2026-01-20T01:44:22.368+0000] {logging_mixin.py:188} INFO - [2026-01-20T01:44:22.368+0000] {dag.py:3089} INFO - Sync 1 DAGs
[2026-01-20T01:44:22.392+0000] {logging_mixin.py:188} INFO - [2026-01-20T01:44:22.392+0000] {dag.py:3947} INFO - Setting next_dagrun for pipeline_scheduled to 2026-01-20 01:00:00+00:00, run_after=2026-01-20 02:00:00+00:00
[2026-01-20T01:44:22.414+0000] {processor.py:183} INFO - Processing /opt/airflow/dags/pipeline_scheduled.py took 0.123 seconds
[2026-01-20T01:44:52.712+0000] {processor.py:161} INFO - Started process (PID=18300) to work on /opt/airflow/dags/pipeline_scheduled.py
[2026-01-20T01:44:52.714+0000] {processor.py:830} INFO - Processing file /opt/airflow/dags/pipeline_scheduled.py for tasks to queue
[2026-01-20T01:44:52.716+0000] {logging_mixin.py:188} INFO - [2026-01-20T01:44:52.716+0000] {dagbag.py:545} INFO - Filling up the DagBag from /opt/airflow/dags/pipeline_scheduled.py
[2026-01-20T01:44:52.743+0000] {processor.py:840} INFO - DAG(s) 'pipeline_scheduled' retrieved from /opt/airflow/dags/pipeline_scheduled.py
[2026-01-20T01:44:52.781+0000] {logging_mixin.py:188} INFO - [2026-01-20T01:44:52.781+0000] {dag.py:3089} INFO - Sync 1 DAGs
[2026-01-20T01:44:52.805+0000] {logging_mixin.py:188} INFO - [2026-01-20T01:44:52.805+0000] {dag.py:3947} INFO - Setting next_dagrun for pipeline_scheduled to 2026-01-20 01:00:00+00:00, run_after=2026-01-20 02:00:00+00:00
[2026-01-20T01:44:52.826+0000] {processor.py:183} INFO - Processing /opt/airflow/dags/pipeline_scheduled.py took 0.121 seconds
[2026-01-20T01:45:23.137+0000] {processor.py:161} INFO - Started process (PID=18310) to work on /opt/airflow/dags/pipeline_scheduled.py
[2026-01-20T01:45:23.138+0000] {processor.py:830} INFO - Processing file /opt/airflow/dags/pipeline_scheduled.py for tasks to queue
[2026-01-20T01:45:23.141+0000] {logging_mixin.py:188} INFO - [2026-01-20T01:45:23.140+0000] {dagbag.py:545} INFO - Filling up the DagBag from /opt/airflow/dags/pipeline_scheduled.py
[2026-01-20T01:45:23.167+0000] {processor.py:840} INFO - DAG(s) 'pipeline_scheduled' retrieved from /opt/airflow/dags/pipeline_scheduled.py
[2026-01-20T01:45:23.206+0000] {logging_mixin.py:188} INFO - [2026-01-20T01:45:23.206+0000] {dag.py:3089} INFO - Sync 1 DAGs
[2026-01-20T01:45:23.231+0000] {logging_mixin.py:188} INFO - [2026-01-20T01:45:23.231+0000] {dag.py:3947} INFO - Setting next_dagrun for pipeline_scheduled to 2026-01-20 01:00:00+00:00, run_after=2026-01-20 02:00:00+00:00
[2026-01-20T01:45:23.255+0000] {processor.py:183} INFO - Processing /opt/airflow/dags/pipeline_scheduled.py took 0.126 seconds
[2026-01-20T01:45:53.550+0000] {processor.py:161} INFO - Started process (PID=18320) to work on /opt/airflow/dags/pipeline_scheduled.py
[2026-01-20T01:45:53.551+0000] {processor.py:830} INFO - Processing file /opt/airflow/dags/pipeline_scheduled.py for tasks to queue
[2026-01-20T01:45:53.553+0000] {logging_mixin.py:188} INFO - [2026-01-20T01:45:53.553+0000] {dagbag.py:545} INFO - Filling up the DagBag from /opt/airflow/dags/pipeline_scheduled.py
[2026-01-20T01:45:53.578+0000] {processor.py:840} INFO - DAG(s) 'pipeline_scheduled' retrieved from /opt/airflow/dags/pipeline_scheduled.py
[2026-01-20T01:45:53.611+0000] {logging_mixin.py:188} INFO - [2026-01-20T01:45:53.610+0000] {dag.py:3089} INFO - Sync 1 DAGs
[2026-01-20T01:45:53.633+0000] {logging_mixin.py:188} INFO - [2026-01-20T01:45:53.633+0000] {dag.py:3947} INFO - Setting next_dagrun for pipeline_scheduled to 2026-01-20 01:00:00+00:00, run_after=2026-01-20 02:00:00+00:00
[2026-01-20T01:45:53.652+0000] {processor.py:183} INFO - Processing /opt/airflow/dags/pipeline_scheduled.py took 0.107 seconds
[2026-01-20T01:46:23.947+0000] {processor.py:161} INFO - Started process (PID=18330) to work on /opt/airflow/dags/pipeline_scheduled.py
[2026-01-20T01:46:23.948+0000] {processor.py:830} INFO - Processing file /opt/airflow/dags/pipeline_scheduled.py for tasks to queue
[2026-01-20T01:46:23.950+0000] {logging_mixin.py:188} INFO - [2026-01-20T01:46:23.950+0000] {dagbag.py:545} INFO - Filling up the DagBag from /opt/airflow/dags/pipeline_scheduled.py
[2026-01-20T01:46:23.978+0000] {processor.py:840} INFO - DAG(s) 'pipeline_scheduled' retrieved from /opt/airflow/dags/pipeline_scheduled.py
[2026-01-20T01:46:24.019+0000] {logging_mixin.py:188} INFO - [2026-01-20T01:46:24.019+0000] {dag.py:3089} INFO - Sync 1 DAGs
[2026-01-20T01:46:24.045+0000] {logging_mixin.py:188} INFO - [2026-01-20T01:46:24.045+0000] {dag.py:3947} INFO - Setting next_dagrun for pipeline_scheduled to 2026-01-20 01:00:00+00:00, run_after=2026-01-20 02:00:00+00:00
[2026-01-20T01:46:24.067+0000] {processor.py:183} INFO - Processing /opt/airflow/dags/pipeline_scheduled.py took 0.129 seconds
[2026-01-20T01:46:54.389+0000] {processor.py:161} INFO - Started process (PID=18340) to work on /opt/airflow/dags/pipeline_scheduled.py
[2026-01-20T01:46:54.391+0000] {processor.py:830} INFO - Processing file /opt/airflow/dags/pipeline_scheduled.py for tasks to queue
[2026-01-20T01:46:54.394+0000] {logging_mixin.py:188} INFO - [2026-01-20T01:46:54.393+0000] {dagbag.py:545} INFO - Filling up the DagBag from /opt/airflow/dags/pipeline_scheduled.py
[2026-01-20T01:46:54.421+0000] {processor.py:840} INFO - DAG(s) 'pipeline_scheduled' retrieved from /opt/airflow/dags/pipeline_scheduled.py
[2026-01-20T01:46:54.461+0000] {logging_mixin.py:188} INFO - [2026-01-20T01:46:54.460+0000] {dag.py:3089} INFO - Sync 1 DAGs
[2026-01-20T01:46:54.485+0000] {logging_mixin.py:188} INFO - [2026-01-20T01:46:54.485+0000] {dag.py:3947} INFO - Setting next_dagrun for pipeline_scheduled to 2026-01-20 01:00:00+00:00, run_after=2026-01-20 02:00:00+00:00
[2026-01-20T01:46:54.506+0000] {processor.py:183} INFO - Processing /opt/airflow/dags/pipeline_scheduled.py took 0.126 seconds
[2026-01-20T01:47:24.807+0000] {processor.py:161} INFO - Started process (PID=18350) to work on /opt/airflow/dags/pipeline_scheduled.py
[2026-01-20T01:47:24.809+0000] {processor.py:830} INFO - Processing file /opt/airflow/dags/pipeline_scheduled.py for tasks to queue
[2026-01-20T01:47:24.811+0000] {logging_mixin.py:188} INFO - [2026-01-20T01:47:24.811+0000] {dagbag.py:545} INFO - Filling up the DagBag from /opt/airflow/dags/pipeline_scheduled.py
[2026-01-20T01:47:24.839+0000] {processor.py:840} INFO - DAG(s) 'pipeline_scheduled' retrieved from /opt/airflow/dags/pipeline_scheduled.py
[2026-01-20T01:47:24.877+0000] {logging_mixin.py:188} INFO - [2026-01-20T01:47:24.876+0000] {dag.py:3089} INFO - Sync 1 DAGs
[2026-01-20T01:47:24.901+0000] {logging_mixin.py:188} INFO - [2026-01-20T01:47:24.901+0000] {dag.py:3947} INFO - Setting next_dagrun for pipeline_scheduled to 2026-01-20 01:00:00+00:00, run_after=2026-01-20 02:00:00+00:00
[2026-01-20T01:47:24.922+0000] {processor.py:183} INFO - Processing /opt/airflow/dags/pipeline_scheduled.py took 0.123 seconds
[2026-01-20T01:47:55.224+0000] {processor.py:161} INFO - Started process (PID=18360) to work on /opt/airflow/dags/pipeline_scheduled.py
[2026-01-20T01:47:55.225+0000] {processor.py:830} INFO - Processing file /opt/airflow/dags/pipeline_scheduled.py for tasks to queue
[2026-01-20T01:47:55.228+0000] {logging_mixin.py:188} INFO - [2026-01-20T01:47:55.228+0000] {dagbag.py:545} INFO - Filling up the DagBag from /opt/airflow/dags/pipeline_scheduled.py
[2026-01-20T01:47:55.256+0000] {processor.py:840} INFO - DAG(s) 'pipeline_scheduled' retrieved from /opt/airflow/dags/pipeline_scheduled.py
[2026-01-20T01:47:55.293+0000] {logging_mixin.py:188} INFO - [2026-01-20T01:47:55.292+0000] {dag.py:3089} INFO - Sync 1 DAGs
[2026-01-20T01:47:55.317+0000] {logging_mixin.py:188} INFO - [2026-01-20T01:47:55.316+0000] {dag.py:3947} INFO - Setting next_dagrun for pipeline_scheduled to 2026-01-20 01:00:00+00:00, run_after=2026-01-20 02:00:00+00:00
[2026-01-20T01:47:55.339+0000] {processor.py:183} INFO - Processing /opt/airflow/dags/pipeline_scheduled.py took 0.122 seconds
[2026-01-20T01:48:25.634+0000] {processor.py:161} INFO - Started process (PID=18370) to work on /opt/airflow/dags/pipeline_scheduled.py
[2026-01-20T01:48:25.636+0000] {processor.py:830} INFO - Processing file /opt/airflow/dags/pipeline_scheduled.py for tasks to queue
[2026-01-20T01:48:25.638+0000] {logging_mixin.py:188} INFO - [2026-01-20T01:48:25.638+0000] {dagbag.py:545} INFO - Filling up the DagBag from /opt/airflow/dags/pipeline_scheduled.py
[2026-01-20T01:48:25.665+0000] {processor.py:840} INFO - DAG(s) 'pipeline_scheduled' retrieved from /opt/airflow/dags/pipeline_scheduled.py
[2026-01-20T01:48:25.702+0000] {logging_mixin.py:188} INFO - [2026-01-20T01:48:25.702+0000] {dag.py:3089} INFO - Sync 1 DAGs
[2026-01-20T01:48:25.726+0000] {logging_mixin.py:188} INFO - [2026-01-20T01:48:25.726+0000] {dag.py:3947} INFO - Setting next_dagrun for pipeline_scheduled to 2026-01-20 01:00:00+00:00, run_after=2026-01-20 02:00:00+00:00
[2026-01-20T01:48:25.750+0000] {processor.py:183} INFO - Processing /opt/airflow/dags/pipeline_scheduled.py took 0.124 seconds
[2026-01-20T01:48:56.100+0000] {processor.py:161} INFO - Started process (PID=18380) to work on /opt/airflow/dags/pipeline_scheduled.py
[2026-01-20T01:48:56.102+0000] {processor.py:830} INFO - Processing file /opt/airflow/dags/pipeline_scheduled.py for tasks to queue
[2026-01-20T01:48:56.105+0000] {logging_mixin.py:188} INFO - [2026-01-20T01:48:56.104+0000] {dagbag.py:545} INFO - Filling up the DagBag from /opt/airflow/dags/pipeline_scheduled.py
[2026-01-20T01:48:56.131+0000] {processor.py:840} INFO - DAG(s) 'pipeline_scheduled' retrieved from /opt/airflow/dags/pipeline_scheduled.py
[2026-01-20T01:48:56.168+0000] {logging_mixin.py:188} INFO - [2026-01-20T01:48:56.168+0000] {dag.py:3089} INFO - Sync 1 DAGs
[2026-01-20T01:48:56.194+0000] {logging_mixin.py:188} INFO - [2026-01-20T01:48:56.194+0000] {dag.py:3947} INFO - Setting next_dagrun for pipeline_scheduled to 2026-01-20 01:00:00+00:00, run_after=2026-01-20 02:00:00+00:00
[2026-01-20T01:48:56.216+0000] {processor.py:183} INFO - Processing /opt/airflow/dags/pipeline_scheduled.py took 0.123 seconds
[2026-01-20T01:49:26.508+0000] {processor.py:161} INFO - Started process (PID=18390) to work on /opt/airflow/dags/pipeline_scheduled.py
[2026-01-20T01:49:26.510+0000] {processor.py:830} INFO - Processing file /opt/airflow/dags/pipeline_scheduled.py for tasks to queue
[2026-01-20T01:49:26.513+0000] {logging_mixin.py:188} INFO - [2026-01-20T01:49:26.512+0000] {dagbag.py:545} INFO - Filling up the DagBag from /opt/airflow/dags/pipeline_scheduled.py
[2026-01-20T01:49:26.538+0000] {processor.py:840} INFO - DAG(s) 'pipeline_scheduled' retrieved from /opt/airflow/dags/pipeline_scheduled.py
[2026-01-20T01:49:26.577+0000] {logging_mixin.py:188} INFO - [2026-01-20T01:49:26.576+0000] {dag.py:3089} INFO - Sync 1 DAGs
[2026-01-20T01:49:26.601+0000] {logging_mixin.py:188} INFO - [2026-01-20T01:49:26.601+0000] {dag.py:3947} INFO - Setting next_dagrun for pipeline_scheduled to 2026-01-20 01:00:00+00:00, run_after=2026-01-20 02:00:00+00:00
[2026-01-20T01:49:26.625+0000] {processor.py:183} INFO - Processing /opt/airflow/dags/pipeline_scheduled.py took 0.124 seconds
[2026-01-20T01:49:56.926+0000] {processor.py:161} INFO - Started process (PID=18400) to work on /opt/airflow/dags/pipeline_scheduled.py
[2026-01-20T01:49:56.928+0000] {processor.py:830} INFO - Processing file /opt/airflow/dags/pipeline_scheduled.py for tasks to queue
[2026-01-20T01:49:56.931+0000] {logging_mixin.py:188} INFO - [2026-01-20T01:49:56.930+0000] {dagbag.py:545} INFO - Filling up the DagBag from /opt/airflow/dags/pipeline_scheduled.py
[2026-01-20T01:49:56.956+0000] {processor.py:840} INFO - DAG(s) 'pipeline_scheduled' retrieved from /opt/airflow/dags/pipeline_scheduled.py
[2026-01-20T01:49:56.993+0000] {logging_mixin.py:188} INFO - [2026-01-20T01:49:56.993+0000] {dag.py:3089} INFO - Sync 1 DAGs
[2026-01-20T01:49:57.018+0000] {logging_mixin.py:188} INFO - [2026-01-20T01:49:57.018+0000] {dag.py:3947} INFO - Setting next_dagrun for pipeline_scheduled to 2026-01-20 01:00:00+00:00, run_after=2026-01-20 02:00:00+00:00
[2026-01-20T01:49:57.041+0000] {processor.py:183} INFO - Processing /opt/airflow/dags/pipeline_scheduled.py took 0.124 seconds
[2026-01-20T01:50:27.339+0000] {processor.py:161} INFO - Started process (PID=18410) to work on /opt/airflow/dags/pipeline_scheduled.py
[2026-01-20T01:50:27.341+0000] {processor.py:830} INFO - Processing file /opt/airflow/dags/pipeline_scheduled.py for tasks to queue
[2026-01-20T01:50:27.343+0000] {logging_mixin.py:188} INFO - [2026-01-20T01:50:27.343+0000] {dagbag.py:545} INFO - Filling up the DagBag from /opt/airflow/dags/pipeline_scheduled.py
[2026-01-20T01:50:27.371+0000] {processor.py:840} INFO - DAG(s) 'pipeline_scheduled' retrieved from /opt/airflow/dags/pipeline_scheduled.py
[2026-01-20T01:50:27.409+0000] {logging_mixin.py:188} INFO - [2026-01-20T01:50:27.408+0000] {dag.py:3089} INFO - Sync 1 DAGs
[2026-01-20T01:50:27.432+0000] {logging_mixin.py:188} INFO - [2026-01-20T01:50:27.432+0000] {dag.py:3947} INFO - Setting next_dagrun for pipeline_scheduled to 2026-01-20 01:00:00+00:00, run_after=2026-01-20 02:00:00+00:00
[2026-01-20T01:50:27.453+0000] {processor.py:183} INFO - Processing /opt/airflow/dags/pipeline_scheduled.py took 0.121 seconds
[2026-01-20T01:50:57.773+0000] {processor.py:161} INFO - Started process (PID=18420) to work on /opt/airflow/dags/pipeline_scheduled.py
[2026-01-20T01:50:57.775+0000] {processor.py:830} INFO - Processing file /opt/airflow/dags/pipeline_scheduled.py for tasks to queue
[2026-01-20T01:50:57.777+0000] {logging_mixin.py:188} INFO - [2026-01-20T01:50:57.777+0000] {dagbag.py:545} INFO - Filling up the DagBag from /opt/airflow/dags/pipeline_scheduled.py
[2026-01-20T01:50:57.804+0000] {processor.py:840} INFO - DAG(s) 'pipeline_scheduled' retrieved from /opt/airflow/dags/pipeline_scheduled.py
[2026-01-20T01:50:57.842+0000] {logging_mixin.py:188} INFO - [2026-01-20T01:50:57.842+0000] {dag.py:3089} INFO - Sync 1 DAGs
[2026-01-20T01:50:57.865+0000] {logging_mixin.py:188} INFO - [2026-01-20T01:50:57.865+0000] {dag.py:3947} INFO - Setting next_dagrun for pipeline_scheduled to 2026-01-20 01:00:00+00:00, run_after=2026-01-20 02:00:00+00:00
[2026-01-20T01:50:57.887+0000] {processor.py:183} INFO - Processing /opt/airflow/dags/pipeline_scheduled.py took 0.121 seconds
[2026-01-20T01:51:28.175+0000] {processor.py:161} INFO - Started process (PID=18430) to work on /opt/airflow/dags/pipeline_scheduled.py
[2026-01-20T01:51:28.177+0000] {processor.py:830} INFO - Processing file /opt/airflow/dags/pipeline_scheduled.py for tasks to queue
[2026-01-20T01:51:28.179+0000] {logging_mixin.py:188} INFO - [2026-01-20T01:51:28.178+0000] {dagbag.py:545} INFO - Filling up the DagBag from /opt/airflow/dags/pipeline_scheduled.py
[2026-01-20T01:51:28.205+0000] {processor.py:840} INFO - DAG(s) 'pipeline_scheduled' retrieved from /opt/airflow/dags/pipeline_scheduled.py
[2026-01-20T01:51:28.243+0000] {logging_mixin.py:188} INFO - [2026-01-20T01:51:28.243+0000] {dag.py:3089} INFO - Sync 1 DAGs
[2026-01-20T01:51:28.266+0000] {logging_mixin.py:188} INFO - [2026-01-20T01:51:28.266+0000] {dag.py:3947} INFO - Setting next_dagrun for pipeline_scheduled to 2026-01-20 01:00:00+00:00, run_after=2026-01-20 02:00:00+00:00
[2026-01-20T01:51:28.288+0000] {processor.py:183} INFO - Processing /opt/airflow/dags/pipeline_scheduled.py took 0.120 seconds
[2026-01-20T01:51:58.592+0000] {processor.py:161} INFO - Started process (PID=18440) to work on /opt/airflow/dags/pipeline_scheduled.py
[2026-01-20T01:51:58.593+0000] {processor.py:830} INFO - Processing file /opt/airflow/dags/pipeline_scheduled.py for tasks to queue
[2026-01-20T01:51:58.596+0000] {logging_mixin.py:188} INFO - [2026-01-20T01:51:58.595+0000] {dagbag.py:545} INFO - Filling up the DagBag from /opt/airflow/dags/pipeline_scheduled.py
[2026-01-20T01:51:58.621+0000] {processor.py:840} INFO - DAG(s) 'pipeline_scheduled' retrieved from /opt/airflow/dags/pipeline_scheduled.py
[2026-01-20T01:51:58.659+0000] {logging_mixin.py:188} INFO - [2026-01-20T01:51:58.659+0000] {dag.py:3089} INFO - Sync 1 DAGs
[2026-01-20T01:51:58.684+0000] {logging_mixin.py:188} INFO - [2026-01-20T01:51:58.683+0000] {dag.py:3947} INFO - Setting next_dagrun for pipeline_scheduled to 2026-01-20 01:00:00+00:00, run_after=2026-01-20 02:00:00+00:00
[2026-01-20T01:51:58.705+0000] {processor.py:183} INFO - Processing /opt/airflow/dags/pipeline_scheduled.py took 0.120 seconds
[2026-01-20T01:52:29.016+0000] {processor.py:161} INFO - Started process (PID=18450) to work on /opt/airflow/dags/pipeline_scheduled.py
[2026-01-20T01:52:29.017+0000] {processor.py:830} INFO - Processing file /opt/airflow/dags/pipeline_scheduled.py for tasks to queue
[2026-01-20T01:52:29.020+0000] {logging_mixin.py:188} INFO - [2026-01-20T01:52:29.019+0000] {dagbag.py:545} INFO - Filling up the DagBag from /opt/airflow/dags/pipeline_scheduled.py
[2026-01-20T01:52:29.046+0000] {processor.py:840} INFO - DAG(s) 'pipeline_scheduled' retrieved from /opt/airflow/dags/pipeline_scheduled.py
[2026-01-20T01:52:29.086+0000] {logging_mixin.py:188} INFO - [2026-01-20T01:52:29.085+0000] {dag.py:3089} INFO - Sync 1 DAGs
[2026-01-20T01:52:29.110+0000] {logging_mixin.py:188} INFO - [2026-01-20T01:52:29.110+0000] {dag.py:3947} INFO - Setting next_dagrun for pipeline_scheduled to 2026-01-20 01:00:00+00:00, run_after=2026-01-20 02:00:00+00:00
[2026-01-20T01:52:29.130+0000] {processor.py:183} INFO - Processing /opt/airflow/dags/pipeline_scheduled.py took 0.122 seconds
[2026-01-20T01:52:59.437+0000] {processor.py:161} INFO - Started process (PID=18460) to work on /opt/airflow/dags/pipeline_scheduled.py
[2026-01-20T01:52:59.438+0000] {processor.py:830} INFO - Processing file /opt/airflow/dags/pipeline_scheduled.py for tasks to queue
[2026-01-20T01:52:59.441+0000] {logging_mixin.py:188} INFO - [2026-01-20T01:52:59.440+0000] {dagbag.py:545} INFO - Filling up the DagBag from /opt/airflow/dags/pipeline_scheduled.py
[2026-01-20T01:52:59.467+0000] {processor.py:840} INFO - DAG(s) 'pipeline_scheduled' retrieved from /opt/airflow/dags/pipeline_scheduled.py
[2026-01-20T01:52:59.504+0000] {logging_mixin.py:188} INFO - [2026-01-20T01:52:59.504+0000] {dag.py:3089} INFO - Sync 1 DAGs
[2026-01-20T01:52:59.529+0000] {logging_mixin.py:188} INFO - [2026-01-20T01:52:59.529+0000] {dag.py:3947} INFO - Setting next_dagrun for pipeline_scheduled to 2026-01-20 01:00:00+00:00, run_after=2026-01-20 02:00:00+00:00
[2026-01-20T01:52:59.551+0000] {processor.py:183} INFO - Processing /opt/airflow/dags/pipeline_scheduled.py took 0.121 seconds
[2026-01-20T01:53:29.846+0000] {processor.py:161} INFO - Started process (PID=18470) to work on /opt/airflow/dags/pipeline_scheduled.py
[2026-01-20T01:53:29.847+0000] {processor.py:830} INFO - Processing file /opt/airflow/dags/pipeline_scheduled.py for tasks to queue
[2026-01-20T01:53:29.850+0000] {logging_mixin.py:188} INFO - [2026-01-20T01:53:29.849+0000] {dagbag.py:545} INFO - Filling up the DagBag from /opt/airflow/dags/pipeline_scheduled.py
[2026-01-20T01:53:29.876+0000] {processor.py:840} INFO - DAG(s) 'pipeline_scheduled' retrieved from /opt/airflow/dags/pipeline_scheduled.py
[2026-01-20T01:53:29.913+0000] {logging_mixin.py:188} INFO - [2026-01-20T01:53:29.913+0000] {dag.py:3089} INFO - Sync 1 DAGs
[2026-01-20T01:53:29.936+0000] {logging_mixin.py:188} INFO - [2026-01-20T01:53:29.936+0000] {dag.py:3947} INFO - Setting next_dagrun for pipeline_scheduled to 2026-01-20 01:00:00+00:00, run_after=2026-01-20 02:00:00+00:00
[2026-01-20T01:53:29.957+0000] {processor.py:183} INFO - Processing /opt/airflow/dags/pipeline_scheduled.py took 0.118 seconds
[2026-01-20T01:54:00.301+0000] {processor.py:161} INFO - Started process (PID=18480) to work on /opt/airflow/dags/pipeline_scheduled.py
[2026-01-20T01:54:00.302+0000] {processor.py:830} INFO - Processing file /opt/airflow/dags/pipeline_scheduled.py for tasks to queue
[2026-01-20T01:54:00.305+0000] {logging_mixin.py:188} INFO - [2026-01-20T01:54:00.305+0000] {dagbag.py:545} INFO - Filling up the DagBag from /opt/airflow/dags/pipeline_scheduled.py
[2026-01-20T01:54:00.331+0000] {processor.py:840} INFO - DAG(s) 'pipeline_scheduled' retrieved from /opt/airflow/dags/pipeline_scheduled.py
[2026-01-20T01:54:00.367+0000] {logging_mixin.py:188} INFO - [2026-01-20T01:54:00.367+0000] {dag.py:3089} INFO - Sync 1 DAGs
[2026-01-20T01:54:00.391+0000] {logging_mixin.py:188} INFO - [2026-01-20T01:54:00.391+0000] {dag.py:3947} INFO - Setting next_dagrun for pipeline_scheduled to 2026-01-20 01:00:00+00:00, run_after=2026-01-20 02:00:00+00:00
[2026-01-20T01:54:00.412+0000] {processor.py:183} INFO - Processing /opt/airflow/dags/pipeline_scheduled.py took 0.118 seconds
[2026-01-20T01:54:30.721+0000] {processor.py:161} INFO - Started process (PID=18490) to work on /opt/airflow/dags/pipeline_scheduled.py
[2026-01-20T01:54:30.722+0000] {processor.py:830} INFO - Processing file /opt/airflow/dags/pipeline_scheduled.py for tasks to queue
[2026-01-20T01:54:30.726+0000] {logging_mixin.py:188} INFO - [2026-01-20T01:54:30.725+0000] {dagbag.py:545} INFO - Filling up the DagBag from /opt/airflow/dags/pipeline_scheduled.py
[2026-01-20T01:54:30.752+0000] {processor.py:840} INFO - DAG(s) 'pipeline_scheduled' retrieved from /opt/airflow/dags/pipeline_scheduled.py
[2026-01-20T01:54:30.789+0000] {logging_mixin.py:188} INFO - [2026-01-20T01:54:30.788+0000] {dag.py:3089} INFO - Sync 1 DAGs
[2026-01-20T01:54:30.815+0000] {logging_mixin.py:188} INFO - [2026-01-20T01:54:30.814+0000] {dag.py:3947} INFO - Setting next_dagrun for pipeline_scheduled to 2026-01-20 01:00:00+00:00, run_after=2026-01-20 02:00:00+00:00
[2026-01-20T01:54:30.835+0000] {processor.py:183} INFO - Processing /opt/airflow/dags/pipeline_scheduled.py took 0.122 seconds
[2026-01-20T01:55:01.147+0000] {processor.py:161} INFO - Started process (PID=18500) to work on /opt/airflow/dags/pipeline_scheduled.py
[2026-01-20T01:55:01.148+0000] {processor.py:830} INFO - Processing file /opt/airflow/dags/pipeline_scheduled.py for tasks to queue
[2026-01-20T01:55:01.151+0000] {logging_mixin.py:188} INFO - [2026-01-20T01:55:01.151+0000] {dagbag.py:545} INFO - Filling up the DagBag from /opt/airflow/dags/pipeline_scheduled.py
[2026-01-20T01:55:01.178+0000] {processor.py:840} INFO - DAG(s) 'pipeline_scheduled' retrieved from /opt/airflow/dags/pipeline_scheduled.py
[2026-01-20T01:55:01.216+0000] {logging_mixin.py:188} INFO - [2026-01-20T01:55:01.216+0000] {dag.py:3089} INFO - Sync 1 DAGs
[2026-01-20T01:55:01.241+0000] {logging_mixin.py:188} INFO - [2026-01-20T01:55:01.240+0000] {dag.py:3947} INFO - Setting next_dagrun for pipeline_scheduled to 2026-01-20 01:00:00+00:00, run_after=2026-01-20 02:00:00+00:00
[2026-01-20T01:55:01.262+0000] {processor.py:183} INFO - Processing /opt/airflow/dags/pipeline_scheduled.py took 0.122 seconds
[2026-01-20T01:55:31.567+0000] {processor.py:161} INFO - Started process (PID=18510) to work on /opt/airflow/dags/pipeline_scheduled.py
[2026-01-20T01:55:31.568+0000] {processor.py:830} INFO - Processing file /opt/airflow/dags/pipeline_scheduled.py for tasks to queue
[2026-01-20T01:55:31.571+0000] {logging_mixin.py:188} INFO - [2026-01-20T01:55:31.571+0000] {dagbag.py:545} INFO - Filling up the DagBag from /opt/airflow/dags/pipeline_scheduled.py
[2026-01-20T01:55:31.602+0000] {processor.py:840} INFO - DAG(s) 'pipeline_scheduled' retrieved from /opt/airflow/dags/pipeline_scheduled.py
[2026-01-20T01:55:31.642+0000] {logging_mixin.py:188} INFO - [2026-01-20T01:55:31.642+0000] {dag.py:3089} INFO - Sync 1 DAGs
[2026-01-20T01:55:31.667+0000] {logging_mixin.py:188} INFO - [2026-01-20T01:55:31.667+0000] {dag.py:3947} INFO - Setting next_dagrun for pipeline_scheduled to 2026-01-20 01:00:00+00:00, run_after=2026-01-20 02:00:00+00:00
[2026-01-20T01:55:31.691+0000] {processor.py:183} INFO - Processing /opt/airflow/dags/pipeline_scheduled.py took 0.133 seconds
[2026-01-20T01:56:01.996+0000] {processor.py:161} INFO - Started process (PID=18520) to work on /opt/airflow/dags/pipeline_scheduled.py
[2026-01-20T01:56:01.997+0000] {processor.py:830} INFO - Processing file /opt/airflow/dags/pipeline_scheduled.py for tasks to queue
[2026-01-20T01:56:01.999+0000] {logging_mixin.py:188} INFO - [2026-01-20T01:56:01.999+0000] {dagbag.py:545} INFO - Filling up the DagBag from /opt/airflow/dags/pipeline_scheduled.py
[2026-01-20T01:56:02.026+0000] {processor.py:840} INFO - DAG(s) 'pipeline_scheduled' retrieved from /opt/airflow/dags/pipeline_scheduled.py
[2026-01-20T01:56:02.063+0000] {logging_mixin.py:188} INFO - [2026-01-20T01:56:02.063+0000] {dag.py:3089} INFO - Sync 1 DAGs
[2026-01-20T01:56:02.088+0000] {logging_mixin.py:188} INFO - [2026-01-20T01:56:02.088+0000] {dag.py:3947} INFO - Setting next_dagrun for pipeline_scheduled to 2026-01-20 01:00:00+00:00, run_after=2026-01-20 02:00:00+00:00
[2026-01-20T01:56:02.108+0000] {processor.py:183} INFO - Processing /opt/airflow/dags/pipeline_scheduled.py took 0.120 seconds
[2026-01-20T01:56:32.411+0000] {processor.py:161} INFO - Started process (PID=18530) to work on /opt/airflow/dags/pipeline_scheduled.py
[2026-01-20T01:56:32.412+0000] {processor.py:830} INFO - Processing file /opt/airflow/dags/pipeline_scheduled.py for tasks to queue
[2026-01-20T01:56:32.415+0000] {logging_mixin.py:188} INFO - [2026-01-20T01:56:32.415+0000] {dagbag.py:545} INFO - Filling up the DagBag from /opt/airflow/dags/pipeline_scheduled.py
[2026-01-20T01:56:32.442+0000] {processor.py:840} INFO - DAG(s) 'pipeline_scheduled' retrieved from /opt/airflow/dags/pipeline_scheduled.py
[2026-01-20T01:56:32.485+0000] {logging_mixin.py:188} INFO - [2026-01-20T01:56:32.485+0000] {dag.py:3089} INFO - Sync 1 DAGs
[2026-01-20T01:56:32.513+0000] {logging_mixin.py:188} INFO - [2026-01-20T01:56:32.513+0000] {dag.py:3947} INFO - Setting next_dagrun for pipeline_scheduled to 2026-01-20 01:00:00+00:00, run_after=2026-01-20 02:00:00+00:00
[2026-01-20T01:56:32.535+0000] {processor.py:183} INFO - Processing /opt/airflow/dags/pipeline_scheduled.py took 0.131 seconds
[2026-01-20T01:57:02.836+0000] {processor.py:161} INFO - Started process (PID=18540) to work on /opt/airflow/dags/pipeline_scheduled.py
[2026-01-20T01:57:02.837+0000] {processor.py:830} INFO - Processing file /opt/airflow/dags/pipeline_scheduled.py for tasks to queue
[2026-01-20T01:57:02.839+0000] {logging_mixin.py:188} INFO - [2026-01-20T01:57:02.839+0000] {dagbag.py:545} INFO - Filling up the DagBag from /opt/airflow/dags/pipeline_scheduled.py
[2026-01-20T01:57:02.866+0000] {processor.py:840} INFO - DAG(s) 'pipeline_scheduled' retrieved from /opt/airflow/dags/pipeline_scheduled.py
[2026-01-20T01:57:02.903+0000] {logging_mixin.py:188} INFO - [2026-01-20T01:57:02.902+0000] {dag.py:3089} INFO - Sync 1 DAGs
[2026-01-20T01:57:02.927+0000] {logging_mixin.py:188} INFO - [2026-01-20T01:57:02.927+0000] {dag.py:3947} INFO - Setting next_dagrun for pipeline_scheduled to 2026-01-20 01:00:00+00:00, run_after=2026-01-20 02:00:00+00:00
[2026-01-20T01:57:02.948+0000] {processor.py:183} INFO - Processing /opt/airflow/dags/pipeline_scheduled.py took 0.120 seconds
[2026-01-20T01:57:33.254+0000] {processor.py:161} INFO - Started process (PID=18550) to work on /opt/airflow/dags/pipeline_scheduled.py
[2026-01-20T01:57:33.256+0000] {processor.py:830} INFO - Processing file /opt/airflow/dags/pipeline_scheduled.py for tasks to queue
[2026-01-20T01:57:33.258+0000] {logging_mixin.py:188} INFO - [2026-01-20T01:57:33.258+0000] {dagbag.py:545} INFO - Filling up the DagBag from /opt/airflow/dags/pipeline_scheduled.py
[2026-01-20T01:57:33.284+0000] {processor.py:840} INFO - DAG(s) 'pipeline_scheduled' retrieved from /opt/airflow/dags/pipeline_scheduled.py
[2026-01-20T01:57:33.316+0000] {logging_mixin.py:188} INFO - [2026-01-20T01:57:33.316+0000] {dag.py:3089} INFO - Sync 1 DAGs
[2026-01-20T01:57:33.338+0000] {logging_mixin.py:188} INFO - [2026-01-20T01:57:33.338+0000] {dag.py:3947} INFO - Setting next_dagrun for pipeline_scheduled to 2026-01-20 01:00:00+00:00, run_after=2026-01-20 02:00:00+00:00
[2026-01-20T01:57:33.357+0000] {processor.py:183} INFO - Processing /opt/airflow/dags/pipeline_scheduled.py took 0.110 seconds
[2026-01-20T01:58:03.679+0000] {processor.py:161} INFO - Started process (PID=18560) to work on /opt/airflow/dags/pipeline_scheduled.py
[2026-01-20T01:58:03.681+0000] {processor.py:830} INFO - Processing file /opt/airflow/dags/pipeline_scheduled.py for tasks to queue
[2026-01-20T01:58:03.683+0000] {logging_mixin.py:188} INFO - [2026-01-20T01:58:03.683+0000] {dagbag.py:545} INFO - Filling up the DagBag from /opt/airflow/dags/pipeline_scheduled.py
[2026-01-20T01:58:03.709+0000] {processor.py:840} INFO - DAG(s) 'pipeline_scheduled' retrieved from /opt/airflow/dags/pipeline_scheduled.py
[2026-01-20T01:58:03.746+0000] {logging_mixin.py:188} INFO - [2026-01-20T01:58:03.746+0000] {dag.py:3089} INFO - Sync 1 DAGs
[2026-01-20T01:58:03.771+0000] {logging_mixin.py:188} INFO - [2026-01-20T01:58:03.770+0000] {dag.py:3947} INFO - Setting next_dagrun for pipeline_scheduled to 2026-01-20 01:00:00+00:00, run_after=2026-01-20 02:00:00+00:00
[2026-01-20T01:58:03.794+0000] {processor.py:183} INFO - Processing /opt/airflow/dags/pipeline_scheduled.py took 0.122 seconds
[2026-01-20T01:58:34.101+0000] {processor.py:161} INFO - Started process (PID=18570) to work on /opt/airflow/dags/pipeline_scheduled.py
[2026-01-20T01:58:34.102+0000] {processor.py:830} INFO - Processing file /opt/airflow/dags/pipeline_scheduled.py for tasks to queue
[2026-01-20T01:58:34.104+0000] {logging_mixin.py:188} INFO - [2026-01-20T01:58:34.104+0000] {dagbag.py:545} INFO - Filling up the DagBag from /opt/airflow/dags/pipeline_scheduled.py
[2026-01-20T01:58:34.132+0000] {processor.py:840} INFO - DAG(s) 'pipeline_scheduled' retrieved from /opt/airflow/dags/pipeline_scheduled.py
[2026-01-20T01:58:34.170+0000] {logging_mixin.py:188} INFO - [2026-01-20T01:58:34.170+0000] {dag.py:3089} INFO - Sync 1 DAGs
[2026-01-20T01:58:34.194+0000] {logging_mixin.py:188} INFO - [2026-01-20T01:58:34.194+0000] {dag.py:3947} INFO - Setting next_dagrun for pipeline_scheduled to 2026-01-20 01:00:00+00:00, run_after=2026-01-20 02:00:00+00:00
[2026-01-20T01:58:34.216+0000] {processor.py:183} INFO - Processing /opt/airflow/dags/pipeline_scheduled.py took 0.123 seconds
[2026-01-20T01:59:04.560+0000] {processor.py:161} INFO - Started process (PID=18580) to work on /opt/airflow/dags/pipeline_scheduled.py
[2026-01-20T01:59:04.562+0000] {processor.py:830} INFO - Processing file /opt/airflow/dags/pipeline_scheduled.py for tasks to queue
[2026-01-20T01:59:04.564+0000] {logging_mixin.py:188} INFO - [2026-01-20T01:59:04.563+0000] {dagbag.py:545} INFO - Filling up the DagBag from /opt/airflow/dags/pipeline_scheduled.py
[2026-01-20T01:59:04.590+0000] {processor.py:840} INFO - DAG(s) 'pipeline_scheduled' retrieved from /opt/airflow/dags/pipeline_scheduled.py
[2026-01-20T01:59:04.628+0000] {logging_mixin.py:188} INFO - [2026-01-20T01:59:04.628+0000] {dag.py:3089} INFO - Sync 1 DAGs
[2026-01-20T01:59:04.651+0000] {logging_mixin.py:188} INFO - [2026-01-20T01:59:04.651+0000] {dag.py:3947} INFO - Setting next_dagrun for pipeline_scheduled to 2026-01-20 01:00:00+00:00, run_after=2026-01-20 02:00:00+00:00
[2026-01-20T01:59:04.671+0000] {processor.py:183} INFO - Processing /opt/airflow/dags/pipeline_scheduled.py took 0.119 seconds
[2026-01-20T01:59:34.977+0000] {processor.py:161} INFO - Started process (PID=18590) to work on /opt/airflow/dags/pipeline_scheduled.py
[2026-01-20T01:59:34.979+0000] {processor.py:830} INFO - Processing file /opt/airflow/dags/pipeline_scheduled.py for tasks to queue
[2026-01-20T01:59:34.982+0000] {logging_mixin.py:188} INFO - [2026-01-20T01:59:34.981+0000] {dagbag.py:545} INFO - Filling up the DagBag from /opt/airflow/dags/pipeline_scheduled.py
[2026-01-20T01:59:35.007+0000] {processor.py:840} INFO - DAG(s) 'pipeline_scheduled' retrieved from /opt/airflow/dags/pipeline_scheduled.py
[2026-01-20T01:59:35.044+0000] {logging_mixin.py:188} INFO - [2026-01-20T01:59:35.044+0000] {dag.py:3089} INFO - Sync 1 DAGs
[2026-01-20T01:59:35.068+0000] {logging_mixin.py:188} INFO - [2026-01-20T01:59:35.068+0000] {dag.py:3947} INFO - Setting next_dagrun for pipeline_scheduled to 2026-01-20 01:00:00+00:00, run_after=2026-01-20 02:00:00+00:00
[2026-01-20T01:59:35.089+0000] {processor.py:183} INFO - Processing /opt/airflow/dags/pipeline_scheduled.py took 0.119 seconds
[2026-01-20T02:00:05.403+0000] {processor.py:161} INFO - Started process (PID=18603) to work on /opt/airflow/dags/pipeline_scheduled.py
[2026-01-20T02:00:05.404+0000] {processor.py:830} INFO - Processing file /opt/airflow/dags/pipeline_scheduled.py for tasks to queue
[2026-01-20T02:00:05.407+0000] {logging_mixin.py:188} INFO - [2026-01-20T02:00:05.406+0000] {dagbag.py:545} INFO - Filling up the DagBag from /opt/airflow/dags/pipeline_scheduled.py
[2026-01-20T02:00:05.434+0000] {processor.py:840} INFO - DAG(s) 'pipeline_scheduled' retrieved from /opt/airflow/dags/pipeline_scheduled.py
[2026-01-20T02:00:05.471+0000] {logging_mixin.py:188} INFO - [2026-01-20T02:00:05.471+0000] {dag.py:3089} INFO - Sync 1 DAGs
[2026-01-20T02:00:05.495+0000] {logging_mixin.py:188} INFO - [2026-01-20T02:00:05.494+0000] {dag.py:3947} INFO - Setting next_dagrun for pipeline_scheduled to 2026-01-20 02:00:00+00:00, run_after=2026-01-20 03:00:00+00:00
[2026-01-20T02:00:05.517+0000] {processor.py:183} INFO - Processing /opt/airflow/dags/pipeline_scheduled.py took 0.121 seconds
[2026-01-20T02:00:35.819+0000] {processor.py:161} INFO - Started process (PID=18613) to work on /opt/airflow/dags/pipeline_scheduled.py
[2026-01-20T02:00:35.820+0000] {processor.py:830} INFO - Processing file /opt/airflow/dags/pipeline_scheduled.py for tasks to queue
[2026-01-20T02:00:35.823+0000] {logging_mixin.py:188} INFO - [2026-01-20T02:00:35.822+0000] {dagbag.py:545} INFO - Filling up the DagBag from /opt/airflow/dags/pipeline_scheduled.py
[2026-01-20T02:00:35.849+0000] {processor.py:840} INFO - DAG(s) 'pipeline_scheduled' retrieved from /opt/airflow/dags/pipeline_scheduled.py
[2026-01-20T02:00:35.887+0000] {logging_mixin.py:188} INFO - [2026-01-20T02:00:35.886+0000] {dag.py:3089} INFO - Sync 1 DAGs
[2026-01-20T02:00:35.912+0000] {logging_mixin.py:188} INFO - [2026-01-20T02:00:35.912+0000] {dag.py:3947} INFO - Setting next_dagrun for pipeline_scheduled to 2026-01-20 02:00:00+00:00, run_after=2026-01-20 03:00:00+00:00
[2026-01-20T02:00:35.934+0000] {processor.py:183} INFO - Processing /opt/airflow/dags/pipeline_scheduled.py took 0.123 seconds
[2026-01-20T02:01:06.235+0000] {processor.py:161} INFO - Started process (PID=18623) to work on /opt/airflow/dags/pipeline_scheduled.py
[2026-01-20T02:01:06.236+0000] {processor.py:830} INFO - Processing file /opt/airflow/dags/pipeline_scheduled.py for tasks to queue
[2026-01-20T02:01:06.238+0000] {logging_mixin.py:188} INFO - [2026-01-20T02:01:06.238+0000] {dagbag.py:545} INFO - Filling up the DagBag from /opt/airflow/dags/pipeline_scheduled.py
[2026-01-20T02:01:06.263+0000] {processor.py:840} INFO - DAG(s) 'pipeline_scheduled' retrieved from /opt/airflow/dags/pipeline_scheduled.py
[2026-01-20T02:01:06.303+0000] {logging_mixin.py:188} INFO - [2026-01-20T02:01:06.303+0000] {dag.py:3089} INFO - Sync 1 DAGs
[2026-01-20T02:01:06.333+0000] {logging_mixin.py:188} INFO - [2026-01-20T02:01:06.332+0000] {dag.py:3947} INFO - Setting next_dagrun for pipeline_scheduled to 2026-01-20 02:00:00+00:00, run_after=2026-01-20 03:00:00+00:00
[2026-01-20T02:01:06.357+0000] {processor.py:183} INFO - Processing /opt/airflow/dags/pipeline_scheduled.py took 0.128 seconds
[2026-01-20T02:01:36.650+0000] {processor.py:161} INFO - Started process (PID=18633) to work on /opt/airflow/dags/pipeline_scheduled.py
[2026-01-20T02:01:36.651+0000] {processor.py:830} INFO - Processing file /opt/airflow/dags/pipeline_scheduled.py for tasks to queue
[2026-01-20T02:01:36.654+0000] {logging_mixin.py:188} INFO - [2026-01-20T02:01:36.653+0000] {dagbag.py:545} INFO - Filling up the DagBag from /opt/airflow/dags/pipeline_scheduled.py
[2026-01-20T02:01:36.680+0000] {processor.py:840} INFO - DAG(s) 'pipeline_scheduled' retrieved from /opt/airflow/dags/pipeline_scheduled.py
[2026-01-20T02:01:36.717+0000] {logging_mixin.py:188} INFO - [2026-01-20T02:01:36.717+0000] {dag.py:3089} INFO - Sync 1 DAGs
[2026-01-20T02:01:36.741+0000] {logging_mixin.py:188} INFO - [2026-01-20T02:01:36.741+0000] {dag.py:3947} INFO - Setting next_dagrun for pipeline_scheduled to 2026-01-20 02:00:00+00:00, run_after=2026-01-20 03:00:00+00:00
[2026-01-20T02:01:36.761+0000] {processor.py:183} INFO - Processing /opt/airflow/dags/pipeline_scheduled.py took 0.118 seconds
[2026-01-20T02:02:07.075+0000] {processor.py:161} INFO - Started process (PID=18643) to work on /opt/airflow/dags/pipeline_scheduled.py
[2026-01-20T02:02:07.076+0000] {processor.py:830} INFO - Processing file /opt/airflow/dags/pipeline_scheduled.py for tasks to queue
[2026-01-20T02:02:07.079+0000] {logging_mixin.py:188} INFO - [2026-01-20T02:02:07.078+0000] {dagbag.py:545} INFO - Filling up the DagBag from /opt/airflow/dags/pipeline_scheduled.py
[2026-01-20T02:02:07.106+0000] {processor.py:840} INFO - DAG(s) 'pipeline_scheduled' retrieved from /opt/airflow/dags/pipeline_scheduled.py
[2026-01-20T02:02:07.146+0000] {logging_mixin.py:188} INFO - [2026-01-20T02:02:07.145+0000] {dag.py:3089} INFO - Sync 1 DAGs
[2026-01-20T02:02:07.170+0000] {logging_mixin.py:188} INFO - [2026-01-20T02:02:07.170+0000] {dag.py:3947} INFO - Setting next_dagrun for pipeline_scheduled to 2026-01-20 02:00:00+00:00, run_after=2026-01-20 03:00:00+00:00
[2026-01-20T02:02:07.191+0000] {processor.py:183} INFO - Processing /opt/airflow/dags/pipeline_scheduled.py took 0.124 seconds
[2026-01-20T02:02:37.490+0000] {processor.py:161} INFO - Started process (PID=18653) to work on /opt/airflow/dags/pipeline_scheduled.py
[2026-01-20T02:02:37.491+0000] {processor.py:830} INFO - Processing file /opt/airflow/dags/pipeline_scheduled.py for tasks to queue
[2026-01-20T02:02:37.494+0000] {logging_mixin.py:188} INFO - [2026-01-20T02:02:37.494+0000] {dagbag.py:545} INFO - Filling up the DagBag from /opt/airflow/dags/pipeline_scheduled.py
[2026-01-20T02:02:37.520+0000] {processor.py:840} INFO - DAG(s) 'pipeline_scheduled' retrieved from /opt/airflow/dags/pipeline_scheduled.py
[2026-01-20T02:02:37.557+0000] {logging_mixin.py:188} INFO - [2026-01-20T02:02:37.556+0000] {dag.py:3089} INFO - Sync 1 DAGs
[2026-01-20T02:02:37.581+0000] {logging_mixin.py:188} INFO - [2026-01-20T02:02:37.581+0000] {dag.py:3947} INFO - Setting next_dagrun for pipeline_scheduled to 2026-01-20 02:00:00+00:00, run_after=2026-01-20 03:00:00+00:00
[2026-01-20T02:02:37.602+0000] {processor.py:183} INFO - Processing /opt/airflow/dags/pipeline_scheduled.py took 0.120 seconds
[2026-01-20T02:03:07.898+0000] {processor.py:161} INFO - Started process (PID=18663) to work on /opt/airflow/dags/pipeline_scheduled.py
[2026-01-20T02:03:07.900+0000] {processor.py:830} INFO - Processing file /opt/airflow/dags/pipeline_scheduled.py for tasks to queue
[2026-01-20T02:03:07.902+0000] {logging_mixin.py:188} INFO - [2026-01-20T02:03:07.902+0000] {dagbag.py:545} INFO - Filling up the DagBag from /opt/airflow/dags/pipeline_scheduled.py
[2026-01-20T02:03:07.929+0000] {processor.py:840} INFO - DAG(s) 'pipeline_scheduled' retrieved from /opt/airflow/dags/pipeline_scheduled.py
[2026-01-20T02:03:07.967+0000] {logging_mixin.py:188} INFO - [2026-01-20T02:03:07.966+0000] {dag.py:3089} INFO - Sync 1 DAGs
[2026-01-20T02:03:07.992+0000] {logging_mixin.py:188} INFO - [2026-01-20T02:03:07.992+0000] {dag.py:3947} INFO - Setting next_dagrun for pipeline_scheduled to 2026-01-20 02:00:00+00:00, run_after=2026-01-20 03:00:00+00:00
[2026-01-20T02:03:08.014+0000] {processor.py:183} INFO - Processing /opt/airflow/dags/pipeline_scheduled.py took 0.123 seconds
[2026-01-20T02:03:38.359+0000] {processor.py:161} INFO - Started process (PID=18673) to work on /opt/airflow/dags/pipeline_scheduled.py
[2026-01-20T02:03:38.361+0000] {processor.py:830} INFO - Processing file /opt/airflow/dags/pipeline_scheduled.py for tasks to queue
[2026-01-20T02:03:38.364+0000] {logging_mixin.py:188} INFO - [2026-01-20T02:03:38.364+0000] {dagbag.py:545} INFO - Filling up the DagBag from /opt/airflow/dags/pipeline_scheduled.py
[2026-01-20T02:03:38.393+0000] {processor.py:840} INFO - DAG(s) 'pipeline_scheduled' retrieved from /opt/airflow/dags/pipeline_scheduled.py
[2026-01-20T02:03:38.432+0000] {logging_mixin.py:188} INFO - [2026-01-20T02:03:38.432+0000] {dag.py:3089} INFO - Sync 1 DAGs
[2026-01-20T02:03:38.459+0000] {logging_mixin.py:188} INFO - [2026-01-20T02:03:38.459+0000] {dag.py:3947} INFO - Setting next_dagrun for pipeline_scheduled to 2026-01-20 02:00:00+00:00, run_after=2026-01-20 03:00:00+00:00
[2026-01-20T02:03:38.483+0000] {processor.py:183} INFO - Processing /opt/airflow/dags/pipeline_scheduled.py took 0.131 seconds
[2026-01-20T02:04:08.766+0000] {processor.py:161} INFO - Started process (PID=18683) to work on /opt/airflow/dags/pipeline_scheduled.py
[2026-01-20T02:04:08.768+0000] {processor.py:830} INFO - Processing file /opt/airflow/dags/pipeline_scheduled.py for tasks to queue
[2026-01-20T02:04:08.772+0000] {logging_mixin.py:188} INFO - [2026-01-20T02:04:08.771+0000] {dagbag.py:545} INFO - Filling up the DagBag from /opt/airflow/dags/pipeline_scheduled.py
[2026-01-20T02:04:08.800+0000] {processor.py:840} INFO - DAG(s) 'pipeline_scheduled' retrieved from /opt/airflow/dags/pipeline_scheduled.py
[2026-01-20T02:04:08.842+0000] {logging_mixin.py:188} INFO - [2026-01-20T02:04:08.842+0000] {dag.py:3089} INFO - Sync 1 DAGs
[2026-01-20T02:04:08.867+0000] {logging_mixin.py:188} INFO - [2026-01-20T02:04:08.867+0000] {dag.py:3947} INFO - Setting next_dagrun for pipeline_scheduled to 2026-01-20 02:00:00+00:00, run_after=2026-01-20 03:00:00+00:00
[2026-01-20T02:04:08.890+0000] {processor.py:183} INFO - Processing /opt/airflow/dags/pipeline_scheduled.py took 0.133 seconds
[2026-01-20T02:04:39.168+0000] {processor.py:161} INFO - Started process (PID=18693) to work on /opt/airflow/dags/pipeline_scheduled.py
[2026-01-20T02:04:39.169+0000] {processor.py:830} INFO - Processing file /opt/airflow/dags/pipeline_scheduled.py for tasks to queue
[2026-01-20T02:04:39.172+0000] {logging_mixin.py:188} INFO - [2026-01-20T02:04:39.171+0000] {dagbag.py:545} INFO - Filling up the DagBag from /opt/airflow/dags/pipeline_scheduled.py
[2026-01-20T02:04:39.199+0000] {processor.py:840} INFO - DAG(s) 'pipeline_scheduled' retrieved from /opt/airflow/dags/pipeline_scheduled.py
[2026-01-20T02:04:39.238+0000] {logging_mixin.py:188} INFO - [2026-01-20T02:04:39.237+0000] {dag.py:3089} INFO - Sync 1 DAGs
[2026-01-20T02:04:39.263+0000] {logging_mixin.py:188} INFO - [2026-01-20T02:04:39.263+0000] {dag.py:3947} INFO - Setting next_dagrun for pipeline_scheduled to 2026-01-20 02:00:00+00:00, run_after=2026-01-20 03:00:00+00:00
[2026-01-20T02:04:39.288+0000] {processor.py:183} INFO - Processing /opt/airflow/dags/pipeline_scheduled.py took 0.128 seconds
[2026-01-20T02:05:09.571+0000] {processor.py:161} INFO - Started process (PID=18703) to work on /opt/airflow/dags/pipeline_scheduled.py
[2026-01-20T02:05:09.572+0000] {processor.py:830} INFO - Processing file /opt/airflow/dags/pipeline_scheduled.py for tasks to queue
[2026-01-20T02:05:09.575+0000] {logging_mixin.py:188} INFO - [2026-01-20T02:05:09.574+0000] {dagbag.py:545} INFO - Filling up the DagBag from /opt/airflow/dags/pipeline_scheduled.py
[2026-01-20T02:05:09.601+0000] {processor.py:840} INFO - DAG(s) 'pipeline_scheduled' retrieved from /opt/airflow/dags/pipeline_scheduled.py
[2026-01-20T02:05:09.639+0000] {logging_mixin.py:188} INFO - [2026-01-20T02:05:09.639+0000] {dag.py:3089} INFO - Sync 1 DAGs
[2026-01-20T02:05:09.670+0000] {logging_mixin.py:188} INFO - [2026-01-20T02:05:09.670+0000] {dag.py:3947} INFO - Setting next_dagrun for pipeline_scheduled to 2026-01-20 02:00:00+00:00, run_after=2026-01-20 03:00:00+00:00
[2026-01-20T02:05:09.696+0000] {processor.py:183} INFO - Processing /opt/airflow/dags/pipeline_scheduled.py took 0.133 seconds
[2026-01-20T02:05:40.414+0000] {processor.py:161} INFO - Started process (PID=18713) to work on /opt/airflow/dags/pipeline_scheduled.py
[2026-01-20T02:05:40.416+0000] {processor.py:830} INFO - Processing file /opt/airflow/dags/pipeline_scheduled.py for tasks to queue
[2026-01-20T02:05:40.422+0000] {logging_mixin.py:188} INFO - [2026-01-20T02:05:40.420+0000] {dagbag.py:545} INFO - Filling up the DagBag from /opt/airflow/dags/pipeline_scheduled.py
[2026-01-20T02:05:40.466+0000] {processor.py:840} INFO - DAG(s) 'pipeline_scheduled' retrieved from /opt/airflow/dags/pipeline_scheduled.py
[2026-01-20T02:05:40.538+0000] {logging_mixin.py:188} INFO - [2026-01-20T02:05:40.538+0000] {dag.py:3089} INFO - Sync 1 DAGs
[2026-01-20T02:05:40.583+0000] {logging_mixin.py:188} INFO - [2026-01-20T02:05:40.582+0000] {dag.py:3947} INFO - Setting next_dagrun for pipeline_scheduled to 2026-01-20 02:00:00+00:00, run_after=2026-01-20 03:00:00+00:00
[2026-01-20T02:05:40.620+0000] {processor.py:183} INFO - Processing /opt/airflow/dags/pipeline_scheduled.py took 0.218 seconds
[2026-01-20T02:06:10.971+0000] {processor.py:161} INFO - Started process (PID=18723) to work on /opt/airflow/dags/pipeline_scheduled.py
[2026-01-20T02:06:10.973+0000] {processor.py:830} INFO - Processing file /opt/airflow/dags/pipeline_scheduled.py for tasks to queue
[2026-01-20T02:06:10.976+0000] {logging_mixin.py:188} INFO - [2026-01-20T02:06:10.975+0000] {dagbag.py:545} INFO - Filling up the DagBag from /opt/airflow/dags/pipeline_scheduled.py
[2026-01-20T02:06:11.010+0000] {processor.py:840} INFO - DAG(s) 'pipeline_scheduled' retrieved from /opt/airflow/dags/pipeline_scheduled.py
[2026-01-20T02:06:11.059+0000] {logging_mixin.py:188} INFO - [2026-01-20T02:06:11.059+0000] {dag.py:3089} INFO - Sync 1 DAGs
[2026-01-20T02:06:11.090+0000] {logging_mixin.py:188} INFO - [2026-01-20T02:06:11.090+0000] {dag.py:3947} INFO - Setting next_dagrun for pipeline_scheduled to 2026-01-20 02:00:00+00:00, run_after=2026-01-20 03:00:00+00:00
[2026-01-20T02:06:11.116+0000] {processor.py:183} INFO - Processing /opt/airflow/dags/pipeline_scheduled.py took 0.155 seconds
[2026-01-20T02:06:41.552+0000] {processor.py:161} INFO - Started process (PID=18733) to work on /opt/airflow/dags/pipeline_scheduled.py
[2026-01-20T02:06:41.554+0000] {processor.py:830} INFO - Processing file /opt/airflow/dags/pipeline_scheduled.py for tasks to queue
[2026-01-20T02:06:41.557+0000] {logging_mixin.py:188} INFO - [2026-01-20T02:06:41.557+0000] {dagbag.py:545} INFO - Filling up the DagBag from /opt/airflow/dags/pipeline_scheduled.py
[2026-01-20T02:06:41.596+0000] {processor.py:840} INFO - DAG(s) 'pipeline_scheduled' retrieved from /opt/airflow/dags/pipeline_scheduled.py
[2026-01-20T02:06:41.647+0000] {logging_mixin.py:188} INFO - [2026-01-20T02:06:41.647+0000] {dag.py:3089} INFO - Sync 1 DAGs
[2026-01-20T02:06:41.684+0000] {logging_mixin.py:188} INFO - [2026-01-20T02:06:41.684+0000] {dag.py:3947} INFO - Setting next_dagrun for pipeline_scheduled to 2026-01-20 02:00:00+00:00, run_after=2026-01-20 03:00:00+00:00
[2026-01-20T02:06:41.716+0000] {processor.py:183} INFO - Processing /opt/airflow/dags/pipeline_scheduled.py took 0.174 seconds
[2026-01-20T02:07:11.999+0000] {processor.py:161} INFO - Started process (PID=18743) to work on /opt/airflow/dags/pipeline_scheduled.py
[2026-01-20T02:07:12.000+0000] {processor.py:830} INFO - Processing file /opt/airflow/dags/pipeline_scheduled.py for tasks to queue
[2026-01-20T02:07:12.004+0000] {logging_mixin.py:188} INFO - [2026-01-20T02:07:12.004+0000] {dagbag.py:545} INFO - Filling up the DagBag from /opt/airflow/dags/pipeline_scheduled.py
[2026-01-20T02:07:12.039+0000] {processor.py:840} INFO - DAG(s) 'pipeline_scheduled' retrieved from /opt/airflow/dags/pipeline_scheduled.py
[2026-01-20T02:07:12.092+0000] {logging_mixin.py:188} INFO - [2026-01-20T02:07:12.092+0000] {dag.py:3089} INFO - Sync 1 DAGs
[2026-01-20T02:07:12.128+0000] {logging_mixin.py:188} INFO - [2026-01-20T02:07:12.128+0000] {dag.py:3947} INFO - Setting next_dagrun for pipeline_scheduled to 2026-01-20 02:00:00+00:00, run_after=2026-01-20 03:00:00+00:00
[2026-01-20T02:07:12.150+0000] {processor.py:183} INFO - Processing /opt/airflow/dags/pipeline_scheduled.py took 0.162 seconds
[2026-01-20T02:07:42.420+0000] {processor.py:161} INFO - Started process (PID=18753) to work on /opt/airflow/dags/pipeline_scheduled.py
[2026-01-20T02:07:42.421+0000] {processor.py:830} INFO - Processing file /opt/airflow/dags/pipeline_scheduled.py for tasks to queue
[2026-01-20T02:07:42.425+0000] {logging_mixin.py:188} INFO - [2026-01-20T02:07:42.424+0000] {dagbag.py:545} INFO - Filling up the DagBag from /opt/airflow/dags/pipeline_scheduled.py
[2026-01-20T02:07:42.452+0000] {processor.py:840} INFO - DAG(s) 'pipeline_scheduled' retrieved from /opt/airflow/dags/pipeline_scheduled.py
[2026-01-20T02:07:42.487+0000] {logging_mixin.py:188} INFO - [2026-01-20T02:07:42.487+0000] {dag.py:3089} INFO - Sync 1 DAGs
[2026-01-20T02:07:42.508+0000] {logging_mixin.py:188} INFO - [2026-01-20T02:07:42.508+0000] {dag.py:3947} INFO - Setting next_dagrun for pipeline_scheduled to 2026-01-20 02:00:00+00:00, run_after=2026-01-20 03:00:00+00:00
[2026-01-20T02:07:42.531+0000] {processor.py:183} INFO - Processing /opt/airflow/dags/pipeline_scheduled.py took 0.121 seconds
[2026-01-20T02:08:12.800+0000] {processor.py:161} INFO - Started process (PID=18763) to work on /opt/airflow/dags/pipeline_scheduled.py
[2026-01-20T02:08:12.801+0000] {processor.py:830} INFO - Processing file /opt/airflow/dags/pipeline_scheduled.py for tasks to queue
[2026-01-20T02:08:12.804+0000] {logging_mixin.py:188} INFO - [2026-01-20T02:08:12.804+0000] {dagbag.py:545} INFO - Filling up the DagBag from /opt/airflow/dags/pipeline_scheduled.py
[2026-01-20T02:08:12.833+0000] {processor.py:840} INFO - DAG(s) 'pipeline_scheduled' retrieved from /opt/airflow/dags/pipeline_scheduled.py
[2026-01-20T02:08:12.871+0000] {logging_mixin.py:188} INFO - [2026-01-20T02:08:12.871+0000] {dag.py:3089} INFO - Sync 1 DAGs
[2026-01-20T02:08:12.896+0000] {logging_mixin.py:188} INFO - [2026-01-20T02:08:12.896+0000] {dag.py:3947} INFO - Setting next_dagrun for pipeline_scheduled to 2026-01-20 02:00:00+00:00, run_after=2026-01-20 03:00:00+00:00
[2026-01-20T02:08:12.918+0000] {processor.py:183} INFO - Processing /opt/airflow/dags/pipeline_scheduled.py took 0.126 seconds
[2026-01-20T02:08:43.231+0000] {processor.py:161} INFO - Started process (PID=18773) to work on /opt/airflow/dags/pipeline_scheduled.py
[2026-01-20T02:08:43.232+0000] {processor.py:830} INFO - Processing file /opt/airflow/dags/pipeline_scheduled.py for tasks to queue
[2026-01-20T02:08:43.235+0000] {logging_mixin.py:188} INFO - [2026-01-20T02:08:43.235+0000] {dagbag.py:545} INFO - Filling up the DagBag from /opt/airflow/dags/pipeline_scheduled.py
[2026-01-20T02:08:43.262+0000] {processor.py:840} INFO - DAG(s) 'pipeline_scheduled' retrieved from /opt/airflow/dags/pipeline_scheduled.py
[2026-01-20T02:08:43.302+0000] {logging_mixin.py:188} INFO - [2026-01-20T02:08:43.301+0000] {dag.py:3089} INFO - Sync 1 DAGs
[2026-01-20T02:08:43.326+0000] {logging_mixin.py:188} INFO - [2026-01-20T02:08:43.325+0000] {dag.py:3947} INFO - Setting next_dagrun for pipeline_scheduled to 2026-01-20 02:00:00+00:00, run_after=2026-01-20 03:00:00+00:00
[2026-01-20T02:08:43.349+0000] {processor.py:183} INFO - Processing /opt/airflow/dags/pipeline_scheduled.py took 0.127 seconds
[2026-01-20T02:09:13.626+0000] {processor.py:161} INFO - Started process (PID=18783) to work on /opt/airflow/dags/pipeline_scheduled.py
[2026-01-20T02:09:13.627+0000] {processor.py:830} INFO - Processing file /opt/airflow/dags/pipeline_scheduled.py for tasks to queue
[2026-01-20T02:09:13.630+0000] {logging_mixin.py:188} INFO - [2026-01-20T02:09:13.629+0000] {dagbag.py:545} INFO - Filling up the DagBag from /opt/airflow/dags/pipeline_scheduled.py
[2026-01-20T02:09:13.657+0000] {processor.py:840} INFO - DAG(s) 'pipeline_scheduled' retrieved from /opt/airflow/dags/pipeline_scheduled.py
[2026-01-20T02:09:13.694+0000] {logging_mixin.py:188} INFO - [2026-01-20T02:09:13.693+0000] {dag.py:3089} INFO - Sync 1 DAGs
[2026-01-20T02:09:13.718+0000] {logging_mixin.py:188} INFO - [2026-01-20T02:09:13.717+0000] {dag.py:3947} INFO - Setting next_dagrun for pipeline_scheduled to 2026-01-20 02:00:00+00:00, run_after=2026-01-20 03:00:00+00:00
[2026-01-20T02:09:13.740+0000] {processor.py:183} INFO - Processing /opt/airflow/dags/pipeline_scheduled.py took 0.122 seconds
[2026-01-20T02:09:44.002+0000] {processor.py:161} INFO - Started process (PID=18793) to work on /opt/airflow/dags/pipeline_scheduled.py
[2026-01-20T02:09:44.003+0000] {processor.py:830} INFO - Processing file /opt/airflow/dags/pipeline_scheduled.py for tasks to queue
[2026-01-20T02:09:44.008+0000] {logging_mixin.py:188} INFO - [2026-01-20T02:09:44.007+0000] {dagbag.py:545} INFO - Filling up the DagBag from /opt/airflow/dags/pipeline_scheduled.py
[2026-01-20T02:09:44.038+0000] {processor.py:840} INFO - DAG(s) 'pipeline_scheduled' retrieved from /opt/airflow/dags/pipeline_scheduled.py
[2026-01-20T02:09:44.082+0000] {logging_mixin.py:188} INFO - [2026-01-20T02:09:44.082+0000] {dag.py:3089} INFO - Sync 1 DAGs
[2026-01-20T02:09:44.109+0000] {logging_mixin.py:188} INFO - [2026-01-20T02:09:44.109+0000] {dag.py:3947} INFO - Setting next_dagrun for pipeline_scheduled to 2026-01-20 02:00:00+00:00, run_after=2026-01-20 03:00:00+00:00
[2026-01-20T02:09:44.131+0000] {processor.py:183} INFO - Processing /opt/airflow/dags/pipeline_scheduled.py took 0.139 seconds
[2026-01-20T02:10:14.385+0000] {processor.py:161} INFO - Started process (PID=18806) to work on /opt/airflow/dags/pipeline_scheduled.py
[2026-01-20T02:10:14.387+0000] {processor.py:830} INFO - Processing file /opt/airflow/dags/pipeline_scheduled.py for tasks to queue
[2026-01-20T02:10:14.390+0000] {logging_mixin.py:188} INFO - [2026-01-20T02:10:14.389+0000] {dagbag.py:545} INFO - Filling up the DagBag from /opt/airflow/dags/pipeline_scheduled.py
[2026-01-20T02:10:14.414+0000] {processor.py:840} INFO - DAG(s) 'pipeline_scheduled' retrieved from /opt/airflow/dags/pipeline_scheduled.py
[2026-01-20T02:10:14.452+0000] {logging_mixin.py:188} INFO - [2026-01-20T02:10:14.452+0000] {dag.py:3089} INFO - Sync 1 DAGs
[2026-01-20T02:10:14.476+0000] {logging_mixin.py:188} INFO - [2026-01-20T02:10:14.475+0000] {dag.py:3947} INFO - Setting next_dagrun for pipeline_scheduled to 2026-01-20 02:00:00+00:00, run_after=2026-01-20 03:00:00+00:00
[2026-01-20T02:10:14.497+0000] {processor.py:183} INFO - Processing /opt/airflow/dags/pipeline_scheduled.py took 0.119 seconds
[2026-01-20T02:10:44.764+0000] {processor.py:161} INFO - Started process (PID=18816) to work on /opt/airflow/dags/pipeline_scheduled.py
[2026-01-20T02:10:44.766+0000] {processor.py:830} INFO - Processing file /opt/airflow/dags/pipeline_scheduled.py for tasks to queue
[2026-01-20T02:10:44.769+0000] {logging_mixin.py:188} INFO - [2026-01-20T02:10:44.768+0000] {dagbag.py:545} INFO - Filling up the DagBag from /opt/airflow/dags/pipeline_scheduled.py
[2026-01-20T02:10:44.798+0000] {processor.py:840} INFO - DAG(s) 'pipeline_scheduled' retrieved from /opt/airflow/dags/pipeline_scheduled.py
[2026-01-20T02:10:44.839+0000] {logging_mixin.py:188} INFO - [2026-01-20T02:10:44.839+0000] {dag.py:3089} INFO - Sync 1 DAGs
[2026-01-20T02:10:44.865+0000] {logging_mixin.py:188} INFO - [2026-01-20T02:10:44.864+0000] {dag.py:3947} INFO - Setting next_dagrun for pipeline_scheduled to 2026-01-20 02:00:00+00:00, run_after=2026-01-20 03:00:00+00:00
[2026-01-20T02:10:44.886+0000] {processor.py:183} INFO - Processing /opt/airflow/dags/pipeline_scheduled.py took 0.130 seconds
[2026-01-20T02:11:15.229+0000] {processor.py:161} INFO - Started process (PID=18826) to work on /opt/airflow/dags/pipeline_scheduled.py
[2026-01-20T02:11:15.230+0000] {processor.py:830} INFO - Processing file /opt/airflow/dags/pipeline_scheduled.py for tasks to queue
[2026-01-20T02:11:15.233+0000] {logging_mixin.py:188} INFO - [2026-01-20T02:11:15.232+0000] {dagbag.py:545} INFO - Filling up the DagBag from /opt/airflow/dags/pipeline_scheduled.py
[2026-01-20T02:11:15.260+0000] {processor.py:840} INFO - DAG(s) 'pipeline_scheduled' retrieved from /opt/airflow/dags/pipeline_scheduled.py
[2026-01-20T02:11:15.295+0000] {logging_mixin.py:188} INFO - [2026-01-20T02:11:15.295+0000] {dag.py:3089} INFO - Sync 1 DAGs
[2026-01-20T02:11:15.318+0000] {logging_mixin.py:188} INFO - [2026-01-20T02:11:15.318+0000] {dag.py:3947} INFO - Setting next_dagrun for pipeline_scheduled to 2026-01-20 02:00:00+00:00, run_after=2026-01-20 03:00:00+00:00
[2026-01-20T02:11:15.339+0000] {processor.py:183} INFO - Processing /opt/airflow/dags/pipeline_scheduled.py took 0.117 seconds
[2026-01-20T02:11:45.616+0000] {processor.py:161} INFO - Started process (PID=18836) to work on /opt/airflow/dags/pipeline_scheduled.py
[2026-01-20T02:11:45.617+0000] {processor.py:830} INFO - Processing file /opt/airflow/dags/pipeline_scheduled.py for tasks to queue
[2026-01-20T02:11:45.619+0000] {logging_mixin.py:188} INFO - [2026-01-20T02:11:45.619+0000] {dagbag.py:545} INFO - Filling up the DagBag from /opt/airflow/dags/pipeline_scheduled.py
[2026-01-20T02:11:45.646+0000] {processor.py:840} INFO - DAG(s) 'pipeline_scheduled' retrieved from /opt/airflow/dags/pipeline_scheduled.py
[2026-01-20T02:11:45.681+0000] {logging_mixin.py:188} INFO - [2026-01-20T02:11:45.681+0000] {dag.py:3089} INFO - Sync 1 DAGs
[2026-01-20T02:11:45.703+0000] {logging_mixin.py:188} INFO - [2026-01-20T02:11:45.703+0000] {dag.py:3947} INFO - Setting next_dagrun for pipeline_scheduled to 2026-01-20 02:00:00+00:00, run_after=2026-01-20 03:00:00+00:00
[2026-01-20T02:11:45.727+0000] {processor.py:183} INFO - Processing /opt/airflow/dags/pipeline_scheduled.py took 0.118 seconds
[2026-01-20T02:12:15.994+0000] {processor.py:161} INFO - Started process (PID=18846) to work on /opt/airflow/dags/pipeline_scheduled.py
[2026-01-20T02:12:15.995+0000] {processor.py:830} INFO - Processing file /opt/airflow/dags/pipeline_scheduled.py for tasks to queue
[2026-01-20T02:12:15.997+0000] {logging_mixin.py:188} INFO - [2026-01-20T02:12:15.997+0000] {dagbag.py:545} INFO - Filling up the DagBag from /opt/airflow/dags/pipeline_scheduled.py
[2026-01-20T02:12:16.023+0000] {processor.py:840} INFO - DAG(s) 'pipeline_scheduled' retrieved from /opt/airflow/dags/pipeline_scheduled.py
[2026-01-20T02:12:16.059+0000] {logging_mixin.py:188} INFO - [2026-01-20T02:12:16.058+0000] {dag.py:3089} INFO - Sync 1 DAGs
[2026-01-20T02:12:16.083+0000] {logging_mixin.py:188} INFO - [2026-01-20T02:12:16.083+0000] {dag.py:3947} INFO - Setting next_dagrun for pipeline_scheduled to 2026-01-20 02:00:00+00:00, run_after=2026-01-20 03:00:00+00:00
[2026-01-20T02:12:16.107+0000] {processor.py:183} INFO - Processing /opt/airflow/dags/pipeline_scheduled.py took 0.120 seconds
[2026-01-20T02:12:46.369+0000] {processor.py:161} INFO - Started process (PID=18856) to work on /opt/airflow/dags/pipeline_scheduled.py
[2026-01-20T02:12:46.371+0000] {processor.py:830} INFO - Processing file /opt/airflow/dags/pipeline_scheduled.py for tasks to queue
[2026-01-20T02:12:46.373+0000] {logging_mixin.py:188} INFO - [2026-01-20T02:12:46.372+0000] {dagbag.py:545} INFO - Filling up the DagBag from /opt/airflow/dags/pipeline_scheduled.py
[2026-01-20T02:12:46.400+0000] {processor.py:840} INFO - DAG(s) 'pipeline_scheduled' retrieved from /opt/airflow/dags/pipeline_scheduled.py
[2026-01-20T02:12:46.433+0000] {logging_mixin.py:188} INFO - [2026-01-20T02:12:46.433+0000] {dag.py:3089} INFO - Sync 1 DAGs
[2026-01-20T02:12:46.456+0000] {logging_mixin.py:188} INFO - [2026-01-20T02:12:46.456+0000] {dag.py:3947} INFO - Setting next_dagrun for pipeline_scheduled to 2026-01-20 02:00:00+00:00, run_after=2026-01-20 03:00:00+00:00
[2026-01-20T02:12:46.475+0000] {processor.py:183} INFO - Processing /opt/airflow/dags/pipeline_scheduled.py took 0.111 seconds
[2026-01-20T02:13:16.743+0000] {processor.py:161} INFO - Started process (PID=18866) to work on /opt/airflow/dags/pipeline_scheduled.py
[2026-01-20T02:13:16.744+0000] {processor.py:830} INFO - Processing file /opt/airflow/dags/pipeline_scheduled.py for tasks to queue
[2026-01-20T02:13:16.746+0000] {logging_mixin.py:188} INFO - [2026-01-20T02:13:16.746+0000] {dagbag.py:545} INFO - Filling up the DagBag from /opt/airflow/dags/pipeline_scheduled.py
[2026-01-20T02:13:16.772+0000] {processor.py:840} INFO - DAG(s) 'pipeline_scheduled' retrieved from /opt/airflow/dags/pipeline_scheduled.py
[2026-01-20T02:13:16.806+0000] {logging_mixin.py:188} INFO - [2026-01-20T02:13:16.806+0000] {dag.py:3089} INFO - Sync 1 DAGs
[2026-01-20T02:13:16.829+0000] {logging_mixin.py:188} INFO - [2026-01-20T02:13:16.828+0000] {dag.py:3947} INFO - Setting next_dagrun for pipeline_scheduled to 2026-01-20 02:00:00+00:00, run_after=2026-01-20 03:00:00+00:00
[2026-01-20T02:13:16.847+0000] {processor.py:183} INFO - Processing /opt/airflow/dags/pipeline_scheduled.py took 0.110 seconds
[2026-01-20T02:13:47.170+0000] {processor.py:161} INFO - Started process (PID=18876) to work on /opt/airflow/dags/pipeline_scheduled.py
[2026-01-20T02:13:47.171+0000] {processor.py:830} INFO - Processing file /opt/airflow/dags/pipeline_scheduled.py for tasks to queue
[2026-01-20T02:13:47.173+0000] {logging_mixin.py:188} INFO - [2026-01-20T02:13:47.172+0000] {dagbag.py:545} INFO - Filling up the DagBag from /opt/airflow/dags/pipeline_scheduled.py
[2026-01-20T02:13:47.197+0000] {processor.py:840} INFO - DAG(s) 'pipeline_scheduled' retrieved from /opt/airflow/dags/pipeline_scheduled.py
[2026-01-20T02:13:47.233+0000] {logging_mixin.py:188} INFO - [2026-01-20T02:13:47.232+0000] {dag.py:3089} INFO - Sync 1 DAGs
[2026-01-20T02:13:47.256+0000] {logging_mixin.py:188} INFO - [2026-01-20T02:13:47.256+0000] {dag.py:3947} INFO - Setting next_dagrun for pipeline_scheduled to 2026-01-20 02:00:00+00:00, run_after=2026-01-20 03:00:00+00:00
[2026-01-20T02:13:47.275+0000] {processor.py:183} INFO - Processing /opt/airflow/dags/pipeline_scheduled.py took 0.111 seconds
[2026-01-20T02:14:17.551+0000] {processor.py:161} INFO - Started process (PID=18886) to work on /opt/airflow/dags/pipeline_scheduled.py
[2026-01-20T02:14:17.552+0000] {processor.py:830} INFO - Processing file /opt/airflow/dags/pipeline_scheduled.py for tasks to queue
[2026-01-20T02:14:17.555+0000] {logging_mixin.py:188} INFO - [2026-01-20T02:14:17.554+0000] {dagbag.py:545} INFO - Filling up the DagBag from /opt/airflow/dags/pipeline_scheduled.py
[2026-01-20T02:14:17.586+0000] {processor.py:840} INFO - DAG(s) 'pipeline_scheduled' retrieved from /opt/airflow/dags/pipeline_scheduled.py
[2026-01-20T02:14:17.624+0000] {logging_mixin.py:188} INFO - [2026-01-20T02:14:17.623+0000] {dag.py:3089} INFO - Sync 1 DAGs
[2026-01-20T02:14:17.647+0000] {logging_mixin.py:188} INFO - [2026-01-20T02:14:17.647+0000] {dag.py:3947} INFO - Setting next_dagrun for pipeline_scheduled to 2026-01-20 02:00:00+00:00, run_after=2026-01-20 03:00:00+00:00
[2026-01-20T02:14:17.667+0000] {processor.py:183} INFO - Processing /opt/airflow/dags/pipeline_scheduled.py took 0.123 seconds
[2026-01-20T02:14:47.943+0000] {processor.py:161} INFO - Started process (PID=18896) to work on /opt/airflow/dags/pipeline_scheduled.py
[2026-01-20T02:14:47.944+0000] {processor.py:830} INFO - Processing file /opt/airflow/dags/pipeline_scheduled.py for tasks to queue
[2026-01-20T02:14:47.947+0000] {logging_mixin.py:188} INFO - [2026-01-20T02:14:47.947+0000] {dagbag.py:545} INFO - Filling up the DagBag from /opt/airflow/dags/pipeline_scheduled.py
[2026-01-20T02:14:47.971+0000] {processor.py:840} INFO - DAG(s) 'pipeline_scheduled' retrieved from /opt/airflow/dags/pipeline_scheduled.py
[2026-01-20T02:14:48.009+0000] {logging_mixin.py:188} INFO - [2026-01-20T02:14:48.008+0000] {dag.py:3089} INFO - Sync 1 DAGs
[2026-01-20T02:14:48.035+0000] {logging_mixin.py:188} INFO - [2026-01-20T02:14:48.034+0000] {dag.py:3947} INFO - Setting next_dagrun for pipeline_scheduled to 2026-01-20 02:00:00+00:00, run_after=2026-01-20 03:00:00+00:00
[2026-01-20T02:14:48.055+0000] {processor.py:183} INFO - Processing /opt/airflow/dags/pipeline_scheduled.py took 0.119 seconds
[2026-01-20T02:15:18.343+0000] {processor.py:161} INFO - Started process (PID=18906) to work on /opt/airflow/dags/pipeline_scheduled.py
[2026-01-20T02:15:18.345+0000] {processor.py:830} INFO - Processing file /opt/airflow/dags/pipeline_scheduled.py for tasks to queue
[2026-01-20T02:15:18.348+0000] {logging_mixin.py:188} INFO - [2026-01-20T02:15:18.348+0000] {dagbag.py:545} INFO - Filling up the DagBag from /opt/airflow/dags/pipeline_scheduled.py
[2026-01-20T02:15:18.371+0000] {processor.py:840} INFO - DAG(s) 'pipeline_scheduled' retrieved from /opt/airflow/dags/pipeline_scheduled.py
[2026-01-20T02:15:18.404+0000] {logging_mixin.py:188} INFO - [2026-01-20T02:15:18.403+0000] {dag.py:3089} INFO - Sync 1 DAGs
[2026-01-20T02:15:18.430+0000] {logging_mixin.py:188} INFO - [2026-01-20T02:15:18.429+0000] {dag.py:3947} INFO - Setting next_dagrun for pipeline_scheduled to 2026-01-20 02:00:00+00:00, run_after=2026-01-20 03:00:00+00:00
[2026-01-20T02:15:18.452+0000] {processor.py:183} INFO - Processing /opt/airflow/dags/pipeline_scheduled.py took 0.115 seconds
[2026-01-20T02:15:48.735+0000] {processor.py:161} INFO - Started process (PID=18916) to work on /opt/airflow/dags/pipeline_scheduled.py
[2026-01-20T02:15:48.736+0000] {processor.py:830} INFO - Processing file /opt/airflow/dags/pipeline_scheduled.py for tasks to queue
[2026-01-20T02:15:48.739+0000] {logging_mixin.py:188} INFO - [2026-01-20T02:15:48.738+0000] {dagbag.py:545} INFO - Filling up the DagBag from /opt/airflow/dags/pipeline_scheduled.py
[2026-01-20T02:15:48.765+0000] {processor.py:840} INFO - DAG(s) 'pipeline_scheduled' retrieved from /opt/airflow/dags/pipeline_scheduled.py
[2026-01-20T02:15:48.800+0000] {logging_mixin.py:188} INFO - [2026-01-20T02:15:48.799+0000] {dag.py:3089} INFO - Sync 1 DAGs
[2026-01-20T02:15:48.822+0000] {logging_mixin.py:188} INFO - [2026-01-20T02:15:48.822+0000] {dag.py:3947} INFO - Setting next_dagrun for pipeline_scheduled to 2026-01-20 02:00:00+00:00, run_after=2026-01-20 03:00:00+00:00
[2026-01-20T02:15:48.844+0000] {processor.py:183} INFO - Processing /opt/airflow/dags/pipeline_scheduled.py took 0.115 seconds
[2026-01-20T02:16:19.107+0000] {processor.py:161} INFO - Started process (PID=18926) to work on /opt/airflow/dags/pipeline_scheduled.py
[2026-01-20T02:16:19.108+0000] {processor.py:830} INFO - Processing file /opt/airflow/dags/pipeline_scheduled.py for tasks to queue
[2026-01-20T02:16:19.110+0000] {logging_mixin.py:188} INFO - [2026-01-20T02:16:19.110+0000] {dagbag.py:545} INFO - Filling up the DagBag from /opt/airflow/dags/pipeline_scheduled.py
[2026-01-20T02:16:19.135+0000] {processor.py:840} INFO - DAG(s) 'pipeline_scheduled' retrieved from /opt/airflow/dags/pipeline_scheduled.py
[2026-01-20T02:16:19.169+0000] {logging_mixin.py:188} INFO - [2026-01-20T02:16:19.168+0000] {dag.py:3089} INFO - Sync 1 DAGs
[2026-01-20T02:16:19.190+0000] {logging_mixin.py:188} INFO - [2026-01-20T02:16:19.190+0000] {dag.py:3947} INFO - Setting next_dagrun for pipeline_scheduled to 2026-01-20 02:00:00+00:00, run_after=2026-01-20 03:00:00+00:00
[2026-01-20T02:16:19.213+0000] {processor.py:183} INFO - Processing /opt/airflow/dags/pipeline_scheduled.py took 0.113 seconds
[2026-01-20T02:16:49.485+0000] {processor.py:161} INFO - Started process (PID=18936) to work on /opt/airflow/dags/pipeline_scheduled.py
[2026-01-20T02:16:49.487+0000] {processor.py:830} INFO - Processing file /opt/airflow/dags/pipeline_scheduled.py for tasks to queue
[2026-01-20T02:16:49.489+0000] {logging_mixin.py:188} INFO - [2026-01-20T02:16:49.489+0000] {dagbag.py:545} INFO - Filling up the DagBag from /opt/airflow/dags/pipeline_scheduled.py
[2026-01-20T02:16:49.517+0000] {processor.py:840} INFO - DAG(s) 'pipeline_scheduled' retrieved from /opt/airflow/dags/pipeline_scheduled.py
[2026-01-20T02:16:49.555+0000] {logging_mixin.py:188} INFO - [2026-01-20T02:16:49.555+0000] {dag.py:3089} INFO - Sync 1 DAGs
[2026-01-20T02:16:49.579+0000] {logging_mixin.py:188} INFO - [2026-01-20T02:16:49.579+0000] {dag.py:3947} INFO - Setting next_dagrun for pipeline_scheduled to 2026-01-20 02:00:00+00:00, run_after=2026-01-20 03:00:00+00:00
[2026-01-20T02:16:49.601+0000] {processor.py:183} INFO - Processing /opt/airflow/dags/pipeline_scheduled.py took 0.124 seconds
[2026-01-20T02:17:19.865+0000] {processor.py:161} INFO - Started process (PID=18946) to work on /opt/airflow/dags/pipeline_scheduled.py
[2026-01-20T02:17:19.867+0000] {processor.py:830} INFO - Processing file /opt/airflow/dags/pipeline_scheduled.py for tasks to queue
[2026-01-20T02:17:19.869+0000] {logging_mixin.py:188} INFO - [2026-01-20T02:17:19.868+0000] {dagbag.py:545} INFO - Filling up the DagBag from /opt/airflow/dags/pipeline_scheduled.py
[2026-01-20T02:17:19.896+0000] {processor.py:840} INFO - DAG(s) 'pipeline_scheduled' retrieved from /opt/airflow/dags/pipeline_scheduled.py
[2026-01-20T02:17:19.934+0000] {logging_mixin.py:188} INFO - [2026-01-20T02:17:19.933+0000] {dag.py:3089} INFO - Sync 1 DAGs
[2026-01-20T02:17:19.954+0000] {logging_mixin.py:188} INFO - [2026-01-20T02:17:19.954+0000] {dag.py:3947} INFO - Setting next_dagrun for pipeline_scheduled to 2026-01-20 02:00:00+00:00, run_after=2026-01-20 03:00:00+00:00
[2026-01-20T02:17:19.975+0000] {processor.py:183} INFO - Processing /opt/airflow/dags/pipeline_scheduled.py took 0.117 seconds
[2026-01-20T02:17:50.228+0000] {processor.py:161} INFO - Started process (PID=18956) to work on /opt/airflow/dags/pipeline_scheduled.py
[2026-01-20T02:17:50.230+0000] {processor.py:830} INFO - Processing file /opt/airflow/dags/pipeline_scheduled.py for tasks to queue
[2026-01-20T02:17:50.232+0000] {logging_mixin.py:188} INFO - [2026-01-20T02:17:50.232+0000] {dagbag.py:545} INFO - Filling up the DagBag from /opt/airflow/dags/pipeline_scheduled.py
[2026-01-20T02:17:50.259+0000] {processor.py:840} INFO - DAG(s) 'pipeline_scheduled' retrieved from /opt/airflow/dags/pipeline_scheduled.py
[2026-01-20T02:17:50.295+0000] {logging_mixin.py:188} INFO - [2026-01-20T02:17:50.295+0000] {dag.py:3089} INFO - Sync 1 DAGs
[2026-01-20T02:17:50.318+0000] {logging_mixin.py:188} INFO - [2026-01-20T02:17:50.317+0000] {dag.py:3947} INFO - Setting next_dagrun for pipeline_scheduled to 2026-01-20 02:00:00+00:00, run_after=2026-01-20 03:00:00+00:00
[2026-01-20T02:17:50.337+0000] {processor.py:183} INFO - Processing /opt/airflow/dags/pipeline_scheduled.py took 0.115 seconds
[2026-01-20T02:18:20.599+0000] {processor.py:161} INFO - Started process (PID=18966) to work on /opt/airflow/dags/pipeline_scheduled.py
[2026-01-20T02:18:20.601+0000] {processor.py:830} INFO - Processing file /opt/airflow/dags/pipeline_scheduled.py for tasks to queue
[2026-01-20T02:18:20.604+0000] {logging_mixin.py:188} INFO - [2026-01-20T02:18:20.603+0000] {dagbag.py:545} INFO - Filling up the DagBag from /opt/airflow/dags/pipeline_scheduled.py
[2026-01-20T02:18:20.630+0000] {processor.py:840} INFO - DAG(s) 'pipeline_scheduled' retrieved from /opt/airflow/dags/pipeline_scheduled.py
[2026-01-20T02:18:20.669+0000] {logging_mixin.py:188} INFO - [2026-01-20T02:18:20.669+0000] {dag.py:3089} INFO - Sync 1 DAGs
[2026-01-20T02:18:20.693+0000] {logging_mixin.py:188} INFO - [2026-01-20T02:18:20.693+0000] {dag.py:3947} INFO - Setting next_dagrun for pipeline_scheduled to 2026-01-20 02:00:00+00:00, run_after=2026-01-20 03:00:00+00:00
[2026-01-20T02:18:20.714+0000] {processor.py:183} INFO - Processing /opt/airflow/dags/pipeline_scheduled.py took 0.122 seconds
[2026-01-20T02:18:51.027+0000] {processor.py:161} INFO - Started process (PID=18976) to work on /opt/airflow/dags/pipeline_scheduled.py
[2026-01-20T02:18:51.029+0000] {processor.py:830} INFO - Processing file /opt/airflow/dags/pipeline_scheduled.py for tasks to queue
[2026-01-20T02:18:51.032+0000] {logging_mixin.py:188} INFO - [2026-01-20T02:18:51.031+0000] {dagbag.py:545} INFO - Filling up the DagBag from /opt/airflow/dags/pipeline_scheduled.py
[2026-01-20T02:18:51.059+0000] {processor.py:840} INFO - DAG(s) 'pipeline_scheduled' retrieved from /opt/airflow/dags/pipeline_scheduled.py
[2026-01-20T02:18:51.097+0000] {logging_mixin.py:188} INFO - [2026-01-20T02:18:51.097+0000] {dag.py:3089} INFO - Sync 1 DAGs
[2026-01-20T02:18:51.123+0000] {logging_mixin.py:188} INFO - [2026-01-20T02:18:51.123+0000] {dag.py:3947} INFO - Setting next_dagrun for pipeline_scheduled to 2026-01-20 02:00:00+00:00, run_after=2026-01-20 03:00:00+00:00
[2026-01-20T02:18:51.145+0000] {processor.py:183} INFO - Processing /opt/airflow/dags/pipeline_scheduled.py took 0.126 seconds
[2026-01-20T02:19:21.413+0000] {processor.py:161} INFO - Started process (PID=18986) to work on /opt/airflow/dags/pipeline_scheduled.py
[2026-01-20T02:19:21.415+0000] {processor.py:830} INFO - Processing file /opt/airflow/dags/pipeline_scheduled.py for tasks to queue
[2026-01-20T02:19:21.418+0000] {logging_mixin.py:188} INFO - [2026-01-20T02:19:21.418+0000] {dagbag.py:545} INFO - Filling up the DagBag from /opt/airflow/dags/pipeline_scheduled.py
[2026-01-20T02:19:21.444+0000] {processor.py:840} INFO - DAG(s) 'pipeline_scheduled' retrieved from /opt/airflow/dags/pipeline_scheduled.py
[2026-01-20T02:19:21.484+0000] {logging_mixin.py:188} INFO - [2026-01-20T02:19:21.483+0000] {dag.py:3089} INFO - Sync 1 DAGs
[2026-01-20T02:19:21.510+0000] {logging_mixin.py:188} INFO - [2026-01-20T02:19:21.510+0000] {dag.py:3947} INFO - Setting next_dagrun for pipeline_scheduled to 2026-01-20 02:00:00+00:00, run_after=2026-01-20 03:00:00+00:00
[2026-01-20T02:19:21.532+0000] {processor.py:183} INFO - Processing /opt/airflow/dags/pipeline_scheduled.py took 0.126 seconds
[2026-01-20T02:19:51.789+0000] {processor.py:161} INFO - Started process (PID=18996) to work on /opt/airflow/dags/pipeline_scheduled.py
[2026-01-20T02:19:51.790+0000] {processor.py:830} INFO - Processing file /opt/airflow/dags/pipeline_scheduled.py for tasks to queue
[2026-01-20T02:19:51.793+0000] {logging_mixin.py:188} INFO - [2026-01-20T02:19:51.793+0000] {dagbag.py:545} INFO - Filling up the DagBag from /opt/airflow/dags/pipeline_scheduled.py
[2026-01-20T02:19:51.819+0000] {processor.py:840} INFO - DAG(s) 'pipeline_scheduled' retrieved from /opt/airflow/dags/pipeline_scheduled.py
[2026-01-20T02:19:51.855+0000] {logging_mixin.py:188} INFO - [2026-01-20T02:19:51.855+0000] {dag.py:3089} INFO - Sync 1 DAGs
[2026-01-20T02:19:51.878+0000] {logging_mixin.py:188} INFO - [2026-01-20T02:19:51.877+0000] {dag.py:3947} INFO - Setting next_dagrun for pipeline_scheduled to 2026-01-20 02:00:00+00:00, run_after=2026-01-20 03:00:00+00:00
[2026-01-20T02:19:51.898+0000] {processor.py:183} INFO - Processing /opt/airflow/dags/pipeline_scheduled.py took 0.117 seconds
[2026-01-20T02:20:22.166+0000] {processor.py:161} INFO - Started process (PID=19009) to work on /opt/airflow/dags/pipeline_scheduled.py
[2026-01-20T02:20:22.168+0000] {processor.py:830} INFO - Processing file /opt/airflow/dags/pipeline_scheduled.py for tasks to queue
[2026-01-20T02:20:22.172+0000] {logging_mixin.py:188} INFO - [2026-01-20T02:20:22.171+0000] {dagbag.py:545} INFO - Filling up the DagBag from /opt/airflow/dags/pipeline_scheduled.py
[2026-01-20T02:20:22.200+0000] {processor.py:840} INFO - DAG(s) 'pipeline_scheduled' retrieved from /opt/airflow/dags/pipeline_scheduled.py
[2026-01-20T02:20:22.241+0000] {logging_mixin.py:188} INFO - [2026-01-20T02:20:22.240+0000] {dag.py:3089} INFO - Sync 1 DAGs
[2026-01-20T02:20:22.265+0000] {logging_mixin.py:188} INFO - [2026-01-20T02:20:22.265+0000] {dag.py:3947} INFO - Setting next_dagrun for pipeline_scheduled to 2026-01-20 02:00:00+00:00, run_after=2026-01-20 03:00:00+00:00
[2026-01-20T02:20:22.288+0000] {processor.py:183} INFO - Processing /opt/airflow/dags/pipeline_scheduled.py took 0.130 seconds
[2026-01-20T02:20:52.543+0000] {processor.py:161} INFO - Started process (PID=19019) to work on /opt/airflow/dags/pipeline_scheduled.py
[2026-01-20T02:20:52.545+0000] {processor.py:830} INFO - Processing file /opt/airflow/dags/pipeline_scheduled.py for tasks to queue
[2026-01-20T02:20:52.549+0000] {logging_mixin.py:188} INFO - [2026-01-20T02:20:52.548+0000] {dagbag.py:545} INFO - Filling up the DagBag from /opt/airflow/dags/pipeline_scheduled.py
[2026-01-20T02:20:52.576+0000] {processor.py:840} INFO - DAG(s) 'pipeline_scheduled' retrieved from /opt/airflow/dags/pipeline_scheduled.py
[2026-01-20T02:20:52.613+0000] {logging_mixin.py:188} INFO - [2026-01-20T02:20:52.612+0000] {dag.py:3089} INFO - Sync 1 DAGs
[2026-01-20T02:20:52.638+0000] {logging_mixin.py:188} INFO - [2026-01-20T02:20:52.638+0000] {dag.py:3947} INFO - Setting next_dagrun for pipeline_scheduled to 2026-01-20 02:00:00+00:00, run_after=2026-01-20 03:00:00+00:00
[2026-01-20T02:20:52.661+0000] {processor.py:183} INFO - Processing /opt/airflow/dags/pipeline_scheduled.py took 0.125 seconds
[2026-01-20T02:21:22.929+0000] {processor.py:161} INFO - Started process (PID=19029) to work on /opt/airflow/dags/pipeline_scheduled.py
[2026-01-20T02:21:22.930+0000] {processor.py:830} INFO - Processing file /opt/airflow/dags/pipeline_scheduled.py for tasks to queue
[2026-01-20T02:21:22.933+0000] {logging_mixin.py:188} INFO - [2026-01-20T02:21:22.932+0000] {dagbag.py:545} INFO - Filling up the DagBag from /opt/airflow/dags/pipeline_scheduled.py
[2026-01-20T02:21:22.961+0000] {processor.py:840} INFO - DAG(s) 'pipeline_scheduled' retrieved from /opt/airflow/dags/pipeline_scheduled.py
[2026-01-20T02:21:23.000+0000] {logging_mixin.py:188} INFO - [2026-01-20T02:21:22.999+0000] {dag.py:3089} INFO - Sync 1 DAGs
[2026-01-20T02:21:23.023+0000] {logging_mixin.py:188} INFO - [2026-01-20T02:21:23.023+0000] {dag.py:3947} INFO - Setting next_dagrun for pipeline_scheduled to 2026-01-20 02:00:00+00:00, run_after=2026-01-20 03:00:00+00:00
[2026-01-20T02:21:23.046+0000] {processor.py:183} INFO - Processing /opt/airflow/dags/pipeline_scheduled.py took 0.124 seconds
[2026-01-20T02:21:53.296+0000] {processor.py:161} INFO - Started process (PID=19039) to work on /opt/airflow/dags/pipeline_scheduled.py
[2026-01-20T02:21:53.298+0000] {processor.py:830} INFO - Processing file /opt/airflow/dags/pipeline_scheduled.py for tasks to queue
[2026-01-20T02:21:53.300+0000] {logging_mixin.py:188} INFO - [2026-01-20T02:21:53.300+0000] {dagbag.py:545} INFO - Filling up the DagBag from /opt/airflow/dags/pipeline_scheduled.py
[2026-01-20T02:21:53.327+0000] {processor.py:840} INFO - DAG(s) 'pipeline_scheduled' retrieved from /opt/airflow/dags/pipeline_scheduled.py
[2026-01-20T02:21:53.360+0000] {logging_mixin.py:188} INFO - [2026-01-20T02:21:53.360+0000] {dag.py:3089} INFO - Sync 1 DAGs
[2026-01-20T02:21:53.381+0000] {logging_mixin.py:188} INFO - [2026-01-20T02:21:53.381+0000] {dag.py:3947} INFO - Setting next_dagrun for pipeline_scheduled to 2026-01-20 02:00:00+00:00, run_after=2026-01-20 03:00:00+00:00
[2026-01-20T02:21:53.401+0000] {processor.py:183} INFO - Processing /opt/airflow/dags/pipeline_scheduled.py took 0.111 seconds
[2026-01-20T02:22:23.679+0000] {processor.py:161} INFO - Started process (PID=19049) to work on /opt/airflow/dags/pipeline_scheduled.py
[2026-01-20T02:22:23.680+0000] {processor.py:830} INFO - Processing file /opt/airflow/dags/pipeline_scheduled.py for tasks to queue
[2026-01-20T02:22:23.682+0000] {logging_mixin.py:188} INFO - [2026-01-20T02:22:23.682+0000] {dagbag.py:545} INFO - Filling up the DagBag from /opt/airflow/dags/pipeline_scheduled.py
[2026-01-20T02:22:23.709+0000] {processor.py:840} INFO - DAG(s) 'pipeline_scheduled' retrieved from /opt/airflow/dags/pipeline_scheduled.py
[2026-01-20T02:22:23.743+0000] {logging_mixin.py:188} INFO - [2026-01-20T02:22:23.742+0000] {dag.py:3089} INFO - Sync 1 DAGs
[2026-01-20T02:22:23.765+0000] {logging_mixin.py:188} INFO - [2026-01-20T02:22:23.765+0000] {dag.py:3947} INFO - Setting next_dagrun for pipeline_scheduled to 2026-01-20 02:00:00+00:00, run_after=2026-01-20 03:00:00+00:00
[2026-01-20T02:22:23.785+0000] {processor.py:183} INFO - Processing /opt/airflow/dags/pipeline_scheduled.py took 0.113 seconds
[2026-01-20T02:22:54.048+0000] {processor.py:161} INFO - Started process (PID=19059) to work on /opt/airflow/dags/pipeline_scheduled.py
[2026-01-20T02:22:54.049+0000] {processor.py:830} INFO - Processing file /opt/airflow/dags/pipeline_scheduled.py for tasks to queue
[2026-01-20T02:22:54.052+0000] {logging_mixin.py:188} INFO - [2026-01-20T02:22:54.051+0000] {dagbag.py:545} INFO - Filling up the DagBag from /opt/airflow/dags/pipeline_scheduled.py
[2026-01-20T02:22:54.077+0000] {processor.py:840} INFO - DAG(s) 'pipeline_scheduled' retrieved from /opt/airflow/dags/pipeline_scheduled.py
[2026-01-20T02:22:54.109+0000] {logging_mixin.py:188} INFO - [2026-01-20T02:22:54.109+0000] {dag.py:3089} INFO - Sync 1 DAGs
[2026-01-20T02:22:54.131+0000] {logging_mixin.py:188} INFO - [2026-01-20T02:22:54.130+0000] {dag.py:3947} INFO - Setting next_dagrun for pipeline_scheduled to 2026-01-20 02:00:00+00:00, run_after=2026-01-20 03:00:00+00:00
[2026-01-20T02:22:54.150+0000] {processor.py:183} INFO - Processing /opt/airflow/dags/pipeline_scheduled.py took 0.109 seconds
[2026-01-20T02:23:24.423+0000] {processor.py:161} INFO - Started process (PID=19069) to work on /opt/airflow/dags/pipeline_scheduled.py
[2026-01-20T02:23:24.425+0000] {processor.py:830} INFO - Processing file /opt/airflow/dags/pipeline_scheduled.py for tasks to queue
[2026-01-20T02:23:24.427+0000] {logging_mixin.py:188} INFO - [2026-01-20T02:23:24.427+0000] {dagbag.py:545} INFO - Filling up the DagBag from /opt/airflow/dags/pipeline_scheduled.py
[2026-01-20T02:23:24.455+0000] {processor.py:840} INFO - DAG(s) 'pipeline_scheduled' retrieved from /opt/airflow/dags/pipeline_scheduled.py
[2026-01-20T02:23:24.494+0000] {logging_mixin.py:188} INFO - [2026-01-20T02:23:24.493+0000] {dag.py:3089} INFO - Sync 1 DAGs
[2026-01-20T02:23:24.518+0000] {logging_mixin.py:188} INFO - [2026-01-20T02:23:24.518+0000] {dag.py:3947} INFO - Setting next_dagrun for pipeline_scheduled to 2026-01-20 02:00:00+00:00, run_after=2026-01-20 03:00:00+00:00
[2026-01-20T02:23:24.951+0000] {processor.py:183} INFO - Processing /opt/airflow/dags/pipeline_scheduled.py took 0.535 seconds
[2026-01-20T02:23:55.821+0000] {processor.py:161} INFO - Started process (PID=19081) to work on /opt/airflow/dags/pipeline_scheduled.py
[2026-01-20T02:23:55.823+0000] {processor.py:830} INFO - Processing file /opt/airflow/dags/pipeline_scheduled.py for tasks to queue
[2026-01-20T02:23:55.825+0000] {logging_mixin.py:188} INFO - [2026-01-20T02:23:55.825+0000] {dagbag.py:545} INFO - Filling up the DagBag from /opt/airflow/dags/pipeline_scheduled.py
[2026-01-20T02:23:55.848+0000] {processor.py:840} INFO - DAG(s) 'pipeline_scheduled' retrieved from /opt/airflow/dags/pipeline_scheduled.py
[2026-01-20T02:23:55.884+0000] {logging_mixin.py:188} INFO - [2026-01-20T02:23:55.884+0000] {dag.py:3089} INFO - Sync 1 DAGs
[2026-01-20T02:23:55.907+0000] {logging_mixin.py:188} INFO - [2026-01-20T02:23:55.907+0000] {dag.py:3947} INFO - Setting next_dagrun for pipeline_scheduled to 2026-01-20 02:00:00+00:00, run_after=2026-01-20 03:00:00+00:00
[2026-01-20T02:23:55.928+0000] {processor.py:183} INFO - Processing /opt/airflow/dags/pipeline_scheduled.py took 0.114 seconds
[2026-01-20T02:24:26.224+0000] {processor.py:161} INFO - Started process (PID=19091) to work on /opt/airflow/dags/pipeline_scheduled.py
[2026-01-20T02:24:26.225+0000] {processor.py:830} INFO - Processing file /opt/airflow/dags/pipeline_scheduled.py for tasks to queue
[2026-01-20T02:24:26.229+0000] {logging_mixin.py:188} INFO - [2026-01-20T02:24:26.228+0000] {dagbag.py:545} INFO - Filling up the DagBag from /opt/airflow/dags/pipeline_scheduled.py
[2026-01-20T02:24:26.252+0000] {processor.py:840} INFO - DAG(s) 'pipeline_scheduled' retrieved from /opt/airflow/dags/pipeline_scheduled.py
[2026-01-20T02:24:26.288+0000] {logging_mixin.py:188} INFO - [2026-01-20T02:24:26.288+0000] {dag.py:3089} INFO - Sync 1 DAGs
[2026-01-20T02:24:26.312+0000] {logging_mixin.py:188} INFO - [2026-01-20T02:24:26.312+0000] {dag.py:3947} INFO - Setting next_dagrun for pipeline_scheduled to 2026-01-20 02:00:00+00:00, run_after=2026-01-20 03:00:00+00:00
[2026-01-20T02:24:26.333+0000] {processor.py:183} INFO - Processing /opt/airflow/dags/pipeline_scheduled.py took 0.117 seconds
[2026-01-20T02:24:56.608+0000] {processor.py:161} INFO - Started process (PID=19101) to work on /opt/airflow/dags/pipeline_scheduled.py
[2026-01-20T02:24:56.609+0000] {processor.py:830} INFO - Processing file /opt/airflow/dags/pipeline_scheduled.py for tasks to queue
[2026-01-20T02:24:56.612+0000] {logging_mixin.py:188} INFO - [2026-01-20T02:24:56.612+0000] {dagbag.py:545} INFO - Filling up the DagBag from /opt/airflow/dags/pipeline_scheduled.py
[2026-01-20T02:24:56.636+0000] {processor.py:840} INFO - DAG(s) 'pipeline_scheduled' retrieved from /opt/airflow/dags/pipeline_scheduled.py
[2026-01-20T02:24:56.674+0000] {logging_mixin.py:188} INFO - [2026-01-20T02:24:56.673+0000] {dag.py:3089} INFO - Sync 1 DAGs
[2026-01-20T02:24:56.697+0000] {logging_mixin.py:188} INFO - [2026-01-20T02:24:56.697+0000] {dag.py:3947} INFO - Setting next_dagrun for pipeline_scheduled to 2026-01-20 02:00:00+00:00, run_after=2026-01-20 03:00:00+00:00
[2026-01-20T02:24:56.719+0000] {processor.py:183} INFO - Processing /opt/airflow/dags/pipeline_scheduled.py took 0.118 seconds
[2026-01-20T02:25:26.974+0000] {processor.py:161} INFO - Started process (PID=19111) to work on /opt/airflow/dags/pipeline_scheduled.py
[2026-01-20T02:25:26.975+0000] {processor.py:830} INFO - Processing file /opt/airflow/dags/pipeline_scheduled.py for tasks to queue
[2026-01-20T02:25:26.978+0000] {logging_mixin.py:188} INFO - [2026-01-20T02:25:26.977+0000] {dagbag.py:545} INFO - Filling up the DagBag from /opt/airflow/dags/pipeline_scheduled.py
[2026-01-20T02:25:27.002+0000] {processor.py:840} INFO - DAG(s) 'pipeline_scheduled' retrieved from /opt/airflow/dags/pipeline_scheduled.py
[2026-01-20T02:25:27.034+0000] {logging_mixin.py:188} INFO - [2026-01-20T02:25:27.034+0000] {dag.py:3089} INFO - Sync 1 DAGs
[2026-01-20T02:25:27.054+0000] {logging_mixin.py:188} INFO - [2026-01-20T02:25:27.053+0000] {dag.py:3947} INFO - Setting next_dagrun for pipeline_scheduled to 2026-01-20 02:00:00+00:00, run_after=2026-01-20 03:00:00+00:00
[2026-01-20T02:25:27.073+0000] {processor.py:183} INFO - Processing /opt/airflow/dags/pipeline_scheduled.py took 0.106 seconds
[2026-01-20T02:25:57.350+0000] {processor.py:161} INFO - Started process (PID=19121) to work on /opt/airflow/dags/pipeline_scheduled.py
[2026-01-20T02:25:57.352+0000] {processor.py:830} INFO - Processing file /opt/airflow/dags/pipeline_scheduled.py for tasks to queue
[2026-01-20T02:25:57.354+0000] {logging_mixin.py:188} INFO - [2026-01-20T02:25:57.353+0000] {dagbag.py:545} INFO - Filling up the DagBag from /opt/airflow/dags/pipeline_scheduled.py
[2026-01-20T02:25:57.378+0000] {processor.py:840} INFO - DAG(s) 'pipeline_scheduled' retrieved from /opt/airflow/dags/pipeline_scheduled.py
[2026-01-20T02:25:57.413+0000] {logging_mixin.py:188} INFO - [2026-01-20T02:25:57.413+0000] {dag.py:3089} INFO - Sync 1 DAGs
[2026-01-20T02:25:57.436+0000] {logging_mixin.py:188} INFO - [2026-01-20T02:25:57.436+0000] {dag.py:3947} INFO - Setting next_dagrun for pipeline_scheduled to 2026-01-20 02:00:00+00:00, run_after=2026-01-20 03:00:00+00:00
[2026-01-20T02:25:57.460+0000] {processor.py:183} INFO - Processing /opt/airflow/dags/pipeline_scheduled.py took 0.116 seconds
[2026-01-20T02:26:27.739+0000] {processor.py:161} INFO - Started process (PID=19131) to work on /opt/airflow/dags/pipeline_scheduled.py
[2026-01-20T02:26:27.741+0000] {processor.py:830} INFO - Processing file /opt/airflow/dags/pipeline_scheduled.py for tasks to queue
[2026-01-20T02:26:27.743+0000] {logging_mixin.py:188} INFO - [2026-01-20T02:26:27.743+0000] {dagbag.py:545} INFO - Filling up the DagBag from /opt/airflow/dags/pipeline_scheduled.py
[2026-01-20T02:26:27.769+0000] {processor.py:840} INFO - DAG(s) 'pipeline_scheduled' retrieved from /opt/airflow/dags/pipeline_scheduled.py
[2026-01-20T02:26:27.805+0000] {logging_mixin.py:188} INFO - [2026-01-20T02:26:27.805+0000] {dag.py:3089} INFO - Sync 1 DAGs
[2026-01-20T02:26:27.829+0000] {logging_mixin.py:188} INFO - [2026-01-20T02:26:27.829+0000] {dag.py:3947} INFO - Setting next_dagrun for pipeline_scheduled to 2026-01-20 02:00:00+00:00, run_after=2026-01-20 03:00:00+00:00
[2026-01-20T02:26:27.848+0000] {processor.py:183} INFO - Processing /opt/airflow/dags/pipeline_scheduled.py took 0.116 seconds
[2026-01-20T02:26:58.128+0000] {processor.py:161} INFO - Started process (PID=19141) to work on /opt/airflow/dags/pipeline_scheduled.py
[2026-01-20T02:26:58.129+0000] {processor.py:830} INFO - Processing file /opt/airflow/dags/pipeline_scheduled.py for tasks to queue
[2026-01-20T02:26:58.132+0000] {logging_mixin.py:188} INFO - [2026-01-20T02:26:58.132+0000] {dagbag.py:545} INFO - Filling up the DagBag from /opt/airflow/dags/pipeline_scheduled.py
[2026-01-20T02:26:58.158+0000] {processor.py:840} INFO - DAG(s) 'pipeline_scheduled' retrieved from /opt/airflow/dags/pipeline_scheduled.py
[2026-01-20T02:26:58.194+0000] {logging_mixin.py:188} INFO - [2026-01-20T02:26:58.194+0000] {dag.py:3089} INFO - Sync 1 DAGs
[2026-01-20T02:26:58.218+0000] {logging_mixin.py:188} INFO - [2026-01-20T02:26:58.217+0000] {dag.py:3947} INFO - Setting next_dagrun for pipeline_scheduled to 2026-01-20 02:00:00+00:00, run_after=2026-01-20 03:00:00+00:00
[2026-01-20T02:26:58.239+0000] {processor.py:183} INFO - Processing /opt/airflow/dags/pipeline_scheduled.py took 0.118 seconds
[2026-01-20T02:27:28.514+0000] {processor.py:161} INFO - Started process (PID=19151) to work on /opt/airflow/dags/pipeline_scheduled.py
[2026-01-20T02:27:28.515+0000] {processor.py:830} INFO - Processing file /opt/airflow/dags/pipeline_scheduled.py for tasks to queue
[2026-01-20T02:27:28.518+0000] {logging_mixin.py:188} INFO - [2026-01-20T02:27:28.517+0000] {dagbag.py:545} INFO - Filling up the DagBag from /opt/airflow/dags/pipeline_scheduled.py
[2026-01-20T02:27:28.542+0000] {processor.py:840} INFO - DAG(s) 'pipeline_scheduled' retrieved from /opt/airflow/dags/pipeline_scheduled.py
[2026-01-20T02:27:28.578+0000] {logging_mixin.py:188} INFO - [2026-01-20T02:27:28.578+0000] {dag.py:3089} INFO - Sync 1 DAGs
[2026-01-20T02:27:28.601+0000] {logging_mixin.py:188} INFO - [2026-01-20T02:27:28.600+0000] {dag.py:3947} INFO - Setting next_dagrun for pipeline_scheduled to 2026-01-20 02:00:00+00:00, run_after=2026-01-20 03:00:00+00:00
[2026-01-20T02:27:28.624+0000] {processor.py:183} INFO - Processing /opt/airflow/dags/pipeline_scheduled.py took 0.118 seconds
[2026-01-20T02:27:58.905+0000] {processor.py:161} INFO - Started process (PID=19161) to work on /opt/airflow/dags/pipeline_scheduled.py
[2026-01-20T02:27:58.907+0000] {processor.py:830} INFO - Processing file /opt/airflow/dags/pipeline_scheduled.py for tasks to queue
[2026-01-20T02:27:58.910+0000] {logging_mixin.py:188} INFO - [2026-01-20T02:27:58.909+0000] {dagbag.py:545} INFO - Filling up the DagBag from /opt/airflow/dags/pipeline_scheduled.py
[2026-01-20T02:27:58.935+0000] {processor.py:840} INFO - DAG(s) 'pipeline_scheduled' retrieved from /opt/airflow/dags/pipeline_scheduled.py
[2026-01-20T02:27:58.970+0000] {logging_mixin.py:188} INFO - [2026-01-20T02:27:58.969+0000] {dag.py:3089} INFO - Sync 1 DAGs
[2026-01-20T02:27:58.993+0000] {logging_mixin.py:188} INFO - [2026-01-20T02:27:58.993+0000] {dag.py:3947} INFO - Setting next_dagrun for pipeline_scheduled to 2026-01-20 02:00:00+00:00, run_after=2026-01-20 03:00:00+00:00
[2026-01-20T02:27:59.016+0000] {processor.py:183} INFO - Processing /opt/airflow/dags/pipeline_scheduled.py took 0.119 seconds
[2026-01-20T02:28:29.278+0000] {processor.py:161} INFO - Started process (PID=19171) to work on /opt/airflow/dags/pipeline_scheduled.py
[2026-01-20T02:28:29.279+0000] {processor.py:830} INFO - Processing file /opt/airflow/dags/pipeline_scheduled.py for tasks to queue
[2026-01-20T02:28:29.281+0000] {logging_mixin.py:188} INFO - [2026-01-20T02:28:29.281+0000] {dagbag.py:545} INFO - Filling up the DagBag from /opt/airflow/dags/pipeline_scheduled.py
[2026-01-20T02:28:29.306+0000] {processor.py:840} INFO - DAG(s) 'pipeline_scheduled' retrieved from /opt/airflow/dags/pipeline_scheduled.py
[2026-01-20T02:28:29.344+0000] {logging_mixin.py:188} INFO - [2026-01-20T02:28:29.343+0000] {dag.py:3089} INFO - Sync 1 DAGs
[2026-01-20T02:28:29.368+0000] {logging_mixin.py:188} INFO - [2026-01-20T02:28:29.368+0000] {dag.py:3947} INFO - Setting next_dagrun for pipeline_scheduled to 2026-01-20 02:00:00+00:00, run_after=2026-01-20 03:00:00+00:00
[2026-01-20T02:28:29.394+0000] {processor.py:183} INFO - Processing /opt/airflow/dags/pipeline_scheduled.py took 0.123 seconds
[2026-01-20T02:28:59.716+0000] {processor.py:161} INFO - Started process (PID=19181) to work on /opt/airflow/dags/pipeline_scheduled.py
[2026-01-20T02:28:59.718+0000] {processor.py:830} INFO - Processing file /opt/airflow/dags/pipeline_scheduled.py for tasks to queue
[2026-01-20T02:28:59.721+0000] {logging_mixin.py:188} INFO - [2026-01-20T02:28:59.720+0000] {dagbag.py:545} INFO - Filling up the DagBag from /opt/airflow/dags/pipeline_scheduled.py
[2026-01-20T02:28:59.746+0000] {processor.py:840} INFO - DAG(s) 'pipeline_scheduled' retrieved from /opt/airflow/dags/pipeline_scheduled.py
[2026-01-20T02:28:59.782+0000] {logging_mixin.py:188} INFO - [2026-01-20T02:28:59.782+0000] {dag.py:3089} INFO - Sync 1 DAGs
[2026-01-20T02:28:59.804+0000] {logging_mixin.py:188} INFO - [2026-01-20T02:28:59.804+0000] {dag.py:3947} INFO - Setting next_dagrun for pipeline_scheduled to 2026-01-20 02:00:00+00:00, run_after=2026-01-20 03:00:00+00:00
[2026-01-20T02:28:59.826+0000] {processor.py:183} INFO - Processing /opt/airflow/dags/pipeline_scheduled.py took 0.117 seconds
[2026-01-20T02:29:30.097+0000] {processor.py:161} INFO - Started process (PID=19191) to work on /opt/airflow/dags/pipeline_scheduled.py
[2026-01-20T02:29:30.098+0000] {processor.py:830} INFO - Processing file /opt/airflow/dags/pipeline_scheduled.py for tasks to queue
[2026-01-20T02:29:30.101+0000] {logging_mixin.py:188} INFO - [2026-01-20T02:29:30.101+0000] {dagbag.py:545} INFO - Filling up the DagBag from /opt/airflow/dags/pipeline_scheduled.py
[2026-01-20T02:29:30.124+0000] {processor.py:840} INFO - DAG(s) 'pipeline_scheduled' retrieved from /opt/airflow/dags/pipeline_scheduled.py
[2026-01-20T02:29:30.160+0000] {logging_mixin.py:188} INFO - [2026-01-20T02:29:30.159+0000] {dag.py:3089} INFO - Sync 1 DAGs
[2026-01-20T02:29:30.185+0000] {logging_mixin.py:188} INFO - [2026-01-20T02:29:30.185+0000] {dag.py:3947} INFO - Setting next_dagrun for pipeline_scheduled to 2026-01-20 02:00:00+00:00, run_after=2026-01-20 03:00:00+00:00
[2026-01-20T02:29:30.203+0000] {processor.py:183} INFO - Processing /opt/airflow/dags/pipeline_scheduled.py took 0.114 seconds
[2026-01-20T02:30:00.475+0000] {processor.py:161} INFO - Started process (PID=19201) to work on /opt/airflow/dags/pipeline_scheduled.py
[2026-01-20T02:30:00.476+0000] {processor.py:830} INFO - Processing file /opt/airflow/dags/pipeline_scheduled.py for tasks to queue
[2026-01-20T02:30:00.478+0000] {logging_mixin.py:188} INFO - [2026-01-20T02:30:00.478+0000] {dagbag.py:545} INFO - Filling up the DagBag from /opt/airflow/dags/pipeline_scheduled.py
[2026-01-20T02:30:00.502+0000] {processor.py:840} INFO - DAG(s) 'pipeline_scheduled' retrieved from /opt/airflow/dags/pipeline_scheduled.py
[2026-01-20T02:30:00.533+0000] {logging_mixin.py:188} INFO - [2026-01-20T02:30:00.533+0000] {dag.py:3089} INFO - Sync 1 DAGs
[2026-01-20T02:30:00.553+0000] {logging_mixin.py:188} INFO - [2026-01-20T02:30:00.552+0000] {dag.py:3947} INFO - Setting next_dagrun for pipeline_scheduled to 2026-01-20 02:00:00+00:00, run_after=2026-01-20 03:00:00+00:00
[2026-01-20T02:30:00.574+0000] {processor.py:183} INFO - Processing /opt/airflow/dags/pipeline_scheduled.py took 0.105 seconds
[2026-01-20T02:30:30.842+0000] {processor.py:161} INFO - Started process (PID=19214) to work on /opt/airflow/dags/pipeline_scheduled.py
[2026-01-20T02:30:30.844+0000] {processor.py:830} INFO - Processing file /opt/airflow/dags/pipeline_scheduled.py for tasks to queue
[2026-01-20T02:30:30.846+0000] {logging_mixin.py:188} INFO - [2026-01-20T02:30:30.846+0000] {dagbag.py:545} INFO - Filling up the DagBag from /opt/airflow/dags/pipeline_scheduled.py
[2026-01-20T02:30:30.870+0000] {processor.py:840} INFO - DAG(s) 'pipeline_scheduled' retrieved from /opt/airflow/dags/pipeline_scheduled.py
[2026-01-20T02:30:30.905+0000] {logging_mixin.py:188} INFO - [2026-01-20T02:30:30.905+0000] {dag.py:3089} INFO - Sync 1 DAGs
[2026-01-20T02:30:30.928+0000] {logging_mixin.py:188} INFO - [2026-01-20T02:30:30.927+0000] {dag.py:3947} INFO - Setting next_dagrun for pipeline_scheduled to 2026-01-20 02:00:00+00:00, run_after=2026-01-20 03:00:00+00:00
[2026-01-20T02:30:30.951+0000] {processor.py:183} INFO - Processing /opt/airflow/dags/pipeline_scheduled.py took 0.116 seconds
[2026-01-20T02:31:01.230+0000] {processor.py:161} INFO - Started process (PID=19224) to work on /opt/airflow/dags/pipeline_scheduled.py
[2026-01-20T02:31:01.231+0000] {processor.py:830} INFO - Processing file /opt/airflow/dags/pipeline_scheduled.py for tasks to queue
[2026-01-20T02:31:01.234+0000] {logging_mixin.py:188} INFO - [2026-01-20T02:31:01.233+0000] {dagbag.py:545} INFO - Filling up the DagBag from /opt/airflow/dags/pipeline_scheduled.py
[2026-01-20T02:31:01.263+0000] {processor.py:840} INFO - DAG(s) 'pipeline_scheduled' retrieved from /opt/airflow/dags/pipeline_scheduled.py
[2026-01-20T02:31:01.304+0000] {logging_mixin.py:188} INFO - [2026-01-20T02:31:01.303+0000] {dag.py:3089} INFO - Sync 1 DAGs
[2026-01-20T02:31:01.332+0000] {logging_mixin.py:188} INFO - [2026-01-20T02:31:01.331+0000] {dag.py:3947} INFO - Setting next_dagrun for pipeline_scheduled to 2026-01-20 02:00:00+00:00, run_after=2026-01-20 03:00:00+00:00
[2026-01-20T02:31:01.358+0000] {processor.py:183} INFO - Processing /opt/airflow/dags/pipeline_scheduled.py took 0.135 seconds
[2026-01-20T02:31:31.619+0000] {processor.py:161} INFO - Started process (PID=19234) to work on /opt/airflow/dags/pipeline_scheduled.py
[2026-01-20T02:31:31.621+0000] {processor.py:830} INFO - Processing file /opt/airflow/dags/pipeline_scheduled.py for tasks to queue
[2026-01-20T02:31:31.623+0000] {logging_mixin.py:188} INFO - [2026-01-20T02:31:31.623+0000] {dagbag.py:545} INFO - Filling up the DagBag from /opt/airflow/dags/pipeline_scheduled.py
[2026-01-20T02:31:31.647+0000] {processor.py:840} INFO - DAG(s) 'pipeline_scheduled' retrieved from /opt/airflow/dags/pipeline_scheduled.py
[2026-01-20T02:31:31.682+0000] {logging_mixin.py:188} INFO - [2026-01-20T02:31:31.682+0000] {dag.py:3089} INFO - Sync 1 DAGs
[2026-01-20T02:31:31.705+0000] {logging_mixin.py:188} INFO - [2026-01-20T02:31:31.705+0000] {dag.py:3947} INFO - Setting next_dagrun for pipeline_scheduled to 2026-01-20 02:00:00+00:00, run_after=2026-01-20 03:00:00+00:00
[2026-01-20T02:31:31.727+0000] {processor.py:183} INFO - Processing /opt/airflow/dags/pipeline_scheduled.py took 0.115 seconds
[2026-01-20T02:32:02.020+0000] {processor.py:161} INFO - Started process (PID=19244) to work on /opt/airflow/dags/pipeline_scheduled.py
[2026-01-20T02:32:02.021+0000] {processor.py:830} INFO - Processing file /opt/airflow/dags/pipeline_scheduled.py for tasks to queue
[2026-01-20T02:32:02.024+0000] {logging_mixin.py:188} INFO - [2026-01-20T02:32:02.023+0000] {dagbag.py:545} INFO - Filling up the DagBag from /opt/airflow/dags/pipeline_scheduled.py
[2026-01-20T02:32:02.048+0000] {processor.py:840} INFO - DAG(s) 'pipeline_scheduled' retrieved from /opt/airflow/dags/pipeline_scheduled.py
[2026-01-20T02:32:02.083+0000] {logging_mixin.py:188} INFO - [2026-01-20T02:32:02.083+0000] {dag.py:3089} INFO - Sync 1 DAGs
[2026-01-20T02:32:02.106+0000] {logging_mixin.py:188} INFO - [2026-01-20T02:32:02.106+0000] {dag.py:3947} INFO - Setting next_dagrun for pipeline_scheduled to 2026-01-20 02:00:00+00:00, run_after=2026-01-20 03:00:00+00:00
[2026-01-20T02:32:02.357+0000] {processor.py:183} INFO - Processing /opt/airflow/dags/pipeline_scheduled.py took 0.344 seconds
[2026-01-20T02:32:32.538+0000] {processor.py:161} INFO - Started process (PID=19254) to work on /opt/airflow/dags/pipeline_scheduled.py
[2026-01-20T02:32:32.539+0000] {processor.py:830} INFO - Processing file /opt/airflow/dags/pipeline_scheduled.py for tasks to queue
[2026-01-20T02:32:32.541+0000] {logging_mixin.py:188} INFO - [2026-01-20T02:32:32.541+0000] {dagbag.py:545} INFO - Filling up the DagBag from /opt/airflow/dags/pipeline_scheduled.py
[2026-01-20T02:32:32.565+0000] {processor.py:840} INFO - DAG(s) 'pipeline_scheduled' retrieved from /opt/airflow/dags/pipeline_scheduled.py
[2026-01-20T02:32:32.599+0000] {logging_mixin.py:188} INFO - [2026-01-20T02:32:32.599+0000] {dag.py:3089} INFO - Sync 1 DAGs
[2026-01-20T02:32:32.623+0000] {logging_mixin.py:188} INFO - [2026-01-20T02:32:32.623+0000] {dag.py:3947} INFO - Setting next_dagrun for pipeline_scheduled to 2026-01-20 02:00:00+00:00, run_after=2026-01-20 03:00:00+00:00
[2026-01-20T02:32:32.646+0000] {processor.py:183} INFO - Processing /opt/airflow/dags/pipeline_scheduled.py took 0.116 seconds
[2026-01-20T02:33:02.904+0000] {processor.py:161} INFO - Started process (PID=19264) to work on /opt/airflow/dags/pipeline_scheduled.py
[2026-01-20T02:33:02.905+0000] {processor.py:830} INFO - Processing file /opt/airflow/dags/pipeline_scheduled.py for tasks to queue
[2026-01-20T02:33:02.908+0000] {logging_mixin.py:188} INFO - [2026-01-20T02:33:02.907+0000] {dagbag.py:545} INFO - Filling up the DagBag from /opt/airflow/dags/pipeline_scheduled.py
[2026-01-20T02:33:02.932+0000] {processor.py:840} INFO - DAG(s) 'pipeline_scheduled' retrieved from /opt/airflow/dags/pipeline_scheduled.py
[2026-01-20T02:33:02.963+0000] {logging_mixin.py:188} INFO - [2026-01-20T02:33:02.963+0000] {dag.py:3089} INFO - Sync 1 DAGs
[2026-01-20T02:33:02.985+0000] {logging_mixin.py:188} INFO - [2026-01-20T02:33:02.985+0000] {dag.py:3947} INFO - Setting next_dagrun for pipeline_scheduled to 2026-01-20 02:00:00+00:00, run_after=2026-01-20 03:00:00+00:00
[2026-01-20T02:33:03.006+0000] {processor.py:183} INFO - Processing /opt/airflow/dags/pipeline_scheduled.py took 0.107 seconds
[2026-01-20T02:33:33.274+0000] {processor.py:161} INFO - Started process (PID=19274) to work on /opt/airflow/dags/pipeline_scheduled.py
[2026-01-20T02:33:33.275+0000] {processor.py:830} INFO - Processing file /opt/airflow/dags/pipeline_scheduled.py for tasks to queue
[2026-01-20T02:33:33.278+0000] {logging_mixin.py:188} INFO - [2026-01-20T02:33:33.277+0000] {dagbag.py:545} INFO - Filling up the DagBag from /opt/airflow/dags/pipeline_scheduled.py
[2026-01-20T02:33:33.303+0000] {processor.py:840} INFO - DAG(s) 'pipeline_scheduled' retrieved from /opt/airflow/dags/pipeline_scheduled.py
[2026-01-20T02:33:33.338+0000] {logging_mixin.py:188} INFO - [2026-01-20T02:33:33.337+0000] {dag.py:3089} INFO - Sync 1 DAGs
[2026-01-20T02:33:33.360+0000] {logging_mixin.py:188} INFO - [2026-01-20T02:33:33.359+0000] {dag.py:3947} INFO - Setting next_dagrun for pipeline_scheduled to 2026-01-20 02:00:00+00:00, run_after=2026-01-20 03:00:00+00:00
[2026-01-20T02:33:33.380+0000] {processor.py:183} INFO - Processing /opt/airflow/dags/pipeline_scheduled.py took 0.113 seconds
[2026-01-20T02:34:03.641+0000] {processor.py:161} INFO - Started process (PID=19284) to work on /opt/airflow/dags/pipeline_scheduled.py
[2026-01-20T02:34:03.643+0000] {processor.py:830} INFO - Processing file /opt/airflow/dags/pipeline_scheduled.py for tasks to queue
[2026-01-20T02:34:03.645+0000] {logging_mixin.py:188} INFO - [2026-01-20T02:34:03.645+0000] {dagbag.py:545} INFO - Filling up the DagBag from /opt/airflow/dags/pipeline_scheduled.py
[2026-01-20T02:34:03.669+0000] {processor.py:840} INFO - DAG(s) 'pipeline_scheduled' retrieved from /opt/airflow/dags/pipeline_scheduled.py
[2026-01-20T02:34:03.704+0000] {logging_mixin.py:188} INFO - [2026-01-20T02:34:03.704+0000] {dag.py:3089} INFO - Sync 1 DAGs
[2026-01-20T02:34:03.725+0000] {logging_mixin.py:188} INFO - [2026-01-20T02:34:03.725+0000] {dag.py:3947} INFO - Setting next_dagrun for pipeline_scheduled to 2026-01-20 02:00:00+00:00, run_after=2026-01-20 03:00:00+00:00
[2026-01-20T02:34:03.747+0000] {processor.py:183} INFO - Processing /opt/airflow/dags/pipeline_scheduled.py took 0.113 seconds
[2026-01-20T02:34:34.031+0000] {processor.py:161} INFO - Started process (PID=19294) to work on /opt/airflow/dags/pipeline_scheduled.py
[2026-01-20T02:34:34.033+0000] {processor.py:830} INFO - Processing file /opt/airflow/dags/pipeline_scheduled.py for tasks to queue
[2026-01-20T02:34:34.036+0000] {logging_mixin.py:188} INFO - [2026-01-20T02:34:34.036+0000] {dagbag.py:545} INFO - Filling up the DagBag from /opt/airflow/dags/pipeline_scheduled.py
[2026-01-20T02:34:34.059+0000] {processor.py:840} INFO - DAG(s) 'pipeline_scheduled' retrieved from /opt/airflow/dags/pipeline_scheduled.py
[2026-01-20T02:34:34.093+0000] {logging_mixin.py:188} INFO - [2026-01-20T02:34:34.093+0000] {dag.py:3089} INFO - Sync 1 DAGs
[2026-01-20T02:34:34.117+0000] {logging_mixin.py:188} INFO - [2026-01-20T02:34:34.117+0000] {dag.py:3947} INFO - Setting next_dagrun for pipeline_scheduled to 2026-01-20 02:00:00+00:00, run_after=2026-01-20 03:00:00+00:00
[2026-01-20T02:34:34.139+0000] {processor.py:183} INFO - Processing /opt/airflow/dags/pipeline_scheduled.py took 0.115 seconds
[2026-01-20T02:35:04.425+0000] {processor.py:161} INFO - Started process (PID=19304) to work on /opt/airflow/dags/pipeline_scheduled.py
[2026-01-20T02:35:04.427+0000] {processor.py:830} INFO - Processing file /opt/airflow/dags/pipeline_scheduled.py for tasks to queue
[2026-01-20T02:35:04.430+0000] {logging_mixin.py:188} INFO - [2026-01-20T02:35:04.429+0000] {dagbag.py:545} INFO - Filling up the DagBag from /opt/airflow/dags/pipeline_scheduled.py
[2026-01-20T02:35:04.454+0000] {processor.py:840} INFO - DAG(s) 'pipeline_scheduled' retrieved from /opt/airflow/dags/pipeline_scheduled.py
[2026-01-20T02:35:04.490+0000] {logging_mixin.py:188} INFO - [2026-01-20T02:35:04.490+0000] {dag.py:3089} INFO - Sync 1 DAGs
[2026-01-20T02:35:04.517+0000] {logging_mixin.py:188} INFO - [2026-01-20T02:35:04.516+0000] {dag.py:3947} INFO - Setting next_dagrun for pipeline_scheduled to 2026-01-20 02:00:00+00:00, run_after=2026-01-20 03:00:00+00:00
[2026-01-20T02:35:04.747+0000] {processor.py:183} INFO - Processing /opt/airflow/dags/pipeline_scheduled.py took 0.330 seconds
[2026-01-20T02:35:34.944+0000] {processor.py:161} INFO - Started process (PID=19314) to work on /opt/airflow/dags/pipeline_scheduled.py
[2026-01-20T02:35:34.945+0000] {processor.py:830} INFO - Processing file /opt/airflow/dags/pipeline_scheduled.py for tasks to queue
[2026-01-20T02:35:34.947+0000] {logging_mixin.py:188} INFO - [2026-01-20T02:35:34.947+0000] {dagbag.py:545} INFO - Filling up the DagBag from /opt/airflow/dags/pipeline_scheduled.py
[2026-01-20T02:35:34.971+0000] {processor.py:840} INFO - DAG(s) 'pipeline_scheduled' retrieved from /opt/airflow/dags/pipeline_scheduled.py
[2026-01-20T02:35:35.008+0000] {logging_mixin.py:188} INFO - [2026-01-20T02:35:35.008+0000] {dag.py:3089} INFO - Sync 1 DAGs
[2026-01-20T02:35:35.033+0000] {logging_mixin.py:188} INFO - [2026-01-20T02:35:35.032+0000] {dag.py:3947} INFO - Setting next_dagrun for pipeline_scheduled to 2026-01-20 02:00:00+00:00, run_after=2026-01-20 03:00:00+00:00
[2026-01-20T02:35:35.055+0000] {processor.py:183} INFO - Processing /opt/airflow/dags/pipeline_scheduled.py took 0.118 seconds
[2026-01-20T02:36:05.324+0000] {processor.py:161} INFO - Started process (PID=19324) to work on /opt/airflow/dags/pipeline_scheduled.py
[2026-01-20T02:36:05.325+0000] {processor.py:830} INFO - Processing file /opt/airflow/dags/pipeline_scheduled.py for tasks to queue
[2026-01-20T02:36:05.328+0000] {logging_mixin.py:188} INFO - [2026-01-20T02:36:05.328+0000] {dagbag.py:545} INFO - Filling up the DagBag from /opt/airflow/dags/pipeline_scheduled.py
[2026-01-20T02:36:05.353+0000] {processor.py:840} INFO - DAG(s) 'pipeline_scheduled' retrieved from /opt/airflow/dags/pipeline_scheduled.py
[2026-01-20T02:36:05.390+0000] {logging_mixin.py:188} INFO - [2026-01-20T02:36:05.389+0000] {dag.py:3089} INFO - Sync 1 DAGs
[2026-01-20T02:36:05.415+0000] {logging_mixin.py:188} INFO - [2026-01-20T02:36:05.415+0000] {dag.py:3947} INFO - Setting next_dagrun for pipeline_scheduled to 2026-01-20 02:00:00+00:00, run_after=2026-01-20 03:00:00+00:00
[2026-01-20T02:36:05.441+0000] {processor.py:183} INFO - Processing /opt/airflow/dags/pipeline_scheduled.py took 0.124 seconds
[2026-01-20T02:36:35.712+0000] {processor.py:161} INFO - Started process (PID=19334) to work on /opt/airflow/dags/pipeline_scheduled.py
[2026-01-20T02:36:35.713+0000] {processor.py:830} INFO - Processing file /opt/airflow/dags/pipeline_scheduled.py for tasks to queue
[2026-01-20T02:36:35.716+0000] {logging_mixin.py:188} INFO - [2026-01-20T02:36:35.716+0000] {dagbag.py:545} INFO - Filling up the DagBag from /opt/airflow/dags/pipeline_scheduled.py
[2026-01-20T02:36:35.742+0000] {processor.py:840} INFO - DAG(s) 'pipeline_scheduled' retrieved from /opt/airflow/dags/pipeline_scheduled.py
[2026-01-20T02:36:35.775+0000] {logging_mixin.py:188} INFO - [2026-01-20T02:36:35.774+0000] {dag.py:3089} INFO - Sync 1 DAGs
[2026-01-20T02:36:35.794+0000] {logging_mixin.py:188} INFO - [2026-01-20T02:36:35.794+0000] {dag.py:3947} INFO - Setting next_dagrun for pipeline_scheduled to 2026-01-20 02:00:00+00:00, run_after=2026-01-20 03:00:00+00:00
[2026-01-20T02:36:35.813+0000] {processor.py:183} INFO - Processing /opt/airflow/dags/pipeline_scheduled.py took 0.108 seconds
[2026-01-20T02:37:06.066+0000] {processor.py:161} INFO - Started process (PID=19344) to work on /opt/airflow/dags/pipeline_scheduled.py
[2026-01-20T02:37:06.067+0000] {processor.py:830} INFO - Processing file /opt/airflow/dags/pipeline_scheduled.py for tasks to queue
[2026-01-20T02:37:06.070+0000] {logging_mixin.py:188} INFO - [2026-01-20T02:37:06.069+0000] {dagbag.py:545} INFO - Filling up the DagBag from /opt/airflow/dags/pipeline_scheduled.py
[2026-01-20T02:37:06.093+0000] {processor.py:840} INFO - DAG(s) 'pipeline_scheduled' retrieved from /opt/airflow/dags/pipeline_scheduled.py
[2026-01-20T02:37:06.125+0000] {logging_mixin.py:188} INFO - [2026-01-20T02:37:06.125+0000] {dag.py:3089} INFO - Sync 1 DAGs
[2026-01-20T02:37:06.146+0000] {logging_mixin.py:188} INFO - [2026-01-20T02:37:06.146+0000] {dag.py:3947} INFO - Setting next_dagrun for pipeline_scheduled to 2026-01-20 02:00:00+00:00, run_after=2026-01-20 03:00:00+00:00
[2026-01-20T02:37:06.167+0000] {processor.py:183} INFO - Processing /opt/airflow/dags/pipeline_scheduled.py took 0.107 seconds
[2026-01-20T02:37:36.418+0000] {processor.py:161} INFO - Started process (PID=19354) to work on /opt/airflow/dags/pipeline_scheduled.py
[2026-01-20T02:37:36.420+0000] {processor.py:830} INFO - Processing file /opt/airflow/dags/pipeline_scheduled.py for tasks to queue
[2026-01-20T02:37:36.422+0000] {logging_mixin.py:188} INFO - [2026-01-20T02:37:36.422+0000] {dagbag.py:545} INFO - Filling up the DagBag from /opt/airflow/dags/pipeline_scheduled.py
[2026-01-20T02:37:36.446+0000] {processor.py:840} INFO - DAG(s) 'pipeline_scheduled' retrieved from /opt/airflow/dags/pipeline_scheduled.py
[2026-01-20T02:37:36.475+0000] {logging_mixin.py:188} INFO - [2026-01-20T02:37:36.475+0000] {dag.py:3089} INFO - Sync 1 DAGs
[2026-01-20T02:37:36.496+0000] {logging_mixin.py:188} INFO - [2026-01-20T02:37:36.496+0000] {dag.py:3947} INFO - Setting next_dagrun for pipeline_scheduled to 2026-01-20 02:00:00+00:00, run_after=2026-01-20 03:00:00+00:00
[2026-01-20T02:37:36.518+0000] {processor.py:183} INFO - Processing /opt/airflow/dags/pipeline_scheduled.py took 0.106 seconds
[2026-01-20T02:38:06.804+0000] {processor.py:161} INFO - Started process (PID=19364) to work on /opt/airflow/dags/pipeline_scheduled.py
[2026-01-20T02:38:06.805+0000] {processor.py:830} INFO - Processing file /opt/airflow/dags/pipeline_scheduled.py for tasks to queue
[2026-01-20T02:38:06.807+0000] {logging_mixin.py:188} INFO - [2026-01-20T02:38:06.807+0000] {dagbag.py:545} INFO - Filling up the DagBag from /opt/airflow/dags/pipeline_scheduled.py
[2026-01-20T02:38:06.830+0000] {processor.py:840} INFO - DAG(s) 'pipeline_scheduled' retrieved from /opt/airflow/dags/pipeline_scheduled.py
[2026-01-20T02:38:06.860+0000] {logging_mixin.py:188} INFO - [2026-01-20T02:38:06.860+0000] {dag.py:3089} INFO - Sync 1 DAGs
[2026-01-20T02:38:06.880+0000] {logging_mixin.py:188} INFO - [2026-01-20T02:38:06.880+0000] {dag.py:3947} INFO - Setting next_dagrun for pipeline_scheduled to 2026-01-20 02:00:00+00:00, run_after=2026-01-20 03:00:00+00:00
[2026-01-20T02:38:07.091+0000] {processor.py:183} INFO - Processing /opt/airflow/dags/pipeline_scheduled.py took 0.293 seconds
[2026-01-20T02:38:37.210+0000] {processor.py:161} INFO - Started process (PID=19374) to work on /opt/airflow/dags/pipeline_scheduled.py
[2026-01-20T02:38:37.211+0000] {processor.py:830} INFO - Processing file /opt/airflow/dags/pipeline_scheduled.py for tasks to queue
[2026-01-20T02:38:37.214+0000] {logging_mixin.py:188} INFO - [2026-01-20T02:38:37.213+0000] {dagbag.py:545} INFO - Filling up the DagBag from /opt/airflow/dags/pipeline_scheduled.py
[2026-01-20T02:38:37.236+0000] {processor.py:840} INFO - DAG(s) 'pipeline_scheduled' retrieved from /opt/airflow/dags/pipeline_scheduled.py
[2026-01-20T02:38:37.267+0000] {logging_mixin.py:188} INFO - [2026-01-20T02:38:37.266+0000] {dag.py:3089} INFO - Sync 1 DAGs
[2026-01-20T02:38:37.288+0000] {logging_mixin.py:188} INFO - [2026-01-20T02:38:37.288+0000] {dag.py:3947} INFO - Setting next_dagrun for pipeline_scheduled to 2026-01-20 02:00:00+00:00, run_after=2026-01-20 03:00:00+00:00
[2026-01-20T02:38:37.309+0000] {processor.py:183} INFO - Processing /opt/airflow/dags/pipeline_scheduled.py took 0.105 seconds
[2026-01-20T02:39:07.612+0000] {processor.py:161} INFO - Started process (PID=19384) to work on /opt/airflow/dags/pipeline_scheduled.py
[2026-01-20T02:39:07.613+0000] {processor.py:830} INFO - Processing file /opt/airflow/dags/pipeline_scheduled.py for tasks to queue
[2026-01-20T02:39:07.616+0000] {logging_mixin.py:188} INFO - [2026-01-20T02:39:07.616+0000] {dagbag.py:545} INFO - Filling up the DagBag from /opt/airflow/dags/pipeline_scheduled.py
[2026-01-20T02:39:07.641+0000] {processor.py:840} INFO - DAG(s) 'pipeline_scheduled' retrieved from /opt/airflow/dags/pipeline_scheduled.py
[2026-01-20T02:39:07.673+0000] {logging_mixin.py:188} INFO - [2026-01-20T02:39:07.673+0000] {dag.py:3089} INFO - Sync 1 DAGs
[2026-01-20T02:39:07.696+0000] {logging_mixin.py:188} INFO - [2026-01-20T02:39:07.696+0000] {dag.py:3947} INFO - Setting next_dagrun for pipeline_scheduled to 2026-01-20 02:00:00+00:00, run_after=2026-01-20 03:00:00+00:00
[2026-01-20T02:39:07.716+0000] {processor.py:183} INFO - Processing /opt/airflow/dags/pipeline_scheduled.py took 0.110 seconds
[2026-01-20T02:39:37.962+0000] {processor.py:161} INFO - Started process (PID=19394) to work on /opt/airflow/dags/pipeline_scheduled.py
[2026-01-20T02:39:37.964+0000] {processor.py:830} INFO - Processing file /opt/airflow/dags/pipeline_scheduled.py for tasks to queue
[2026-01-20T02:39:37.968+0000] {logging_mixin.py:188} INFO - [2026-01-20T02:39:37.967+0000] {dagbag.py:545} INFO - Filling up the DagBag from /opt/airflow/dags/pipeline_scheduled.py
[2026-01-20T02:39:37.993+0000] {processor.py:840} INFO - DAG(s) 'pipeline_scheduled' retrieved from /opt/airflow/dags/pipeline_scheduled.py
[2026-01-20T02:39:38.027+0000] {logging_mixin.py:188} INFO - [2026-01-20T02:39:38.027+0000] {dag.py:3089} INFO - Sync 1 DAGs
[2026-01-20T02:39:38.051+0000] {logging_mixin.py:188} INFO - [2026-01-20T02:39:38.051+0000] {dag.py:3947} INFO - Setting next_dagrun for pipeline_scheduled to 2026-01-20 02:00:00+00:00, run_after=2026-01-20 03:00:00+00:00
[2026-01-20T02:39:38.070+0000] {processor.py:183} INFO - Processing /opt/airflow/dags/pipeline_scheduled.py took 0.114 seconds
[2026-01-20T02:40:08.357+0000] {processor.py:161} INFO - Started process (PID=19404) to work on /opt/airflow/dags/pipeline_scheduled.py
[2026-01-20T02:40:08.358+0000] {processor.py:830} INFO - Processing file /opt/airflow/dags/pipeline_scheduled.py for tasks to queue
[2026-01-20T02:40:08.361+0000] {logging_mixin.py:188} INFO - [2026-01-20T02:40:08.360+0000] {dagbag.py:545} INFO - Filling up the DagBag from /opt/airflow/dags/pipeline_scheduled.py
[2026-01-20T02:40:08.384+0000] {processor.py:840} INFO - DAG(s) 'pipeline_scheduled' retrieved from /opt/airflow/dags/pipeline_scheduled.py
[2026-01-20T02:40:08.416+0000] {logging_mixin.py:188} INFO - [2026-01-20T02:40:08.415+0000] {dag.py:3089} INFO - Sync 1 DAGs
[2026-01-20T02:40:08.436+0000] {logging_mixin.py:188} INFO - [2026-01-20T02:40:08.436+0000] {dag.py:3947} INFO - Setting next_dagrun for pipeline_scheduled to 2026-01-20 02:00:00+00:00, run_after=2026-01-20 03:00:00+00:00
[2026-01-20T02:40:08.455+0000] {processor.py:183} INFO - Processing /opt/airflow/dags/pipeline_scheduled.py took 0.105 seconds
[2026-01-20T02:40:38.724+0000] {processor.py:161} INFO - Started process (PID=19414) to work on /opt/airflow/dags/pipeline_scheduled.py
[2026-01-20T02:40:38.725+0000] {processor.py:830} INFO - Processing file /opt/airflow/dags/pipeline_scheduled.py for tasks to queue
[2026-01-20T02:40:38.729+0000] {logging_mixin.py:188} INFO - [2026-01-20T02:40:38.728+0000] {dagbag.py:545} INFO - Filling up the DagBag from /opt/airflow/dags/pipeline_scheduled.py
[2026-01-20T02:40:38.751+0000] {processor.py:840} INFO - DAG(s) 'pipeline_scheduled' retrieved from /opt/airflow/dags/pipeline_scheduled.py
[2026-01-20T02:40:38.782+0000] {logging_mixin.py:188} INFO - [2026-01-20T02:40:38.782+0000] {dag.py:3089} INFO - Sync 1 DAGs
[2026-01-20T02:40:38.807+0000] {logging_mixin.py:188} INFO - [2026-01-20T02:40:38.807+0000] {dag.py:3947} INFO - Setting next_dagrun for pipeline_scheduled to 2026-01-20 02:00:00+00:00, run_after=2026-01-20 03:00:00+00:00
[2026-01-20T02:40:38.829+0000] {processor.py:183} INFO - Processing /opt/airflow/dags/pipeline_scheduled.py took 0.111 seconds
[2026-01-20T02:41:09.091+0000] {processor.py:161} INFO - Started process (PID=19424) to work on /opt/airflow/dags/pipeline_scheduled.py
[2026-01-20T02:41:09.092+0000] {processor.py:830} INFO - Processing file /opt/airflow/dags/pipeline_scheduled.py for tasks to queue
[2026-01-20T02:41:09.094+0000] {logging_mixin.py:188} INFO - [2026-01-20T02:41:09.094+0000] {dagbag.py:545} INFO - Filling up the DagBag from /opt/airflow/dags/pipeline_scheduled.py
[2026-01-20T02:41:09.119+0000] {processor.py:840} INFO - DAG(s) 'pipeline_scheduled' retrieved from /opt/airflow/dags/pipeline_scheduled.py
[2026-01-20T02:41:09.150+0000] {logging_mixin.py:188} INFO - [2026-01-20T02:41:09.150+0000] {dag.py:3089} INFO - Sync 1 DAGs
[2026-01-20T02:41:09.171+0000] {logging_mixin.py:188} INFO - [2026-01-20T02:41:09.171+0000] {dag.py:3947} INFO - Setting next_dagrun for pipeline_scheduled to 2026-01-20 02:00:00+00:00, run_after=2026-01-20 03:00:00+00:00
[2026-01-20T02:41:09.191+0000] {processor.py:183} INFO - Processing /opt/airflow/dags/pipeline_scheduled.py took 0.106 seconds
[2026-01-20T02:41:39.446+0000] {processor.py:161} INFO - Started process (PID=19434) to work on /opt/airflow/dags/pipeline_scheduled.py
[2026-01-20T02:41:39.448+0000] {processor.py:830} INFO - Processing file /opt/airflow/dags/pipeline_scheduled.py for tasks to queue
[2026-01-20T02:41:39.450+0000] {logging_mixin.py:188} INFO - [2026-01-20T02:41:39.450+0000] {dagbag.py:545} INFO - Filling up the DagBag from /opt/airflow/dags/pipeline_scheduled.py
[2026-01-20T02:41:39.473+0000] {processor.py:840} INFO - DAG(s) 'pipeline_scheduled' retrieved from /opt/airflow/dags/pipeline_scheduled.py
[2026-01-20T02:41:39.507+0000] {logging_mixin.py:188} INFO - [2026-01-20T02:41:39.507+0000] {dag.py:3089} INFO - Sync 1 DAGs
[2026-01-20T02:41:39.529+0000] {logging_mixin.py:188} INFO - [2026-01-20T02:41:39.529+0000] {dag.py:3947} INFO - Setting next_dagrun for pipeline_scheduled to 2026-01-20 02:00:00+00:00, run_after=2026-01-20 03:00:00+00:00
[2026-01-20T02:41:39.553+0000] {processor.py:183} INFO - Processing /opt/airflow/dags/pipeline_scheduled.py took 0.112 seconds
[2026-01-20T02:42:09.841+0000] {processor.py:161} INFO - Started process (PID=19444) to work on /opt/airflow/dags/pipeline_scheduled.py
[2026-01-20T02:42:09.842+0000] {processor.py:830} INFO - Processing file /opt/airflow/dags/pipeline_scheduled.py for tasks to queue
[2026-01-20T02:42:09.845+0000] {logging_mixin.py:188} INFO - [2026-01-20T02:42:09.844+0000] {dagbag.py:545} INFO - Filling up the DagBag from /opt/airflow/dags/pipeline_scheduled.py
[2026-01-20T02:42:09.868+0000] {processor.py:840} INFO - DAG(s) 'pipeline_scheduled' retrieved from /opt/airflow/dags/pipeline_scheduled.py
[2026-01-20T02:42:09.899+0000] {logging_mixin.py:188} INFO - [2026-01-20T02:42:09.899+0000] {dag.py:3089} INFO - Sync 1 DAGs
[2026-01-20T02:42:09.919+0000] {logging_mixin.py:188} INFO - [2026-01-20T02:42:09.919+0000] {dag.py:3947} INFO - Setting next_dagrun for pipeline_scheduled to 2026-01-20 02:00:00+00:00, run_after=2026-01-20 03:00:00+00:00
[2026-01-20T02:42:09.939+0000] {processor.py:183} INFO - Processing /opt/airflow/dags/pipeline_scheduled.py took 0.105 seconds
[2026-01-20T02:42:40.236+0000] {processor.py:161} INFO - Started process (PID=19454) to work on /opt/airflow/dags/pipeline_scheduled.py
[2026-01-20T02:42:40.237+0000] {processor.py:830} INFO - Processing file /opt/airflow/dags/pipeline_scheduled.py for tasks to queue
[2026-01-20T02:42:40.239+0000] {logging_mixin.py:188} INFO - [2026-01-20T02:42:40.238+0000] {dagbag.py:545} INFO - Filling up the DagBag from /opt/airflow/dags/pipeline_scheduled.py
[2026-01-20T02:42:40.263+0000] {processor.py:840} INFO - DAG(s) 'pipeline_scheduled' retrieved from /opt/airflow/dags/pipeline_scheduled.py
[2026-01-20T02:42:40.295+0000] {logging_mixin.py:188} INFO - [2026-01-20T02:42:40.295+0000] {dag.py:3089} INFO - Sync 1 DAGs
[2026-01-20T02:42:40.316+0000] {logging_mixin.py:188} INFO - [2026-01-20T02:42:40.315+0000] {dag.py:3947} INFO - Setting next_dagrun for pipeline_scheduled to 2026-01-20 02:00:00+00:00, run_after=2026-01-20 03:00:00+00:00
[2026-01-20T02:42:40.335+0000] {processor.py:183} INFO - Processing /opt/airflow/dags/pipeline_scheduled.py took 0.105 seconds
[2026-01-20T02:43:10.615+0000] {processor.py:161} INFO - Started process (PID=19464) to work on /opt/airflow/dags/pipeline_scheduled.py
[2026-01-20T02:43:10.616+0000] {processor.py:830} INFO - Processing file /opt/airflow/dags/pipeline_scheduled.py for tasks to queue
[2026-01-20T02:43:10.618+0000] {logging_mixin.py:188} INFO - [2026-01-20T02:43:10.618+0000] {dagbag.py:545} INFO - Filling up the DagBag from /opt/airflow/dags/pipeline_scheduled.py
[2026-01-20T02:43:10.640+0000] {processor.py:840} INFO - DAG(s) 'pipeline_scheduled' retrieved from /opt/airflow/dags/pipeline_scheduled.py
[2026-01-20T02:43:10.672+0000] {logging_mixin.py:188} INFO - [2026-01-20T02:43:10.672+0000] {dag.py:3089} INFO - Sync 1 DAGs
[2026-01-20T02:43:10.693+0000] {logging_mixin.py:188} INFO - [2026-01-20T02:43:10.693+0000] {dag.py:3947} INFO - Setting next_dagrun for pipeline_scheduled to 2026-01-20 02:00:00+00:00, run_after=2026-01-20 03:00:00+00:00
[2026-01-20T02:43:10.715+0000] {processor.py:183} INFO - Processing /opt/airflow/dags/pipeline_scheduled.py took 0.105 seconds
[2026-01-20T02:43:41.039+0000] {processor.py:161} INFO - Started process (PID=19474) to work on /opt/airflow/dags/pipeline_scheduled.py
[2026-01-20T02:43:41.040+0000] {processor.py:830} INFO - Processing file /opt/airflow/dags/pipeline_scheduled.py for tasks to queue
[2026-01-20T02:43:41.043+0000] {logging_mixin.py:188} INFO - [2026-01-20T02:43:41.042+0000] {dagbag.py:545} INFO - Filling up the DagBag from /opt/airflow/dags/pipeline_scheduled.py
[2026-01-20T02:43:41.066+0000] {processor.py:840} INFO - DAG(s) 'pipeline_scheduled' retrieved from /opt/airflow/dags/pipeline_scheduled.py
[2026-01-20T02:43:41.097+0000] {logging_mixin.py:188} INFO - [2026-01-20T02:43:41.097+0000] {dag.py:3089} INFO - Sync 1 DAGs
[2026-01-20T02:43:41.117+0000] {logging_mixin.py:188} INFO - [2026-01-20T02:43:41.116+0000] {dag.py:3947} INFO - Setting next_dagrun for pipeline_scheduled to 2026-01-20 02:00:00+00:00, run_after=2026-01-20 03:00:00+00:00
[2026-01-20T02:43:41.338+0000] {processor.py:183} INFO - Processing /opt/airflow/dags/pipeline_scheduled.py took 0.305 seconds
[2026-01-20T02:44:11.501+0000] {processor.py:161} INFO - Started process (PID=19484) to work on /opt/airflow/dags/pipeline_scheduled.py
[2026-01-20T02:44:11.502+0000] {processor.py:830} INFO - Processing file /opt/airflow/dags/pipeline_scheduled.py for tasks to queue
[2026-01-20T02:44:11.504+0000] {logging_mixin.py:188} INFO - [2026-01-20T02:44:11.504+0000] {dagbag.py:545} INFO - Filling up the DagBag from /opt/airflow/dags/pipeline_scheduled.py
[2026-01-20T02:44:11.527+0000] {processor.py:840} INFO - DAG(s) 'pipeline_scheduled' retrieved from /opt/airflow/dags/pipeline_scheduled.py
[2026-01-20T02:44:11.557+0000] {logging_mixin.py:188} INFO - [2026-01-20T02:44:11.557+0000] {dag.py:3089} INFO - Sync 1 DAGs
[2026-01-20T02:44:11.577+0000] {logging_mixin.py:188} INFO - [2026-01-20T02:44:11.577+0000] {dag.py:3947} INFO - Setting next_dagrun for pipeline_scheduled to 2026-01-20 02:00:00+00:00, run_after=2026-01-20 03:00:00+00:00
[2026-01-20T02:44:11.597+0000] {processor.py:183} INFO - Processing /opt/airflow/dags/pipeline_scheduled.py took 0.101 seconds
[2026-01-20T02:44:41.857+0000] {processor.py:161} INFO - Started process (PID=19494) to work on /opt/airflow/dags/pipeline_scheduled.py
[2026-01-20T02:44:41.858+0000] {processor.py:830} INFO - Processing file /opt/airflow/dags/pipeline_scheduled.py for tasks to queue
[2026-01-20T02:44:41.861+0000] {logging_mixin.py:188} INFO - [2026-01-20T02:44:41.861+0000] {dagbag.py:545} INFO - Filling up the DagBag from /opt/airflow/dags/pipeline_scheduled.py
[2026-01-20T02:44:41.885+0000] {processor.py:840} INFO - DAG(s) 'pipeline_scheduled' retrieved from /opt/airflow/dags/pipeline_scheduled.py
[2026-01-20T02:44:41.921+0000] {logging_mixin.py:188} INFO - [2026-01-20T02:44:41.920+0000] {dag.py:3089} INFO - Sync 1 DAGs
[2026-01-20T02:44:41.944+0000] {logging_mixin.py:188} INFO - [2026-01-20T02:44:41.944+0000] {dag.py:3947} INFO - Setting next_dagrun for pipeline_scheduled to 2026-01-20 02:00:00+00:00, run_after=2026-01-20 03:00:00+00:00
[2026-01-20T02:44:41.968+0000] {processor.py:183} INFO - Processing /opt/airflow/dags/pipeline_scheduled.py took 0.117 seconds
[2026-01-20T02:45:12.222+0000] {processor.py:161} INFO - Started process (PID=19504) to work on /opt/airflow/dags/pipeline_scheduled.py
[2026-01-20T02:45:12.224+0000] {processor.py:830} INFO - Processing file /opt/airflow/dags/pipeline_scheduled.py for tasks to queue
[2026-01-20T02:45:12.226+0000] {logging_mixin.py:188} INFO - [2026-01-20T02:45:12.226+0000] {dagbag.py:545} INFO - Filling up the DagBag from /opt/airflow/dags/pipeline_scheduled.py
[2026-01-20T02:45:12.250+0000] {processor.py:840} INFO - DAG(s) 'pipeline_scheduled' retrieved from /opt/airflow/dags/pipeline_scheduled.py
[2026-01-20T02:45:12.285+0000] {logging_mixin.py:188} INFO - [2026-01-20T02:45:12.284+0000] {dag.py:3089} INFO - Sync 1 DAGs
[2026-01-20T02:45:12.308+0000] {logging_mixin.py:188} INFO - [2026-01-20T02:45:12.308+0000] {dag.py:3947} INFO - Setting next_dagrun for pipeline_scheduled to 2026-01-20 02:00:00+00:00, run_after=2026-01-20 03:00:00+00:00
[2026-01-20T02:45:12.330+0000] {processor.py:183} INFO - Processing /opt/airflow/dags/pipeline_scheduled.py took 0.113 seconds
[2026-01-20T02:45:42.590+0000] {processor.py:161} INFO - Started process (PID=19514) to work on /opt/airflow/dags/pipeline_scheduled.py
[2026-01-20T02:45:42.591+0000] {processor.py:830} INFO - Processing file /opt/airflow/dags/pipeline_scheduled.py for tasks to queue
[2026-01-20T02:45:42.594+0000] {logging_mixin.py:188} INFO - [2026-01-20T02:45:42.594+0000] {dagbag.py:545} INFO - Filling up the DagBag from /opt/airflow/dags/pipeline_scheduled.py
[2026-01-20T02:45:42.617+0000] {processor.py:840} INFO - DAG(s) 'pipeline_scheduled' retrieved from /opt/airflow/dags/pipeline_scheduled.py
[2026-01-20T02:45:42.647+0000] {logging_mixin.py:188} INFO - [2026-01-20T02:45:42.647+0000] {dag.py:3089} INFO - Sync 1 DAGs
[2026-01-20T02:45:42.667+0000] {logging_mixin.py:188} INFO - [2026-01-20T02:45:42.667+0000] {dag.py:3947} INFO - Setting next_dagrun for pipeline_scheduled to 2026-01-20 02:00:00+00:00, run_after=2026-01-20 03:00:00+00:00
[2026-01-20T02:45:42.687+0000] {processor.py:183} INFO - Processing /opt/airflow/dags/pipeline_scheduled.py took 0.103 seconds
[2026-01-20T02:46:12.942+0000] {processor.py:161} INFO - Started process (PID=19524) to work on /opt/airflow/dags/pipeline_scheduled.py
[2026-01-20T02:46:12.943+0000] {processor.py:830} INFO - Processing file /opt/airflow/dags/pipeline_scheduled.py for tasks to queue
[2026-01-20T02:46:12.947+0000] {logging_mixin.py:188} INFO - [2026-01-20T02:46:12.946+0000] {dagbag.py:545} INFO - Filling up the DagBag from /opt/airflow/dags/pipeline_scheduled.py
[2026-01-20T02:46:12.970+0000] {processor.py:840} INFO - DAG(s) 'pipeline_scheduled' retrieved from /opt/airflow/dags/pipeline_scheduled.py
[2026-01-20T02:46:13.004+0000] {logging_mixin.py:188} INFO - [2026-01-20T02:46:13.003+0000] {dag.py:3089} INFO - Sync 1 DAGs
[2026-01-20T02:46:13.025+0000] {logging_mixin.py:188} INFO - [2026-01-20T02:46:13.025+0000] {dag.py:3947} INFO - Setting next_dagrun for pipeline_scheduled to 2026-01-20 02:00:00+00:00, run_after=2026-01-20 03:00:00+00:00
[2026-01-20T02:46:13.047+0000] {processor.py:183} INFO - Processing /opt/airflow/dags/pipeline_scheduled.py took 0.111 seconds
[2026-01-20T02:46:43.307+0000] {processor.py:161} INFO - Started process (PID=19534) to work on /opt/airflow/dags/pipeline_scheduled.py
[2026-01-20T02:46:43.308+0000] {processor.py:830} INFO - Processing file /opt/airflow/dags/pipeline_scheduled.py for tasks to queue
[2026-01-20T02:46:43.310+0000] {logging_mixin.py:188} INFO - [2026-01-20T02:46:43.310+0000] {dagbag.py:545} INFO - Filling up the DagBag from /opt/airflow/dags/pipeline_scheduled.py
[2026-01-20T02:46:43.333+0000] {processor.py:840} INFO - DAG(s) 'pipeline_scheduled' retrieved from /opt/airflow/dags/pipeline_scheduled.py
[2026-01-20T02:46:43.366+0000] {logging_mixin.py:188} INFO - [2026-01-20T02:46:43.366+0000] {dag.py:3089} INFO - Sync 1 DAGs
[2026-01-20T02:46:43.389+0000] {logging_mixin.py:188} INFO - [2026-01-20T02:46:43.389+0000] {dag.py:3947} INFO - Setting next_dagrun for pipeline_scheduled to 2026-01-20 02:00:00+00:00, run_after=2026-01-20 03:00:00+00:00
[2026-01-20T02:46:43.588+0000] {processor.py:183} INFO - Processing /opt/airflow/dags/pipeline_scheduled.py took 0.288 seconds
[2026-01-20T02:47:13.684+0000] {processor.py:161} INFO - Started process (PID=19544) to work on /opt/airflow/dags/pipeline_scheduled.py
[2026-01-20T02:47:13.685+0000] {processor.py:830} INFO - Processing file /opt/airflow/dags/pipeline_scheduled.py for tasks to queue
[2026-01-20T02:47:13.687+0000] {logging_mixin.py:188} INFO - [2026-01-20T02:47:13.686+0000] {dagbag.py:545} INFO - Filling up the DagBag from /opt/airflow/dags/pipeline_scheduled.py
[2026-01-20T02:47:13.709+0000] {processor.py:840} INFO - DAG(s) 'pipeline_scheduled' retrieved from /opt/airflow/dags/pipeline_scheduled.py
[2026-01-20T02:47:13.741+0000] {logging_mixin.py:188} INFO - [2026-01-20T02:47:13.740+0000] {dag.py:3089} INFO - Sync 1 DAGs
[2026-01-20T02:47:13.764+0000] {logging_mixin.py:188} INFO - [2026-01-20T02:47:13.764+0000] {dag.py:3947} INFO - Setting next_dagrun for pipeline_scheduled to 2026-01-20 02:00:00+00:00, run_after=2026-01-20 03:00:00+00:00
[2026-01-20T02:47:13.788+0000] {processor.py:183} INFO - Processing /opt/airflow/dags/pipeline_scheduled.py took 0.110 seconds
[2026-01-20T02:47:44.076+0000] {processor.py:161} INFO - Started process (PID=19554) to work on /opt/airflow/dags/pipeline_scheduled.py
[2026-01-20T02:47:44.077+0000] {processor.py:830} INFO - Processing file /opt/airflow/dags/pipeline_scheduled.py for tasks to queue
[2026-01-20T02:47:44.079+0000] {logging_mixin.py:188} INFO - [2026-01-20T02:47:44.079+0000] {dagbag.py:545} INFO - Filling up the DagBag from /opt/airflow/dags/pipeline_scheduled.py
[2026-01-20T02:47:44.102+0000] {processor.py:840} INFO - DAG(s) 'pipeline_scheduled' retrieved from /opt/airflow/dags/pipeline_scheduled.py
[2026-01-20T02:47:44.133+0000] {logging_mixin.py:188} INFO - [2026-01-20T02:47:44.133+0000] {dag.py:3089} INFO - Sync 1 DAGs
[2026-01-20T02:47:44.154+0000] {logging_mixin.py:188} INFO - [2026-01-20T02:47:44.154+0000] {dag.py:3947} INFO - Setting next_dagrun for pipeline_scheduled to 2026-01-20 02:00:00+00:00, run_after=2026-01-20 03:00:00+00:00
[2026-01-20T02:47:44.173+0000] {processor.py:183} INFO - Processing /opt/airflow/dags/pipeline_scheduled.py took 0.103 seconds
[2026-01-20T02:48:14.450+0000] {processor.py:161} INFO - Started process (PID=19564) to work on /opt/airflow/dags/pipeline_scheduled.py
[2026-01-20T02:48:14.451+0000] {processor.py:830} INFO - Processing file /opt/airflow/dags/pipeline_scheduled.py for tasks to queue
[2026-01-20T02:48:14.453+0000] {logging_mixin.py:188} INFO - [2026-01-20T02:48:14.452+0000] {dagbag.py:545} INFO - Filling up the DagBag from /opt/airflow/dags/pipeline_scheduled.py
[2026-01-20T02:48:14.475+0000] {processor.py:840} INFO - DAG(s) 'pipeline_scheduled' retrieved from /opt/airflow/dags/pipeline_scheduled.py
[2026-01-20T02:48:14.506+0000] {logging_mixin.py:188} INFO - [2026-01-20T02:48:14.505+0000] {dag.py:3089} INFO - Sync 1 DAGs
[2026-01-20T02:48:14.527+0000] {logging_mixin.py:188} INFO - [2026-01-20T02:48:14.527+0000] {dag.py:3947} INFO - Setting next_dagrun for pipeline_scheduled to 2026-01-20 02:00:00+00:00, run_after=2026-01-20 03:00:00+00:00
[2026-01-20T02:48:14.547+0000] {processor.py:183} INFO - Processing /opt/airflow/dags/pipeline_scheduled.py took 0.103 seconds
[2026-01-20T02:48:44.878+0000] {processor.py:161} INFO - Started process (PID=19574) to work on /opt/airflow/dags/pipeline_scheduled.py
[2026-01-20T02:48:44.879+0000] {processor.py:830} INFO - Processing file /opt/airflow/dags/pipeline_scheduled.py for tasks to queue
[2026-01-20T02:48:44.880+0000] {logging_mixin.py:188} INFO - [2026-01-20T02:48:44.880+0000] {dagbag.py:545} INFO - Filling up the DagBag from /opt/airflow/dags/pipeline_scheduled.py
[2026-01-20T02:48:44.904+0000] {processor.py:840} INFO - DAG(s) 'pipeline_scheduled' retrieved from /opt/airflow/dags/pipeline_scheduled.py
[2026-01-20T02:48:44.935+0000] {logging_mixin.py:188} INFO - [2026-01-20T02:48:44.934+0000] {dag.py:3089} INFO - Sync 1 DAGs
[2026-01-20T02:48:44.956+0000] {logging_mixin.py:188} INFO - [2026-01-20T02:48:44.956+0000] {dag.py:3947} INFO - Setting next_dagrun for pipeline_scheduled to 2026-01-20 02:00:00+00:00, run_after=2026-01-20 03:00:00+00:00
[2026-01-20T02:48:44.976+0000] {processor.py:183} INFO - Processing /opt/airflow/dags/pipeline_scheduled.py took 0.104 seconds
[2026-01-20T02:49:15.257+0000] {processor.py:161} INFO - Started process (PID=19584) to work on /opt/airflow/dags/pipeline_scheduled.py
[2026-01-20T02:49:15.259+0000] {processor.py:830} INFO - Processing file /opt/airflow/dags/pipeline_scheduled.py for tasks to queue
[2026-01-20T02:49:15.261+0000] {logging_mixin.py:188} INFO - [2026-01-20T02:49:15.260+0000] {dagbag.py:545} INFO - Filling up the DagBag from /opt/airflow/dags/pipeline_scheduled.py
[2026-01-20T02:49:15.285+0000] {processor.py:840} INFO - DAG(s) 'pipeline_scheduled' retrieved from /opt/airflow/dags/pipeline_scheduled.py
[2026-01-20T02:49:15.317+0000] {logging_mixin.py:188} INFO - [2026-01-20T02:49:15.316+0000] {dag.py:3089} INFO - Sync 1 DAGs
[2026-01-20T02:49:15.338+0000] {logging_mixin.py:188} INFO - [2026-01-20T02:49:15.338+0000] {dag.py:3947} INFO - Setting next_dagrun for pipeline_scheduled to 2026-01-20 02:00:00+00:00, run_after=2026-01-20 03:00:00+00:00
[2026-01-20T02:49:15.361+0000] {processor.py:183} INFO - Processing /opt/airflow/dags/pipeline_scheduled.py took 0.109 seconds
[2026-01-20T02:49:45.638+0000] {processor.py:161} INFO - Started process (PID=19594) to work on /opt/airflow/dags/pipeline_scheduled.py
[2026-01-20T02:49:45.639+0000] {processor.py:830} INFO - Processing file /opt/airflow/dags/pipeline_scheduled.py for tasks to queue
[2026-01-20T02:49:45.641+0000] {logging_mixin.py:188} INFO - [2026-01-20T02:49:45.641+0000] {dagbag.py:545} INFO - Filling up the DagBag from /opt/airflow/dags/pipeline_scheduled.py
[2026-01-20T02:49:45.664+0000] {processor.py:840} INFO - DAG(s) 'pipeline_scheduled' retrieved from /opt/airflow/dags/pipeline_scheduled.py
[2026-01-20T02:49:45.693+0000] {logging_mixin.py:188} INFO - [2026-01-20T02:49:45.692+0000] {dag.py:3089} INFO - Sync 1 DAGs
[2026-01-20T02:49:45.712+0000] {logging_mixin.py:188} INFO - [2026-01-20T02:49:45.712+0000] {dag.py:3947} INFO - Setting next_dagrun for pipeline_scheduled to 2026-01-20 02:00:00+00:00, run_after=2026-01-20 03:00:00+00:00
[2026-01-20T02:49:45.913+0000] {processor.py:183} INFO - Processing /opt/airflow/dags/pipeline_scheduled.py took 0.281 seconds
[2026-01-20T02:50:16.005+0000] {processor.py:161} INFO - Started process (PID=19604) to work on /opt/airflow/dags/pipeline_scheduled.py
[2026-01-20T02:50:16.007+0000] {processor.py:830} INFO - Processing file /opt/airflow/dags/pipeline_scheduled.py for tasks to queue
[2026-01-20T02:50:16.008+0000] {logging_mixin.py:188} INFO - [2026-01-20T02:50:16.008+0000] {dagbag.py:545} INFO - Filling up the DagBag from /opt/airflow/dags/pipeline_scheduled.py
[2026-01-20T02:50:16.032+0000] {processor.py:840} INFO - DAG(s) 'pipeline_scheduled' retrieved from /opt/airflow/dags/pipeline_scheduled.py
[2026-01-20T02:50:16.066+0000] {logging_mixin.py:188} INFO - [2026-01-20T02:50:16.066+0000] {dag.py:3089} INFO - Sync 1 DAGs
[2026-01-20T02:50:16.091+0000] {logging_mixin.py:188} INFO - [2026-01-20T02:50:16.091+0000] {dag.py:3947} INFO - Setting next_dagrun for pipeline_scheduled to 2026-01-20 02:00:00+00:00, run_after=2026-01-20 03:00:00+00:00
[2026-01-20T02:50:16.115+0000] {processor.py:183} INFO - Processing /opt/airflow/dags/pipeline_scheduled.py took 0.116 seconds
[2026-01-20T02:50:46.398+0000] {processor.py:161} INFO - Started process (PID=19614) to work on /opt/airflow/dags/pipeline_scheduled.py
[2026-01-20T02:50:46.399+0000] {processor.py:830} INFO - Processing file /opt/airflow/dags/pipeline_scheduled.py for tasks to queue
[2026-01-20T02:50:46.403+0000] {logging_mixin.py:188} INFO - [2026-01-20T02:50:46.402+0000] {dagbag.py:545} INFO - Filling up the DagBag from /opt/airflow/dags/pipeline_scheduled.py
[2026-01-20T02:50:46.425+0000] {processor.py:840} INFO - DAG(s) 'pipeline_scheduled' retrieved from /opt/airflow/dags/pipeline_scheduled.py
[2026-01-20T02:50:46.457+0000] {logging_mixin.py:188} INFO - [2026-01-20T02:50:46.456+0000] {dag.py:3089} INFO - Sync 1 DAGs
[2026-01-20T02:50:46.477+0000] {logging_mixin.py:188} INFO - [2026-01-20T02:50:46.477+0000] {dag.py:3947} INFO - Setting next_dagrun for pipeline_scheduled to 2026-01-20 02:00:00+00:00, run_after=2026-01-20 03:00:00+00:00
[2026-01-20T02:50:46.496+0000] {processor.py:183} INFO - Processing /opt/airflow/dags/pipeline_scheduled.py took 0.104 seconds
[2026-01-20T02:51:16.783+0000] {processor.py:161} INFO - Started process (PID=19624) to work on /opt/airflow/dags/pipeline_scheduled.py
[2026-01-20T02:51:16.785+0000] {processor.py:830} INFO - Processing file /opt/airflow/dags/pipeline_scheduled.py for tasks to queue
[2026-01-20T02:51:16.788+0000] {logging_mixin.py:188} INFO - [2026-01-20T02:51:16.787+0000] {dagbag.py:545} INFO - Filling up the DagBag from /opt/airflow/dags/pipeline_scheduled.py
[2026-01-20T02:51:16.811+0000] {processor.py:840} INFO - DAG(s) 'pipeline_scheduled' retrieved from /opt/airflow/dags/pipeline_scheduled.py
[2026-01-20T02:51:16.844+0000] {logging_mixin.py:188} INFO - [2026-01-20T02:51:16.844+0000] {dag.py:3089} INFO - Sync 1 DAGs
[2026-01-20T02:51:16.863+0000] {logging_mixin.py:188} INFO - [2026-01-20T02:51:16.863+0000] {dag.py:3947} INFO - Setting next_dagrun for pipeline_scheduled to 2026-01-20 02:00:00+00:00, run_after=2026-01-20 03:00:00+00:00
[2026-01-20T02:51:16.880+0000] {processor.py:183} INFO - Processing /opt/airflow/dags/pipeline_scheduled.py took 0.103 seconds
[2026-01-20T02:51:47.173+0000] {processor.py:161} INFO - Started process (PID=19634) to work on /opt/airflow/dags/pipeline_scheduled.py
[2026-01-20T02:51:47.174+0000] {processor.py:830} INFO - Processing file /opt/airflow/dags/pipeline_scheduled.py for tasks to queue
[2026-01-20T02:51:47.177+0000] {logging_mixin.py:188} INFO - [2026-01-20T02:51:47.177+0000] {dagbag.py:545} INFO - Filling up the DagBag from /opt/airflow/dags/pipeline_scheduled.py
[2026-01-20T02:51:47.199+0000] {processor.py:840} INFO - DAG(s) 'pipeline_scheduled' retrieved from /opt/airflow/dags/pipeline_scheduled.py
[2026-01-20T02:51:47.229+0000] {logging_mixin.py:188} INFO - [2026-01-20T02:51:47.229+0000] {dag.py:3089} INFO - Sync 1 DAGs
[2026-01-20T02:51:47.255+0000] {logging_mixin.py:188} INFO - [2026-01-20T02:51:47.255+0000] {dag.py:3947} INFO - Setting next_dagrun for pipeline_scheduled to 2026-01-20 02:00:00+00:00, run_after=2026-01-20 03:00:00+00:00
[2026-01-20T02:51:47.277+0000] {processor.py:183} INFO - Processing /opt/airflow/dags/pipeline_scheduled.py took 0.110 seconds
[2026-01-20T02:52:17.557+0000] {processor.py:161} INFO - Started process (PID=19644) to work on /opt/airflow/dags/pipeline_scheduled.py
[2026-01-20T02:52:17.558+0000] {processor.py:830} INFO - Processing file /opt/airflow/dags/pipeline_scheduled.py for tasks to queue
[2026-01-20T02:52:17.562+0000] {logging_mixin.py:188} INFO - [2026-01-20T02:52:17.561+0000] {dagbag.py:545} INFO - Filling up the DagBag from /opt/airflow/dags/pipeline_scheduled.py
[2026-01-20T02:52:17.586+0000] {processor.py:840} INFO - DAG(s) 'pipeline_scheduled' retrieved from /opt/airflow/dags/pipeline_scheduled.py
[2026-01-20T02:52:17.617+0000] {logging_mixin.py:188} INFO - [2026-01-20T02:52:17.617+0000] {dag.py:3089} INFO - Sync 1 DAGs
[2026-01-20T02:52:17.640+0000] {logging_mixin.py:188} INFO - [2026-01-20T02:52:17.640+0000] {dag.py:3947} INFO - Setting next_dagrun for pipeline_scheduled to 2026-01-20 02:00:00+00:00, run_after=2026-01-20 03:00:00+00:00
[2026-01-20T02:52:17.662+0000] {processor.py:183} INFO - Processing /opt/airflow/dags/pipeline_scheduled.py took 0.111 seconds
[2026-01-20T02:52:47.937+0000] {processor.py:161} INFO - Started process (PID=19654) to work on /opt/airflow/dags/pipeline_scheduled.py
[2026-01-20T02:52:47.938+0000] {processor.py:830} INFO - Processing file /opt/airflow/dags/pipeline_scheduled.py for tasks to queue
[2026-01-20T02:52:47.940+0000] {logging_mixin.py:188} INFO - [2026-01-20T02:52:47.940+0000] {dagbag.py:545} INFO - Filling up the DagBag from /opt/airflow/dags/pipeline_scheduled.py
[2026-01-20T02:52:47.963+0000] {processor.py:840} INFO - DAG(s) 'pipeline_scheduled' retrieved from /opt/airflow/dags/pipeline_scheduled.py
[2026-01-20T02:52:47.994+0000] {logging_mixin.py:188} INFO - [2026-01-20T02:52:47.994+0000] {dag.py:3089} INFO - Sync 1 DAGs
[2026-01-20T02:52:48.185+0000] {logging_mixin.py:188} INFO - [2026-01-20T02:52:48.184+0000] {dag.py:3947} INFO - Setting next_dagrun for pipeline_scheduled to 2026-01-20 02:00:00+00:00, run_after=2026-01-20 03:00:00+00:00
[2026-01-20T02:52:48.201+0000] {processor.py:183} INFO - Processing /opt/airflow/dags/pipeline_scheduled.py took 0.271 seconds
[2026-01-20T02:53:18.481+0000] {processor.py:161} INFO - Started process (PID=19664) to work on /opt/airflow/dags/pipeline_scheduled.py
[2026-01-20T02:53:18.482+0000] {processor.py:830} INFO - Processing file /opt/airflow/dags/pipeline_scheduled.py for tasks to queue
[2026-01-20T02:53:18.484+0000] {logging_mixin.py:188} INFO - [2026-01-20T02:53:18.484+0000] {dagbag.py:545} INFO - Filling up the DagBag from /opt/airflow/dags/pipeline_scheduled.py
[2026-01-20T02:53:18.508+0000] {processor.py:840} INFO - DAG(s) 'pipeline_scheduled' retrieved from /opt/airflow/dags/pipeline_scheduled.py
[2026-01-20T02:53:18.540+0000] {logging_mixin.py:188} INFO - [2026-01-20T02:53:18.539+0000] {dag.py:3089} INFO - Sync 1 DAGs
[2026-01-20T02:53:18.561+0000] {logging_mixin.py:188} INFO - [2026-01-20T02:53:18.561+0000] {dag.py:3947} INFO - Setting next_dagrun for pipeline_scheduled to 2026-01-20 02:00:00+00:00, run_after=2026-01-20 03:00:00+00:00
[2026-01-20T02:53:18.582+0000] {processor.py:183} INFO - Processing /opt/airflow/dags/pipeline_scheduled.py took 0.108 seconds
[2026-01-20T02:53:48.908+0000] {processor.py:161} INFO - Started process (PID=19674) to work on /opt/airflow/dags/pipeline_scheduled.py
[2026-01-20T02:53:48.909+0000] {processor.py:830} INFO - Processing file /opt/airflow/dags/pipeline_scheduled.py for tasks to queue
[2026-01-20T02:53:48.911+0000] {logging_mixin.py:188} INFO - [2026-01-20T02:53:48.911+0000] {dagbag.py:545} INFO - Filling up the DagBag from /opt/airflow/dags/pipeline_scheduled.py
[2026-01-20T02:53:48.934+0000] {processor.py:840} INFO - DAG(s) 'pipeline_scheduled' retrieved from /opt/airflow/dags/pipeline_scheduled.py
[2026-01-20T02:53:48.965+0000] {logging_mixin.py:188} INFO - [2026-01-20T02:53:48.964+0000] {dag.py:3089} INFO - Sync 1 DAGs
[2026-01-20T02:53:48.988+0000] {logging_mixin.py:188} INFO - [2026-01-20T02:53:48.987+0000] {dag.py:3947} INFO - Setting next_dagrun for pipeline_scheduled to 2026-01-20 02:00:00+00:00, run_after=2026-01-20 03:00:00+00:00
[2026-01-20T02:53:49.009+0000] {processor.py:183} INFO - Processing /opt/airflow/dags/pipeline_scheduled.py took 0.107 seconds
[2026-01-20T02:54:19.298+0000] {processor.py:161} INFO - Started process (PID=19684) to work on /opt/airflow/dags/pipeline_scheduled.py
[2026-01-20T02:54:19.299+0000] {processor.py:830} INFO - Processing file /opt/airflow/dags/pipeline_scheduled.py for tasks to queue
[2026-01-20T02:54:19.301+0000] {logging_mixin.py:188} INFO - [2026-01-20T02:54:19.301+0000] {dagbag.py:545} INFO - Filling up the DagBag from /opt/airflow/dags/pipeline_scheduled.py
[2026-01-20T02:54:19.324+0000] {processor.py:840} INFO - DAG(s) 'pipeline_scheduled' retrieved from /opt/airflow/dags/pipeline_scheduled.py
[2026-01-20T02:54:19.353+0000] {logging_mixin.py:188} INFO - [2026-01-20T02:54:19.352+0000] {dag.py:3089} INFO - Sync 1 DAGs
[2026-01-20T02:54:19.373+0000] {logging_mixin.py:188} INFO - [2026-01-20T02:54:19.373+0000] {dag.py:3947} INFO - Setting next_dagrun for pipeline_scheduled to 2026-01-20 02:00:00+00:00, run_after=2026-01-20 03:00:00+00:00
[2026-01-20T02:54:19.393+0000] {processor.py:183} INFO - Processing /opt/airflow/dags/pipeline_scheduled.py took 0.101 seconds
[2026-01-20T02:54:49.686+0000] {processor.py:161} INFO - Started process (PID=19694) to work on /opt/airflow/dags/pipeline_scheduled.py
[2026-01-20T02:54:49.687+0000] {processor.py:830} INFO - Processing file /opt/airflow/dags/pipeline_scheduled.py for tasks to queue
[2026-01-20T02:54:49.690+0000] {logging_mixin.py:188} INFO - [2026-01-20T02:54:49.689+0000] {dagbag.py:545} INFO - Filling up the DagBag from /opt/airflow/dags/pipeline_scheduled.py
[2026-01-20T02:54:49.714+0000] {processor.py:840} INFO - DAG(s) 'pipeline_scheduled' retrieved from /opt/airflow/dags/pipeline_scheduled.py
[2026-01-20T02:54:49.745+0000] {logging_mixin.py:188} INFO - [2026-01-20T02:54:49.745+0000] {dag.py:3089} INFO - Sync 1 DAGs
[2026-01-20T02:54:49.766+0000] {logging_mixin.py:188} INFO - [2026-01-20T02:54:49.766+0000] {dag.py:3947} INFO - Setting next_dagrun for pipeline_scheduled to 2026-01-20 02:00:00+00:00, run_after=2026-01-20 03:00:00+00:00
[2026-01-20T02:54:49.788+0000] {processor.py:183} INFO - Processing /opt/airflow/dags/pipeline_scheduled.py took 0.108 seconds
[2026-01-20T02:55:20.071+0000] {processor.py:161} INFO - Started process (PID=19704) to work on /opt/airflow/dags/pipeline_scheduled.py
[2026-01-20T02:55:20.073+0000] {processor.py:830} INFO - Processing file /opt/airflow/dags/pipeline_scheduled.py for tasks to queue
[2026-01-20T02:55:20.075+0000] {logging_mixin.py:188} INFO - [2026-01-20T02:55:20.074+0000] {dagbag.py:545} INFO - Filling up the DagBag from /opt/airflow/dags/pipeline_scheduled.py
[2026-01-20T02:55:20.098+0000] {processor.py:840} INFO - DAG(s) 'pipeline_scheduled' retrieved from /opt/airflow/dags/pipeline_scheduled.py
[2026-01-20T02:55:20.126+0000] {logging_mixin.py:188} INFO - [2026-01-20T02:55:20.126+0000] {dag.py:3089} INFO - Sync 1 DAGs
[2026-01-20T02:55:20.145+0000] {logging_mixin.py:188} INFO - [2026-01-20T02:55:20.145+0000] {dag.py:3947} INFO - Setting next_dagrun for pipeline_scheduled to 2026-01-20 02:00:00+00:00, run_after=2026-01-20 03:00:00+00:00
[2026-01-20T02:55:20.348+0000] {processor.py:183} INFO - Processing /opt/airflow/dags/pipeline_scheduled.py took 0.283 seconds
[2026-01-20T02:55:50.621+0000] {processor.py:161} INFO - Started process (PID=19714) to work on /opt/airflow/dags/pipeline_scheduled.py
[2026-01-20T02:55:50.623+0000] {processor.py:830} INFO - Processing file /opt/airflow/dags/pipeline_scheduled.py for tasks to queue
[2026-01-20T02:55:50.625+0000] {logging_mixin.py:188} INFO - [2026-01-20T02:55:50.625+0000] {dagbag.py:545} INFO - Filling up the DagBag from /opt/airflow/dags/pipeline_scheduled.py
[2026-01-20T02:55:50.648+0000] {processor.py:840} INFO - DAG(s) 'pipeline_scheduled' retrieved from /opt/airflow/dags/pipeline_scheduled.py
[2026-01-20T02:55:50.678+0000] {logging_mixin.py:188} INFO - [2026-01-20T02:55:50.677+0000] {dag.py:3089} INFO - Sync 1 DAGs
[2026-01-20T02:55:50.865+0000] {logging_mixin.py:188} INFO - [2026-01-20T02:55:50.865+0000] {dag.py:3947} INFO - Setting next_dagrun for pipeline_scheduled to 2026-01-20 02:00:00+00:00, run_after=2026-01-20 03:00:00+00:00
[2026-01-20T02:55:50.884+0000] {processor.py:183} INFO - Processing /opt/airflow/dags/pipeline_scheduled.py took 0.269 seconds
[2026-01-20T02:56:21.145+0000] {processor.py:161} INFO - Started process (PID=19724) to work on /opt/airflow/dags/pipeline_scheduled.py
[2026-01-20T02:56:21.147+0000] {processor.py:830} INFO - Processing file /opt/airflow/dags/pipeline_scheduled.py for tasks to queue
[2026-01-20T02:56:21.149+0000] {logging_mixin.py:188} INFO - [2026-01-20T02:56:21.149+0000] {dagbag.py:545} INFO - Filling up the DagBag from /opt/airflow/dags/pipeline_scheduled.py
[2026-01-20T02:56:21.172+0000] {processor.py:840} INFO - DAG(s) 'pipeline_scheduled' retrieved from /opt/airflow/dags/pipeline_scheduled.py
[2026-01-20T02:56:21.202+0000] {logging_mixin.py:188} INFO - [2026-01-20T02:56:21.202+0000] {dag.py:3089} INFO - Sync 1 DAGs
[2026-01-20T02:56:21.226+0000] {logging_mixin.py:188} INFO - [2026-01-20T02:56:21.225+0000] {dag.py:3947} INFO - Setting next_dagrun for pipeline_scheduled to 2026-01-20 02:00:00+00:00, run_after=2026-01-20 03:00:00+00:00
[2026-01-20T02:56:21.249+0000] {processor.py:183} INFO - Processing /opt/airflow/dags/pipeline_scheduled.py took 0.109 seconds
[2026-01-20T02:56:51.514+0000] {processor.py:161} INFO - Started process (PID=19734) to work on /opt/airflow/dags/pipeline_scheduled.py
[2026-01-20T02:56:51.516+0000] {processor.py:830} INFO - Processing file /opt/airflow/dags/pipeline_scheduled.py for tasks to queue
[2026-01-20T02:56:51.518+0000] {logging_mixin.py:188} INFO - [2026-01-20T02:56:51.518+0000] {dagbag.py:545} INFO - Filling up the DagBag from /opt/airflow/dags/pipeline_scheduled.py
[2026-01-20T02:56:51.540+0000] {processor.py:840} INFO - DAG(s) 'pipeline_scheduled' retrieved from /opt/airflow/dags/pipeline_scheduled.py
[2026-01-20T02:56:51.573+0000] {logging_mixin.py:188} INFO - [2026-01-20T02:56:51.573+0000] {dag.py:3089} INFO - Sync 1 DAGs
[2026-01-20T02:56:51.596+0000] {logging_mixin.py:188} INFO - [2026-01-20T02:56:51.596+0000] {dag.py:3947} INFO - Setting next_dagrun for pipeline_scheduled to 2026-01-20 02:00:00+00:00, run_after=2026-01-20 03:00:00+00:00
[2026-01-20T02:56:51.616+0000] {processor.py:183} INFO - Processing /opt/airflow/dags/pipeline_scheduled.py took 0.108 seconds
[2026-01-20T02:57:21.882+0000] {processor.py:161} INFO - Started process (PID=19744) to work on /opt/airflow/dags/pipeline_scheduled.py
[2026-01-20T02:57:21.883+0000] {processor.py:830} INFO - Processing file /opt/airflow/dags/pipeline_scheduled.py for tasks to queue
[2026-01-20T02:57:21.886+0000] {logging_mixin.py:188} INFO - [2026-01-20T02:57:21.885+0000] {dagbag.py:545} INFO - Filling up the DagBag from /opt/airflow/dags/pipeline_scheduled.py
[2026-01-20T02:57:21.909+0000] {processor.py:840} INFO - DAG(s) 'pipeline_scheduled' retrieved from /opt/airflow/dags/pipeline_scheduled.py
[2026-01-20T02:57:21.940+0000] {logging_mixin.py:188} INFO - [2026-01-20T02:57:21.940+0000] {dag.py:3089} INFO - Sync 1 DAGs
[2026-01-20T02:57:21.961+0000] {logging_mixin.py:188} INFO - [2026-01-20T02:57:21.960+0000] {dag.py:3947} INFO - Setting next_dagrun for pipeline_scheduled to 2026-01-20 02:00:00+00:00, run_after=2026-01-20 03:00:00+00:00
[2026-01-20T02:57:21.980+0000] {processor.py:183} INFO - Processing /opt/airflow/dags/pipeline_scheduled.py took 0.105 seconds
[2026-01-20T02:57:52.245+0000] {processor.py:161} INFO - Started process (PID=19754) to work on /opt/airflow/dags/pipeline_scheduled.py
[2026-01-20T02:57:52.246+0000] {processor.py:830} INFO - Processing file /opt/airflow/dags/pipeline_scheduled.py for tasks to queue
[2026-01-20T02:57:52.249+0000] {logging_mixin.py:188} INFO - [2026-01-20T02:57:52.248+0000] {dagbag.py:545} INFO - Filling up the DagBag from /opt/airflow/dags/pipeline_scheduled.py
[2026-01-20T02:57:52.274+0000] {processor.py:840} INFO - DAG(s) 'pipeline_scheduled' retrieved from /opt/airflow/dags/pipeline_scheduled.py
[2026-01-20T02:57:52.309+0000] {logging_mixin.py:188} INFO - [2026-01-20T02:57:52.309+0000] {dag.py:3089} INFO - Sync 1 DAGs
[2026-01-20T02:57:52.333+0000] {logging_mixin.py:188} INFO - [2026-01-20T02:57:52.333+0000] {dag.py:3947} INFO - Setting next_dagrun for pipeline_scheduled to 2026-01-20 02:00:00+00:00, run_after=2026-01-20 03:00:00+00:00
[2026-01-20T02:57:52.354+0000] {processor.py:183} INFO - Processing /opt/airflow/dags/pipeline_scheduled.py took 0.116 seconds
[2026-01-20T02:58:22.603+0000] {processor.py:161} INFO - Started process (PID=19764) to work on /opt/airflow/dags/pipeline_scheduled.py
[2026-01-20T02:58:22.604+0000] {processor.py:830} INFO - Processing file /opt/airflow/dags/pipeline_scheduled.py for tasks to queue
[2026-01-20T02:58:22.607+0000] {logging_mixin.py:188} INFO - [2026-01-20T02:58:22.607+0000] {dagbag.py:545} INFO - Filling up the DagBag from /opt/airflow/dags/pipeline_scheduled.py
[2026-01-20T02:58:22.630+0000] {processor.py:840} INFO - DAG(s) 'pipeline_scheduled' retrieved from /opt/airflow/dags/pipeline_scheduled.py
[2026-01-20T02:58:22.663+0000] {logging_mixin.py:188} INFO - [2026-01-20T02:58:22.663+0000] {dag.py:3089} INFO - Sync 1 DAGs
[2026-01-20T02:58:22.690+0000] {logging_mixin.py:188} INFO - [2026-01-20T02:58:22.689+0000] {dag.py:3947} INFO - Setting next_dagrun for pipeline_scheduled to 2026-01-20 02:00:00+00:00, run_after=2026-01-20 03:00:00+00:00
[2026-01-20T02:58:22.908+0000] {processor.py:183} INFO - Processing /opt/airflow/dags/pipeline_scheduled.py took 0.312 seconds
[2026-01-20T02:58:53.182+0000] {processor.py:161} INFO - Started process (PID=19774) to work on /opt/airflow/dags/pipeline_scheduled.py
[2026-01-20T02:58:53.184+0000] {processor.py:830} INFO - Processing file /opt/airflow/dags/pipeline_scheduled.py for tasks to queue
[2026-01-20T02:58:53.186+0000] {logging_mixin.py:188} INFO - [2026-01-20T02:58:53.186+0000] {dagbag.py:545} INFO - Filling up the DagBag from /opt/airflow/dags/pipeline_scheduled.py
[2026-01-20T02:58:53.210+0000] {processor.py:840} INFO - DAG(s) 'pipeline_scheduled' retrieved from /opt/airflow/dags/pipeline_scheduled.py
[2026-01-20T02:58:53.246+0000] {logging_mixin.py:188} INFO - [2026-01-20T02:58:53.245+0000] {dag.py:3089} INFO - Sync 1 DAGs
[2026-01-20T02:58:53.443+0000] {logging_mixin.py:188} INFO - [2026-01-20T02:58:53.443+0000] {dag.py:3947} INFO - Setting next_dagrun for pipeline_scheduled to 2026-01-20 02:00:00+00:00, run_after=2026-01-20 03:00:00+00:00
[2026-01-20T02:58:53.460+0000] {processor.py:183} INFO - Processing /opt/airflow/dags/pipeline_scheduled.py took 0.284 seconds
[2026-01-20T02:59:23.662+0000] {processor.py:161} INFO - Started process (PID=19784) to work on /opt/airflow/dags/pipeline_scheduled.py
[2026-01-20T02:59:23.663+0000] {processor.py:830} INFO - Processing file /opt/airflow/dags/pipeline_scheduled.py for tasks to queue
[2026-01-20T02:59:23.666+0000] {logging_mixin.py:188} INFO - [2026-01-20T02:59:23.665+0000] {dagbag.py:545} INFO - Filling up the DagBag from /opt/airflow/dags/pipeline_scheduled.py
[2026-01-20T02:59:23.691+0000] {processor.py:840} INFO - DAG(s) 'pipeline_scheduled' retrieved from /opt/airflow/dags/pipeline_scheduled.py
[2026-01-20T02:59:23.726+0000] {logging_mixin.py:188} INFO - [2026-01-20T02:59:23.726+0000] {dag.py:3089} INFO - Sync 1 DAGs
[2026-01-20T02:59:23.750+0000] {logging_mixin.py:188} INFO - [2026-01-20T02:59:23.750+0000] {dag.py:3947} INFO - Setting next_dagrun for pipeline_scheduled to 2026-01-20 02:00:00+00:00, run_after=2026-01-20 03:00:00+00:00
[2026-01-20T02:59:23.774+0000] {processor.py:183} INFO - Processing /opt/airflow/dags/pipeline_scheduled.py took 0.119 seconds
[2026-01-20T02:59:54.030+0000] {processor.py:161} INFO - Started process (PID=19794) to work on /opt/airflow/dags/pipeline_scheduled.py
[2026-01-20T02:59:54.031+0000] {processor.py:830} INFO - Processing file /opt/airflow/dags/pipeline_scheduled.py for tasks to queue
[2026-01-20T02:59:54.035+0000] {logging_mixin.py:188} INFO - [2026-01-20T02:59:54.035+0000] {dagbag.py:545} INFO - Filling up the DagBag from /opt/airflow/dags/pipeline_scheduled.py
[2026-01-20T02:59:54.059+0000] {processor.py:840} INFO - DAG(s) 'pipeline_scheduled' retrieved from /opt/airflow/dags/pipeline_scheduled.py
[2026-01-20T02:59:54.092+0000] {logging_mixin.py:188} INFO - [2026-01-20T02:59:54.091+0000] {dag.py:3089} INFO - Sync 1 DAGs
[2026-01-20T02:59:54.116+0000] {logging_mixin.py:188} INFO - [2026-01-20T02:59:54.115+0000] {dag.py:3947} INFO - Setting next_dagrun for pipeline_scheduled to 2026-01-20 02:00:00+00:00, run_after=2026-01-20 03:00:00+00:00
[2026-01-20T02:59:54.136+0000] {processor.py:183} INFO - Processing /opt/airflow/dags/pipeline_scheduled.py took 0.113 seconds
[2026-01-20T03:00:24.394+0000] {processor.py:161} INFO - Started process (PID=19807) to work on /opt/airflow/dags/pipeline_scheduled.py
[2026-01-20T03:00:24.396+0000] {processor.py:830} INFO - Processing file /opt/airflow/dags/pipeline_scheduled.py for tasks to queue
[2026-01-20T03:00:24.398+0000] {logging_mixin.py:188} INFO - [2026-01-20T03:00:24.398+0000] {dagbag.py:545} INFO - Filling up the DagBag from /opt/airflow/dags/pipeline_scheduled.py
[2026-01-20T03:00:24.423+0000] {processor.py:840} INFO - DAG(s) 'pipeline_scheduled' retrieved from /opt/airflow/dags/pipeline_scheduled.py
[2026-01-20T03:00:24.457+0000] {logging_mixin.py:188} INFO - [2026-01-20T03:00:24.457+0000] {dag.py:3089} INFO - Sync 1 DAGs
[2026-01-20T03:00:24.480+0000] {logging_mixin.py:188} INFO - [2026-01-20T03:00:24.480+0000] {dag.py:3947} INFO - Setting next_dagrun for pipeline_scheduled to 2026-01-20 03:00:00+00:00, run_after=2026-01-20 04:00:00+00:00
[2026-01-20T03:00:24.499+0000] {processor.py:183} INFO - Processing /opt/airflow/dags/pipeline_scheduled.py took 0.112 seconds
[2026-01-20T03:00:54.753+0000] {processor.py:161} INFO - Started process (PID=19817) to work on /opt/airflow/dags/pipeline_scheduled.py
[2026-01-20T03:00:54.754+0000] {processor.py:830} INFO - Processing file /opt/airflow/dags/pipeline_scheduled.py for tasks to queue
[2026-01-20T03:00:54.757+0000] {logging_mixin.py:188} INFO - [2026-01-20T03:00:54.757+0000] {dagbag.py:545} INFO - Filling up the DagBag from /opt/airflow/dags/pipeline_scheduled.py
[2026-01-20T03:00:54.781+0000] {processor.py:840} INFO - DAG(s) 'pipeline_scheduled' retrieved from /opt/airflow/dags/pipeline_scheduled.py
[2026-01-20T03:00:54.816+0000] {logging_mixin.py:188} INFO - [2026-01-20T03:00:54.816+0000] {dag.py:3089} INFO - Sync 1 DAGs
[2026-01-20T03:00:54.838+0000] {logging_mixin.py:188} INFO - [2026-01-20T03:00:54.838+0000] {dag.py:3947} INFO - Setting next_dagrun for pipeline_scheduled to 2026-01-20 03:00:00+00:00, run_after=2026-01-20 04:00:00+00:00
[2026-01-20T03:00:54.860+0000] {processor.py:183} INFO - Processing /opt/airflow/dags/pipeline_scheduled.py took 0.114 seconds
[2026-01-20T03:01:25.122+0000] {processor.py:161} INFO - Started process (PID=19827) to work on /opt/airflow/dags/pipeline_scheduled.py
[2026-01-20T03:01:25.124+0000] {processor.py:830} INFO - Processing file /opt/airflow/dags/pipeline_scheduled.py for tasks to queue
[2026-01-20T03:01:25.128+0000] {logging_mixin.py:188} INFO - [2026-01-20T03:01:25.127+0000] {dagbag.py:545} INFO - Filling up the DagBag from /opt/airflow/dags/pipeline_scheduled.py
[2026-01-20T03:01:25.151+0000] {processor.py:840} INFO - DAG(s) 'pipeline_scheduled' retrieved from /opt/airflow/dags/pipeline_scheduled.py
[2026-01-20T03:01:25.185+0000] {logging_mixin.py:188} INFO - [2026-01-20T03:01:25.185+0000] {dag.py:3089} INFO - Sync 1 DAGs
[2026-01-20T03:01:25.382+0000] {logging_mixin.py:188} INFO - [2026-01-20T03:01:25.381+0000] {dag.py:3947} INFO - Setting next_dagrun for pipeline_scheduled to 2026-01-20 03:00:00+00:00, run_after=2026-01-20 04:00:00+00:00
[2026-01-20T03:01:25.400+0000] {processor.py:183} INFO - Processing /opt/airflow/dags/pipeline_scheduled.py took 0.285 seconds
[2026-01-20T03:01:55.685+0000] {processor.py:161} INFO - Started process (PID=19837) to work on /opt/airflow/dags/pipeline_scheduled.py
[2026-01-20T03:01:55.687+0000] {processor.py:830} INFO - Processing file /opt/airflow/dags/pipeline_scheduled.py for tasks to queue
[2026-01-20T03:01:55.689+0000] {logging_mixin.py:188} INFO - [2026-01-20T03:01:55.688+0000] {dagbag.py:545} INFO - Filling up the DagBag from /opt/airflow/dags/pipeline_scheduled.py
[2026-01-20T03:01:55.712+0000] {processor.py:840} INFO - DAG(s) 'pipeline_scheduled' retrieved from /opt/airflow/dags/pipeline_scheduled.py
[2026-01-20T03:01:55.747+0000] {logging_mixin.py:188} INFO - [2026-01-20T03:01:55.747+0000] {dag.py:3089} INFO - Sync 1 DAGs
[2026-01-20T03:01:55.770+0000] {logging_mixin.py:188} INFO - [2026-01-20T03:01:55.769+0000] {dag.py:3947} INFO - Setting next_dagrun for pipeline_scheduled to 2026-01-20 03:00:00+00:00, run_after=2026-01-20 04:00:00+00:00
[2026-01-20T03:01:55.792+0000] {processor.py:183} INFO - Processing /opt/airflow/dags/pipeline_scheduled.py took 0.113 seconds
[2026-01-20T03:02:26.075+0000] {processor.py:161} INFO - Started process (PID=19847) to work on /opt/airflow/dags/pipeline_scheduled.py
[2026-01-20T03:02:26.076+0000] {processor.py:830} INFO - Processing file /opt/airflow/dags/pipeline_scheduled.py for tasks to queue
[2026-01-20T03:02:26.078+0000] {logging_mixin.py:188} INFO - [2026-01-20T03:02:26.078+0000] {dagbag.py:545} INFO - Filling up the DagBag from /opt/airflow/dags/pipeline_scheduled.py
[2026-01-20T03:02:26.101+0000] {processor.py:840} INFO - DAG(s) 'pipeline_scheduled' retrieved from /opt/airflow/dags/pipeline_scheduled.py
[2026-01-20T03:02:26.135+0000] {logging_mixin.py:188} INFO - [2026-01-20T03:02:26.134+0000] {dag.py:3089} INFO - Sync 1 DAGs
[2026-01-20T03:02:26.153+0000] {logging_mixin.py:188} INFO - [2026-01-20T03:02:26.153+0000] {dag.py:3947} INFO - Setting next_dagrun for pipeline_scheduled to 2026-01-20 03:00:00+00:00, run_after=2026-01-20 04:00:00+00:00
[2026-01-20T03:02:26.172+0000] {processor.py:183} INFO - Processing /opt/airflow/dags/pipeline_scheduled.py took 0.104 seconds
[2026-01-20T03:02:56.455+0000] {processor.py:161} INFO - Started process (PID=19857) to work on /opt/airflow/dags/pipeline_scheduled.py
[2026-01-20T03:02:56.457+0000] {processor.py:830} INFO - Processing file /opt/airflow/dags/pipeline_scheduled.py for tasks to queue
[2026-01-20T03:02:56.459+0000] {logging_mixin.py:188} INFO - [2026-01-20T03:02:56.459+0000] {dagbag.py:545} INFO - Filling up the DagBag from /opt/airflow/dags/pipeline_scheduled.py
[2026-01-20T03:02:56.484+0000] {processor.py:840} INFO - DAG(s) 'pipeline_scheduled' retrieved from /opt/airflow/dags/pipeline_scheduled.py
[2026-01-20T03:02:56.519+0000] {logging_mixin.py:188} INFO - [2026-01-20T03:02:56.519+0000] {dag.py:3089} INFO - Sync 1 DAGs
[2026-01-20T03:02:56.541+0000] {logging_mixin.py:188} INFO - [2026-01-20T03:02:56.541+0000] {dag.py:3947} INFO - Setting next_dagrun for pipeline_scheduled to 2026-01-20 03:00:00+00:00, run_after=2026-01-20 04:00:00+00:00
[2026-01-20T03:02:56.563+0000] {processor.py:183} INFO - Processing /opt/airflow/dags/pipeline_scheduled.py took 0.115 seconds
[2026-01-20T03:03:26.865+0000] {processor.py:161} INFO - Started process (PID=19867) to work on /opt/airflow/dags/pipeline_scheduled.py
[2026-01-20T03:03:26.866+0000] {processor.py:830} INFO - Processing file /opt/airflow/dags/pipeline_scheduled.py for tasks to queue
[2026-01-20T03:03:26.869+0000] {logging_mixin.py:188} INFO - [2026-01-20T03:03:26.868+0000] {dagbag.py:545} INFO - Filling up the DagBag from /opt/airflow/dags/pipeline_scheduled.py
[2026-01-20T03:03:26.894+0000] {processor.py:840} INFO - DAG(s) 'pipeline_scheduled' retrieved from /opt/airflow/dags/pipeline_scheduled.py
[2026-01-20T03:03:26.928+0000] {logging_mixin.py:188} INFO - [2026-01-20T03:03:26.928+0000] {dag.py:3089} INFO - Sync 1 DAGs
[2026-01-20T03:03:26.954+0000] {logging_mixin.py:188} INFO - [2026-01-20T03:03:26.954+0000] {dag.py:3947} INFO - Setting next_dagrun for pipeline_scheduled to 2026-01-20 03:00:00+00:00, run_after=2026-01-20 04:00:00+00:00
[2026-01-20T03:03:26.977+0000] {processor.py:183} INFO - Processing /opt/airflow/dags/pipeline_scheduled.py took 0.119 seconds
[2026-01-20T03:03:57.311+0000] {processor.py:161} INFO - Started process (PID=19877) to work on /opt/airflow/dags/pipeline_scheduled.py
[2026-01-20T03:03:57.312+0000] {processor.py:830} INFO - Processing file /opt/airflow/dags/pipeline_scheduled.py for tasks to queue
[2026-01-20T03:03:57.315+0000] {logging_mixin.py:188} INFO - [2026-01-20T03:03:57.314+0000] {dagbag.py:545} INFO - Filling up the DagBag from /opt/airflow/dags/pipeline_scheduled.py
[2026-01-20T03:03:57.340+0000] {processor.py:840} INFO - DAG(s) 'pipeline_scheduled' retrieved from /opt/airflow/dags/pipeline_scheduled.py
[2026-01-20T03:03:57.375+0000] {logging_mixin.py:188} INFO - [2026-01-20T03:03:57.375+0000] {dag.py:3089} INFO - Sync 1 DAGs
[2026-01-20T03:03:57.400+0000] {logging_mixin.py:188} INFO - [2026-01-20T03:03:57.400+0000] {dag.py:3947} INFO - Setting next_dagrun for pipeline_scheduled to 2026-01-20 03:00:00+00:00, run_after=2026-01-20 04:00:00+00:00
[2026-01-20T03:03:57.622+0000] {processor.py:183} INFO - Processing /opt/airflow/dags/pipeline_scheduled.py took 0.318 seconds
[2026-01-20T03:04:27.885+0000] {processor.py:161} INFO - Started process (PID=19887) to work on /opt/airflow/dags/pipeline_scheduled.py
[2026-01-20T03:04:27.887+0000] {processor.py:830} INFO - Processing file /opt/airflow/dags/pipeline_scheduled.py for tasks to queue
[2026-01-20T03:04:27.889+0000] {logging_mixin.py:188} INFO - [2026-01-20T03:04:27.888+0000] {dagbag.py:545} INFO - Filling up the DagBag from /opt/airflow/dags/pipeline_scheduled.py
[2026-01-20T03:04:27.913+0000] {processor.py:840} INFO - DAG(s) 'pipeline_scheduled' retrieved from /opt/airflow/dags/pipeline_scheduled.py
[2026-01-20T03:04:27.947+0000] {logging_mixin.py:188} INFO - [2026-01-20T03:04:27.947+0000] {dag.py:3089} INFO - Sync 1 DAGs
[2026-01-20T03:04:28.147+0000] {logging_mixin.py:188} INFO - [2026-01-20T03:04:28.147+0000] {dag.py:3947} INFO - Setting next_dagrun for pipeline_scheduled to 2026-01-20 03:00:00+00:00, run_after=2026-01-20 04:00:00+00:00
[2026-01-20T03:04:28.166+0000] {processor.py:183} INFO - Processing /opt/airflow/dags/pipeline_scheduled.py took 0.288 seconds
[2026-01-20T03:04:58.284+0000] {processor.py:161} INFO - Started process (PID=19897) to work on /opt/airflow/dags/pipeline_scheduled.py
[2026-01-20T03:04:58.285+0000] {processor.py:830} INFO - Processing file /opt/airflow/dags/pipeline_scheduled.py for tasks to queue
[2026-01-20T03:04:58.287+0000] {logging_mixin.py:188} INFO - [2026-01-20T03:04:58.287+0000] {dagbag.py:545} INFO - Filling up the DagBag from /opt/airflow/dags/pipeline_scheduled.py
[2026-01-20T03:04:58.311+0000] {processor.py:840} INFO - DAG(s) 'pipeline_scheduled' retrieved from /opt/airflow/dags/pipeline_scheduled.py
[2026-01-20T03:04:58.348+0000] {logging_mixin.py:188} INFO - [2026-01-20T03:04:58.347+0000] {dag.py:3089} INFO - Sync 1 DAGs
[2026-01-20T03:04:58.373+0000] {logging_mixin.py:188} INFO - [2026-01-20T03:04:58.373+0000] {dag.py:3947} INFO - Setting next_dagrun for pipeline_scheduled to 2026-01-20 03:00:00+00:00, run_after=2026-01-20 04:00:00+00:00
[2026-01-20T03:04:58.394+0000] {processor.py:183} INFO - Processing /opt/airflow/dags/pipeline_scheduled.py took 0.117 seconds
[2026-01-20T03:05:28.692+0000] {processor.py:161} INFO - Started process (PID=19907) to work on /opt/airflow/dags/pipeline_scheduled.py
[2026-01-20T03:05:28.694+0000] {processor.py:830} INFO - Processing file /opt/airflow/dags/pipeline_scheduled.py for tasks to queue
[2026-01-20T03:05:28.697+0000] {logging_mixin.py:188} INFO - [2026-01-20T03:05:28.697+0000] {dagbag.py:545} INFO - Filling up the DagBag from /opt/airflow/dags/pipeline_scheduled.py
[2026-01-20T03:05:28.720+0000] {processor.py:840} INFO - DAG(s) 'pipeline_scheduled' retrieved from /opt/airflow/dags/pipeline_scheduled.py
[2026-01-20T03:05:28.756+0000] {logging_mixin.py:188} INFO - [2026-01-20T03:05:28.756+0000] {dag.py:3089} INFO - Sync 1 DAGs
[2026-01-20T03:05:28.779+0000] {logging_mixin.py:188} INFO - [2026-01-20T03:05:28.779+0000] {dag.py:3947} INFO - Setting next_dagrun for pipeline_scheduled to 2026-01-20 03:00:00+00:00, run_after=2026-01-20 04:00:00+00:00
[2026-01-20T03:05:28.802+0000] {processor.py:183} INFO - Processing /opt/airflow/dags/pipeline_scheduled.py took 0.117 seconds
[2026-01-20T03:05:59.086+0000] {processor.py:161} INFO - Started process (PID=19917) to work on /opt/airflow/dags/pipeline_scheduled.py
[2026-01-20T03:05:59.087+0000] {processor.py:830} INFO - Processing file /opt/airflow/dags/pipeline_scheduled.py for tasks to queue
[2026-01-20T03:05:59.091+0000] {logging_mixin.py:188} INFO - [2026-01-20T03:05:59.090+0000] {dagbag.py:545} INFO - Filling up the DagBag from /opt/airflow/dags/pipeline_scheduled.py
[2026-01-20T03:05:59.115+0000] {processor.py:840} INFO - DAG(s) 'pipeline_scheduled' retrieved from /opt/airflow/dags/pipeline_scheduled.py
[2026-01-20T03:05:59.151+0000] {logging_mixin.py:188} INFO - [2026-01-20T03:05:59.150+0000] {dag.py:3089} INFO - Sync 1 DAGs
[2026-01-20T03:05:59.172+0000] {logging_mixin.py:188} INFO - [2026-01-20T03:05:59.172+0000] {dag.py:3947} INFO - Setting next_dagrun for pipeline_scheduled to 2026-01-20 03:00:00+00:00, run_after=2026-01-20 04:00:00+00:00
[2026-01-20T03:05:59.193+0000] {processor.py:183} INFO - Processing /opt/airflow/dags/pipeline_scheduled.py took 0.115 seconds
[2026-01-20T03:06:29.489+0000] {processor.py:161} INFO - Started process (PID=19927) to work on /opt/airflow/dags/pipeline_scheduled.py
[2026-01-20T03:06:29.490+0000] {processor.py:830} INFO - Processing file /opt/airflow/dags/pipeline_scheduled.py for tasks to queue
[2026-01-20T03:06:29.493+0000] {logging_mixin.py:188} INFO - [2026-01-20T03:06:29.493+0000] {dagbag.py:545} INFO - Filling up the DagBag from /opt/airflow/dags/pipeline_scheduled.py
[2026-01-20T03:06:29.516+0000] {processor.py:840} INFO - DAG(s) 'pipeline_scheduled' retrieved from /opt/airflow/dags/pipeline_scheduled.py
[2026-01-20T03:06:29.553+0000] {logging_mixin.py:188} INFO - [2026-01-20T03:06:29.553+0000] {dag.py:3089} INFO - Sync 1 DAGs
[2026-01-20T03:06:29.577+0000] {logging_mixin.py:188} INFO - [2026-01-20T03:06:29.577+0000] {dag.py:3947} INFO - Setting next_dagrun for pipeline_scheduled to 2026-01-20 03:00:00+00:00, run_after=2026-01-20 04:00:00+00:00
[2026-01-20T03:06:29.598+0000] {processor.py:183} INFO - Processing /opt/airflow/dags/pipeline_scheduled.py took 0.117 seconds
[2026-01-20T03:06:59.879+0000] {processor.py:161} INFO - Started process (PID=19937) to work on /opt/airflow/dags/pipeline_scheduled.py
[2026-01-20T03:06:59.880+0000] {processor.py:830} INFO - Processing file /opt/airflow/dags/pipeline_scheduled.py for tasks to queue
[2026-01-20T03:06:59.883+0000] {logging_mixin.py:188} INFO - [2026-01-20T03:06:59.883+0000] {dagbag.py:545} INFO - Filling up the DagBag from /opt/airflow/dags/pipeline_scheduled.py
[2026-01-20T03:06:59.906+0000] {processor.py:840} INFO - DAG(s) 'pipeline_scheduled' retrieved from /opt/airflow/dags/pipeline_scheduled.py
[2026-01-20T03:06:59.941+0000] {logging_mixin.py:188} INFO - [2026-01-20T03:06:59.941+0000] {dag.py:3089} INFO - Sync 1 DAGs
[2026-01-20T03:06:59.964+0000] {logging_mixin.py:188} INFO - [2026-01-20T03:06:59.964+0000] {dag.py:3947} INFO - Setting next_dagrun for pipeline_scheduled to 2026-01-20 03:00:00+00:00, run_after=2026-01-20 04:00:00+00:00
[2026-01-20T03:07:00.184+0000] {processor.py:183} INFO - Processing /opt/airflow/dags/pipeline_scheduled.py took 0.312 seconds
[2026-01-20T03:07:30.450+0000] {processor.py:161} INFO - Started process (PID=19947) to work on /opt/airflow/dags/pipeline_scheduled.py
[2026-01-20T03:07:30.452+0000] {processor.py:830} INFO - Processing file /opt/airflow/dags/pipeline_scheduled.py for tasks to queue
[2026-01-20T03:07:30.455+0000] {logging_mixin.py:188} INFO - [2026-01-20T03:07:30.454+0000] {dagbag.py:545} INFO - Filling up the DagBag from /opt/airflow/dags/pipeline_scheduled.py
[2026-01-20T03:07:30.478+0000] {processor.py:840} INFO - DAG(s) 'pipeline_scheduled' retrieved from /opt/airflow/dags/pipeline_scheduled.py
[2026-01-20T03:07:30.513+0000] {logging_mixin.py:188} INFO - [2026-01-20T03:07:30.513+0000] {dag.py:3089} INFO - Sync 1 DAGs
[2026-01-20T03:07:30.712+0000] {logging_mixin.py:188} INFO - [2026-01-20T03:07:30.711+0000] {dag.py:3947} INFO - Setting next_dagrun for pipeline_scheduled to 2026-01-20 03:00:00+00:00, run_after=2026-01-20 04:00:00+00:00
[2026-01-20T03:07:30.730+0000] {processor.py:183} INFO - Processing /opt/airflow/dags/pipeline_scheduled.py took 0.288 seconds
[2026-01-20T03:08:00.849+0000] {processor.py:161} INFO - Started process (PID=19957) to work on /opt/airflow/dags/pipeline_scheduled.py
[2026-01-20T03:08:00.851+0000] {processor.py:830} INFO - Processing file /opt/airflow/dags/pipeline_scheduled.py for tasks to queue
[2026-01-20T03:08:00.854+0000] {logging_mixin.py:188} INFO - [2026-01-20T03:08:00.853+0000] {dagbag.py:545} INFO - Filling up the DagBag from /opt/airflow/dags/pipeline_scheduled.py
[2026-01-20T03:08:00.883+0000] {processor.py:840} INFO - DAG(s) 'pipeline_scheduled' retrieved from /opt/airflow/dags/pipeline_scheduled.py
[2026-01-20T03:08:00.921+0000] {logging_mixin.py:188} INFO - [2026-01-20T03:08:00.921+0000] {dag.py:3089} INFO - Sync 1 DAGs
[2026-01-20T03:08:00.945+0000] {logging_mixin.py:188} INFO - [2026-01-20T03:08:00.945+0000] {dag.py:3947} INFO - Setting next_dagrun for pipeline_scheduled to 2026-01-20 03:00:00+00:00, run_after=2026-01-20 04:00:00+00:00
[2026-01-20T03:08:00.967+0000] {processor.py:183} INFO - Processing /opt/airflow/dags/pipeline_scheduled.py took 0.126 seconds
[2026-01-20T03:08:31.239+0000] {processor.py:161} INFO - Started process (PID=19967) to work on /opt/airflow/dags/pipeline_scheduled.py
[2026-01-20T03:08:31.241+0000] {processor.py:830} INFO - Processing file /opt/airflow/dags/pipeline_scheduled.py for tasks to queue
[2026-01-20T03:08:31.243+0000] {logging_mixin.py:188} INFO - [2026-01-20T03:08:31.242+0000] {dagbag.py:545} INFO - Filling up the DagBag from /opt/airflow/dags/pipeline_scheduled.py
[2026-01-20T03:08:31.267+0000] {processor.py:840} INFO - DAG(s) 'pipeline_scheduled' retrieved from /opt/airflow/dags/pipeline_scheduled.py
[2026-01-20T03:08:31.302+0000] {logging_mixin.py:188} INFO - [2026-01-20T03:08:31.302+0000] {dag.py:3089} INFO - Sync 1 DAGs
[2026-01-20T03:08:31.325+0000] {logging_mixin.py:188} INFO - [2026-01-20T03:08:31.325+0000] {dag.py:3947} INFO - Setting next_dagrun for pipeline_scheduled to 2026-01-20 03:00:00+00:00, run_after=2026-01-20 04:00:00+00:00
[2026-01-20T03:08:31.347+0000] {processor.py:183} INFO - Processing /opt/airflow/dags/pipeline_scheduled.py took 0.115 seconds
[2026-01-20T03:09:01.666+0000] {processor.py:161} INFO - Started process (PID=19977) to work on /opt/airflow/dags/pipeline_scheduled.py
[2026-01-20T03:09:01.667+0000] {processor.py:830} INFO - Processing file /opt/airflow/dags/pipeline_scheduled.py for tasks to queue
[2026-01-20T03:09:01.669+0000] {logging_mixin.py:188} INFO - [2026-01-20T03:09:01.669+0000] {dagbag.py:545} INFO - Filling up the DagBag from /opt/airflow/dags/pipeline_scheduled.py
[2026-01-20T03:09:01.694+0000] {processor.py:840} INFO - DAG(s) 'pipeline_scheduled' retrieved from /opt/airflow/dags/pipeline_scheduled.py
[2026-01-20T03:09:01.730+0000] {logging_mixin.py:188} INFO - [2026-01-20T03:09:01.729+0000] {dag.py:3089} INFO - Sync 1 DAGs
[2026-01-20T03:09:01.755+0000] {logging_mixin.py:188} INFO - [2026-01-20T03:09:01.755+0000] {dag.py:3947} INFO - Setting next_dagrun for pipeline_scheduled to 2026-01-20 03:00:00+00:00, run_after=2026-01-20 04:00:00+00:00
[2026-01-20T03:09:01.773+0000] {processor.py:183} INFO - Processing /opt/airflow/dags/pipeline_scheduled.py took 0.115 seconds
[2026-01-20T03:09:32.054+0000] {processor.py:161} INFO - Started process (PID=19987) to work on /opt/airflow/dags/pipeline_scheduled.py
[2026-01-20T03:09:32.056+0000] {processor.py:830} INFO - Processing file /opt/airflow/dags/pipeline_scheduled.py for tasks to queue
[2026-01-20T03:09:32.058+0000] {logging_mixin.py:188} INFO - [2026-01-20T03:09:32.058+0000] {dagbag.py:545} INFO - Filling up the DagBag from /opt/airflow/dags/pipeline_scheduled.py
[2026-01-20T03:09:32.083+0000] {processor.py:840} INFO - DAG(s) 'pipeline_scheduled' retrieved from /opt/airflow/dags/pipeline_scheduled.py
[2026-01-20T03:09:32.119+0000] {logging_mixin.py:188} INFO - [2026-01-20T03:09:32.118+0000] {dag.py:3089} INFO - Sync 1 DAGs
[2026-01-20T03:09:32.141+0000] {logging_mixin.py:188} INFO - [2026-01-20T03:09:32.141+0000] {dag.py:3947} INFO - Setting next_dagrun for pipeline_scheduled to 2026-01-20 03:00:00+00:00, run_after=2026-01-20 04:00:00+00:00
[2026-01-20T03:09:32.164+0000] {processor.py:183} INFO - Processing /opt/airflow/dags/pipeline_scheduled.py took 0.117 seconds
[2026-01-20T03:10:02.443+0000] {processor.py:161} INFO - Started process (PID=20000) to work on /opt/airflow/dags/pipeline_scheduled.py
[2026-01-20T03:10:02.445+0000] {processor.py:830} INFO - Processing file /opt/airflow/dags/pipeline_scheduled.py for tasks to queue
[2026-01-20T03:10:02.447+0000] {logging_mixin.py:188} INFO - [2026-01-20T03:10:02.447+0000] {dagbag.py:545} INFO - Filling up the DagBag from /opt/airflow/dags/pipeline_scheduled.py
[2026-01-20T03:10:02.474+0000] {processor.py:840} INFO - DAG(s) 'pipeline_scheduled' retrieved from /opt/airflow/dags/pipeline_scheduled.py
[2026-01-20T03:10:02.504+0000] {logging_mixin.py:188} INFO - [2026-01-20T03:10:02.504+0000] {dag.py:3089} INFO - Sync 1 DAGs
[2026-01-20T03:10:02.526+0000] {logging_mixin.py:188} INFO - [2026-01-20T03:10:02.526+0000] {dag.py:3947} INFO - Setting next_dagrun for pipeline_scheduled to 2026-01-20 03:00:00+00:00, run_after=2026-01-20 04:00:00+00:00
[2026-01-20T03:10:02.707+0000] {processor.py:183} INFO - Processing /opt/airflow/dags/pipeline_scheduled.py took 0.270 seconds
[2026-01-20T03:10:32.977+0000] {processor.py:161} INFO - Started process (PID=20010) to work on /opt/airflow/dags/pipeline_scheduled.py
[2026-01-20T03:10:32.979+0000] {processor.py:830} INFO - Processing file /opt/airflow/dags/pipeline_scheduled.py for tasks to queue
[2026-01-20T03:10:32.981+0000] {logging_mixin.py:188} INFO - [2026-01-20T03:10:32.981+0000] {dagbag.py:545} INFO - Filling up the DagBag from /opt/airflow/dags/pipeline_scheduled.py
[2026-01-20T03:10:33.005+0000] {processor.py:840} INFO - DAG(s) 'pipeline_scheduled' retrieved from /opt/airflow/dags/pipeline_scheduled.py
[2026-01-20T03:10:33.040+0000] {logging_mixin.py:188} INFO - [2026-01-20T03:10:33.039+0000] {dag.py:3089} INFO - Sync 1 DAGs
[2026-01-20T03:10:33.240+0000] {logging_mixin.py:188} INFO - [2026-01-20T03:10:33.239+0000] {dag.py:3947} INFO - Setting next_dagrun for pipeline_scheduled to 2026-01-20 03:00:00+00:00, run_after=2026-01-20 04:00:00+00:00
[2026-01-20T03:10:33.258+0000] {processor.py:183} INFO - Processing /opt/airflow/dags/pipeline_scheduled.py took 0.288 seconds
[2026-01-20T03:11:03.392+0000] {processor.py:161} INFO - Started process (PID=20020) to work on /opt/airflow/dags/pipeline_scheduled.py
[2026-01-20T03:11:03.393+0000] {processor.py:830} INFO - Processing file /opt/airflow/dags/pipeline_scheduled.py for tasks to queue
[2026-01-20T03:11:03.396+0000] {logging_mixin.py:188} INFO - [2026-01-20T03:11:03.396+0000] {dagbag.py:545} INFO - Filling up the DagBag from /opt/airflow/dags/pipeline_scheduled.py
[2026-01-20T03:11:03.420+0000] {processor.py:840} INFO - DAG(s) 'pipeline_scheduled' retrieved from /opt/airflow/dags/pipeline_scheduled.py
[2026-01-20T03:11:03.454+0000] {logging_mixin.py:188} INFO - [2026-01-20T03:11:03.453+0000] {dag.py:3089} INFO - Sync 1 DAGs
[2026-01-20T03:11:03.474+0000] {logging_mixin.py:188} INFO - [2026-01-20T03:11:03.474+0000] {dag.py:3947} INFO - Setting next_dagrun for pipeline_scheduled to 2026-01-20 03:00:00+00:00, run_after=2026-01-20 04:00:00+00:00
[2026-01-20T03:11:03.492+0000] {processor.py:183} INFO - Processing /opt/airflow/dags/pipeline_scheduled.py took 0.106 seconds
[2026-01-20T03:11:33.785+0000] {processor.py:161} INFO - Started process (PID=20030) to work on /opt/airflow/dags/pipeline_scheduled.py
[2026-01-20T03:11:33.786+0000] {processor.py:830} INFO - Processing file /opt/airflow/dags/pipeline_scheduled.py for tasks to queue
[2026-01-20T03:11:33.789+0000] {logging_mixin.py:188} INFO - [2026-01-20T03:11:33.789+0000] {dagbag.py:545} INFO - Filling up the DagBag from /opt/airflow/dags/pipeline_scheduled.py
[2026-01-20T03:11:33.813+0000] {processor.py:840} INFO - DAG(s) 'pipeline_scheduled' retrieved from /opt/airflow/dags/pipeline_scheduled.py
[2026-01-20T03:11:33.848+0000] {logging_mixin.py:188} INFO - [2026-01-20T03:11:33.848+0000] {dag.py:3089} INFO - Sync 1 DAGs
[2026-01-20T03:11:33.872+0000] {logging_mixin.py:188} INFO - [2026-01-20T03:11:33.872+0000] {dag.py:3947} INFO - Setting next_dagrun for pipeline_scheduled to 2026-01-20 03:00:00+00:00, run_after=2026-01-20 04:00:00+00:00
[2026-01-20T03:11:33.894+0000] {processor.py:183} INFO - Processing /opt/airflow/dags/pipeline_scheduled.py took 0.118 seconds
[2026-01-20T03:12:04.179+0000] {processor.py:161} INFO - Started process (PID=20040) to work on /opt/airflow/dags/pipeline_scheduled.py
[2026-01-20T03:12:04.180+0000] {processor.py:830} INFO - Processing file /opt/airflow/dags/pipeline_scheduled.py for tasks to queue
[2026-01-20T03:12:04.184+0000] {logging_mixin.py:188} INFO - [2026-01-20T03:12:04.183+0000] {dagbag.py:545} INFO - Filling up the DagBag from /opt/airflow/dags/pipeline_scheduled.py
[2026-01-20T03:12:04.207+0000] {processor.py:840} INFO - DAG(s) 'pipeline_scheduled' retrieved from /opt/airflow/dags/pipeline_scheduled.py
[2026-01-20T03:12:04.240+0000] {logging_mixin.py:188} INFO - [2026-01-20T03:12:04.240+0000] {dag.py:3089} INFO - Sync 1 DAGs
[2026-01-20T03:12:04.263+0000] {logging_mixin.py:188} INFO - [2026-01-20T03:12:04.263+0000] {dag.py:3947} INFO - Setting next_dagrun for pipeline_scheduled to 2026-01-20 03:00:00+00:00, run_after=2026-01-20 04:00:00+00:00
[2026-01-20T03:12:04.285+0000] {processor.py:183} INFO - Processing /opt/airflow/dags/pipeline_scheduled.py took 0.113 seconds
[2026-01-20T03:12:34.588+0000] {processor.py:161} INFO - Started process (PID=20050) to work on /opt/airflow/dags/pipeline_scheduled.py
[2026-01-20T03:12:34.589+0000] {processor.py:830} INFO - Processing file /opt/airflow/dags/pipeline_scheduled.py for tasks to queue
[2026-01-20T03:12:34.592+0000] {logging_mixin.py:188} INFO - [2026-01-20T03:12:34.591+0000] {dagbag.py:545} INFO - Filling up the DagBag from /opt/airflow/dags/pipeline_scheduled.py
[2026-01-20T03:12:34.616+0000] {processor.py:840} INFO - DAG(s) 'pipeline_scheduled' retrieved from /opt/airflow/dags/pipeline_scheduled.py
[2026-01-20T03:12:34.651+0000] {logging_mixin.py:188} INFO - [2026-01-20T03:12:34.650+0000] {dag.py:3089} INFO - Sync 1 DAGs
[2026-01-20T03:12:34.677+0000] {logging_mixin.py:188} INFO - [2026-01-20T03:12:34.676+0000] {dag.py:3947} INFO - Setting next_dagrun for pipeline_scheduled to 2026-01-20 03:00:00+00:00, run_after=2026-01-20 04:00:00+00:00
[2026-01-20T03:12:34.698+0000] {processor.py:183} INFO - Processing /opt/airflow/dags/pipeline_scheduled.py took 0.118 seconds
[2026-01-20T03:13:04.976+0000] {processor.py:161} INFO - Started process (PID=20060) to work on /opt/airflow/dags/pipeline_scheduled.py
[2026-01-20T03:13:04.978+0000] {processor.py:830} INFO - Processing file /opt/airflow/dags/pipeline_scheduled.py for tasks to queue
[2026-01-20T03:13:04.981+0000] {logging_mixin.py:188} INFO - [2026-01-20T03:13:04.981+0000] {dagbag.py:545} INFO - Filling up the DagBag from /opt/airflow/dags/pipeline_scheduled.py
[2026-01-20T03:13:05.004+0000] {processor.py:840} INFO - DAG(s) 'pipeline_scheduled' retrieved from /opt/airflow/dags/pipeline_scheduled.py
[2026-01-20T03:13:05.038+0000] {logging_mixin.py:188} INFO - [2026-01-20T03:13:05.038+0000] {dag.py:3089} INFO - Sync 1 DAGs
[2026-01-20T03:13:05.236+0000] {logging_mixin.py:188} INFO - [2026-01-20T03:13:05.235+0000] {dag.py:3947} INFO - Setting next_dagrun for pipeline_scheduled to 2026-01-20 03:00:00+00:00, run_after=2026-01-20 04:00:00+00:00
[2026-01-20T03:13:05.253+0000] {processor.py:183} INFO - Processing /opt/airflow/dags/pipeline_scheduled.py took 0.284 seconds
[2026-01-20T03:13:35.545+0000] {processor.py:161} INFO - Started process (PID=20070) to work on /opt/airflow/dags/pipeline_scheduled.py
[2026-01-20T03:13:35.547+0000] {processor.py:830} INFO - Processing file /opt/airflow/dags/pipeline_scheduled.py for tasks to queue
[2026-01-20T03:13:35.549+0000] {logging_mixin.py:188} INFO - [2026-01-20T03:13:35.549+0000] {dagbag.py:545} INFO - Filling up the DagBag from /opt/airflow/dags/pipeline_scheduled.py
[2026-01-20T03:13:35.572+0000] {processor.py:840} INFO - DAG(s) 'pipeline_scheduled' retrieved from /opt/airflow/dags/pipeline_scheduled.py
[2026-01-20T03:13:35.607+0000] {logging_mixin.py:188} INFO - [2026-01-20T03:13:35.607+0000] {dag.py:3089} INFO - Sync 1 DAGs
[2026-01-20T03:13:35.804+0000] {logging_mixin.py:188} INFO - [2026-01-20T03:13:35.804+0000] {dag.py:3947} INFO - Setting next_dagrun for pipeline_scheduled to 2026-01-20 03:00:00+00:00, run_after=2026-01-20 04:00:00+00:00
[2026-01-20T03:13:35.820+0000] {processor.py:183} INFO - Processing /opt/airflow/dags/pipeline_scheduled.py took 0.282 seconds
[2026-01-20T03:14:06.099+0000] {processor.py:161} INFO - Started process (PID=20080) to work on /opt/airflow/dags/pipeline_scheduled.py
[2026-01-20T03:14:06.101+0000] {processor.py:830} INFO - Processing file /opt/airflow/dags/pipeline_scheduled.py for tasks to queue
[2026-01-20T03:14:06.104+0000] {logging_mixin.py:188} INFO - [2026-01-20T03:14:06.103+0000] {dagbag.py:545} INFO - Filling up the DagBag from /opt/airflow/dags/pipeline_scheduled.py
[2026-01-20T03:14:06.128+0000] {processor.py:840} INFO - DAG(s) 'pipeline_scheduled' retrieved from /opt/airflow/dags/pipeline_scheduled.py
[2026-01-20T03:14:06.164+0000] {logging_mixin.py:188} INFO - [2026-01-20T03:14:06.164+0000] {dag.py:3089} INFO - Sync 1 DAGs
[2026-01-20T03:14:06.187+0000] {logging_mixin.py:188} INFO - [2026-01-20T03:14:06.186+0000] {dag.py:3947} INFO - Setting next_dagrun for pipeline_scheduled to 2026-01-20 03:00:00+00:00, run_after=2026-01-20 04:00:00+00:00
[2026-01-20T03:14:06.208+0000] {processor.py:183} INFO - Processing /opt/airflow/dags/pipeline_scheduled.py took 0.116 seconds
[2026-01-20T03:14:36.498+0000] {processor.py:161} INFO - Started process (PID=20090) to work on /opt/airflow/dags/pipeline_scheduled.py
[2026-01-20T03:14:36.500+0000] {processor.py:830} INFO - Processing file /opt/airflow/dags/pipeline_scheduled.py for tasks to queue
[2026-01-20T03:14:36.503+0000] {logging_mixin.py:188} INFO - [2026-01-20T03:14:36.502+0000] {dagbag.py:545} INFO - Filling up the DagBag from /opt/airflow/dags/pipeline_scheduled.py
[2026-01-20T03:14:36.526+0000] {processor.py:840} INFO - DAG(s) 'pipeline_scheduled' retrieved from /opt/airflow/dags/pipeline_scheduled.py
[2026-01-20T03:14:36.563+0000] {logging_mixin.py:188} INFO - [2026-01-20T03:14:36.562+0000] {dag.py:3089} INFO - Sync 1 DAGs
[2026-01-20T03:14:36.584+0000] {logging_mixin.py:188} INFO - [2026-01-20T03:14:36.584+0000] {dag.py:3947} INFO - Setting next_dagrun for pipeline_scheduled to 2026-01-20 03:00:00+00:00, run_after=2026-01-20 04:00:00+00:00
[2026-01-20T03:14:36.604+0000] {processor.py:183} INFO - Processing /opt/airflow/dags/pipeline_scheduled.py took 0.113 seconds
[2026-01-20T03:15:06.898+0000] {processor.py:161} INFO - Started process (PID=20100) to work on /opt/airflow/dags/pipeline_scheduled.py
[2026-01-20T03:15:06.899+0000] {processor.py:830} INFO - Processing file /opt/airflow/dags/pipeline_scheduled.py for tasks to queue
[2026-01-20T03:15:06.901+0000] {logging_mixin.py:188} INFO - [2026-01-20T03:15:06.901+0000] {dagbag.py:545} INFO - Filling up the DagBag from /opt/airflow/dags/pipeline_scheduled.py
[2026-01-20T03:15:06.924+0000] {processor.py:840} INFO - DAG(s) 'pipeline_scheduled' retrieved from /opt/airflow/dags/pipeline_scheduled.py
[2026-01-20T03:15:06.958+0000] {logging_mixin.py:188} INFO - [2026-01-20T03:15:06.958+0000] {dag.py:3089} INFO - Sync 1 DAGs
[2026-01-20T03:15:06.984+0000] {logging_mixin.py:188} INFO - [2026-01-20T03:15:06.983+0000] {dag.py:3947} INFO - Setting next_dagrun for pipeline_scheduled to 2026-01-20 03:00:00+00:00, run_after=2026-01-20 04:00:00+00:00
[2026-01-20T03:15:07.004+0000] {processor.py:183} INFO - Processing /opt/airflow/dags/pipeline_scheduled.py took 0.114 seconds
[2026-01-20T03:15:37.295+0000] {processor.py:161} INFO - Started process (PID=20110) to work on /opt/airflow/dags/pipeline_scheduled.py
[2026-01-20T03:15:37.296+0000] {processor.py:830} INFO - Processing file /opt/airflow/dags/pipeline_scheduled.py for tasks to queue
[2026-01-20T03:15:37.299+0000] {logging_mixin.py:188} INFO - [2026-01-20T03:15:37.298+0000] {dagbag.py:545} INFO - Filling up the DagBag from /opt/airflow/dags/pipeline_scheduled.py
[2026-01-20T03:15:37.326+0000] {processor.py:840} INFO - DAG(s) 'pipeline_scheduled' retrieved from /opt/airflow/dags/pipeline_scheduled.py
[2026-01-20T03:15:37.365+0000] {logging_mixin.py:188} INFO - [2026-01-20T03:15:37.365+0000] {dag.py:3089} INFO - Sync 1 DAGs
[2026-01-20T03:15:37.388+0000] {logging_mixin.py:188} INFO - [2026-01-20T03:15:37.388+0000] {dag.py:3947} INFO - Setting next_dagrun for pipeline_scheduled to 2026-01-20 03:00:00+00:00, run_after=2026-01-20 04:00:00+00:00
[2026-01-20T03:15:37.628+0000] {processor.py:183} INFO - Processing /opt/airflow/dags/pipeline_scheduled.py took 0.341 seconds
[2026-01-20T03:16:07.910+0000] {processor.py:161} INFO - Started process (PID=20120) to work on /opt/airflow/dags/pipeline_scheduled.py
[2026-01-20T03:16:07.912+0000] {processor.py:830} INFO - Processing file /opt/airflow/dags/pipeline_scheduled.py for tasks to queue
[2026-01-20T03:16:07.914+0000] {logging_mixin.py:188} INFO - [2026-01-20T03:16:07.914+0000] {dagbag.py:545} INFO - Filling up the DagBag from /opt/airflow/dags/pipeline_scheduled.py
[2026-01-20T03:16:07.938+0000] {processor.py:840} INFO - DAG(s) 'pipeline_scheduled' retrieved from /opt/airflow/dags/pipeline_scheduled.py
[2026-01-20T03:16:07.971+0000] {logging_mixin.py:188} INFO - [2026-01-20T03:16:07.970+0000] {dag.py:3089} INFO - Sync 1 DAGs
[2026-01-20T03:16:08.158+0000] {logging_mixin.py:188} INFO - [2026-01-20T03:16:08.157+0000] {dag.py:3947} INFO - Setting next_dagrun for pipeline_scheduled to 2026-01-20 03:00:00+00:00, run_after=2026-01-20 04:00:00+00:00
[2026-01-20T03:16:08.177+0000] {processor.py:183} INFO - Processing /opt/airflow/dags/pipeline_scheduled.py took 0.272 seconds
[2026-01-20T03:16:38.435+0000] {processor.py:161} INFO - Started process (PID=20130) to work on /opt/airflow/dags/pipeline_scheduled.py
[2026-01-20T03:16:38.437+0000] {processor.py:830} INFO - Processing file /opt/airflow/dags/pipeline_scheduled.py for tasks to queue
[2026-01-20T03:16:38.439+0000] {logging_mixin.py:188} INFO - [2026-01-20T03:16:38.439+0000] {dagbag.py:545} INFO - Filling up the DagBag from /opt/airflow/dags/pipeline_scheduled.py
[2026-01-20T03:16:38.464+0000] {processor.py:840} INFO - DAG(s) 'pipeline_scheduled' retrieved from /opt/airflow/dags/pipeline_scheduled.py
[2026-01-20T03:16:38.496+0000] {logging_mixin.py:188} INFO - [2026-01-20T03:16:38.496+0000] {dag.py:3089} INFO - Sync 1 DAGs
[2026-01-20T03:16:38.685+0000] {logging_mixin.py:188} INFO - [2026-01-20T03:16:38.685+0000] {dag.py:3947} INFO - Setting next_dagrun for pipeline_scheduled to 2026-01-20 03:00:00+00:00, run_after=2026-01-20 04:00:00+00:00
[2026-01-20T03:16:38.703+0000] {processor.py:183} INFO - Processing /opt/airflow/dags/pipeline_scheduled.py took 0.274 seconds
[2026-01-20T03:17:08.983+0000] {processor.py:161} INFO - Started process (PID=20140) to work on /opt/airflow/dags/pipeline_scheduled.py
[2026-01-20T03:17:08.984+0000] {processor.py:830} INFO - Processing file /opt/airflow/dags/pipeline_scheduled.py for tasks to queue
[2026-01-20T03:17:08.987+0000] {logging_mixin.py:188} INFO - [2026-01-20T03:17:08.987+0000] {dagbag.py:545} INFO - Filling up the DagBag from /opt/airflow/dags/pipeline_scheduled.py
[2026-01-20T03:17:09.009+0000] {processor.py:840} INFO - DAG(s) 'pipeline_scheduled' retrieved from /opt/airflow/dags/pipeline_scheduled.py
[2026-01-20T03:17:09.037+0000] {logging_mixin.py:188} INFO - [2026-01-20T03:17:09.037+0000] {dag.py:3089} INFO - Sync 1 DAGs
[2026-01-20T03:17:09.060+0000] {logging_mixin.py:188} INFO - [2026-01-20T03:17:09.060+0000] {dag.py:3947} INFO - Setting next_dagrun for pipeline_scheduled to 2026-01-20 03:00:00+00:00, run_after=2026-01-20 04:00:00+00:00
[2026-01-20T03:17:09.080+0000] {processor.py:183} INFO - Processing /opt/airflow/dags/pipeline_scheduled.py took 0.103 seconds
[2026-01-20T03:17:39.343+0000] {processor.py:161} INFO - Started process (PID=20150) to work on /opt/airflow/dags/pipeline_scheduled.py
[2026-01-20T03:17:39.344+0000] {processor.py:830} INFO - Processing file /opt/airflow/dags/pipeline_scheduled.py for tasks to queue
[2026-01-20T03:17:39.348+0000] {logging_mixin.py:188} INFO - [2026-01-20T03:17:39.347+0000] {dagbag.py:545} INFO - Filling up the DagBag from /opt/airflow/dags/pipeline_scheduled.py
[2026-01-20T03:17:39.371+0000] {processor.py:840} INFO - DAG(s) 'pipeline_scheduled' retrieved from /opt/airflow/dags/pipeline_scheduled.py
[2026-01-20T03:17:39.401+0000] {logging_mixin.py:188} INFO - [2026-01-20T03:17:39.401+0000] {dag.py:3089} INFO - Sync 1 DAGs
[2026-01-20T03:17:39.422+0000] {logging_mixin.py:188} INFO - [2026-01-20T03:17:39.422+0000] {dag.py:3947} INFO - Setting next_dagrun for pipeline_scheduled to 2026-01-20 03:00:00+00:00, run_after=2026-01-20 04:00:00+00:00
[2026-01-20T03:17:39.444+0000] {processor.py:183} INFO - Processing /opt/airflow/dags/pipeline_scheduled.py took 0.107 seconds
[2026-01-20T03:18:09.699+0000] {processor.py:161} INFO - Started process (PID=20160) to work on /opt/airflow/dags/pipeline_scheduled.py
[2026-01-20T03:18:09.700+0000] {processor.py:830} INFO - Processing file /opt/airflow/dags/pipeline_scheduled.py for tasks to queue
[2026-01-20T03:18:09.702+0000] {logging_mixin.py:188} INFO - [2026-01-20T03:18:09.702+0000] {dagbag.py:545} INFO - Filling up the DagBag from /opt/airflow/dags/pipeline_scheduled.py
[2026-01-20T03:18:09.724+0000] {processor.py:840} INFO - DAG(s) 'pipeline_scheduled' retrieved from /opt/airflow/dags/pipeline_scheduled.py
[2026-01-20T03:18:09.755+0000] {logging_mixin.py:188} INFO - [2026-01-20T03:18:09.755+0000] {dag.py:3089} INFO - Sync 1 DAGs
[2026-01-20T03:18:09.777+0000] {logging_mixin.py:188} INFO - [2026-01-20T03:18:09.777+0000] {dag.py:3947} INFO - Setting next_dagrun for pipeline_scheduled to 2026-01-20 03:00:00+00:00, run_after=2026-01-20 04:00:00+00:00
[2026-01-20T03:18:09.798+0000] {processor.py:183} INFO - Processing /opt/airflow/dags/pipeline_scheduled.py took 0.105 seconds
[2026-01-20T03:18:40.059+0000] {processor.py:161} INFO - Started process (PID=20170) to work on /opt/airflow/dags/pipeline_scheduled.py
[2026-01-20T03:18:40.061+0000] {processor.py:830} INFO - Processing file /opt/airflow/dags/pipeline_scheduled.py for tasks to queue
[2026-01-20T03:18:40.064+0000] {logging_mixin.py:188} INFO - [2026-01-20T03:18:40.063+0000] {dagbag.py:545} INFO - Filling up the DagBag from /opt/airflow/dags/pipeline_scheduled.py
[2026-01-20T03:18:40.086+0000] {processor.py:840} INFO - DAG(s) 'pipeline_scheduled' retrieved from /opt/airflow/dags/pipeline_scheduled.py
[2026-01-20T03:18:40.115+0000] {logging_mixin.py:188} INFO - [2026-01-20T03:18:40.115+0000] {dag.py:3089} INFO - Sync 1 DAGs
[2026-01-20T03:18:40.137+0000] {logging_mixin.py:188} INFO - [2026-01-20T03:18:40.136+0000] {dag.py:3947} INFO - Setting next_dagrun for pipeline_scheduled to 2026-01-20 03:00:00+00:00, run_after=2026-01-20 04:00:00+00:00
[2026-01-20T03:18:40.335+0000] {processor.py:183} INFO - Processing /opt/airflow/dags/pipeline_scheduled.py took 0.282 seconds
[2026-01-20T03:19:10.606+0000] {processor.py:161} INFO - Started process (PID=20180) to work on /opt/airflow/dags/pipeline_scheduled.py
[2026-01-20T03:19:10.607+0000] {processor.py:830} INFO - Processing file /opt/airflow/dags/pipeline_scheduled.py for tasks to queue
[2026-01-20T03:19:10.610+0000] {logging_mixin.py:188} INFO - [2026-01-20T03:19:10.609+0000] {dagbag.py:545} INFO - Filling up the DagBag from /opt/airflow/dags/pipeline_scheduled.py
[2026-01-20T03:19:10.633+0000] {processor.py:840} INFO - DAG(s) 'pipeline_scheduled' retrieved from /opt/airflow/dags/pipeline_scheduled.py
[2026-01-20T03:19:10.668+0000] {logging_mixin.py:188} INFO - [2026-01-20T03:19:10.668+0000] {dag.py:3089} INFO - Sync 1 DAGs
[2026-01-20T03:19:10.865+0000] {logging_mixin.py:188} INFO - [2026-01-20T03:19:10.865+0000] {dag.py:3947} INFO - Setting next_dagrun for pipeline_scheduled to 2026-01-20 03:00:00+00:00, run_after=2026-01-20 04:00:00+00:00
[2026-01-20T03:19:10.882+0000] {processor.py:183} INFO - Processing /opt/airflow/dags/pipeline_scheduled.py took 0.282 seconds
[2026-01-20T03:19:41.156+0000] {processor.py:161} INFO - Started process (PID=20190) to work on /opt/airflow/dags/pipeline_scheduled.py
[2026-01-20T03:19:41.158+0000] {processor.py:830} INFO - Processing file /opt/airflow/dags/pipeline_scheduled.py for tasks to queue
[2026-01-20T03:19:41.160+0000] {logging_mixin.py:188} INFO - [2026-01-20T03:19:41.159+0000] {dagbag.py:545} INFO - Filling up the DagBag from /opt/airflow/dags/pipeline_scheduled.py
[2026-01-20T03:19:41.184+0000] {processor.py:840} INFO - DAG(s) 'pipeline_scheduled' retrieved from /opt/airflow/dags/pipeline_scheduled.py
[2026-01-20T03:19:41.219+0000] {logging_mixin.py:188} INFO - [2026-01-20T03:19:41.218+0000] {dag.py:3089} INFO - Sync 1 DAGs
[2026-01-20T03:19:41.241+0000] {logging_mixin.py:188} INFO - [2026-01-20T03:19:41.240+0000] {dag.py:3947} INFO - Setting next_dagrun for pipeline_scheduled to 2026-01-20 03:00:00+00:00, run_after=2026-01-20 04:00:00+00:00
[2026-01-20T03:19:41.262+0000] {processor.py:183} INFO - Processing /opt/airflow/dags/pipeline_scheduled.py took 0.112 seconds
[2026-01-20T03:20:11.508+0000] {processor.py:161} INFO - Started process (PID=20203) to work on /opt/airflow/dags/pipeline_scheduled.py
[2026-01-20T03:20:11.509+0000] {processor.py:830} INFO - Processing file /opt/airflow/dags/pipeline_scheduled.py for tasks to queue
[2026-01-20T03:20:11.511+0000] {logging_mixin.py:188} INFO - [2026-01-20T03:20:11.511+0000] {dagbag.py:545} INFO - Filling up the DagBag from /opt/airflow/dags/pipeline_scheduled.py
[2026-01-20T03:20:11.534+0000] {processor.py:840} INFO - DAG(s) 'pipeline_scheduled' retrieved from /opt/airflow/dags/pipeline_scheduled.py
[2026-01-20T03:20:11.566+0000] {logging_mixin.py:188} INFO - [2026-01-20T03:20:11.566+0000] {dag.py:3089} INFO - Sync 1 DAGs
[2026-01-20T03:20:11.590+0000] {logging_mixin.py:188} INFO - [2026-01-20T03:20:11.590+0000] {dag.py:3947} INFO - Setting next_dagrun for pipeline_scheduled to 2026-01-20 03:00:00+00:00, run_after=2026-01-20 04:00:00+00:00
[2026-01-20T03:20:11.613+0000] {processor.py:183} INFO - Processing /opt/airflow/dags/pipeline_scheduled.py took 0.110 seconds
[2026-01-20T03:20:41.865+0000] {processor.py:161} INFO - Started process (PID=20213) to work on /opt/airflow/dags/pipeline_scheduled.py
[2026-01-20T03:20:41.866+0000] {processor.py:830} INFO - Processing file /opt/airflow/dags/pipeline_scheduled.py for tasks to queue
[2026-01-20T03:20:41.868+0000] {logging_mixin.py:188} INFO - [2026-01-20T03:20:41.868+0000] {dagbag.py:545} INFO - Filling up the DagBag from /opt/airflow/dags/pipeline_scheduled.py
[2026-01-20T03:20:41.890+0000] {processor.py:840} INFO - DAG(s) 'pipeline_scheduled' retrieved from /opt/airflow/dags/pipeline_scheduled.py
[2026-01-20T03:20:41.922+0000] {logging_mixin.py:188} INFO - [2026-01-20T03:20:41.922+0000] {dag.py:3089} INFO - Sync 1 DAGs
[2026-01-20T03:20:41.944+0000] {logging_mixin.py:188} INFO - [2026-01-20T03:20:41.944+0000] {dag.py:3947} INFO - Setting next_dagrun for pipeline_scheduled to 2026-01-20 03:00:00+00:00, run_after=2026-01-20 04:00:00+00:00
[2026-01-20T03:20:41.966+0000] {processor.py:183} INFO - Processing /opt/airflow/dags/pipeline_scheduled.py took 0.106 seconds
[2026-01-20T03:21:12.211+0000] {processor.py:161} INFO - Started process (PID=20223) to work on /opt/airflow/dags/pipeline_scheduled.py
[2026-01-20T03:21:12.212+0000] {processor.py:830} INFO - Processing file /opt/airflow/dags/pipeline_scheduled.py for tasks to queue
[2026-01-20T03:21:12.214+0000] {logging_mixin.py:188} INFO - [2026-01-20T03:21:12.214+0000] {dagbag.py:545} INFO - Filling up the DagBag from /opt/airflow/dags/pipeline_scheduled.py
[2026-01-20T03:21:12.238+0000] {processor.py:840} INFO - DAG(s) 'pipeline_scheduled' retrieved from /opt/airflow/dags/pipeline_scheduled.py
[2026-01-20T03:21:12.272+0000] {logging_mixin.py:188} INFO - [2026-01-20T03:21:12.272+0000] {dag.py:3089} INFO - Sync 1 DAGs
[2026-01-20T03:21:12.296+0000] {logging_mixin.py:188} INFO - [2026-01-20T03:21:12.296+0000] {dag.py:3947} INFO - Setting next_dagrun for pipeline_scheduled to 2026-01-20 03:00:00+00:00, run_after=2026-01-20 04:00:00+00:00
[2026-01-20T03:21:12.318+0000] {processor.py:183} INFO - Processing /opt/airflow/dags/pipeline_scheduled.py took 0.114 seconds
[2026-01-20T03:21:42.605+0000] {processor.py:161} INFO - Started process (PID=20233) to work on /opt/airflow/dags/pipeline_scheduled.py
[2026-01-20T03:21:42.607+0000] {processor.py:830} INFO - Processing file /opt/airflow/dags/pipeline_scheduled.py for tasks to queue
[2026-01-20T03:21:42.609+0000] {logging_mixin.py:188} INFO - [2026-01-20T03:21:42.609+0000] {dagbag.py:545} INFO - Filling up the DagBag from /opt/airflow/dags/pipeline_scheduled.py
[2026-01-20T03:21:42.631+0000] {processor.py:840} INFO - DAG(s) 'pipeline_scheduled' retrieved from /opt/airflow/dags/pipeline_scheduled.py
[2026-01-20T03:21:42.661+0000] {logging_mixin.py:188} INFO - [2026-01-20T03:21:42.661+0000] {dag.py:3089} INFO - Sync 1 DAGs
[2026-01-20T03:21:42.681+0000] {logging_mixin.py:188} INFO - [2026-01-20T03:21:42.680+0000] {dag.py:3947} INFO - Setting next_dagrun for pipeline_scheduled to 2026-01-20 03:00:00+00:00, run_after=2026-01-20 04:00:00+00:00
[2026-01-20T03:21:42.882+0000] {processor.py:183} INFO - Processing /opt/airflow/dags/pipeline_scheduled.py took 0.282 seconds
[2026-01-20T03:22:13.150+0000] {processor.py:161} INFO - Started process (PID=20243) to work on /opt/airflow/dags/pipeline_scheduled.py
[2026-01-20T03:22:13.151+0000] {processor.py:830} INFO - Processing file /opt/airflow/dags/pipeline_scheduled.py for tasks to queue
[2026-01-20T03:22:13.153+0000] {logging_mixin.py:188} INFO - [2026-01-20T03:22:13.153+0000] {dagbag.py:545} INFO - Filling up the DagBag from /opt/airflow/dags/pipeline_scheduled.py
[2026-01-20T03:22:13.178+0000] {processor.py:840} INFO - DAG(s) 'pipeline_scheduled' retrieved from /opt/airflow/dags/pipeline_scheduled.py
[2026-01-20T03:22:13.208+0000] {logging_mixin.py:188} INFO - [2026-01-20T03:22:13.208+0000] {dag.py:3089} INFO - Sync 1 DAGs
[2026-01-20T03:22:13.396+0000] {logging_mixin.py:188} INFO - [2026-01-20T03:22:13.396+0000] {dag.py:3947} INFO - Setting next_dagrun for pipeline_scheduled to 2026-01-20 03:00:00+00:00, run_after=2026-01-20 04:00:00+00:00
[2026-01-20T03:22:13.419+0000] {processor.py:183} INFO - Processing /opt/airflow/dags/pipeline_scheduled.py took 0.275 seconds
[2026-01-20T03:22:43.615+0000] {processor.py:161} INFO - Started process (PID=20253) to work on /opt/airflow/dags/pipeline_scheduled.py
[2026-01-20T03:22:43.617+0000] {processor.py:830} INFO - Processing file /opt/airflow/dags/pipeline_scheduled.py for tasks to queue
[2026-01-20T03:22:43.619+0000] {logging_mixin.py:188} INFO - [2026-01-20T03:22:43.619+0000] {dagbag.py:545} INFO - Filling up the DagBag from /opt/airflow/dags/pipeline_scheduled.py
[2026-01-20T03:22:43.642+0000] {processor.py:840} INFO - DAG(s) 'pipeline_scheduled' retrieved from /opt/airflow/dags/pipeline_scheduled.py
[2026-01-20T03:22:43.673+0000] {logging_mixin.py:188} INFO - [2026-01-20T03:22:43.673+0000] {dag.py:3089} INFO - Sync 1 DAGs
[2026-01-20T03:22:43.692+0000] {logging_mixin.py:188} INFO - [2026-01-20T03:22:43.692+0000] {dag.py:3947} INFO - Setting next_dagrun for pipeline_scheduled to 2026-01-20 03:00:00+00:00, run_after=2026-01-20 04:00:00+00:00
[2026-01-20T03:22:43.713+0000] {processor.py:183} INFO - Processing /opt/airflow/dags/pipeline_scheduled.py took 0.103 seconds
[2026-01-20T03:23:13.959+0000] {processor.py:161} INFO - Started process (PID=20263) to work on /opt/airflow/dags/pipeline_scheduled.py
[2026-01-20T03:23:13.961+0000] {processor.py:830} INFO - Processing file /opt/airflow/dags/pipeline_scheduled.py for tasks to queue
[2026-01-20T03:23:13.963+0000] {logging_mixin.py:188} INFO - [2026-01-20T03:23:13.962+0000] {dagbag.py:545} INFO - Filling up the DagBag from /opt/airflow/dags/pipeline_scheduled.py
[2026-01-20T03:23:13.986+0000] {processor.py:840} INFO - DAG(s) 'pipeline_scheduled' retrieved from /opt/airflow/dags/pipeline_scheduled.py
[2026-01-20T03:23:14.016+0000] {logging_mixin.py:188} INFO - [2026-01-20T03:23:14.016+0000] {dag.py:3089} INFO - Sync 1 DAGs
[2026-01-20T03:23:14.037+0000] {logging_mixin.py:188} INFO - [2026-01-20T03:23:14.037+0000] {dag.py:3947} INFO - Setting next_dagrun for pipeline_scheduled to 2026-01-20 03:00:00+00:00, run_after=2026-01-20 04:00:00+00:00
[2026-01-20T03:23:14.056+0000] {processor.py:183} INFO - Processing /opt/airflow/dags/pipeline_scheduled.py took 0.104 seconds
[2026-01-20T03:23:44.315+0000] {processor.py:161} INFO - Started process (PID=20273) to work on /opt/airflow/dags/pipeline_scheduled.py
[2026-01-20T03:23:44.317+0000] {processor.py:830} INFO - Processing file /opt/airflow/dags/pipeline_scheduled.py for tasks to queue
[2026-01-20T03:23:44.320+0000] {logging_mixin.py:188} INFO - [2026-01-20T03:23:44.320+0000] {dagbag.py:545} INFO - Filling up the DagBag from /opt/airflow/dags/pipeline_scheduled.py
[2026-01-20T03:23:44.341+0000] {processor.py:840} INFO - DAG(s) 'pipeline_scheduled' retrieved from /opt/airflow/dags/pipeline_scheduled.py
[2026-01-20T03:23:44.373+0000] {logging_mixin.py:188} INFO - [2026-01-20T03:23:44.373+0000] {dag.py:3089} INFO - Sync 1 DAGs
[2026-01-20T03:23:44.393+0000] {logging_mixin.py:188} INFO - [2026-01-20T03:23:44.393+0000] {dag.py:3947} INFO - Setting next_dagrun for pipeline_scheduled to 2026-01-20 03:00:00+00:00, run_after=2026-01-20 04:00:00+00:00
[2026-01-20T03:23:44.414+0000] {processor.py:183} INFO - Processing /opt/airflow/dags/pipeline_scheduled.py took 0.105 seconds
[2026-01-20T03:24:14.680+0000] {processor.py:161} INFO - Started process (PID=20283) to work on /opt/airflow/dags/pipeline_scheduled.py
[2026-01-20T03:24:14.682+0000] {processor.py:830} INFO - Processing file /opt/airflow/dags/pipeline_scheduled.py for tasks to queue
[2026-01-20T03:24:14.684+0000] {logging_mixin.py:188} INFO - [2026-01-20T03:24:14.683+0000] {dagbag.py:545} INFO - Filling up the DagBag from /opt/airflow/dags/pipeline_scheduled.py
[2026-01-20T03:24:14.707+0000] {processor.py:840} INFO - DAG(s) 'pipeline_scheduled' retrieved from /opt/airflow/dags/pipeline_scheduled.py
[2026-01-20T03:24:14.741+0000] {logging_mixin.py:188} INFO - [2026-01-20T03:24:14.741+0000] {dag.py:3089} INFO - Sync 1 DAGs
[2026-01-20T03:24:14.764+0000] {logging_mixin.py:188} INFO - [2026-01-20T03:24:14.764+0000] {dag.py:3947} INFO - Setting next_dagrun for pipeline_scheduled to 2026-01-20 03:00:00+00:00, run_after=2026-01-20 04:00:00+00:00
[2026-01-20T03:24:14.965+0000] {processor.py:183} INFO - Processing /opt/airflow/dags/pipeline_scheduled.py took 0.290 seconds
[2026-01-20T03:24:45.234+0000] {processor.py:161} INFO - Started process (PID=20293) to work on /opt/airflow/dags/pipeline_scheduled.py
[2026-01-20T03:24:45.236+0000] {processor.py:830} INFO - Processing file /opt/airflow/dags/pipeline_scheduled.py for tasks to queue
[2026-01-20T03:24:45.238+0000] {logging_mixin.py:188} INFO - [2026-01-20T03:24:45.238+0000] {dagbag.py:545} INFO - Filling up the DagBag from /opt/airflow/dags/pipeline_scheduled.py
[2026-01-20T03:24:45.261+0000] {processor.py:840} INFO - DAG(s) 'pipeline_scheduled' retrieved from /opt/airflow/dags/pipeline_scheduled.py
[2026-01-20T03:24:45.293+0000] {logging_mixin.py:188} INFO - [2026-01-20T03:24:45.293+0000] {dag.py:3089} INFO - Sync 1 DAGs
[2026-01-20T03:24:45.480+0000] {logging_mixin.py:188} INFO - [2026-01-20T03:24:45.480+0000] {dag.py:3947} INFO - Setting next_dagrun for pipeline_scheduled to 2026-01-20 03:00:00+00:00, run_after=2026-01-20 04:00:00+00:00
[2026-01-20T03:24:45.500+0000] {processor.py:183} INFO - Processing /opt/airflow/dags/pipeline_scheduled.py took 0.274 seconds
[2026-01-20T03:25:15.774+0000] {processor.py:161} INFO - Started process (PID=20303) to work on /opt/airflow/dags/pipeline_scheduled.py
[2026-01-20T03:25:15.775+0000] {processor.py:830} INFO - Processing file /opt/airflow/dags/pipeline_scheduled.py for tasks to queue
[2026-01-20T03:25:15.777+0000] {logging_mixin.py:188} INFO - [2026-01-20T03:25:15.777+0000] {dagbag.py:545} INFO - Filling up the DagBag from /opt/airflow/dags/pipeline_scheduled.py
[2026-01-20T03:25:15.801+0000] {processor.py:840} INFO - DAG(s) 'pipeline_scheduled' retrieved from /opt/airflow/dags/pipeline_scheduled.py
[2026-01-20T03:25:15.835+0000] {logging_mixin.py:188} INFO - [2026-01-20T03:25:15.835+0000] {dag.py:3089} INFO - Sync 1 DAGs
[2026-01-20T03:25:16.018+0000] {logging_mixin.py:188} INFO - [2026-01-20T03:25:16.018+0000] {dag.py:3947} INFO - Setting next_dagrun for pipeline_scheduled to 2026-01-20 03:00:00+00:00, run_after=2026-01-20 04:00:00+00:00
[2026-01-20T03:25:16.035+0000] {processor.py:183} INFO - Processing /opt/airflow/dags/pipeline_scheduled.py took 0.266 seconds
[2026-01-20T03:25:46.296+0000] {processor.py:161} INFO - Started process (PID=20313) to work on /opt/airflow/dags/pipeline_scheduled.py
[2026-01-20T03:25:46.298+0000] {processor.py:830} INFO - Processing file /opt/airflow/dags/pipeline_scheduled.py for tasks to queue
[2026-01-20T03:25:46.301+0000] {logging_mixin.py:188} INFO - [2026-01-20T03:25:46.300+0000] {dagbag.py:545} INFO - Filling up the DagBag from /opt/airflow/dags/pipeline_scheduled.py
[2026-01-20T03:25:46.326+0000] {processor.py:840} INFO - DAG(s) 'pipeline_scheduled' retrieved from /opt/airflow/dags/pipeline_scheduled.py
[2026-01-20T03:25:46.359+0000] {logging_mixin.py:188} INFO - [2026-01-20T03:25:46.359+0000] {dag.py:3089} INFO - Sync 1 DAGs
[2026-01-20T03:25:46.380+0000] {logging_mixin.py:188} INFO - [2026-01-20T03:25:46.380+0000] {dag.py:3947} INFO - Setting next_dagrun for pipeline_scheduled to 2026-01-20 03:00:00+00:00, run_after=2026-01-20 04:00:00+00:00
[2026-01-20T03:25:46.403+0000] {processor.py:183} INFO - Processing /opt/airflow/dags/pipeline_scheduled.py took 0.112 seconds
[2026-01-20T03:26:16.655+0000] {processor.py:161} INFO - Started process (PID=20323) to work on /opt/airflow/dags/pipeline_scheduled.py
[2026-01-20T03:26:16.656+0000] {processor.py:830} INFO - Processing file /opt/airflow/dags/pipeline_scheduled.py for tasks to queue
[2026-01-20T03:26:16.658+0000] {logging_mixin.py:188} INFO - [2026-01-20T03:26:16.658+0000] {dagbag.py:545} INFO - Filling up the DagBag from /opt/airflow/dags/pipeline_scheduled.py
[2026-01-20T03:26:16.681+0000] {processor.py:840} INFO - DAG(s) 'pipeline_scheduled' retrieved from /opt/airflow/dags/pipeline_scheduled.py
[2026-01-20T03:26:16.708+0000] {logging_mixin.py:188} INFO - [2026-01-20T03:26:16.708+0000] {dag.py:3089} INFO - Sync 1 DAGs
[2026-01-20T03:26:16.726+0000] {logging_mixin.py:188} INFO - [2026-01-20T03:26:16.726+0000] {dag.py:3947} INFO - Setting next_dagrun for pipeline_scheduled to 2026-01-20 03:00:00+00:00, run_after=2026-01-20 04:00:00+00:00
[2026-01-20T03:26:16.749+0000] {processor.py:183} INFO - Processing /opt/airflow/dags/pipeline_scheduled.py took 0.100 seconds
[2026-01-20T03:26:47.006+0000] {processor.py:161} INFO - Started process (PID=20333) to work on /opt/airflow/dags/pipeline_scheduled.py
[2026-01-20T03:26:47.008+0000] {processor.py:830} INFO - Processing file /opt/airflow/dags/pipeline_scheduled.py for tasks to queue
[2026-01-20T03:26:47.009+0000] {logging_mixin.py:188} INFO - [2026-01-20T03:26:47.009+0000] {dagbag.py:545} INFO - Filling up the DagBag from /opt/airflow/dags/pipeline_scheduled.py
[2026-01-20T03:26:47.031+0000] {processor.py:840} INFO - DAG(s) 'pipeline_scheduled' retrieved from /opt/airflow/dags/pipeline_scheduled.py
[2026-01-20T03:26:47.063+0000] {logging_mixin.py:188} INFO - [2026-01-20T03:26:47.062+0000] {dag.py:3089} INFO - Sync 1 DAGs
[2026-01-20T03:26:47.084+0000] {logging_mixin.py:188} INFO - [2026-01-20T03:26:47.084+0000] {dag.py:3947} INFO - Setting next_dagrun for pipeline_scheduled to 2026-01-20 03:00:00+00:00, run_after=2026-01-20 04:00:00+00:00
[2026-01-20T03:26:47.100+0000] {processor.py:183} INFO - Processing /opt/airflow/dags/pipeline_scheduled.py took 0.100 seconds
[2026-01-20T03:27:17.363+0000] {processor.py:161} INFO - Started process (PID=20343) to work on /opt/airflow/dags/pipeline_scheduled.py
[2026-01-20T03:27:17.365+0000] {processor.py:830} INFO - Processing file /opt/airflow/dags/pipeline_scheduled.py for tasks to queue
[2026-01-20T03:27:17.368+0000] {logging_mixin.py:188} INFO - [2026-01-20T03:27:17.367+0000] {dagbag.py:545} INFO - Filling up the DagBag from /opt/airflow/dags/pipeline_scheduled.py
[2026-01-20T03:27:17.392+0000] {processor.py:840} INFO - DAG(s) 'pipeline_scheduled' retrieved from /opt/airflow/dags/pipeline_scheduled.py
[2026-01-20T03:27:17.424+0000] {logging_mixin.py:188} INFO - [2026-01-20T03:27:17.424+0000] {dag.py:3089} INFO - Sync 1 DAGs
[2026-01-20T03:27:17.446+0000] {logging_mixin.py:188} INFO - [2026-01-20T03:27:17.445+0000] {dag.py:3947} INFO - Setting next_dagrun for pipeline_scheduled to 2026-01-20 03:00:00+00:00, run_after=2026-01-20 04:00:00+00:00
[2026-01-20T03:27:17.651+0000] {processor.py:183} INFO - Processing /opt/airflow/dags/pipeline_scheduled.py took 0.294 seconds
[2026-01-20T03:27:47.916+0000] {processor.py:161} INFO - Started process (PID=20353) to work on /opt/airflow/dags/pipeline_scheduled.py
[2026-01-20T03:27:47.918+0000] {processor.py:830} INFO - Processing file /opt/airflow/dags/pipeline_scheduled.py for tasks to queue
[2026-01-20T03:27:47.920+0000] {logging_mixin.py:188} INFO - [2026-01-20T03:27:47.920+0000] {dagbag.py:545} INFO - Filling up the DagBag from /opt/airflow/dags/pipeline_scheduled.py
[2026-01-20T03:27:47.943+0000] {processor.py:840} INFO - DAG(s) 'pipeline_scheduled' retrieved from /opt/airflow/dags/pipeline_scheduled.py
[2026-01-20T03:27:47.975+0000] {logging_mixin.py:188} INFO - [2026-01-20T03:27:47.974+0000] {dag.py:3089} INFO - Sync 1 DAGs
[2026-01-20T03:27:48.163+0000] {logging_mixin.py:188} INFO - [2026-01-20T03:27:48.163+0000] {dag.py:3947} INFO - Setting next_dagrun for pipeline_scheduled to 2026-01-20 03:00:00+00:00, run_after=2026-01-20 04:00:00+00:00
[2026-01-20T03:27:48.181+0000] {processor.py:183} INFO - Processing /opt/airflow/dags/pipeline_scheduled.py took 0.272 seconds
[2026-01-20T03:28:18.463+0000] {processor.py:161} INFO - Started process (PID=20363) to work on /opt/airflow/dags/pipeline_scheduled.py
[2026-01-20T03:28:18.465+0000] {processor.py:830} INFO - Processing file /opt/airflow/dags/pipeline_scheduled.py for tasks to queue
[2026-01-20T03:28:18.467+0000] {logging_mixin.py:188} INFO - [2026-01-20T03:28:18.466+0000] {dagbag.py:545} INFO - Filling up the DagBag from /opt/airflow/dags/pipeline_scheduled.py
[2026-01-20T03:28:18.491+0000] {processor.py:840} INFO - DAG(s) 'pipeline_scheduled' retrieved from /opt/airflow/dags/pipeline_scheduled.py
[2026-01-20T03:28:18.523+0000] {logging_mixin.py:188} INFO - [2026-01-20T03:28:18.522+0000] {dag.py:3089} INFO - Sync 1 DAGs
[2026-01-20T03:28:18.717+0000] {logging_mixin.py:188} INFO - [2026-01-20T03:28:18.716+0000] {dag.py:3947} INFO - Setting next_dagrun for pipeline_scheduled to 2026-01-20 03:00:00+00:00, run_after=2026-01-20 04:00:00+00:00
[2026-01-20T03:28:18.737+0000] {processor.py:183} INFO - Processing /opt/airflow/dags/pipeline_scheduled.py took 0.279 seconds
[2026-01-20T03:28:48.863+0000] {processor.py:161} INFO - Started process (PID=20373) to work on /opt/airflow/dags/pipeline_scheduled.py
[2026-01-20T03:28:48.865+0000] {processor.py:830} INFO - Processing file /opt/airflow/dags/pipeline_scheduled.py for tasks to queue
[2026-01-20T03:28:48.868+0000] {logging_mixin.py:188} INFO - [2026-01-20T03:28:48.867+0000] {dagbag.py:545} INFO - Filling up the DagBag from /opt/airflow/dags/pipeline_scheduled.py
[2026-01-20T03:28:48.891+0000] {processor.py:840} INFO - DAG(s) 'pipeline_scheduled' retrieved from /opt/airflow/dags/pipeline_scheduled.py
[2026-01-20T03:28:48.924+0000] {logging_mixin.py:188} INFO - [2026-01-20T03:28:48.924+0000] {dag.py:3089} INFO - Sync 1 DAGs
[2026-01-20T03:28:48.945+0000] {logging_mixin.py:188} INFO - [2026-01-20T03:28:48.945+0000] {dag.py:3947} INFO - Setting next_dagrun for pipeline_scheduled to 2026-01-20 03:00:00+00:00, run_after=2026-01-20 04:00:00+00:00
[2026-01-20T03:28:48.964+0000] {processor.py:183} INFO - Processing /opt/airflow/dags/pipeline_scheduled.py took 0.107 seconds
[2026-01-20T03:29:19.261+0000] {processor.py:161} INFO - Started process (PID=20383) to work on /opt/airflow/dags/pipeline_scheduled.py
[2026-01-20T03:29:19.262+0000] {processor.py:830} INFO - Processing file /opt/airflow/dags/pipeline_scheduled.py for tasks to queue
[2026-01-20T03:29:19.265+0000] {logging_mixin.py:188} INFO - [2026-01-20T03:29:19.264+0000] {dagbag.py:545} INFO - Filling up the DagBag from /opt/airflow/dags/pipeline_scheduled.py
[2026-01-20T03:29:19.288+0000] {processor.py:840} INFO - DAG(s) 'pipeline_scheduled' retrieved from /opt/airflow/dags/pipeline_scheduled.py
[2026-01-20T03:29:19.319+0000] {logging_mixin.py:188} INFO - [2026-01-20T03:29:19.319+0000] {dag.py:3089} INFO - Sync 1 DAGs
[2026-01-20T03:29:19.339+0000] {logging_mixin.py:188} INFO - [2026-01-20T03:29:19.338+0000] {dag.py:3947} INFO - Setting next_dagrun for pipeline_scheduled to 2026-01-20 03:00:00+00:00, run_after=2026-01-20 04:00:00+00:00
[2026-01-20T03:29:19.356+0000] {processor.py:183} INFO - Processing /opt/airflow/dags/pipeline_scheduled.py took 0.101 seconds
[2026-01-20T03:29:49.630+0000] {processor.py:161} INFO - Started process (PID=20393) to work on /opt/airflow/dags/pipeline_scheduled.py
[2026-01-20T03:29:49.632+0000] {processor.py:830} INFO - Processing file /opt/airflow/dags/pipeline_scheduled.py for tasks to queue
[2026-01-20T03:29:49.634+0000] {logging_mixin.py:188} INFO - [2026-01-20T03:29:49.634+0000] {dagbag.py:545} INFO - Filling up the DagBag from /opt/airflow/dags/pipeline_scheduled.py
[2026-01-20T03:29:49.656+0000] {processor.py:840} INFO - DAG(s) 'pipeline_scheduled' retrieved from /opt/airflow/dags/pipeline_scheduled.py
[2026-01-20T03:29:49.690+0000] {logging_mixin.py:188} INFO - [2026-01-20T03:29:49.690+0000] {dag.py:3089} INFO - Sync 1 DAGs
[2026-01-20T03:29:49.710+0000] {logging_mixin.py:188} INFO - [2026-01-20T03:29:49.710+0000] {dag.py:3947} INFO - Setting next_dagrun for pipeline_scheduled to 2026-01-20 03:00:00+00:00, run_after=2026-01-20 04:00:00+00:00
[2026-01-20T03:29:49.731+0000] {processor.py:183} INFO - Processing /opt/airflow/dags/pipeline_scheduled.py took 0.107 seconds
[2026-01-20T03:30:20.006+0000] {processor.py:161} INFO - Started process (PID=20406) to work on /opt/airflow/dags/pipeline_scheduled.py
[2026-01-20T03:30:20.008+0000] {processor.py:830} INFO - Processing file /opt/airflow/dags/pipeline_scheduled.py for tasks to queue
[2026-01-20T03:30:20.010+0000] {logging_mixin.py:188} INFO - [2026-01-20T03:30:20.010+0000] {dagbag.py:545} INFO - Filling up the DagBag from /opt/airflow/dags/pipeline_scheduled.py
[2026-01-20T03:30:20.034+0000] {processor.py:840} INFO - DAG(s) 'pipeline_scheduled' retrieved from /opt/airflow/dags/pipeline_scheduled.py
[2026-01-20T03:30:20.065+0000] {logging_mixin.py:188} INFO - [2026-01-20T03:30:20.065+0000] {dag.py:3089} INFO - Sync 1 DAGs
[2026-01-20T03:30:20.087+0000] {logging_mixin.py:188} INFO - [2026-01-20T03:30:20.087+0000] {dag.py:3947} INFO - Setting next_dagrun for pipeline_scheduled to 2026-01-20 03:00:00+00:00, run_after=2026-01-20 04:00:00+00:00
[2026-01-20T03:30:20.290+0000] {processor.py:183} INFO - Processing /opt/airflow/dags/pipeline_scheduled.py took 0.290 seconds
[2026-01-20T03:30:50.553+0000] {processor.py:161} INFO - Started process (PID=20416) to work on /opt/airflow/dags/pipeline_scheduled.py
[2026-01-20T03:30:50.554+0000] {processor.py:830} INFO - Processing file /opt/airflow/dags/pipeline_scheduled.py for tasks to queue
[2026-01-20T03:30:50.557+0000] {logging_mixin.py:188} INFO - [2026-01-20T03:30:50.557+0000] {dagbag.py:545} INFO - Filling up the DagBag from /opt/airflow/dags/pipeline_scheduled.py
[2026-01-20T03:30:50.582+0000] {processor.py:840} INFO - DAG(s) 'pipeline_scheduled' retrieved from /opt/airflow/dags/pipeline_scheduled.py
[2026-01-20T03:30:50.614+0000] {logging_mixin.py:188} INFO - [2026-01-20T03:30:50.614+0000] {dag.py:3089} INFO - Sync 1 DAGs
[2026-01-20T03:30:50.819+0000] {logging_mixin.py:188} INFO - [2026-01-20T03:30:50.819+0000] {dag.py:3947} INFO - Setting next_dagrun for pipeline_scheduled to 2026-01-20 03:00:00+00:00, run_after=2026-01-20 04:00:00+00:00
[2026-01-20T03:30:50.839+0000] {processor.py:183} INFO - Processing /opt/airflow/dags/pipeline_scheduled.py took 0.291 seconds
[2026-01-20T03:31:21.109+0000] {processor.py:161} INFO - Started process (PID=20426) to work on /opt/airflow/dags/pipeline_scheduled.py
[2026-01-20T03:31:21.111+0000] {processor.py:830} INFO - Processing file /opt/airflow/dags/pipeline_scheduled.py for tasks to queue
[2026-01-20T03:31:21.113+0000] {logging_mixin.py:188} INFO - [2026-01-20T03:31:21.113+0000] {dagbag.py:545} INFO - Filling up the DagBag from /opt/airflow/dags/pipeline_scheduled.py
[2026-01-20T03:31:21.136+0000] {processor.py:840} INFO - DAG(s) 'pipeline_scheduled' retrieved from /opt/airflow/dags/pipeline_scheduled.py
[2026-01-20T03:31:21.336+0000] {logging_mixin.py:188} INFO - [2026-01-20T03:31:21.336+0000] {dag.py:3089} INFO - Sync 1 DAGs
[2026-01-20T03:31:21.355+0000] {logging_mixin.py:188} INFO - [2026-01-20T03:31:21.355+0000] {dag.py:3947} INFO - Setting next_dagrun for pipeline_scheduled to 2026-01-20 03:00:00+00:00, run_after=2026-01-20 04:00:00+00:00
[2026-01-20T03:31:21.376+0000] {processor.py:183} INFO - Processing /opt/airflow/dags/pipeline_scheduled.py took 0.272 seconds
[2026-01-20T03:31:51.487+0000] {processor.py:161} INFO - Started process (PID=20436) to work on /opt/airflow/dags/pipeline_scheduled.py
[2026-01-20T03:31:51.489+0000] {processor.py:830} INFO - Processing file /opt/airflow/dags/pipeline_scheduled.py for tasks to queue
[2026-01-20T03:31:51.491+0000] {logging_mixin.py:188} INFO - [2026-01-20T03:31:51.491+0000] {dagbag.py:545} INFO - Filling up the DagBag from /opt/airflow/dags/pipeline_scheduled.py
[2026-01-20T03:31:51.514+0000] {processor.py:840} INFO - DAG(s) 'pipeline_scheduled' retrieved from /opt/airflow/dags/pipeline_scheduled.py
[2026-01-20T03:31:51.543+0000] {logging_mixin.py:188} INFO - [2026-01-20T03:31:51.543+0000] {dag.py:3089} INFO - Sync 1 DAGs
[2026-01-20T03:31:51.566+0000] {logging_mixin.py:188} INFO - [2026-01-20T03:31:51.565+0000] {dag.py:3947} INFO - Setting next_dagrun for pipeline_scheduled to 2026-01-20 03:00:00+00:00, run_after=2026-01-20 04:00:00+00:00
[2026-01-20T03:31:51.589+0000] {processor.py:183} INFO - Processing /opt/airflow/dags/pipeline_scheduled.py took 0.107 seconds
[2026-01-20T03:32:21.878+0000] {processor.py:161} INFO - Started process (PID=20446) to work on /opt/airflow/dags/pipeline_scheduled.py
[2026-01-20T03:32:21.879+0000] {processor.py:830} INFO - Processing file /opt/airflow/dags/pipeline_scheduled.py for tasks to queue
[2026-01-20T03:32:21.881+0000] {logging_mixin.py:188} INFO - [2026-01-20T03:32:21.881+0000] {dagbag.py:545} INFO - Filling up the DagBag from /opt/airflow/dags/pipeline_scheduled.py
[2026-01-20T03:32:21.905+0000] {processor.py:840} INFO - DAG(s) 'pipeline_scheduled' retrieved from /opt/airflow/dags/pipeline_scheduled.py
[2026-01-20T03:32:21.938+0000] {logging_mixin.py:188} INFO - [2026-01-20T03:32:21.937+0000] {dag.py:3089} INFO - Sync 1 DAGs
[2026-01-20T03:32:21.960+0000] {logging_mixin.py:188} INFO - [2026-01-20T03:32:21.960+0000] {dag.py:3947} INFO - Setting next_dagrun for pipeline_scheduled to 2026-01-20 03:00:00+00:00, run_after=2026-01-20 04:00:00+00:00
[2026-01-20T03:32:21.982+0000] {processor.py:183} INFO - Processing /opt/airflow/dags/pipeline_scheduled.py took 0.110 seconds
[2026-01-20T03:32:52.261+0000] {processor.py:161} INFO - Started process (PID=20456) to work on /opt/airflow/dags/pipeline_scheduled.py
[2026-01-20T03:32:52.263+0000] {processor.py:830} INFO - Processing file /opt/airflow/dags/pipeline_scheduled.py for tasks to queue
[2026-01-20T03:32:52.264+0000] {logging_mixin.py:188} INFO - [2026-01-20T03:32:52.264+0000] {dagbag.py:545} INFO - Filling up the DagBag from /opt/airflow/dags/pipeline_scheduled.py
[2026-01-20T03:32:52.285+0000] {processor.py:840} INFO - DAG(s) 'pipeline_scheduled' retrieved from /opt/airflow/dags/pipeline_scheduled.py
[2026-01-20T03:32:52.317+0000] {logging_mixin.py:188} INFO - [2026-01-20T03:32:52.317+0000] {dag.py:3089} INFO - Sync 1 DAGs
[2026-01-20T03:32:52.339+0000] {logging_mixin.py:188} INFO - [2026-01-20T03:32:52.339+0000] {dag.py:3947} INFO - Setting next_dagrun for pipeline_scheduled to 2026-01-20 03:00:00+00:00, run_after=2026-01-20 04:00:00+00:00
[2026-01-20T03:32:52.362+0000] {processor.py:183} INFO - Processing /opt/airflow/dags/pipeline_scheduled.py took 0.106 seconds
[2026-01-20T03:33:22.646+0000] {processor.py:161} INFO - Started process (PID=20466) to work on /opt/airflow/dags/pipeline_scheduled.py
[2026-01-20T03:33:22.647+0000] {processor.py:830} INFO - Processing file /opt/airflow/dags/pipeline_scheduled.py for tasks to queue
[2026-01-20T03:33:22.650+0000] {logging_mixin.py:188} INFO - [2026-01-20T03:33:22.650+0000] {dagbag.py:545} INFO - Filling up the DagBag from /opt/airflow/dags/pipeline_scheduled.py
[2026-01-20T03:33:22.673+0000] {processor.py:840} INFO - DAG(s) 'pipeline_scheduled' retrieved from /opt/airflow/dags/pipeline_scheduled.py
[2026-01-20T03:33:22.702+0000] {logging_mixin.py:188} INFO - [2026-01-20T03:33:22.702+0000] {dag.py:3089} INFO - Sync 1 DAGs
[2026-01-20T03:33:22.723+0000] {logging_mixin.py:188} INFO - [2026-01-20T03:33:22.723+0000] {dag.py:3947} INFO - Setting next_dagrun for pipeline_scheduled to 2026-01-20 03:00:00+00:00, run_after=2026-01-20 04:00:00+00:00
[2026-01-20T03:33:22.927+0000] {processor.py:183} INFO - Processing /opt/airflow/dags/pipeline_scheduled.py took 0.287 seconds
[2026-01-20T03:33:53.216+0000] {processor.py:161} INFO - Started process (PID=20476) to work on /opt/airflow/dags/pipeline_scheduled.py
[2026-01-20T03:33:53.218+0000] {processor.py:830} INFO - Processing file /opt/airflow/dags/pipeline_scheduled.py for tasks to queue
[2026-01-20T03:33:53.221+0000] {logging_mixin.py:188} INFO - [2026-01-20T03:33:53.221+0000] {dagbag.py:545} INFO - Filling up the DagBag from /opt/airflow/dags/pipeline_scheduled.py
[2026-01-20T03:33:53.243+0000] {processor.py:840} INFO - DAG(s) 'pipeline_scheduled' retrieved from /opt/airflow/dags/pipeline_scheduled.py
[2026-01-20T03:33:53.274+0000] {logging_mixin.py:188} INFO - [2026-01-20T03:33:53.274+0000] {dag.py:3089} INFO - Sync 1 DAGs
[2026-01-20T03:33:53.453+0000] {logging_mixin.py:188} INFO - [2026-01-20T03:33:53.453+0000] {dag.py:3947} INFO - Setting next_dagrun for pipeline_scheduled to 2026-01-20 03:00:00+00:00, run_after=2026-01-20 04:00:00+00:00
[2026-01-20T03:33:53.470+0000] {processor.py:183} INFO - Processing /opt/airflow/dags/pipeline_scheduled.py took 0.260 seconds
[2026-01-20T03:34:23.742+0000] {processor.py:161} INFO - Started process (PID=20486) to work on /opt/airflow/dags/pipeline_scheduled.py
[2026-01-20T03:34:23.744+0000] {processor.py:830} INFO - Processing file /opt/airflow/dags/pipeline_scheduled.py for tasks to queue
[2026-01-20T03:34:23.746+0000] {logging_mixin.py:188} INFO - [2026-01-20T03:34:23.745+0000] {dagbag.py:545} INFO - Filling up the DagBag from /opt/airflow/dags/pipeline_scheduled.py
[2026-01-20T03:34:23.769+0000] {processor.py:840} INFO - DAG(s) 'pipeline_scheduled' retrieved from /opt/airflow/dags/pipeline_scheduled.py
[2026-01-20T03:34:23.979+0000] {logging_mixin.py:188} INFO - [2026-01-20T03:34:23.979+0000] {dag.py:3089} INFO - Sync 1 DAGs
[2026-01-20T03:34:23.996+0000] {logging_mixin.py:188} INFO - [2026-01-20T03:34:23.996+0000] {dag.py:3947} INFO - Setting next_dagrun for pipeline_scheduled to 2026-01-20 03:00:00+00:00, run_after=2026-01-20 04:00:00+00:00
[2026-01-20T03:34:24.012+0000] {processor.py:183} INFO - Processing /opt/airflow/dags/pipeline_scheduled.py took 0.276 seconds
[2026-01-20T03:34:54.285+0000] {processor.py:161} INFO - Started process (PID=20496) to work on /opt/airflow/dags/pipeline_scheduled.py
[2026-01-20T03:34:54.287+0000] {processor.py:830} INFO - Processing file /opt/airflow/dags/pipeline_scheduled.py for tasks to queue
[2026-01-20T03:34:54.289+0000] {logging_mixin.py:188} INFO - [2026-01-20T03:34:54.288+0000] {dagbag.py:545} INFO - Filling up the DagBag from /opt/airflow/dags/pipeline_scheduled.py
[2026-01-20T03:34:54.313+0000] {processor.py:840} INFO - DAG(s) 'pipeline_scheduled' retrieved from /opt/airflow/dags/pipeline_scheduled.py
[2026-01-20T03:34:54.347+0000] {logging_mixin.py:188} INFO - [2026-01-20T03:34:54.347+0000] {dag.py:3089} INFO - Sync 1 DAGs
[2026-01-20T03:34:54.370+0000] {logging_mixin.py:188} INFO - [2026-01-20T03:34:54.370+0000] {dag.py:3947} INFO - Setting next_dagrun for pipeline_scheduled to 2026-01-20 03:00:00+00:00, run_after=2026-01-20 04:00:00+00:00
[2026-01-20T03:34:54.392+0000] {processor.py:183} INFO - Processing /opt/airflow/dags/pipeline_scheduled.py took 0.114 seconds
[2026-01-20T03:35:24.656+0000] {processor.py:161} INFO - Started process (PID=20506) to work on /opt/airflow/dags/pipeline_scheduled.py
[2026-01-20T03:35:24.658+0000] {processor.py:830} INFO - Processing file /opt/airflow/dags/pipeline_scheduled.py for tasks to queue
[2026-01-20T03:35:24.660+0000] {logging_mixin.py:188} INFO - [2026-01-20T03:35:24.659+0000] {dagbag.py:545} INFO - Filling up the DagBag from /opt/airflow/dags/pipeline_scheduled.py
[2026-01-20T03:35:24.684+0000] {processor.py:840} INFO - DAG(s) 'pipeline_scheduled' retrieved from /opt/airflow/dags/pipeline_scheduled.py
[2026-01-20T03:35:24.714+0000] {logging_mixin.py:188} INFO - [2026-01-20T03:35:24.713+0000] {dag.py:3089} INFO - Sync 1 DAGs
[2026-01-20T03:35:24.736+0000] {logging_mixin.py:188} INFO - [2026-01-20T03:35:24.736+0000] {dag.py:3947} INFO - Setting next_dagrun for pipeline_scheduled to 2026-01-20 03:00:00+00:00, run_after=2026-01-20 04:00:00+00:00
[2026-01-20T03:35:24.758+0000] {processor.py:183} INFO - Processing /opt/airflow/dags/pipeline_scheduled.py took 0.108 seconds
[2026-01-20T03:35:55.015+0000] {processor.py:161} INFO - Started process (PID=20516) to work on /opt/airflow/dags/pipeline_scheduled.py
[2026-01-20T03:35:55.017+0000] {processor.py:830} INFO - Processing file /opt/airflow/dags/pipeline_scheduled.py for tasks to queue
[2026-01-20T03:35:55.019+0000] {logging_mixin.py:188} INFO - [2026-01-20T03:35:55.018+0000] {dagbag.py:545} INFO - Filling up the DagBag from /opt/airflow/dags/pipeline_scheduled.py
[2026-01-20T03:35:55.042+0000] {processor.py:840} INFO - DAG(s) 'pipeline_scheduled' retrieved from /opt/airflow/dags/pipeline_scheduled.py
[2026-01-20T03:35:55.070+0000] {logging_mixin.py:188} INFO - [2026-01-20T03:35:55.070+0000] {dag.py:3089} INFO - Sync 1 DAGs
[2026-01-20T03:35:55.091+0000] {logging_mixin.py:188} INFO - [2026-01-20T03:35:55.091+0000] {dag.py:3947} INFO - Setting next_dagrun for pipeline_scheduled to 2026-01-20 03:00:00+00:00, run_after=2026-01-20 04:00:00+00:00
[2026-01-20T03:35:55.290+0000] {processor.py:183} INFO - Processing /opt/airflow/dags/pipeline_scheduled.py took 0.280 seconds
[2026-01-20T03:36:25.562+0000] {processor.py:161} INFO - Started process (PID=20526) to work on /opt/airflow/dags/pipeline_scheduled.py
[2026-01-20T03:36:25.563+0000] {processor.py:830} INFO - Processing file /opt/airflow/dags/pipeline_scheduled.py for tasks to queue
[2026-01-20T03:36:25.565+0000] {logging_mixin.py:188} INFO - [2026-01-20T03:36:25.565+0000] {dagbag.py:545} INFO - Filling up the DagBag from /opt/airflow/dags/pipeline_scheduled.py
[2026-01-20T03:36:25.589+0000] {processor.py:840} INFO - DAG(s) 'pipeline_scheduled' retrieved from /opt/airflow/dags/pipeline_scheduled.py
[2026-01-20T03:36:25.624+0000] {logging_mixin.py:188} INFO - [2026-01-20T03:36:25.624+0000] {dag.py:3089} INFO - Sync 1 DAGs
[2026-01-20T03:36:25.829+0000] {logging_mixin.py:188} INFO - [2026-01-20T03:36:25.829+0000] {dag.py:3947} INFO - Setting next_dagrun for pipeline_scheduled to 2026-01-20 03:00:00+00:00, run_after=2026-01-20 04:00:00+00:00
[2026-01-20T03:36:25.848+0000] {processor.py:183} INFO - Processing /opt/airflow/dags/pipeline_scheduled.py took 0.293 seconds
[2026-01-20T03:36:56.137+0000] {processor.py:161} INFO - Started process (PID=20536) to work on /opt/airflow/dags/pipeline_scheduled.py
[2026-01-20T03:36:56.139+0000] {processor.py:830} INFO - Processing file /opt/airflow/dags/pipeline_scheduled.py for tasks to queue
[2026-01-20T03:36:56.141+0000] {logging_mixin.py:188} INFO - [2026-01-20T03:36:56.141+0000] {dagbag.py:545} INFO - Filling up the DagBag from /opt/airflow/dags/pipeline_scheduled.py
[2026-01-20T03:36:56.166+0000] {processor.py:840} INFO - DAG(s) 'pipeline_scheduled' retrieved from /opt/airflow/dags/pipeline_scheduled.py
[2026-01-20T03:36:56.205+0000] {logging_mixin.py:188} INFO - [2026-01-20T03:36:56.205+0000] {dag.py:3089} INFO - Sync 1 DAGs
[2026-01-20T03:36:56.388+0000] {logging_mixin.py:188} INFO - [2026-01-20T03:36:56.387+0000] {dag.py:3947} INFO - Setting next_dagrun for pipeline_scheduled to 2026-01-20 03:00:00+00:00, run_after=2026-01-20 04:00:00+00:00
[2026-01-20T03:36:56.407+0000] {processor.py:183} INFO - Processing /opt/airflow/dags/pipeline_scheduled.py took 0.280 seconds
[2026-01-20T03:37:26.702+0000] {processor.py:161} INFO - Started process (PID=20546) to work on /opt/airflow/dags/pipeline_scheduled.py
[2026-01-20T03:37:26.703+0000] {processor.py:830} INFO - Processing file /opt/airflow/dags/pipeline_scheduled.py for tasks to queue
[2026-01-20T03:37:26.706+0000] {logging_mixin.py:188} INFO - [2026-01-20T03:37:26.706+0000] {dagbag.py:545} INFO - Filling up the DagBag from /opt/airflow/dags/pipeline_scheduled.py
[2026-01-20T03:37:26.732+0000] {processor.py:840} INFO - DAG(s) 'pipeline_scheduled' retrieved from /opt/airflow/dags/pipeline_scheduled.py
[2026-01-20T03:37:26.950+0000] {logging_mixin.py:188} INFO - [2026-01-20T03:37:26.950+0000] {dag.py:3089} INFO - Sync 1 DAGs
[2026-01-20T03:37:26.969+0000] {logging_mixin.py:188} INFO - [2026-01-20T03:37:26.969+0000] {dag.py:3947} INFO - Setting next_dagrun for pipeline_scheduled to 2026-01-20 03:00:00+00:00, run_after=2026-01-20 04:00:00+00:00
[2026-01-20T03:37:26.986+0000] {processor.py:183} INFO - Processing /opt/airflow/dags/pipeline_scheduled.py took 0.293 seconds
[2026-01-20T03:37:57.069+0000] {processor.py:161} INFO - Started process (PID=20556) to work on /opt/airflow/dags/pipeline_scheduled.py
[2026-01-20T03:37:57.071+0000] {processor.py:830} INFO - Processing file /opt/airflow/dags/pipeline_scheduled.py for tasks to queue
[2026-01-20T03:37:57.073+0000] {logging_mixin.py:188} INFO - [2026-01-20T03:37:57.073+0000] {dagbag.py:545} INFO - Filling up the DagBag from /opt/airflow/dags/pipeline_scheduled.py
[2026-01-20T03:37:57.097+0000] {processor.py:840} INFO - DAG(s) 'pipeline_scheduled' retrieved from /opt/airflow/dags/pipeline_scheduled.py
[2026-01-20T03:37:57.132+0000] {logging_mixin.py:188} INFO - [2026-01-20T03:37:57.131+0000] {dag.py:3089} INFO - Sync 1 DAGs
[2026-01-20T03:37:57.155+0000] {logging_mixin.py:188} INFO - [2026-01-20T03:37:57.155+0000] {dag.py:3947} INFO - Setting next_dagrun for pipeline_scheduled to 2026-01-20 03:00:00+00:00, run_after=2026-01-20 04:00:00+00:00
[2026-01-20T03:37:57.178+0000] {processor.py:183} INFO - Processing /opt/airflow/dags/pipeline_scheduled.py took 0.115 seconds
[2026-01-20T03:38:27.464+0000] {processor.py:161} INFO - Started process (PID=20566) to work on /opt/airflow/dags/pipeline_scheduled.py
[2026-01-20T03:38:27.465+0000] {processor.py:830} INFO - Processing file /opt/airflow/dags/pipeline_scheduled.py for tasks to queue
[2026-01-20T03:38:27.467+0000] {logging_mixin.py:188} INFO - [2026-01-20T03:38:27.467+0000] {dagbag.py:545} INFO - Filling up the DagBag from /opt/airflow/dags/pipeline_scheduled.py
[2026-01-20T03:38:27.491+0000] {processor.py:840} INFO - DAG(s) 'pipeline_scheduled' retrieved from /opt/airflow/dags/pipeline_scheduled.py
[2026-01-20T03:38:27.526+0000] {logging_mixin.py:188} INFO - [2026-01-20T03:38:27.526+0000] {dag.py:3089} INFO - Sync 1 DAGs
[2026-01-20T03:38:27.551+0000] {logging_mixin.py:188} INFO - [2026-01-20T03:38:27.551+0000] {dag.py:3947} INFO - Setting next_dagrun for pipeline_scheduled to 2026-01-20 03:00:00+00:00, run_after=2026-01-20 04:00:00+00:00
[2026-01-20T03:38:27.571+0000] {processor.py:183} INFO - Processing /opt/airflow/dags/pipeline_scheduled.py took 0.114 seconds
[2026-01-20T03:38:57.901+0000] {processor.py:161} INFO - Started process (PID=20576) to work on /opt/airflow/dags/pipeline_scheduled.py
[2026-01-20T03:38:57.903+0000] {processor.py:830} INFO - Processing file /opt/airflow/dags/pipeline_scheduled.py for tasks to queue
[2026-01-20T03:38:57.906+0000] {logging_mixin.py:188} INFO - [2026-01-20T03:38:57.906+0000] {dagbag.py:545} INFO - Filling up the DagBag from /opt/airflow/dags/pipeline_scheduled.py
[2026-01-20T03:38:57.929+0000] {processor.py:840} INFO - DAG(s) 'pipeline_scheduled' retrieved from /opt/airflow/dags/pipeline_scheduled.py
[2026-01-20T03:38:57.968+0000] {logging_mixin.py:188} INFO - [2026-01-20T03:38:57.968+0000] {dag.py:3089} INFO - Sync 1 DAGs
[2026-01-20T03:38:57.995+0000] {logging_mixin.py:188} INFO - [2026-01-20T03:38:57.995+0000] {dag.py:3947} INFO - Setting next_dagrun for pipeline_scheduled to 2026-01-20 03:00:00+00:00, run_after=2026-01-20 04:00:00+00:00
[2026-01-20T03:38:58.205+0000] {processor.py:183} INFO - Processing /opt/airflow/dags/pipeline_scheduled.py took 0.310 seconds
[2026-01-20T03:39:28.479+0000] {processor.py:161} INFO - Started process (PID=20586) to work on /opt/airflow/dags/pipeline_scheduled.py
[2026-01-20T03:39:28.481+0000] {processor.py:830} INFO - Processing file /opt/airflow/dags/pipeline_scheduled.py for tasks to queue
[2026-01-20T03:39:28.483+0000] {logging_mixin.py:188} INFO - [2026-01-20T03:39:28.483+0000] {dagbag.py:545} INFO - Filling up the DagBag from /opt/airflow/dags/pipeline_scheduled.py
[2026-01-20T03:39:28.509+0000] {processor.py:840} INFO - DAG(s) 'pipeline_scheduled' retrieved from /opt/airflow/dags/pipeline_scheduled.py
[2026-01-20T03:39:28.550+0000] {logging_mixin.py:188} INFO - [2026-01-20T03:39:28.549+0000] {dag.py:3089} INFO - Sync 1 DAGs
[2026-01-20T03:39:28.770+0000] {logging_mixin.py:188} INFO - [2026-01-20T03:39:28.770+0000] {dag.py:3947} INFO - Setting next_dagrun for pipeline_scheduled to 2026-01-20 03:00:00+00:00, run_after=2026-01-20 04:00:00+00:00
[2026-01-20T03:39:28.788+0000] {processor.py:183} INFO - Processing /opt/airflow/dags/pipeline_scheduled.py took 0.317 seconds
[2026-01-20T03:39:59.051+0000] {processor.py:161} INFO - Started process (PID=20596) to work on /opt/airflow/dags/pipeline_scheduled.py
[2026-01-20T03:39:59.052+0000] {processor.py:830} INFO - Processing file /opt/airflow/dags/pipeline_scheduled.py for tasks to queue
[2026-01-20T03:39:59.055+0000] {logging_mixin.py:188} INFO - [2026-01-20T03:39:59.055+0000] {dagbag.py:545} INFO - Filling up the DagBag from /opt/airflow/dags/pipeline_scheduled.py
[2026-01-20T03:39:59.079+0000] {processor.py:840} INFO - DAG(s) 'pipeline_scheduled' retrieved from /opt/airflow/dags/pipeline_scheduled.py
[2026-01-20T03:39:59.318+0000] {logging_mixin.py:188} INFO - [2026-01-20T03:39:59.318+0000] {dag.py:3089} INFO - Sync 1 DAGs
[2026-01-20T03:39:59.336+0000] {logging_mixin.py:188} INFO - [2026-01-20T03:39:59.336+0000] {dag.py:3947} INFO - Setting next_dagrun for pipeline_scheduled to 2026-01-20 03:00:00+00:00, run_after=2026-01-20 04:00:00+00:00
[2026-01-20T03:39:59.353+0000] {processor.py:183} INFO - Processing /opt/airflow/dags/pipeline_scheduled.py took 0.309 seconds
[2026-01-20T03:40:29.483+0000] {processor.py:161} INFO - Started process (PID=20606) to work on /opt/airflow/dags/pipeline_scheduled.py
[2026-01-20T03:40:29.485+0000] {processor.py:830} INFO - Processing file /opt/airflow/dags/pipeline_scheduled.py for tasks to queue
[2026-01-20T03:40:29.488+0000] {logging_mixin.py:188} INFO - [2026-01-20T03:40:29.488+0000] {dagbag.py:545} INFO - Filling up the DagBag from /opt/airflow/dags/pipeline_scheduled.py
[2026-01-20T03:40:29.517+0000] {processor.py:840} INFO - DAG(s) 'pipeline_scheduled' retrieved from /opt/airflow/dags/pipeline_scheduled.py
[2026-01-20T03:40:29.559+0000] {logging_mixin.py:188} INFO - [2026-01-20T03:40:29.559+0000] {dag.py:3089} INFO - Sync 1 DAGs
[2026-01-20T03:40:29.586+0000] {logging_mixin.py:188} INFO - [2026-01-20T03:40:29.586+0000] {dag.py:3947} INFO - Setting next_dagrun for pipeline_scheduled to 2026-01-20 03:00:00+00:00, run_after=2026-01-20 04:00:00+00:00
[2026-01-20T03:40:29.608+0000] {processor.py:183} INFO - Processing /opt/airflow/dags/pipeline_scheduled.py took 0.135 seconds
[2026-01-20T03:40:59.882+0000] {processor.py:161} INFO - Started process (PID=20616) to work on /opt/airflow/dags/pipeline_scheduled.py
[2026-01-20T03:40:59.884+0000] {processor.py:830} INFO - Processing file /opt/airflow/dags/pipeline_scheduled.py for tasks to queue
[2026-01-20T03:40:59.887+0000] {logging_mixin.py:188} INFO - [2026-01-20T03:40:59.886+0000] {dagbag.py:545} INFO - Filling up the DagBag from /opt/airflow/dags/pipeline_scheduled.py
[2026-01-20T03:40:59.910+0000] {processor.py:840} INFO - DAG(s) 'pipeline_scheduled' retrieved from /opt/airflow/dags/pipeline_scheduled.py
[2026-01-20T03:40:59.944+0000] {logging_mixin.py:188} INFO - [2026-01-20T03:40:59.944+0000] {dag.py:3089} INFO - Sync 1 DAGs
[2026-01-20T03:40:59.969+0000] {logging_mixin.py:188} INFO - [2026-01-20T03:40:59.969+0000] {dag.py:3947} INFO - Setting next_dagrun for pipeline_scheduled to 2026-01-20 03:00:00+00:00, run_after=2026-01-20 04:00:00+00:00
[2026-01-20T03:40:59.992+0000] {processor.py:183} INFO - Processing /opt/airflow/dags/pipeline_scheduled.py took 0.116 seconds
[2026-01-20T03:41:30.293+0000] {processor.py:161} INFO - Started process (PID=20626) to work on /opt/airflow/dags/pipeline_scheduled.py
[2026-01-20T03:41:30.295+0000] {processor.py:830} INFO - Processing file /opt/airflow/dags/pipeline_scheduled.py for tasks to queue
[2026-01-20T03:41:30.298+0000] {logging_mixin.py:188} INFO - [2026-01-20T03:41:30.297+0000] {dagbag.py:545} INFO - Filling up the DagBag from /opt/airflow/dags/pipeline_scheduled.py
[2026-01-20T03:41:30.321+0000] {processor.py:840} INFO - DAG(s) 'pipeline_scheduled' retrieved from /opt/airflow/dags/pipeline_scheduled.py
[2026-01-20T03:41:30.358+0000] {logging_mixin.py:188} INFO - [2026-01-20T03:41:30.357+0000] {dag.py:3089} INFO - Sync 1 DAGs
[2026-01-20T03:41:30.382+0000] {logging_mixin.py:188} INFO - [2026-01-20T03:41:30.381+0000] {dag.py:3947} INFO - Setting next_dagrun for pipeline_scheduled to 2026-01-20 03:00:00+00:00, run_after=2026-01-20 04:00:00+00:00
[2026-01-20T03:41:30.404+0000] {processor.py:183} INFO - Processing /opt/airflow/dags/pipeline_scheduled.py took 0.121 seconds
[2026-01-20T03:42:00.672+0000] {processor.py:161} INFO - Started process (PID=20636) to work on /opt/airflow/dags/pipeline_scheduled.py
[2026-01-20T03:42:00.674+0000] {processor.py:830} INFO - Processing file /opt/airflow/dags/pipeline_scheduled.py for tasks to queue
[2026-01-20T03:42:00.676+0000] {logging_mixin.py:188} INFO - [2026-01-20T03:42:00.675+0000] {dagbag.py:545} INFO - Filling up the DagBag from /opt/airflow/dags/pipeline_scheduled.py
[2026-01-20T03:42:00.699+0000] {processor.py:840} INFO - DAG(s) 'pipeline_scheduled' retrieved from /opt/airflow/dags/pipeline_scheduled.py
[2026-01-20T03:42:00.735+0000] {logging_mixin.py:188} INFO - [2026-01-20T03:42:00.734+0000] {dag.py:3089} INFO - Sync 1 DAGs
[2026-01-20T03:42:00.758+0000] {logging_mixin.py:188} INFO - [2026-01-20T03:42:00.758+0000] {dag.py:3947} INFO - Setting next_dagrun for pipeline_scheduled to 2026-01-20 03:00:00+00:00, run_after=2026-01-20 04:00:00+00:00
[2026-01-20T03:42:00.967+0000] {processor.py:183} INFO - Processing /opt/airflow/dags/pipeline_scheduled.py took 0.302 seconds
[2026-01-20T03:42:31.244+0000] {processor.py:161} INFO - Started process (PID=20646) to work on /opt/airflow/dags/pipeline_scheduled.py
[2026-01-20T03:42:31.246+0000] {processor.py:830} INFO - Processing file /opt/airflow/dags/pipeline_scheduled.py for tasks to queue
[2026-01-20T03:42:31.249+0000] {logging_mixin.py:188} INFO - [2026-01-20T03:42:31.248+0000] {dagbag.py:545} INFO - Filling up the DagBag from /opt/airflow/dags/pipeline_scheduled.py
[2026-01-20T03:42:31.272+0000] {processor.py:840} INFO - DAG(s) 'pipeline_scheduled' retrieved from /opt/airflow/dags/pipeline_scheduled.py
[2026-01-20T03:42:31.307+0000] {logging_mixin.py:188} INFO - [2026-01-20T03:42:31.307+0000] {dag.py:3089} INFO - Sync 1 DAGs
[2026-01-20T03:42:31.504+0000] {logging_mixin.py:188} INFO - [2026-01-20T03:42:31.503+0000] {dag.py:3947} INFO - Setting next_dagrun for pipeline_scheduled to 2026-01-20 03:00:00+00:00, run_after=2026-01-20 04:00:00+00:00
[2026-01-20T03:42:31.522+0000] {processor.py:183} INFO - Processing /opt/airflow/dags/pipeline_scheduled.py took 0.284 seconds
[2026-01-20T03:43:01.798+0000] {processor.py:161} INFO - Started process (PID=20656) to work on /opt/airflow/dags/pipeline_scheduled.py
[2026-01-20T03:43:01.800+0000] {processor.py:830} INFO - Processing file /opt/airflow/dags/pipeline_scheduled.py for tasks to queue
[2026-01-20T03:43:01.803+0000] {logging_mixin.py:188} INFO - [2026-01-20T03:43:01.802+0000] {dagbag.py:545} INFO - Filling up the DagBag from /opt/airflow/dags/pipeline_scheduled.py
[2026-01-20T03:43:01.826+0000] {processor.py:840} INFO - DAG(s) 'pipeline_scheduled' retrieved from /opt/airflow/dags/pipeline_scheduled.py
[2026-01-20T03:43:02.042+0000] {logging_mixin.py:188} INFO - [2026-01-20T03:43:02.042+0000] {dag.py:3089} INFO - Sync 1 DAGs
[2026-01-20T03:43:02.061+0000] {logging_mixin.py:188} INFO - [2026-01-20T03:43:02.060+0000] {dag.py:3947} INFO - Setting next_dagrun for pipeline_scheduled to 2026-01-20 03:00:00+00:00, run_after=2026-01-20 04:00:00+00:00
[2026-01-20T03:43:02.080+0000] {processor.py:183} INFO - Processing /opt/airflow/dags/pipeline_scheduled.py took 0.289 seconds
[2026-01-20T03:43:32.353+0000] {processor.py:161} INFO - Started process (PID=20666) to work on /opt/airflow/dags/pipeline_scheduled.py
[2026-01-20T03:43:32.355+0000] {processor.py:830} INFO - Processing file /opt/airflow/dags/pipeline_scheduled.py for tasks to queue
[2026-01-20T03:43:32.357+0000] {logging_mixin.py:188} INFO - [2026-01-20T03:43:32.356+0000] {dagbag.py:545} INFO - Filling up the DagBag from /opt/airflow/dags/pipeline_scheduled.py
[2026-01-20T03:43:32.381+0000] {processor.py:840} INFO - DAG(s) 'pipeline_scheduled' retrieved from /opt/airflow/dags/pipeline_scheduled.py
[2026-01-20T03:43:32.415+0000] {logging_mixin.py:188} INFO - [2026-01-20T03:43:32.415+0000] {dag.py:3089} INFO - Sync 1 DAGs
[2026-01-20T03:43:32.438+0000] {logging_mixin.py:188} INFO - [2026-01-20T03:43:32.438+0000] {dag.py:3947} INFO - Setting next_dagrun for pipeline_scheduled to 2026-01-20 03:00:00+00:00, run_after=2026-01-20 04:00:00+00:00
[2026-01-20T03:43:32.459+0000] {processor.py:183} INFO - Processing /opt/airflow/dags/pipeline_scheduled.py took 0.112 seconds
[2026-01-20T03:44:02.717+0000] {processor.py:161} INFO - Started process (PID=20676) to work on /opt/airflow/dags/pipeline_scheduled.py
[2026-01-20T03:44:02.718+0000] {processor.py:830} INFO - Processing file /opt/airflow/dags/pipeline_scheduled.py for tasks to queue
[2026-01-20T03:44:02.722+0000] {logging_mixin.py:188} INFO - [2026-01-20T03:44:02.721+0000] {dagbag.py:545} INFO - Filling up the DagBag from /opt/airflow/dags/pipeline_scheduled.py
[2026-01-20T03:44:02.745+0000] {processor.py:840} INFO - DAG(s) 'pipeline_scheduled' retrieved from /opt/airflow/dags/pipeline_scheduled.py
[2026-01-20T03:44:02.780+0000] {logging_mixin.py:188} INFO - [2026-01-20T03:44:02.780+0000] {dag.py:3089} INFO - Sync 1 DAGs
[2026-01-20T03:44:02.804+0000] {logging_mixin.py:188} INFO - [2026-01-20T03:44:02.803+0000] {dag.py:3947} INFO - Setting next_dagrun for pipeline_scheduled to 2026-01-20 03:00:00+00:00, run_after=2026-01-20 04:00:00+00:00
[2026-01-20T03:44:02.825+0000] {processor.py:183} INFO - Processing /opt/airflow/dags/pipeline_scheduled.py took 0.115 seconds
[2026-01-20T03:44:33.077+0000] {processor.py:161} INFO - Started process (PID=20686) to work on /opt/airflow/dags/pipeline_scheduled.py
[2026-01-20T03:44:33.079+0000] {processor.py:830} INFO - Processing file /opt/airflow/dags/pipeline_scheduled.py for tasks to queue
[2026-01-20T03:44:33.081+0000] {logging_mixin.py:188} INFO - [2026-01-20T03:44:33.081+0000] {dagbag.py:545} INFO - Filling up the DagBag from /opt/airflow/dags/pipeline_scheduled.py
[2026-01-20T03:44:33.103+0000] {processor.py:840} INFO - DAG(s) 'pipeline_scheduled' retrieved from /opt/airflow/dags/pipeline_scheduled.py
[2026-01-20T03:44:33.133+0000] {logging_mixin.py:188} INFO - [2026-01-20T03:44:33.132+0000] {dag.py:3089} INFO - Sync 1 DAGs
[2026-01-20T03:44:33.153+0000] {logging_mixin.py:188} INFO - [2026-01-20T03:44:33.153+0000] {dag.py:3947} INFO - Setting next_dagrun for pipeline_scheduled to 2026-01-20 03:00:00+00:00, run_after=2026-01-20 04:00:00+00:00
[2026-01-20T03:44:33.173+0000] {processor.py:183} INFO - Processing /opt/airflow/dags/pipeline_scheduled.py took 0.102 seconds
[2026-01-20T03:45:03.465+0000] {processor.py:161} INFO - Started process (PID=20696) to work on /opt/airflow/dags/pipeline_scheduled.py
[2026-01-20T03:45:03.467+0000] {processor.py:830} INFO - Processing file /opt/airflow/dags/pipeline_scheduled.py for tasks to queue
[2026-01-20T03:45:03.469+0000] {logging_mixin.py:188} INFO - [2026-01-20T03:45:03.469+0000] {dagbag.py:545} INFO - Filling up the DagBag from /opt/airflow/dags/pipeline_scheduled.py
[2026-01-20T03:45:03.493+0000] {processor.py:840} INFO - DAG(s) 'pipeline_scheduled' retrieved from /opt/airflow/dags/pipeline_scheduled.py
[2026-01-20T03:45:03.528+0000] {logging_mixin.py:188} INFO - [2026-01-20T03:45:03.528+0000] {dag.py:3089} INFO - Sync 1 DAGs
[2026-01-20T03:45:03.728+0000] {logging_mixin.py:188} INFO - [2026-01-20T03:45:03.727+0000] {dag.py:3947} INFO - Setting next_dagrun for pipeline_scheduled to 2026-01-20 03:00:00+00:00, run_after=2026-01-20 04:00:00+00:00
[2026-01-20T03:45:03.746+0000] {processor.py:183} INFO - Processing /opt/airflow/dags/pipeline_scheduled.py took 0.287 seconds
[2026-01-20T03:45:34.036+0000] {processor.py:161} INFO - Started process (PID=20706) to work on /opt/airflow/dags/pipeline_scheduled.py
[2026-01-20T03:45:34.038+0000] {processor.py:830} INFO - Processing file /opt/airflow/dags/pipeline_scheduled.py for tasks to queue
[2026-01-20T03:45:34.040+0000] {logging_mixin.py:188} INFO - [2026-01-20T03:45:34.039+0000] {dagbag.py:545} INFO - Filling up the DagBag from /opt/airflow/dags/pipeline_scheduled.py
[2026-01-20T03:45:34.062+0000] {processor.py:840} INFO - DAG(s) 'pipeline_scheduled' retrieved from /opt/airflow/dags/pipeline_scheduled.py
[2026-01-20T03:45:34.099+0000] {logging_mixin.py:188} INFO - [2026-01-20T03:45:34.098+0000] {dag.py:3089} INFO - Sync 1 DAGs
[2026-01-20T03:45:34.292+0000] {logging_mixin.py:188} INFO - [2026-01-20T03:45:34.292+0000] {dag.py:3947} INFO - Setting next_dagrun for pipeline_scheduled to 2026-01-20 03:00:00+00:00, run_after=2026-01-20 04:00:00+00:00
[2026-01-20T03:45:34.310+0000] {processor.py:183} INFO - Processing /opt/airflow/dags/pipeline_scheduled.py took 0.280 seconds
[2026-01-20T03:46:04.600+0000] {processor.py:161} INFO - Started process (PID=20716) to work on /opt/airflow/dags/pipeline_scheduled.py
[2026-01-20T03:46:04.601+0000] {processor.py:830} INFO - Processing file /opt/airflow/dags/pipeline_scheduled.py for tasks to queue
[2026-01-20T03:46:04.603+0000] {logging_mixin.py:188} INFO - [2026-01-20T03:46:04.603+0000] {dagbag.py:545} INFO - Filling up the DagBag from /opt/airflow/dags/pipeline_scheduled.py
[2026-01-20T03:46:04.629+0000] {processor.py:840} INFO - DAG(s) 'pipeline_scheduled' retrieved from /opt/airflow/dags/pipeline_scheduled.py
[2026-01-20T03:46:04.870+0000] {logging_mixin.py:188} INFO - [2026-01-20T03:46:04.869+0000] {dag.py:3089} INFO - Sync 1 DAGs
[2026-01-20T03:46:04.886+0000] {logging_mixin.py:188} INFO - [2026-01-20T03:46:04.886+0000] {dag.py:3947} INFO - Setting next_dagrun for pipeline_scheduled to 2026-01-20 03:00:00+00:00, run_after=2026-01-20 04:00:00+00:00
[2026-01-20T03:46:04.900+0000] {processor.py:183} INFO - Processing /opt/airflow/dags/pipeline_scheduled.py took 0.307 seconds
[2026-01-20T03:46:35.218+0000] {processor.py:161} INFO - Started process (PID=20726) to work on /opt/airflow/dags/pipeline_scheduled.py
[2026-01-20T03:46:35.220+0000] {processor.py:830} INFO - Processing file /opt/airflow/dags/pipeline_scheduled.py for tasks to queue
[2026-01-20T03:46:35.222+0000] {logging_mixin.py:188} INFO - [2026-01-20T03:46:35.222+0000] {dagbag.py:545} INFO - Filling up the DagBag from /opt/airflow/dags/pipeline_scheduled.py
[2026-01-20T03:46:35.248+0000] {processor.py:840} INFO - DAG(s) 'pipeline_scheduled' retrieved from /opt/airflow/dags/pipeline_scheduled.py
[2026-01-20T03:46:35.283+0000] {logging_mixin.py:188} INFO - [2026-01-20T03:46:35.283+0000] {dag.py:3089} INFO - Sync 1 DAGs
[2026-01-20T03:46:35.306+0000] {logging_mixin.py:188} INFO - [2026-01-20T03:46:35.306+0000] {dag.py:3947} INFO - Setting next_dagrun for pipeline_scheduled to 2026-01-20 03:00:00+00:00, run_after=2026-01-20 04:00:00+00:00
[2026-01-20T03:46:35.326+0000] {processor.py:183} INFO - Processing /opt/airflow/dags/pipeline_scheduled.py took 0.117 seconds
[2026-01-20T03:47:05.602+0000] {processor.py:161} INFO - Started process (PID=20736) to work on /opt/airflow/dags/pipeline_scheduled.py
[2026-01-20T03:47:05.603+0000] {processor.py:830} INFO - Processing file /opt/airflow/dags/pipeline_scheduled.py for tasks to queue
[2026-01-20T03:47:05.605+0000] {logging_mixin.py:188} INFO - [2026-01-20T03:47:05.605+0000] {dagbag.py:545} INFO - Filling up the DagBag from /opt/airflow/dags/pipeline_scheduled.py
[2026-01-20T03:47:05.630+0000] {processor.py:840} INFO - DAG(s) 'pipeline_scheduled' retrieved from /opt/airflow/dags/pipeline_scheduled.py
[2026-01-20T03:47:05.666+0000] {logging_mixin.py:188} INFO - [2026-01-20T03:47:05.665+0000] {dag.py:3089} INFO - Sync 1 DAGs
[2026-01-20T03:47:05.692+0000] {logging_mixin.py:188} INFO - [2026-01-20T03:47:05.692+0000] {dag.py:3947} INFO - Setting next_dagrun for pipeline_scheduled to 2026-01-20 03:00:00+00:00, run_after=2026-01-20 04:00:00+00:00
[2026-01-20T03:47:05.714+0000] {processor.py:183} INFO - Processing /opt/airflow/dags/pipeline_scheduled.py took 0.119 seconds
[2026-01-20T03:47:36.006+0000] {processor.py:161} INFO - Started process (PID=20746) to work on /opt/airflow/dags/pipeline_scheduled.py
[2026-01-20T03:47:36.008+0000] {processor.py:830} INFO - Processing file /opt/airflow/dags/pipeline_scheduled.py for tasks to queue
[2026-01-20T03:47:36.010+0000] {logging_mixin.py:188} INFO - [2026-01-20T03:47:36.010+0000] {dagbag.py:545} INFO - Filling up the DagBag from /opt/airflow/dags/pipeline_scheduled.py
[2026-01-20T03:47:36.033+0000] {processor.py:840} INFO - DAG(s) 'pipeline_scheduled' retrieved from /opt/airflow/dags/pipeline_scheduled.py
[2026-01-20T03:47:36.068+0000] {logging_mixin.py:188} INFO - [2026-01-20T03:47:36.068+0000] {dag.py:3089} INFO - Sync 1 DAGs
[2026-01-20T03:47:36.094+0000] {logging_mixin.py:188} INFO - [2026-01-20T03:47:36.094+0000] {dag.py:3947} INFO - Setting next_dagrun for pipeline_scheduled to 2026-01-20 03:00:00+00:00, run_after=2026-01-20 04:00:00+00:00
[2026-01-20T03:47:36.306+0000] {processor.py:183} INFO - Processing /opt/airflow/dags/pipeline_scheduled.py took 0.306 seconds
[2026-01-20T03:48:06.581+0000] {processor.py:161} INFO - Started process (PID=20756) to work on /opt/airflow/dags/pipeline_scheduled.py
[2026-01-20T03:48:06.583+0000] {processor.py:830} INFO - Processing file /opt/airflow/dags/pipeline_scheduled.py for tasks to queue
[2026-01-20T03:48:06.585+0000] {logging_mixin.py:188} INFO - [2026-01-20T03:48:06.585+0000] {dagbag.py:545} INFO - Filling up the DagBag from /opt/airflow/dags/pipeline_scheduled.py
[2026-01-20T03:48:06.609+0000] {processor.py:840} INFO - DAG(s) 'pipeline_scheduled' retrieved from /opt/airflow/dags/pipeline_scheduled.py
[2026-01-20T03:48:06.645+0000] {logging_mixin.py:188} INFO - [2026-01-20T03:48:06.644+0000] {dag.py:3089} INFO - Sync 1 DAGs
[2026-01-20T03:48:06.842+0000] {logging_mixin.py:188} INFO - [2026-01-20T03:48:06.842+0000] {dag.py:3947} INFO - Setting next_dagrun for pipeline_scheduled to 2026-01-20 03:00:00+00:00, run_after=2026-01-20 04:00:00+00:00
[2026-01-20T03:48:06.860+0000] {processor.py:183} INFO - Processing /opt/airflow/dags/pipeline_scheduled.py took 0.286 seconds
[2026-01-20T03:48:37.132+0000] {processor.py:161} INFO - Started process (PID=20766) to work on /opt/airflow/dags/pipeline_scheduled.py
[2026-01-20T03:48:37.134+0000] {processor.py:830} INFO - Processing file /opt/airflow/dags/pipeline_scheduled.py for tasks to queue
[2026-01-20T03:48:37.136+0000] {logging_mixin.py:188} INFO - [2026-01-20T03:48:37.136+0000] {dagbag.py:545} INFO - Filling up the DagBag from /opt/airflow/dags/pipeline_scheduled.py
[2026-01-20T03:48:37.160+0000] {processor.py:840} INFO - DAG(s) 'pipeline_scheduled' retrieved from /opt/airflow/dags/pipeline_scheduled.py
[2026-01-20T03:48:37.196+0000] {logging_mixin.py:188} INFO - [2026-01-20T03:48:37.196+0000] {dag.py:3089} INFO - Sync 1 DAGs
[2026-01-20T03:48:37.387+0000] {logging_mixin.py:188} INFO - [2026-01-20T03:48:37.387+0000] {dag.py:3947} INFO - Setting next_dagrun for pipeline_scheduled to 2026-01-20 03:00:00+00:00, run_after=2026-01-20 04:00:00+00:00
[2026-01-20T03:48:37.403+0000] {processor.py:183} INFO - Processing /opt/airflow/dags/pipeline_scheduled.py took 0.277 seconds
[2026-01-20T03:49:07.718+0000] {processor.py:161} INFO - Started process (PID=20776) to work on /opt/airflow/dags/pipeline_scheduled.py
[2026-01-20T03:49:07.720+0000] {processor.py:830} INFO - Processing file /opt/airflow/dags/pipeline_scheduled.py for tasks to queue
[2026-01-20T03:49:07.723+0000] {logging_mixin.py:188} INFO - [2026-01-20T03:49:07.722+0000] {dagbag.py:545} INFO - Filling up the DagBag from /opt/airflow/dags/pipeline_scheduled.py
[2026-01-20T03:49:07.745+0000] {processor.py:840} INFO - DAG(s) 'pipeline_scheduled' retrieved from /opt/airflow/dags/pipeline_scheduled.py
[2026-01-20T03:49:07.957+0000] {logging_mixin.py:188} INFO - [2026-01-20T03:49:07.956+0000] {dag.py:3089} INFO - Sync 1 DAGs
[2026-01-20T03:49:07.973+0000] {logging_mixin.py:188} INFO - [2026-01-20T03:49:07.973+0000] {dag.py:3947} INFO - Setting next_dagrun for pipeline_scheduled to 2026-01-20 03:00:00+00:00, run_after=2026-01-20 04:00:00+00:00
[2026-01-20T03:49:07.990+0000] {processor.py:183} INFO - Processing /opt/airflow/dags/pipeline_scheduled.py took 0.279 seconds
[2026-01-20T03:49:38.251+0000] {processor.py:161} INFO - Started process (PID=20786) to work on /opt/airflow/dags/pipeline_scheduled.py
[2026-01-20T03:49:38.253+0000] {processor.py:830} INFO - Processing file /opt/airflow/dags/pipeline_scheduled.py for tasks to queue
[2026-01-20T03:49:38.255+0000] {logging_mixin.py:188} INFO - [2026-01-20T03:49:38.255+0000] {dagbag.py:545} INFO - Filling up the DagBag from /opt/airflow/dags/pipeline_scheduled.py
[2026-01-20T03:49:38.281+0000] {processor.py:840} INFO - DAG(s) 'pipeline_scheduled' retrieved from /opt/airflow/dags/pipeline_scheduled.py
[2026-01-20T03:49:38.317+0000] {logging_mixin.py:188} INFO - [2026-01-20T03:49:38.317+0000] {dag.py:3089} INFO - Sync 1 DAGs
[2026-01-20T03:49:38.342+0000] {logging_mixin.py:188} INFO - [2026-01-20T03:49:38.342+0000] {dag.py:3947} INFO - Setting next_dagrun for pipeline_scheduled to 2026-01-20 03:00:00+00:00, run_after=2026-01-20 04:00:00+00:00
[2026-01-20T03:49:38.364+0000] {processor.py:183} INFO - Processing /opt/airflow/dags/pipeline_scheduled.py took 0.120 seconds
[2026-01-20T03:50:08.633+0000] {processor.py:161} INFO - Started process (PID=20796) to work on /opt/airflow/dags/pipeline_scheduled.py
[2026-01-20T03:50:08.634+0000] {processor.py:830} INFO - Processing file /opt/airflow/dags/pipeline_scheduled.py for tasks to queue
[2026-01-20T03:50:08.637+0000] {logging_mixin.py:188} INFO - [2026-01-20T03:50:08.637+0000] {dagbag.py:545} INFO - Filling up the DagBag from /opt/airflow/dags/pipeline_scheduled.py
[2026-01-20T03:50:08.661+0000] {processor.py:840} INFO - DAG(s) 'pipeline_scheduled' retrieved from /opt/airflow/dags/pipeline_scheduled.py
[2026-01-20T03:50:08.698+0000] {logging_mixin.py:188} INFO - [2026-01-20T03:50:08.697+0000] {dag.py:3089} INFO - Sync 1 DAGs
[2026-01-20T03:50:08.721+0000] {logging_mixin.py:188} INFO - [2026-01-20T03:50:08.721+0000] {dag.py:3947} INFO - Setting next_dagrun for pipeline_scheduled to 2026-01-20 03:00:00+00:00, run_after=2026-01-20 04:00:00+00:00
[2026-01-20T03:50:08.744+0000] {processor.py:183} INFO - Processing /opt/airflow/dags/pipeline_scheduled.py took 0.118 seconds
[2026-01-20T03:50:39.015+0000] {processor.py:161} INFO - Started process (PID=20806) to work on /opt/airflow/dags/pipeline_scheduled.py
[2026-01-20T03:50:39.016+0000] {processor.py:830} INFO - Processing file /opt/airflow/dags/pipeline_scheduled.py for tasks to queue
[2026-01-20T03:50:39.019+0000] {logging_mixin.py:188} INFO - [2026-01-20T03:50:39.018+0000] {dagbag.py:545} INFO - Filling up the DagBag from /opt/airflow/dags/pipeline_scheduled.py
[2026-01-20T03:50:39.044+0000] {processor.py:840} INFO - DAG(s) 'pipeline_scheduled' retrieved from /opt/airflow/dags/pipeline_scheduled.py
[2026-01-20T03:50:39.083+0000] {logging_mixin.py:188} INFO - [2026-01-20T03:50:39.083+0000] {dag.py:3089} INFO - Sync 1 DAGs
[2026-01-20T03:50:39.111+0000] {logging_mixin.py:188} INFO - [2026-01-20T03:50:39.111+0000] {dag.py:3947} INFO - Setting next_dagrun for pipeline_scheduled to 2026-01-20 03:00:00+00:00, run_after=2026-01-20 04:00:00+00:00
[2026-01-20T03:50:39.330+0000] {processor.py:183} INFO - Processing /opt/airflow/dags/pipeline_scheduled.py took 0.322 seconds
[2026-01-20T03:51:09.601+0000] {processor.py:161} INFO - Started process (PID=20816) to work on /opt/airflow/dags/pipeline_scheduled.py
[2026-01-20T03:51:09.602+0000] {processor.py:830} INFO - Processing file /opt/airflow/dags/pipeline_scheduled.py for tasks to queue
[2026-01-20T03:51:09.605+0000] {logging_mixin.py:188} INFO - [2026-01-20T03:51:09.604+0000] {dagbag.py:545} INFO - Filling up the DagBag from /opt/airflow/dags/pipeline_scheduled.py
[2026-01-20T03:51:09.627+0000] {processor.py:840} INFO - DAG(s) 'pipeline_scheduled' retrieved from /opt/airflow/dags/pipeline_scheduled.py
[2026-01-20T03:51:09.656+0000] {logging_mixin.py:188} INFO - [2026-01-20T03:51:09.656+0000] {dag.py:3089} INFO - Sync 1 DAGs
[2026-01-20T03:51:09.842+0000] {logging_mixin.py:188} INFO - [2026-01-20T03:51:09.842+0000] {dag.py:3947} INFO - Setting next_dagrun for pipeline_scheduled to 2026-01-20 03:00:00+00:00, run_after=2026-01-20 04:00:00+00:00
[2026-01-20T03:51:09.864+0000] {processor.py:183} INFO - Processing /opt/airflow/dags/pipeline_scheduled.py took 0.269 seconds
[2026-01-20T03:51:40.135+0000] {processor.py:161} INFO - Started process (PID=20826) to work on /opt/airflow/dags/pipeline_scheduled.py
[2026-01-20T03:51:40.136+0000] {processor.py:830} INFO - Processing file /opt/airflow/dags/pipeline_scheduled.py for tasks to queue
[2026-01-20T03:51:40.139+0000] {logging_mixin.py:188} INFO - [2026-01-20T03:51:40.138+0000] {dagbag.py:545} INFO - Filling up the DagBag from /opt/airflow/dags/pipeline_scheduled.py
[2026-01-20T03:51:40.168+0000] {processor.py:840} INFO - DAG(s) 'pipeline_scheduled' retrieved from /opt/airflow/dags/pipeline_scheduled.py
[2026-01-20T03:51:40.392+0000] {logging_mixin.py:188} INFO - [2026-01-20T03:51:40.392+0000] {dag.py:3089} INFO - Sync 1 DAGs
[2026-01-20T03:51:40.412+0000] {logging_mixin.py:188} INFO - [2026-01-20T03:51:40.412+0000] {dag.py:3947} INFO - Setting next_dagrun for pipeline_scheduled to 2026-01-20 03:00:00+00:00, run_after=2026-01-20 04:00:00+00:00
[2026-01-20T03:51:40.435+0000] {processor.py:183} INFO - Processing /opt/airflow/dags/pipeline_scheduled.py took 0.307 seconds
[2026-01-20T03:52:10.716+0000] {processor.py:161} INFO - Started process (PID=20836) to work on /opt/airflow/dags/pipeline_scheduled.py
[2026-01-20T03:52:10.717+0000] {processor.py:830} INFO - Processing file /opt/airflow/dags/pipeline_scheduled.py for tasks to queue
[2026-01-20T03:52:10.720+0000] {logging_mixin.py:188} INFO - [2026-01-20T03:52:10.720+0000] {dagbag.py:545} INFO - Filling up the DagBag from /opt/airflow/dags/pipeline_scheduled.py
[2026-01-20T03:52:10.744+0000] {processor.py:840} INFO - DAG(s) 'pipeline_scheduled' retrieved from /opt/airflow/dags/pipeline_scheduled.py
[2026-01-20T03:52:10.959+0000] {logging_mixin.py:188} INFO - [2026-01-20T03:52:10.959+0000] {dag.py:3089} INFO - Sync 1 DAGs
[2026-01-20T03:52:10.979+0000] {logging_mixin.py:188} INFO - [2026-01-20T03:52:10.979+0000] {dag.py:3947} INFO - Setting next_dagrun for pipeline_scheduled to 2026-01-20 03:00:00+00:00, run_after=2026-01-20 04:00:00+00:00
[2026-01-20T03:52:10.995+0000] {processor.py:183} INFO - Processing /opt/airflow/dags/pipeline_scheduled.py took 0.285 seconds
[2026-01-20T03:52:41.282+0000] {processor.py:161} INFO - Started process (PID=20846) to work on /opt/airflow/dags/pipeline_scheduled.py
[2026-01-20T03:52:41.284+0000] {processor.py:830} INFO - Processing file /opt/airflow/dags/pipeline_scheduled.py for tasks to queue
[2026-01-20T03:52:41.286+0000] {logging_mixin.py:188} INFO - [2026-01-20T03:52:41.286+0000] {dagbag.py:545} INFO - Filling up the DagBag from /opt/airflow/dags/pipeline_scheduled.py
[2026-01-20T03:52:41.310+0000] {processor.py:840} INFO - DAG(s) 'pipeline_scheduled' retrieved from /opt/airflow/dags/pipeline_scheduled.py
[2026-01-20T03:52:41.342+0000] {logging_mixin.py:188} INFO - [2026-01-20T03:52:41.342+0000] {dag.py:3089} INFO - Sync 1 DAGs
[2026-01-20T03:52:41.365+0000] {logging_mixin.py:188} INFO - [2026-01-20T03:52:41.365+0000] {dag.py:3947} INFO - Setting next_dagrun for pipeline_scheduled to 2026-01-20 03:00:00+00:00, run_after=2026-01-20 04:00:00+00:00
[2026-01-20T03:52:41.390+0000] {processor.py:183} INFO - Processing /opt/airflow/dags/pipeline_scheduled.py took 0.114 seconds
[2026-01-20T03:53:11.646+0000] {processor.py:161} INFO - Started process (PID=20856) to work on /opt/airflow/dags/pipeline_scheduled.py
[2026-01-20T03:53:11.647+0000] {processor.py:830} INFO - Processing file /opt/airflow/dags/pipeline_scheduled.py for tasks to queue
[2026-01-20T03:53:11.649+0000] {logging_mixin.py:188} INFO - [2026-01-20T03:53:11.649+0000] {dagbag.py:545} INFO - Filling up the DagBag from /opt/airflow/dags/pipeline_scheduled.py
[2026-01-20T03:53:11.673+0000] {processor.py:840} INFO - DAG(s) 'pipeline_scheduled' retrieved from /opt/airflow/dags/pipeline_scheduled.py
[2026-01-20T03:53:11.707+0000] {logging_mixin.py:188} INFO - [2026-01-20T03:53:11.707+0000] {dag.py:3089} INFO - Sync 1 DAGs
[2026-01-20T03:53:11.731+0000] {logging_mixin.py:188} INFO - [2026-01-20T03:53:11.731+0000] {dag.py:3947} INFO - Setting next_dagrun for pipeline_scheduled to 2026-01-20 03:00:00+00:00, run_after=2026-01-20 04:00:00+00:00
[2026-01-20T03:53:11.754+0000] {processor.py:183} INFO - Processing /opt/airflow/dags/pipeline_scheduled.py took 0.114 seconds
[2026-01-20T03:53:42.014+0000] {processor.py:161} INFO - Started process (PID=20866) to work on /opt/airflow/dags/pipeline_scheduled.py
[2026-01-20T03:53:42.016+0000] {processor.py:830} INFO - Processing file /opt/airflow/dags/pipeline_scheduled.py for tasks to queue
[2026-01-20T03:53:42.019+0000] {logging_mixin.py:188} INFO - [2026-01-20T03:53:42.018+0000] {dagbag.py:545} INFO - Filling up the DagBag from /opt/airflow/dags/pipeline_scheduled.py
[2026-01-20T03:53:42.044+0000] {processor.py:840} INFO - DAG(s) 'pipeline_scheduled' retrieved from /opt/airflow/dags/pipeline_scheduled.py
[2026-01-20T03:53:42.077+0000] {logging_mixin.py:188} INFO - [2026-01-20T03:53:42.076+0000] {dag.py:3089} INFO - Sync 1 DAGs
[2026-01-20T03:53:42.100+0000] {logging_mixin.py:188} INFO - [2026-01-20T03:53:42.100+0000] {dag.py:3947} INFO - Setting next_dagrun for pipeline_scheduled to 2026-01-20 03:00:00+00:00, run_after=2026-01-20 04:00:00+00:00
[2026-01-20T03:53:42.310+0000] {processor.py:183} INFO - Processing /opt/airflow/dags/pipeline_scheduled.py took 0.301 seconds
[2026-01-20T03:54:12.587+0000] {processor.py:161} INFO - Started process (PID=20876) to work on /opt/airflow/dags/pipeline_scheduled.py
[2026-01-20T03:54:12.589+0000] {processor.py:830} INFO - Processing file /opt/airflow/dags/pipeline_scheduled.py for tasks to queue
[2026-01-20T03:54:12.591+0000] {logging_mixin.py:188} INFO - [2026-01-20T03:54:12.590+0000] {dagbag.py:545} INFO - Filling up the DagBag from /opt/airflow/dags/pipeline_scheduled.py
[2026-01-20T03:54:12.615+0000] {processor.py:840} INFO - DAG(s) 'pipeline_scheduled' retrieved from /opt/airflow/dags/pipeline_scheduled.py
[2026-01-20T03:54:12.644+0000] {logging_mixin.py:188} INFO - [2026-01-20T03:54:12.644+0000] {dag.py:3089} INFO - Sync 1 DAGs
[2026-01-20T03:54:12.835+0000] {logging_mixin.py:188} INFO - [2026-01-20T03:54:12.835+0000] {dag.py:3947} INFO - Setting next_dagrun for pipeline_scheduled to 2026-01-20 03:00:00+00:00, run_after=2026-01-20 04:00:00+00:00
[2026-01-20T03:54:12.854+0000] {processor.py:183} INFO - Processing /opt/airflow/dags/pipeline_scheduled.py took 0.273 seconds
[2026-01-20T03:54:43.135+0000] {processor.py:161} INFO - Started process (PID=20886) to work on /opt/airflow/dags/pipeline_scheduled.py
[2026-01-20T03:54:43.136+0000] {processor.py:830} INFO - Processing file /opt/airflow/dags/pipeline_scheduled.py for tasks to queue
[2026-01-20T03:54:43.140+0000] {logging_mixin.py:188} INFO - [2026-01-20T03:54:43.139+0000] {dagbag.py:545} INFO - Filling up the DagBag from /opt/airflow/dags/pipeline_scheduled.py
[2026-01-20T03:54:43.163+0000] {processor.py:840} INFO - DAG(s) 'pipeline_scheduled' retrieved from /opt/airflow/dags/pipeline_scheduled.py
[2026-01-20T03:54:43.387+0000] {logging_mixin.py:188} INFO - [2026-01-20T03:54:43.387+0000] {dag.py:3089} INFO - Sync 1 DAGs
[2026-01-20T03:54:43.406+0000] {logging_mixin.py:188} INFO - [2026-01-20T03:54:43.406+0000] {dag.py:3947} INFO - Setting next_dagrun for pipeline_scheduled to 2026-01-20 03:00:00+00:00, run_after=2026-01-20 04:00:00+00:00
[2026-01-20T03:54:43.429+0000] {processor.py:183} INFO - Processing /opt/airflow/dags/pipeline_scheduled.py took 0.301 seconds
[2026-01-20T03:55:13.705+0000] {processor.py:161} INFO - Started process (PID=20896) to work on /opt/airflow/dags/pipeline_scheduled.py
[2026-01-20T03:55:13.706+0000] {processor.py:830} INFO - Processing file /opt/airflow/dags/pipeline_scheduled.py for tasks to queue
[2026-01-20T03:55:13.710+0000] {logging_mixin.py:188} INFO - [2026-01-20T03:55:13.710+0000] {dagbag.py:545} INFO - Filling up the DagBag from /opt/airflow/dags/pipeline_scheduled.py
[2026-01-20T03:55:13.732+0000] {processor.py:840} INFO - DAG(s) 'pipeline_scheduled' retrieved from /opt/airflow/dags/pipeline_scheduled.py
[2026-01-20T03:55:13.949+0000] {logging_mixin.py:188} INFO - [2026-01-20T03:55:13.949+0000] {dag.py:3089} INFO - Sync 1 DAGs
[2026-01-20T03:55:13.968+0000] {logging_mixin.py:188} INFO - [2026-01-20T03:55:13.968+0000] {dag.py:3947} INFO - Setting next_dagrun for pipeline_scheduled to 2026-01-20 03:00:00+00:00, run_after=2026-01-20 04:00:00+00:00
[2026-01-20T03:55:13.987+0000] {processor.py:183} INFO - Processing /opt/airflow/dags/pipeline_scheduled.py took 0.290 seconds
[2026-01-20T03:55:44.363+0000] {processor.py:161} INFO - Started process (PID=20906) to work on /opt/airflow/dags/pipeline_scheduled.py
[2026-01-20T03:55:44.365+0000] {processor.py:830} INFO - Processing file /opt/airflow/dags/pipeline_scheduled.py for tasks to queue
[2026-01-20T03:55:44.376+0000] {logging_mixin.py:188} INFO - [2026-01-20T03:55:44.375+0000] {dagbag.py:545} INFO - Filling up the DagBag from /opt/airflow/dags/pipeline_scheduled.py
[2026-01-20T03:55:44.428+0000] {processor.py:840} INFO - DAG(s) 'pipeline_scheduled' retrieved from /opt/airflow/dags/pipeline_scheduled.py
[2026-01-20T03:55:44.515+0000] {logging_mixin.py:188} INFO - [2026-01-20T03:55:44.514+0000] {dag.py:3089} INFO - Sync 1 DAGs
[2026-01-20T03:55:44.577+0000] {logging_mixin.py:188} INFO - [2026-01-20T03:55:44.576+0000] {dag.py:3947} INFO - Setting next_dagrun for pipeline_scheduled to 2026-01-20 03:00:00+00:00, run_after=2026-01-20 04:00:00+00:00
[2026-01-20T03:55:44.636+0000] {processor.py:183} INFO - Processing /opt/airflow/dags/pipeline_scheduled.py took 0.291 seconds
[2026-01-20T04:22:31.082+0000] {processor.py:161} INFO - Started process (PID=20914) to work on /opt/airflow/dags/pipeline_scheduled.py
[2026-01-20T04:22:31.084+0000] {processor.py:830} INFO - Processing file /opt/airflow/dags/pipeline_scheduled.py for tasks to queue
[2026-01-20T04:22:31.086+0000] {logging_mixin.py:188} INFO - [2026-01-20T04:22:31.086+0000] {dagbag.py:545} INFO - Filling up the DagBag from /opt/airflow/dags/pipeline_scheduled.py
[2026-01-20T04:22:31.120+0000] {processor.py:840} INFO - DAG(s) 'pipeline_scheduled' retrieved from /opt/airflow/dags/pipeline_scheduled.py
[2026-01-20T04:22:31.173+0000] {logging_mixin.py:188} INFO - [2026-01-20T04:22:31.173+0000] {dag.py:3089} INFO - Sync 1 DAGs
[2026-01-20T04:22:31.203+0000] {logging_mixin.py:188} INFO - [2026-01-20T04:22:31.203+0000] {dag.py:3947} INFO - Setting next_dagrun for pipeline_scheduled to 2026-01-20 03:00:00+00:00, run_after=2026-01-20 04:00:00+00:00
[2026-01-20T04:22:31.227+0000] {processor.py:183} INFO - Processing /opt/airflow/dags/pipeline_scheduled.py took 0.152 seconds
[2026-01-20T04:23:01.492+0000] {processor.py:161} INFO - Started process (PID=20927) to work on /opt/airflow/dags/pipeline_scheduled.py
[2026-01-20T04:23:01.493+0000] {processor.py:830} INFO - Processing file /opt/airflow/dags/pipeline_scheduled.py for tasks to queue
[2026-01-20T04:23:01.496+0000] {logging_mixin.py:188} INFO - [2026-01-20T04:23:01.495+0000] {dagbag.py:545} INFO - Filling up the DagBag from /opt/airflow/dags/pipeline_scheduled.py
[2026-01-20T04:23:01.524+0000] {processor.py:840} INFO - DAG(s) 'pipeline_scheduled' retrieved from /opt/airflow/dags/pipeline_scheduled.py
[2026-01-20T04:23:01.559+0000] {logging_mixin.py:188} INFO - [2026-01-20T04:23:01.558+0000] {dag.py:3089} INFO - Sync 1 DAGs
[2026-01-20T04:23:01.583+0000] {logging_mixin.py:188} INFO - [2026-01-20T04:23:01.583+0000] {dag.py:3947} INFO - Setting next_dagrun for pipeline_scheduled to 2026-01-20 04:00:00+00:00, run_after=2026-01-20 05:00:00+00:00
[2026-01-20T04:23:01.799+0000] {processor.py:183} INFO - Processing /opt/airflow/dags/pipeline_scheduled.py took 0.314 seconds
[2026-01-20T04:23:32.039+0000] {processor.py:161} INFO - Started process (PID=20937) to work on /opt/airflow/dags/pipeline_scheduled.py
[2026-01-20T04:23:32.040+0000] {processor.py:830} INFO - Processing file /opt/airflow/dags/pipeline_scheduled.py for tasks to queue
[2026-01-20T04:23:32.043+0000] {logging_mixin.py:188} INFO - [2026-01-20T04:23:32.043+0000] {dagbag.py:545} INFO - Filling up the DagBag from /opt/airflow/dags/pipeline_scheduled.py
[2026-01-20T04:23:32.072+0000] {processor.py:840} INFO - DAG(s) 'pipeline_scheduled' retrieved from /opt/airflow/dags/pipeline_scheduled.py
[2026-01-20T04:23:32.108+0000] {logging_mixin.py:188} INFO - [2026-01-20T04:23:32.108+0000] {dag.py:3089} INFO - Sync 1 DAGs
[2026-01-20T04:23:32.315+0000] {logging_mixin.py:188} INFO - [2026-01-20T04:23:32.315+0000] {dag.py:3947} INFO - Setting next_dagrun for pipeline_scheduled to 2026-01-20 04:00:00+00:00, run_after=2026-01-20 05:00:00+00:00
[2026-01-20T04:23:32.331+0000] {processor.py:183} INFO - Processing /opt/airflow/dags/pipeline_scheduled.py took 0.300 seconds
[2026-01-20T04:24:02.448+0000] {processor.py:161} INFO - Started process (PID=20947) to work on /opt/airflow/dags/pipeline_scheduled.py
[2026-01-20T04:24:02.450+0000] {processor.py:830} INFO - Processing file /opt/airflow/dags/pipeline_scheduled.py for tasks to queue
[2026-01-20T04:24:02.453+0000] {logging_mixin.py:188} INFO - [2026-01-20T04:24:02.452+0000] {dagbag.py:545} INFO - Filling up the DagBag from /opt/airflow/dags/pipeline_scheduled.py
[2026-01-20T04:24:02.480+0000] {processor.py:840} INFO - DAG(s) 'pipeline_scheduled' retrieved from /opt/airflow/dags/pipeline_scheduled.py
[2026-01-20T04:24:02.515+0000] {logging_mixin.py:188} INFO - [2026-01-20T04:24:02.514+0000] {dag.py:3089} INFO - Sync 1 DAGs
[2026-01-20T04:24:02.721+0000] {logging_mixin.py:188} INFO - [2026-01-20T04:24:02.721+0000] {dag.py:3947} INFO - Setting next_dagrun for pipeline_scheduled to 2026-01-20 04:00:00+00:00, run_after=2026-01-20 05:00:00+00:00
[2026-01-20T04:24:02.739+0000] {processor.py:183} INFO - Processing /opt/airflow/dags/pipeline_scheduled.py took 0.298 seconds
[2026-01-20T04:24:33.031+0000] {processor.py:161} INFO - Started process (PID=20957) to work on /opt/airflow/dags/pipeline_scheduled.py
[2026-01-20T04:24:33.033+0000] {processor.py:830} INFO - Processing file /opt/airflow/dags/pipeline_scheduled.py for tasks to queue
[2026-01-20T04:24:33.035+0000] {logging_mixin.py:188} INFO - [2026-01-20T04:24:33.035+0000] {dagbag.py:545} INFO - Filling up the DagBag from /opt/airflow/dags/pipeline_scheduled.py
[2026-01-20T04:24:33.063+0000] {processor.py:840} INFO - DAG(s) 'pipeline_scheduled' retrieved from /opt/airflow/dags/pipeline_scheduled.py
[2026-01-20T04:24:33.298+0000] {logging_mixin.py:188} INFO - [2026-01-20T04:24:33.298+0000] {dag.py:3089} INFO - Sync 1 DAGs
[2026-01-20T04:24:33.318+0000] {logging_mixin.py:188} INFO - [2026-01-20T04:24:33.318+0000] {dag.py:3947} INFO - Setting next_dagrun for pipeline_scheduled to 2026-01-20 04:00:00+00:00, run_after=2026-01-20 05:00:00+00:00
[2026-01-20T04:24:33.337+0000] {processor.py:183} INFO - Processing /opt/airflow/dags/pipeline_scheduled.py took 0.312 seconds
[2026-01-20T04:25:03.622+0000] {processor.py:161} INFO - Started process (PID=20967) to work on /opt/airflow/dags/pipeline_scheduled.py
[2026-01-20T04:25:03.623+0000] {processor.py:830} INFO - Processing file /opt/airflow/dags/pipeline_scheduled.py for tasks to queue
[2026-01-20T04:25:03.625+0000] {logging_mixin.py:188} INFO - [2026-01-20T04:25:03.625+0000] {dagbag.py:545} INFO - Filling up the DagBag from /opt/airflow/dags/pipeline_scheduled.py
[2026-01-20T04:25:03.842+0000] {processor.py:840} INFO - DAG(s) 'pipeline_scheduled' retrieved from /opt/airflow/dags/pipeline_scheduled.py
[2026-01-20T04:25:03.872+0000] {logging_mixin.py:188} INFO - [2026-01-20T04:25:03.872+0000] {dag.py:3089} INFO - Sync 1 DAGs
[2026-01-20T04:25:03.891+0000] {logging_mixin.py:188} INFO - [2026-01-20T04:25:03.891+0000] {dag.py:3947} INFO - Setting next_dagrun for pipeline_scheduled to 2026-01-20 04:00:00+00:00, run_after=2026-01-20 05:00:00+00:00
[2026-01-20T04:25:03.913+0000] {processor.py:183} INFO - Processing /opt/airflow/dags/pipeline_scheduled.py took 0.298 seconds
[2026-01-20T04:25:34.459+0000] {processor.py:161} INFO - Started process (PID=20977) to work on /opt/airflow/dags/pipeline_scheduled.py
[2026-01-20T04:25:34.460+0000] {processor.py:830} INFO - Processing file /opt/airflow/dags/pipeline_scheduled.py for tasks to queue
[2026-01-20T04:25:34.462+0000] {logging_mixin.py:188} INFO - [2026-01-20T04:25:34.462+0000] {dagbag.py:545} INFO - Filling up the DagBag from /opt/airflow/dags/pipeline_scheduled.py
[2026-01-20T04:25:34.488+0000] {processor.py:840} INFO - DAG(s) 'pipeline_scheduled' retrieved from /opt/airflow/dags/pipeline_scheduled.py
[2026-01-20T04:25:34.526+0000] {logging_mixin.py:188} INFO - [2026-01-20T04:25:34.526+0000] {dag.py:3089} INFO - Sync 1 DAGs
[2026-01-20T04:25:34.550+0000] {logging_mixin.py:188} INFO - [2026-01-20T04:25:34.550+0000] {dag.py:3947} INFO - Setting next_dagrun for pipeline_scheduled to 2026-01-20 04:00:00+00:00, run_after=2026-01-20 05:00:00+00:00
[2026-01-20T04:25:34.573+0000] {processor.py:183} INFO - Processing /opt/airflow/dags/pipeline_scheduled.py took 0.121 seconds
[2026-01-20T04:26:04.853+0000] {processor.py:161} INFO - Started process (PID=20987) to work on /opt/airflow/dags/pipeline_scheduled.py
[2026-01-20T04:26:04.855+0000] {processor.py:830} INFO - Processing file /opt/airflow/dags/pipeline_scheduled.py for tasks to queue
[2026-01-20T04:26:04.857+0000] {logging_mixin.py:188} INFO - [2026-01-20T04:26:04.857+0000] {dagbag.py:545} INFO - Filling up the DagBag from /opt/airflow/dags/pipeline_scheduled.py
[2026-01-20T04:26:04.883+0000] {processor.py:840} INFO - DAG(s) 'pipeline_scheduled' retrieved from /opt/airflow/dags/pipeline_scheduled.py
[2026-01-20T04:26:04.922+0000] {logging_mixin.py:188} INFO - [2026-01-20T04:26:04.922+0000] {dag.py:3089} INFO - Sync 1 DAGs
[2026-01-20T04:26:04.946+0000] {logging_mixin.py:188} INFO - [2026-01-20T04:26:04.946+0000] {dag.py:3947} INFO - Setting next_dagrun for pipeline_scheduled to 2026-01-20 04:00:00+00:00, run_after=2026-01-20 05:00:00+00:00
[2026-01-20T04:26:04.967+0000] {processor.py:183} INFO - Processing /opt/airflow/dags/pipeline_scheduled.py took 0.120 seconds
[2026-01-20T04:26:35.252+0000] {processor.py:161} INFO - Started process (PID=20997) to work on /opt/airflow/dags/pipeline_scheduled.py
[2026-01-20T04:26:35.253+0000] {processor.py:830} INFO - Processing file /opt/airflow/dags/pipeline_scheduled.py for tasks to queue
[2026-01-20T04:26:35.256+0000] {logging_mixin.py:188} INFO - [2026-01-20T04:26:35.255+0000] {dagbag.py:545} INFO - Filling up the DagBag from /opt/airflow/dags/pipeline_scheduled.py
[2026-01-20T04:26:35.281+0000] {processor.py:840} INFO - DAG(s) 'pipeline_scheduled' retrieved from /opt/airflow/dags/pipeline_scheduled.py
[2026-01-20T04:26:35.319+0000] {logging_mixin.py:188} INFO - [2026-01-20T04:26:35.319+0000] {dag.py:3089} INFO - Sync 1 DAGs
[2026-01-20T04:26:35.344+0000] {logging_mixin.py:188} INFO - [2026-01-20T04:26:35.343+0000] {dag.py:3947} INFO - Setting next_dagrun for pipeline_scheduled to 2026-01-20 04:00:00+00:00, run_after=2026-01-20 05:00:00+00:00
[2026-01-20T04:26:35.365+0000] {processor.py:183} INFO - Processing /opt/airflow/dags/pipeline_scheduled.py took 0.118 seconds
[2026-01-20T04:27:05.632+0000] {processor.py:161} INFO - Started process (PID=21007) to work on /opt/airflow/dags/pipeline_scheduled.py
[2026-01-20T04:27:05.634+0000] {processor.py:830} INFO - Processing file /opt/airflow/dags/pipeline_scheduled.py for tasks to queue
[2026-01-20T04:27:05.637+0000] {logging_mixin.py:188} INFO - [2026-01-20T04:27:05.636+0000] {dagbag.py:545} INFO - Filling up the DagBag from /opt/airflow/dags/pipeline_scheduled.py
[2026-01-20T04:27:05.663+0000] {processor.py:840} INFO - DAG(s) 'pipeline_scheduled' retrieved from /opt/airflow/dags/pipeline_scheduled.py
[2026-01-20T04:27:05.702+0000] {logging_mixin.py:188} INFO - [2026-01-20T04:27:05.701+0000] {dag.py:3089} INFO - Sync 1 DAGs
[2026-01-20T04:27:05.727+0000] {logging_mixin.py:188} INFO - [2026-01-20T04:27:05.727+0000] {dag.py:3947} INFO - Setting next_dagrun for pipeline_scheduled to 2026-01-20 04:00:00+00:00, run_after=2026-01-20 05:00:00+00:00
[2026-01-20T04:27:05.748+0000] {processor.py:183} INFO - Processing /opt/airflow/dags/pipeline_scheduled.py took 0.123 seconds
[2026-01-20T04:27:36.064+0000] {processor.py:161} INFO - Started process (PID=21017) to work on /opt/airflow/dags/pipeline_scheduled.py
[2026-01-20T04:27:36.065+0000] {processor.py:830} INFO - Processing file /opt/airflow/dags/pipeline_scheduled.py for tasks to queue
[2026-01-20T04:27:36.068+0000] {logging_mixin.py:188} INFO - [2026-01-20T04:27:36.067+0000] {dagbag.py:545} INFO - Filling up the DagBag from /opt/airflow/dags/pipeline_scheduled.py
[2026-01-20T04:27:36.093+0000] {processor.py:840} INFO - DAG(s) 'pipeline_scheduled' retrieved from /opt/airflow/dags/pipeline_scheduled.py
[2026-01-20T04:27:36.128+0000] {logging_mixin.py:188} INFO - [2026-01-20T04:27:36.128+0000] {dag.py:3089} INFO - Sync 1 DAGs
[2026-01-20T04:27:36.149+0000] {logging_mixin.py:188} INFO - [2026-01-20T04:27:36.149+0000] {dag.py:3947} INFO - Setting next_dagrun for pipeline_scheduled to 2026-01-20 04:00:00+00:00, run_after=2026-01-20 05:00:00+00:00
[2026-01-20T04:27:36.168+0000] {processor.py:183} INFO - Processing /opt/airflow/dags/pipeline_scheduled.py took 0.110 seconds
[2026-01-20T04:28:06.433+0000] {processor.py:161} INFO - Started process (PID=21027) to work on /opt/airflow/dags/pipeline_scheduled.py
[2026-01-20T04:28:06.435+0000] {processor.py:830} INFO - Processing file /opt/airflow/dags/pipeline_scheduled.py for tasks to queue
[2026-01-20T04:28:06.438+0000] {logging_mixin.py:188} INFO - [2026-01-20T04:28:06.437+0000] {dagbag.py:545} INFO - Filling up the DagBag from /opt/airflow/dags/pipeline_scheduled.py
[2026-01-20T04:28:06.464+0000] {processor.py:840} INFO - DAG(s) 'pipeline_scheduled' retrieved from /opt/airflow/dags/pipeline_scheduled.py
[2026-01-20T04:28:06.505+0000] {logging_mixin.py:188} INFO - [2026-01-20T04:28:06.504+0000] {dag.py:3089} INFO - Sync 1 DAGs
[2026-01-20T04:28:06.529+0000] {logging_mixin.py:188} INFO - [2026-01-20T04:28:06.529+0000] {dag.py:3947} INFO - Setting next_dagrun for pipeline_scheduled to 2026-01-20 04:00:00+00:00, run_after=2026-01-20 05:00:00+00:00
[2026-01-20T04:28:06.551+0000] {processor.py:183} INFO - Processing /opt/airflow/dags/pipeline_scheduled.py took 0.125 seconds
[2026-01-20T04:28:36.816+0000] {processor.py:161} INFO - Started process (PID=21037) to work on /opt/airflow/dags/pipeline_scheduled.py
[2026-01-20T04:28:36.817+0000] {processor.py:830} INFO - Processing file /opt/airflow/dags/pipeline_scheduled.py for tasks to queue
[2026-01-20T04:28:36.819+0000] {logging_mixin.py:188} INFO - [2026-01-20T04:28:36.819+0000] {dagbag.py:545} INFO - Filling up the DagBag from /opt/airflow/dags/pipeline_scheduled.py
[2026-01-20T04:28:36.847+0000] {processor.py:840} INFO - DAG(s) 'pipeline_scheduled' retrieved from /opt/airflow/dags/pipeline_scheduled.py
[2026-01-20T04:28:36.884+0000] {logging_mixin.py:188} INFO - [2026-01-20T04:28:36.884+0000] {dag.py:3089} INFO - Sync 1 DAGs
[2026-01-20T04:28:36.909+0000] {logging_mixin.py:188} INFO - [2026-01-20T04:28:36.908+0000] {dag.py:3947} INFO - Setting next_dagrun for pipeline_scheduled to 2026-01-20 04:00:00+00:00, run_after=2026-01-20 05:00:00+00:00
[2026-01-20T04:28:36.932+0000] {processor.py:183} INFO - Processing /opt/airflow/dags/pipeline_scheduled.py took 0.123 seconds
[2026-01-20T04:29:07.190+0000] {processor.py:161} INFO - Started process (PID=21047) to work on /opt/airflow/dags/pipeline_scheduled.py
[2026-01-20T04:29:07.192+0000] {processor.py:830} INFO - Processing file /opt/airflow/dags/pipeline_scheduled.py for tasks to queue
[2026-01-20T04:29:07.194+0000] {logging_mixin.py:188} INFO - [2026-01-20T04:29:07.194+0000] {dagbag.py:545} INFO - Filling up the DagBag from /opt/airflow/dags/pipeline_scheduled.py
[2026-01-20T04:29:07.226+0000] {processor.py:840} INFO - DAG(s) 'pipeline_scheduled' retrieved from /opt/airflow/dags/pipeline_scheduled.py
[2026-01-20T04:29:07.266+0000] {logging_mixin.py:188} INFO - [2026-01-20T04:29:07.266+0000] {dag.py:3089} INFO - Sync 1 DAGs
[2026-01-20T04:29:07.291+0000] {logging_mixin.py:188} INFO - [2026-01-20T04:29:07.290+0000] {dag.py:3947} INFO - Setting next_dagrun for pipeline_scheduled to 2026-01-20 04:00:00+00:00, run_after=2026-01-20 05:00:00+00:00
[2026-01-20T04:29:07.313+0000] {processor.py:183} INFO - Processing /opt/airflow/dags/pipeline_scheduled.py took 0.130 seconds
[2026-01-20T04:29:37.589+0000] {processor.py:161} INFO - Started process (PID=21057) to work on /opt/airflow/dags/pipeline_scheduled.py
[2026-01-20T04:29:37.590+0000] {processor.py:830} INFO - Processing file /opt/airflow/dags/pipeline_scheduled.py for tasks to queue
[2026-01-20T04:29:37.593+0000] {logging_mixin.py:188} INFO - [2026-01-20T04:29:37.593+0000] {dagbag.py:545} INFO - Filling up the DagBag from /opt/airflow/dags/pipeline_scheduled.py
[2026-01-20T04:29:37.619+0000] {processor.py:840} INFO - DAG(s) 'pipeline_scheduled' retrieved from /opt/airflow/dags/pipeline_scheduled.py
[2026-01-20T04:29:37.658+0000] {logging_mixin.py:188} INFO - [2026-01-20T04:29:37.657+0000] {dag.py:3089} INFO - Sync 1 DAGs
[2026-01-20T04:29:37.683+0000] {logging_mixin.py:188} INFO - [2026-01-20T04:29:37.683+0000] {dag.py:3947} INFO - Setting next_dagrun for pipeline_scheduled to 2026-01-20 04:00:00+00:00, run_after=2026-01-20 05:00:00+00:00
[2026-01-20T04:29:37.705+0000] {processor.py:183} INFO - Processing /opt/airflow/dags/pipeline_scheduled.py took 0.123 seconds
[2026-01-20T04:30:07.975+0000] {processor.py:161} INFO - Started process (PID=21067) to work on /opt/airflow/dags/pipeline_scheduled.py
[2026-01-20T04:30:07.977+0000] {processor.py:830} INFO - Processing file /opt/airflow/dags/pipeline_scheduled.py for tasks to queue
[2026-01-20T04:30:07.979+0000] {logging_mixin.py:188} INFO - [2026-01-20T04:30:07.979+0000] {dagbag.py:545} INFO - Filling up the DagBag from /opt/airflow/dags/pipeline_scheduled.py
[2026-01-20T04:30:08.007+0000] {processor.py:840} INFO - DAG(s) 'pipeline_scheduled' retrieved from /opt/airflow/dags/pipeline_scheduled.py
[2026-01-20T04:30:08.046+0000] {logging_mixin.py:188} INFO - [2026-01-20T04:30:08.046+0000] {dag.py:3089} INFO - Sync 1 DAGs
[2026-01-20T04:30:08.070+0000] {logging_mixin.py:188} INFO - [2026-01-20T04:30:08.070+0000] {dag.py:3947} INFO - Setting next_dagrun for pipeline_scheduled to 2026-01-20 04:00:00+00:00, run_after=2026-01-20 05:00:00+00:00
[2026-01-20T04:30:08.091+0000] {processor.py:183} INFO - Processing /opt/airflow/dags/pipeline_scheduled.py took 0.122 seconds
[2026-01-20T04:30:38.365+0000] {processor.py:161} INFO - Started process (PID=21077) to work on /opt/airflow/dags/pipeline_scheduled.py
[2026-01-20T04:30:38.366+0000] {processor.py:830} INFO - Processing file /opt/airflow/dags/pipeline_scheduled.py for tasks to queue
[2026-01-20T04:30:38.368+0000] {logging_mixin.py:188} INFO - [2026-01-20T04:30:38.368+0000] {dagbag.py:545} INFO - Filling up the DagBag from /opt/airflow/dags/pipeline_scheduled.py
[2026-01-20T04:30:38.396+0000] {processor.py:840} INFO - DAG(s) 'pipeline_scheduled' retrieved from /opt/airflow/dags/pipeline_scheduled.py
[2026-01-20T04:30:38.439+0000] {logging_mixin.py:188} INFO - [2026-01-20T04:30:38.439+0000] {dag.py:3089} INFO - Sync 1 DAGs
[2026-01-20T04:30:38.464+0000] {logging_mixin.py:188} INFO - [2026-01-20T04:30:38.464+0000] {dag.py:3947} INFO - Setting next_dagrun for pipeline_scheduled to 2026-01-20 04:00:00+00:00, run_after=2026-01-20 05:00:00+00:00
[2026-01-20T04:30:38.485+0000] {processor.py:183} INFO - Processing /opt/airflow/dags/pipeline_scheduled.py took 0.128 seconds
[2026-01-20T04:31:08.738+0000] {processor.py:161} INFO - Started process (PID=21087) to work on /opt/airflow/dags/pipeline_scheduled.py
[2026-01-20T04:31:08.739+0000] {processor.py:830} INFO - Processing file /opt/airflow/dags/pipeline_scheduled.py for tasks to queue
[2026-01-20T04:31:08.741+0000] {logging_mixin.py:188} INFO - [2026-01-20T04:31:08.741+0000] {dagbag.py:545} INFO - Filling up the DagBag from /opt/airflow/dags/pipeline_scheduled.py
[2026-01-20T04:31:08.768+0000] {processor.py:840} INFO - DAG(s) 'pipeline_scheduled' retrieved from /opt/airflow/dags/pipeline_scheduled.py
[2026-01-20T04:31:08.801+0000] {logging_mixin.py:188} INFO - [2026-01-20T04:31:08.801+0000] {dag.py:3089} INFO - Sync 1 DAGs
[2026-01-20T04:31:08.824+0000] {logging_mixin.py:188} INFO - [2026-01-20T04:31:08.824+0000] {dag.py:3947} INFO - Setting next_dagrun for pipeline_scheduled to 2026-01-20 04:00:00+00:00, run_after=2026-01-20 05:00:00+00:00
[2026-01-20T04:31:08.848+0000] {processor.py:183} INFO - Processing /opt/airflow/dags/pipeline_scheduled.py took 0.117 seconds
[2026-01-20T04:31:39.131+0000] {processor.py:161} INFO - Started process (PID=21097) to work on /opt/airflow/dags/pipeline_scheduled.py
[2026-01-20T04:31:39.132+0000] {processor.py:830} INFO - Processing file /opt/airflow/dags/pipeline_scheduled.py for tasks to queue
[2026-01-20T04:31:39.135+0000] {logging_mixin.py:188} INFO - [2026-01-20T04:31:39.134+0000] {dagbag.py:545} INFO - Filling up the DagBag from /opt/airflow/dags/pipeline_scheduled.py
[2026-01-20T04:31:39.161+0000] {processor.py:840} INFO - DAG(s) 'pipeline_scheduled' retrieved from /opt/airflow/dags/pipeline_scheduled.py
[2026-01-20T04:31:39.199+0000] {logging_mixin.py:188} INFO - [2026-01-20T04:31:39.199+0000] {dag.py:3089} INFO - Sync 1 DAGs
[2026-01-20T04:31:39.222+0000] {logging_mixin.py:188} INFO - [2026-01-20T04:31:39.222+0000] {dag.py:3947} INFO - Setting next_dagrun for pipeline_scheduled to 2026-01-20 04:00:00+00:00, run_after=2026-01-20 05:00:00+00:00
[2026-01-20T04:31:39.245+0000] {processor.py:183} INFO - Processing /opt/airflow/dags/pipeline_scheduled.py took 0.121 seconds
[2026-01-20T04:32:09.540+0000] {processor.py:161} INFO - Started process (PID=21107) to work on /opt/airflow/dags/pipeline_scheduled.py
[2026-01-20T04:32:09.542+0000] {processor.py:830} INFO - Processing file /opt/airflow/dags/pipeline_scheduled.py for tasks to queue
[2026-01-20T04:32:09.545+0000] {logging_mixin.py:188} INFO - [2026-01-20T04:32:09.544+0000] {dagbag.py:545} INFO - Filling up the DagBag from /opt/airflow/dags/pipeline_scheduled.py
[2026-01-20T04:32:09.571+0000] {processor.py:840} INFO - DAG(s) 'pipeline_scheduled' retrieved from /opt/airflow/dags/pipeline_scheduled.py
[2026-01-20T04:32:09.608+0000] {logging_mixin.py:188} INFO - [2026-01-20T04:32:09.608+0000] {dag.py:3089} INFO - Sync 1 DAGs
[2026-01-20T04:32:09.632+0000] {logging_mixin.py:188} INFO - [2026-01-20T04:32:09.632+0000] {dag.py:3947} INFO - Setting next_dagrun for pipeline_scheduled to 2026-01-20 04:00:00+00:00, run_after=2026-01-20 05:00:00+00:00
[2026-01-20T04:32:09.656+0000] {processor.py:183} INFO - Processing /opt/airflow/dags/pipeline_scheduled.py took 0.124 seconds
[2026-01-20T04:32:39.970+0000] {processor.py:161} INFO - Started process (PID=21120) to work on /opt/airflow/dags/pipeline_scheduled.py
[2026-01-20T04:32:39.971+0000] {processor.py:830} INFO - Processing file /opt/airflow/dags/pipeline_scheduled.py for tasks to queue
[2026-01-20T04:32:39.974+0000] {logging_mixin.py:188} INFO - [2026-01-20T04:32:39.973+0000] {dagbag.py:545} INFO - Filling up the DagBag from /opt/airflow/dags/pipeline_scheduled.py
[2026-01-20T04:32:39.999+0000] {processor.py:840} INFO - DAG(s) 'pipeline_scheduled' retrieved from /opt/airflow/dags/pipeline_scheduled.py
[2026-01-20T04:32:40.041+0000] {logging_mixin.py:188} INFO - [2026-01-20T04:32:40.040+0000] {dag.py:3089} INFO - Sync 1 DAGs
[2026-01-20T04:32:40.067+0000] {logging_mixin.py:188} INFO - [2026-01-20T04:32:40.067+0000] {dag.py:3947} INFO - Setting next_dagrun for pipeline_scheduled to 2026-01-20 04:00:00+00:00, run_after=2026-01-20 05:00:00+00:00
[2026-01-20T04:32:40.090+0000] {processor.py:183} INFO - Processing /opt/airflow/dags/pipeline_scheduled.py took 0.126 seconds
[2026-01-20T04:33:10.350+0000] {processor.py:161} INFO - Started process (PID=21130) to work on /opt/airflow/dags/pipeline_scheduled.py
[2026-01-20T04:33:10.351+0000] {processor.py:830} INFO - Processing file /opt/airflow/dags/pipeline_scheduled.py for tasks to queue
[2026-01-20T04:33:10.353+0000] {logging_mixin.py:188} INFO - [2026-01-20T04:33:10.353+0000] {dagbag.py:545} INFO - Filling up the DagBag from /opt/airflow/dags/pipeline_scheduled.py
[2026-01-20T04:33:10.380+0000] {processor.py:840} INFO - DAG(s) 'pipeline_scheduled' retrieved from /opt/airflow/dags/pipeline_scheduled.py
[2026-01-20T04:33:10.422+0000] {logging_mixin.py:188} INFO - [2026-01-20T04:33:10.421+0000] {dag.py:3089} INFO - Sync 1 DAGs
[2026-01-20T04:33:10.447+0000] {logging_mixin.py:188} INFO - [2026-01-20T04:33:10.447+0000] {dag.py:3947} INFO - Setting next_dagrun for pipeline_scheduled to 2026-01-20 04:00:00+00:00, run_after=2026-01-20 05:00:00+00:00
[2026-01-20T04:33:10.470+0000] {processor.py:183} INFO - Processing /opt/airflow/dags/pipeline_scheduled.py took 0.127 seconds
[2026-01-20T04:33:40.733+0000] {processor.py:161} INFO - Started process (PID=21140) to work on /opt/airflow/dags/pipeline_scheduled.py
[2026-01-20T04:33:40.734+0000] {processor.py:830} INFO - Processing file /opt/airflow/dags/pipeline_scheduled.py for tasks to queue
[2026-01-20T04:33:40.736+0000] {logging_mixin.py:188} INFO - [2026-01-20T04:33:40.736+0000] {dagbag.py:545} INFO - Filling up the DagBag from /opt/airflow/dags/pipeline_scheduled.py
[2026-01-20T04:33:40.763+0000] {processor.py:840} INFO - DAG(s) 'pipeline_scheduled' retrieved from /opt/airflow/dags/pipeline_scheduled.py
[2026-01-20T04:33:40.800+0000] {logging_mixin.py:188} INFO - [2026-01-20T04:33:40.800+0000] {dag.py:3089} INFO - Sync 1 DAGs
[2026-01-20T04:33:40.824+0000] {logging_mixin.py:188} INFO - [2026-01-20T04:33:40.824+0000] {dag.py:3947} INFO - Setting next_dagrun for pipeline_scheduled to 2026-01-20 04:00:00+00:00, run_after=2026-01-20 05:00:00+00:00
[2026-01-20T04:33:40.846+0000] {processor.py:183} INFO - Processing /opt/airflow/dags/pipeline_scheduled.py took 0.121 seconds
[2026-01-20T04:34:11.117+0000] {processor.py:161} INFO - Started process (PID=21150) to work on /opt/airflow/dags/pipeline_scheduled.py
[2026-01-20T04:34:11.118+0000] {processor.py:830} INFO - Processing file /opt/airflow/dags/pipeline_scheduled.py for tasks to queue
[2026-01-20T04:34:11.121+0000] {logging_mixin.py:188} INFO - [2026-01-20T04:34:11.121+0000] {dagbag.py:545} INFO - Filling up the DagBag from /opt/airflow/dags/pipeline_scheduled.py
[2026-01-20T04:34:11.151+0000] {processor.py:840} INFO - DAG(s) 'pipeline_scheduled' retrieved from /opt/airflow/dags/pipeline_scheduled.py
[2026-01-20T04:34:11.189+0000] {logging_mixin.py:188} INFO - [2026-01-20T04:34:11.189+0000] {dag.py:3089} INFO - Sync 1 DAGs
[2026-01-20T04:34:11.214+0000] {logging_mixin.py:188} INFO - [2026-01-20T04:34:11.214+0000] {dag.py:3947} INFO - Setting next_dagrun for pipeline_scheduled to 2026-01-20 04:00:00+00:00, run_after=2026-01-20 05:00:00+00:00
[2026-01-20T04:34:11.241+0000] {processor.py:183} INFO - Processing /opt/airflow/dags/pipeline_scheduled.py took 0.131 seconds
[2026-01-20T04:38:25.517+0000] {processor.py:161} INFO - Started process (PID=21160) to work on /opt/airflow/dags/pipeline_scheduled.py
[2026-01-20T04:38:25.518+0000] {processor.py:830} INFO - Processing file /opt/airflow/dags/pipeline_scheduled.py for tasks to queue
[2026-01-20T04:38:25.521+0000] {logging_mixin.py:188} INFO - [2026-01-20T04:38:25.520+0000] {dagbag.py:545} INFO - Filling up the DagBag from /opt/airflow/dags/pipeline_scheduled.py
[2026-01-20T04:38:25.548+0000] {processor.py:840} INFO - DAG(s) 'pipeline_scheduled' retrieved from /opt/airflow/dags/pipeline_scheduled.py
[2026-01-20T04:38:25.583+0000] {logging_mixin.py:188} INFO - [2026-01-20T04:38:25.582+0000] {dag.py:3089} INFO - Sync 1 DAGs
[2026-01-20T04:38:25.603+0000] {logging_mixin.py:188} INFO - [2026-01-20T04:38:25.603+0000] {dag.py:3947} INFO - Setting next_dagrun for pipeline_scheduled to 2026-01-20 04:00:00+00:00, run_after=2026-01-20 05:00:00+00:00
[2026-01-20T04:38:25.623+0000] {processor.py:183} INFO - Processing /opt/airflow/dags/pipeline_scheduled.py took 0.112 seconds
[2026-01-20T09:09:59.466+0000] {processor.py:161} INFO - Started process (PID=21170) to work on /opt/airflow/dags/pipeline_scheduled.py
[2026-01-20T09:09:59.468+0000] {processor.py:830} INFO - Processing file /opt/airflow/dags/pipeline_scheduled.py for tasks to queue
[2026-01-20T09:09:59.487+0000] {logging_mixin.py:188} INFO - [2026-01-20T09:09:59.486+0000] {dagbag.py:545} INFO - Filling up the DagBag from /opt/airflow/dags/pipeline_scheduled.py
[2026-01-20T09:09:59.636+0000] {processor.py:840} INFO - DAG(s) 'pipeline_scheduled' retrieved from /opt/airflow/dags/pipeline_scheduled.py
[2026-01-20T09:09:59.836+0000] {logging_mixin.py:188} INFO - [2026-01-20T09:09:59.835+0000] {dag.py:3089} INFO - Sync 1 DAGs
[2026-01-20T09:09:59.941+0000] {logging_mixin.py:188} INFO - [2026-01-20T09:09:59.940+0000] {dag.py:3947} INFO - Setting next_dagrun for pipeline_scheduled to 2026-01-20 09:00:00+00:00, run_after=2026-01-20 10:00:00+00:00
[2026-01-20T09:10:00.036+0000] {processor.py:183} INFO - Processing /opt/airflow/dags/pipeline_scheduled.py took 0.594 seconds
[2026-01-20T09:21:59.150+0000] {processor.py:161} INFO - Started process (PID=21183) to work on /opt/airflow/dags/pipeline_scheduled.py
[2026-01-20T09:21:59.155+0000] {processor.py:830} INFO - Processing file /opt/airflow/dags/pipeline_scheduled.py for tasks to queue
[2026-01-20T09:21:59.162+0000] {logging_mixin.py:188} INFO - [2026-01-20T09:21:59.161+0000] {dagbag.py:545} INFO - Filling up the DagBag from /opt/airflow/dags/pipeline_scheduled.py
[2026-01-20T09:21:59.252+0000] {processor.py:840} INFO - DAG(s) 'pipeline_scheduled' retrieved from /opt/airflow/dags/pipeline_scheduled.py
[2026-01-20T09:21:59.335+0000] {logging_mixin.py:188} INFO - [2026-01-20T09:21:59.335+0000] {dag.py:3089} INFO - Sync 1 DAGs
[2026-01-20T09:21:59.423+0000] {logging_mixin.py:188} INFO - [2026-01-20T09:21:59.423+0000] {dag.py:3947} INFO - Setting next_dagrun for pipeline_scheduled to 2026-01-20 09:00:00+00:00, run_after=2026-01-20 10:00:00+00:00
[2026-01-20T09:21:59.475+0000] {processor.py:183} INFO - Processing /opt/airflow/dags/pipeline_scheduled.py took 0.338 seconds
[2026-01-20T10:50:19.483+0000] {processor.py:161} INFO - Started process (PID=21200) to work on /opt/airflow/dags/pipeline_scheduled.py
[2026-01-20T10:50:19.495+0000] {processor.py:830} INFO - Processing file /opt/airflow/dags/pipeline_scheduled.py for tasks to queue
[2026-01-20T10:50:19.554+0000] {logging_mixin.py:188} INFO - [2026-01-20T10:50:19.554+0000] {dagbag.py:545} INFO - Filling up the DagBag from /opt/airflow/dags/pipeline_scheduled.py
[2026-01-20T10:50:19.653+0000] {processor.py:840} INFO - DAG(s) 'pipeline_scheduled' retrieved from /opt/airflow/dags/pipeline_scheduled.py
[2026-01-20T10:50:19.768+0000] {logging_mixin.py:188} INFO - [2026-01-20T10:50:19.758+0000] {dag.py:3089} INFO - Sync 1 DAGs
[2026-01-20T10:50:19.865+0000] {logging_mixin.py:188} INFO - [2026-01-20T10:50:19.865+0000] {dag.py:3947} INFO - Setting next_dagrun for pipeline_scheduled to 2026-01-20 10:00:00+00:00, run_after=2026-01-20 11:00:00+00:00
[2026-01-20T10:50:19.965+0000] {processor.py:183} INFO - Processing /opt/airflow/dags/pipeline_scheduled.py took 0.496 seconds
[2026-01-20T13:06:22.130+0000] {processor.py:161} INFO - Started process (PID=21212) to work on /opt/airflow/dags/pipeline_scheduled.py
[2026-01-20T13:06:22.136+0000] {processor.py:830} INFO - Processing file /opt/airflow/dags/pipeline_scheduled.py for tasks to queue
[2026-01-20T13:06:22.153+0000] {logging_mixin.py:188} INFO - [2026-01-20T13:06:22.152+0000] {dagbag.py:545} INFO - Filling up the DagBag from /opt/airflow/dags/pipeline_scheduled.py
[2026-01-20T13:06:22.470+0000] {processor.py:840} INFO - DAG(s) 'pipeline_scheduled' retrieved from /opt/airflow/dags/pipeline_scheduled.py
[2026-01-20T13:06:22.818+0000] {logging_mixin.py:188} INFO - [2026-01-20T13:06:22.808+0000] {dag.py:3089} INFO - Sync 1 DAGs
[2026-01-20T13:06:23.004+0000] {logging_mixin.py:188} INFO - [2026-01-20T13:06:23.003+0000] {dag.py:3947} INFO - Setting next_dagrun for pipeline_scheduled to 2026-01-20 13:00:00+00:00, run_after=2026-01-20 14:00:00+00:00
[2026-01-20T13:06:23.143+0000] {processor.py:183} INFO - Processing /opt/airflow/dags/pipeline_scheduled.py took 1.056 seconds
[2026-01-20T13:56:26.645+0000] {processor.py:161} INFO - Started process (PID=21230) to work on /opt/airflow/dags/pipeline_scheduled.py
[2026-01-20T13:56:26.766+0000] {processor.py:830} INFO - Processing file /opt/airflow/dags/pipeline_scheduled.py for tasks to queue
[2026-01-20T13:56:27.301+0000] {logging_mixin.py:188} INFO - [2026-01-20T13:56:27.256+0000] {dagbag.py:545} INFO - Filling up the DagBag from /opt/airflow/dags/pipeline_scheduled.py
[2026-01-20T14:19:36.140+0000] {processor.py:161} INFO - Started process (PID=21265) to work on /opt/airflow/dags/pipeline_scheduled.py
[2026-01-20T14:19:36.142+0000] {processor.py:830} INFO - Processing file /opt/airflow/dags/pipeline_scheduled.py for tasks to queue
[2026-01-20T14:19:36.147+0000] {logging_mixin.py:188} INFO - [2026-01-20T14:19:36.146+0000] {dagbag.py:545} INFO - Filling up the DagBag from /opt/airflow/dags/pipeline_scheduled.py
[2026-01-20T14:19:36.188+0000] {processor.py:840} INFO - DAG(s) 'pipeline_scheduled' retrieved from /opt/airflow/dags/pipeline_scheduled.py
[2026-01-20T14:19:36.246+0000] {logging_mixin.py:188} INFO - [2026-01-20T14:19:36.245+0000] {dag.py:3089} INFO - Sync 1 DAGs
[2026-01-20T14:19:36.279+0000] {logging_mixin.py:188} INFO - [2026-01-20T14:19:36.278+0000] {dag.py:3947} INFO - Setting next_dagrun for pipeline_scheduled to 2026-01-20 14:00:00+00:00, run_after=2026-01-20 15:00:00+00:00
[2026-01-20T14:19:36.378+0000] {processor.py:183} INFO - Processing /opt/airflow/dags/pipeline_scheduled.py took 0.256 seconds
[2026-01-20T14:20:06.619+0000] {processor.py:161} INFO - Started process (PID=21275) to work on /opt/airflow/dags/pipeline_scheduled.py
[2026-01-20T14:20:06.620+0000] {processor.py:830} INFO - Processing file /opt/airflow/dags/pipeline_scheduled.py for tasks to queue
[2026-01-20T14:20:06.623+0000] {logging_mixin.py:188} INFO - [2026-01-20T14:20:06.622+0000] {dagbag.py:545} INFO - Filling up the DagBag from /opt/airflow/dags/pipeline_scheduled.py
[2026-01-20T14:20:06.648+0000] {processor.py:840} INFO - DAG(s) 'pipeline_scheduled' retrieved from /opt/airflow/dags/pipeline_scheduled.py
[2026-01-20T14:20:06.680+0000] {logging_mixin.py:188} INFO - [2026-01-20T14:20:06.680+0000] {dag.py:3089} INFO - Sync 1 DAGs
[2026-01-20T14:20:06.702+0000] {logging_mixin.py:188} INFO - [2026-01-20T14:20:06.702+0000] {dag.py:3947} INFO - Setting next_dagrun for pipeline_scheduled to 2026-01-20 14:00:00+00:00, run_after=2026-01-20 15:00:00+00:00
[2026-01-20T14:20:06.720+0000] {processor.py:183} INFO - Processing /opt/airflow/dags/pipeline_scheduled.py took 0.108 seconds
[2026-01-20T14:20:36.873+0000] {processor.py:161} INFO - Started process (PID=21285) to work on /opt/airflow/dags/pipeline_scheduled.py
[2026-01-20T14:20:36.874+0000] {processor.py:830} INFO - Processing file /opt/airflow/dags/pipeline_scheduled.py for tasks to queue
[2026-01-20T14:20:36.876+0000] {logging_mixin.py:188} INFO - [2026-01-20T14:20:36.876+0000] {dagbag.py:545} INFO - Filling up the DagBag from /opt/airflow/dags/pipeline_scheduled.py
[2026-01-20T14:20:36.901+0000] {processor.py:840} INFO - DAG(s) 'pipeline_scheduled' retrieved from /opt/airflow/dags/pipeline_scheduled.py
[2026-01-20T14:20:36.935+0000] {logging_mixin.py:188} INFO - [2026-01-20T14:20:36.935+0000] {dag.py:3089} INFO - Sync 1 DAGs
[2026-01-20T14:20:36.959+0000] {logging_mixin.py:188} INFO - [2026-01-20T14:20:36.958+0000] {dag.py:3947} INFO - Setting next_dagrun for pipeline_scheduled to 2026-01-20 14:00:00+00:00, run_after=2026-01-20 15:00:00+00:00
[2026-01-20T14:20:36.977+0000] {processor.py:183} INFO - Processing /opt/airflow/dags/pipeline_scheduled.py took 0.111 seconds
[2026-01-20T14:21:07.249+0000] {processor.py:161} INFO - Started process (PID=21295) to work on /opt/airflow/dags/pipeline_scheduled.py
[2026-01-20T14:21:07.250+0000] {processor.py:830} INFO - Processing file /opt/airflow/dags/pipeline_scheduled.py for tasks to queue
[2026-01-20T14:21:07.253+0000] {logging_mixin.py:188} INFO - [2026-01-20T14:21:07.252+0000] {dagbag.py:545} INFO - Filling up the DagBag from /opt/airflow/dags/pipeline_scheduled.py
[2026-01-20T14:21:07.278+0000] {processor.py:840} INFO - DAG(s) 'pipeline_scheduled' retrieved from /opt/airflow/dags/pipeline_scheduled.py
[2026-01-20T14:21:07.308+0000] {logging_mixin.py:188} INFO - [2026-01-20T14:21:07.308+0000] {dag.py:3089} INFO - Sync 1 DAGs
[2026-01-20T14:21:07.332+0000] {logging_mixin.py:188} INFO - [2026-01-20T14:21:07.332+0000] {dag.py:3947} INFO - Setting next_dagrun for pipeline_scheduled to 2026-01-20 14:00:00+00:00, run_after=2026-01-20 15:00:00+00:00
[2026-01-20T14:21:07.354+0000] {processor.py:183} INFO - Processing /opt/airflow/dags/pipeline_scheduled.py took 0.111 seconds
[2026-01-20T14:21:37.623+0000] {processor.py:161} INFO - Started process (PID=21305) to work on /opt/airflow/dags/pipeline_scheduled.py
[2026-01-20T14:21:37.624+0000] {processor.py:830} INFO - Processing file /opt/airflow/dags/pipeline_scheduled.py for tasks to queue
[2026-01-20T14:21:37.626+0000] {logging_mixin.py:188} INFO - [2026-01-20T14:21:37.626+0000] {dagbag.py:545} INFO - Filling up the DagBag from /opt/airflow/dags/pipeline_scheduled.py
[2026-01-20T14:21:37.653+0000] {processor.py:840} INFO - DAG(s) 'pipeline_scheduled' retrieved from /opt/airflow/dags/pipeline_scheduled.py
[2026-01-20T14:21:37.686+0000] {logging_mixin.py:188} INFO - [2026-01-20T14:21:37.686+0000] {dag.py:3089} INFO - Sync 1 DAGs
[2026-01-20T14:21:37.710+0000] {logging_mixin.py:188} INFO - [2026-01-20T14:21:37.710+0000] {dag.py:3947} INFO - Setting next_dagrun for pipeline_scheduled to 2026-01-20 14:00:00+00:00, run_after=2026-01-20 15:00:00+00:00
[2026-01-20T14:21:37.734+0000] {processor.py:183} INFO - Processing /opt/airflow/dags/pipeline_scheduled.py took 0.117 seconds
[2026-01-20T14:22:07.998+0000] {processor.py:161} INFO - Started process (PID=21315) to work on /opt/airflow/dags/pipeline_scheduled.py
[2026-01-20T14:22:08.000+0000] {processor.py:830} INFO - Processing file /opt/airflow/dags/pipeline_scheduled.py for tasks to queue
[2026-01-20T14:22:08.003+0000] {logging_mixin.py:188} INFO - [2026-01-20T14:22:08.002+0000] {dagbag.py:545} INFO - Filling up the DagBag from /opt/airflow/dags/pipeline_scheduled.py
[2026-01-20T14:22:08.027+0000] {processor.py:840} INFO - DAG(s) 'pipeline_scheduled' retrieved from /opt/airflow/dags/pipeline_scheduled.py
[2026-01-20T14:22:08.060+0000] {logging_mixin.py:188} INFO - [2026-01-20T14:22:08.059+0000] {dag.py:3089} INFO - Sync 1 DAGs
[2026-01-20T14:22:08.081+0000] {logging_mixin.py:188} INFO - [2026-01-20T14:22:08.081+0000] {dag.py:3947} INFO - Setting next_dagrun for pipeline_scheduled to 2026-01-20 14:00:00+00:00, run_after=2026-01-20 15:00:00+00:00
[2026-01-20T14:22:08.101+0000] {processor.py:183} INFO - Processing /opt/airflow/dags/pipeline_scheduled.py took 0.109 seconds
[2026-01-20T14:22:38.369+0000] {processor.py:161} INFO - Started process (PID=21325) to work on /opt/airflow/dags/pipeline_scheduled.py
[2026-01-20T14:22:38.370+0000] {processor.py:830} INFO - Processing file /opt/airflow/dags/pipeline_scheduled.py for tasks to queue
[2026-01-20T14:22:38.373+0000] {logging_mixin.py:188} INFO - [2026-01-20T14:22:38.372+0000] {dagbag.py:545} INFO - Filling up the DagBag from /opt/airflow/dags/pipeline_scheduled.py
[2026-01-20T14:22:38.399+0000] {processor.py:840} INFO - DAG(s) 'pipeline_scheduled' retrieved from /opt/airflow/dags/pipeline_scheduled.py
[2026-01-20T14:22:38.436+0000] {logging_mixin.py:188} INFO - [2026-01-20T14:22:38.436+0000] {dag.py:3089} INFO - Sync 1 DAGs
[2026-01-20T14:22:38.462+0000] {logging_mixin.py:188} INFO - [2026-01-20T14:22:38.462+0000] {dag.py:3947} INFO - Setting next_dagrun for pipeline_scheduled to 2026-01-20 14:00:00+00:00, run_after=2026-01-20 15:00:00+00:00
[2026-01-20T14:22:38.484+0000] {processor.py:183} INFO - Processing /opt/airflow/dags/pipeline_scheduled.py took 0.120 seconds
[2026-01-20T14:23:08.752+0000] {processor.py:161} INFO - Started process (PID=21335) to work on /opt/airflow/dags/pipeline_scheduled.py
[2026-01-20T14:23:08.753+0000] {processor.py:830} INFO - Processing file /opt/airflow/dags/pipeline_scheduled.py for tasks to queue
[2026-01-20T14:23:08.756+0000] {logging_mixin.py:188} INFO - [2026-01-20T14:23:08.755+0000] {dagbag.py:545} INFO - Filling up the DagBag from /opt/airflow/dags/pipeline_scheduled.py
[2026-01-20T14:23:08.785+0000] {processor.py:840} INFO - DAG(s) 'pipeline_scheduled' retrieved from /opt/airflow/dags/pipeline_scheduled.py
[2026-01-20T14:23:08.819+0000] {logging_mixin.py:188} INFO - [2026-01-20T14:23:08.818+0000] {dag.py:3089} INFO - Sync 1 DAGs
[2026-01-20T14:23:08.843+0000] {logging_mixin.py:188} INFO - [2026-01-20T14:23:08.843+0000] {dag.py:3947} INFO - Setting next_dagrun for pipeline_scheduled to 2026-01-20 14:00:00+00:00, run_after=2026-01-20 15:00:00+00:00
[2026-01-20T14:23:08.863+0000] {processor.py:183} INFO - Processing /opt/airflow/dags/pipeline_scheduled.py took 0.117 seconds
[2026-01-20T14:23:39.131+0000] {processor.py:161} INFO - Started process (PID=21345) to work on /opt/airflow/dags/pipeline_scheduled.py
[2026-01-20T14:23:39.132+0000] {processor.py:830} INFO - Processing file /opt/airflow/dags/pipeline_scheduled.py for tasks to queue
[2026-01-20T14:23:39.134+0000] {logging_mixin.py:188} INFO - [2026-01-20T14:23:39.134+0000] {dagbag.py:545} INFO - Filling up the DagBag from /opt/airflow/dags/pipeline_scheduled.py
[2026-01-20T14:23:39.161+0000] {processor.py:840} INFO - DAG(s) 'pipeline_scheduled' retrieved from /opt/airflow/dags/pipeline_scheduled.py
[2026-01-20T14:23:39.201+0000] {logging_mixin.py:188} INFO - [2026-01-20T14:23:39.200+0000] {dag.py:3089} INFO - Sync 1 DAGs
[2026-01-20T14:23:39.224+0000] {logging_mixin.py:188} INFO - [2026-01-20T14:23:39.224+0000] {dag.py:3947} INFO - Setting next_dagrun for pipeline_scheduled to 2026-01-20 14:00:00+00:00, run_after=2026-01-20 15:00:00+00:00
[2026-01-20T14:23:39.250+0000] {processor.py:183} INFO - Processing /opt/airflow/dags/pipeline_scheduled.py took 0.125 seconds
[2026-01-20T14:24:09.433+0000] {processor.py:161} INFO - Started process (PID=21355) to work on /opt/airflow/dags/pipeline_scheduled.py
[2026-01-20T14:24:09.434+0000] {processor.py:830} INFO - Processing file /opt/airflow/dags/pipeline_scheduled.py for tasks to queue
[2026-01-20T14:24:09.436+0000] {logging_mixin.py:188} INFO - [2026-01-20T14:24:09.436+0000] {dagbag.py:545} INFO - Filling up the DagBag from /opt/airflow/dags/pipeline_scheduled.py
[2026-01-20T14:24:09.464+0000] {processor.py:840} INFO - DAG(s) 'pipeline_scheduled' retrieved from /opt/airflow/dags/pipeline_scheduled.py
[2026-01-20T14:24:09.500+0000] {logging_mixin.py:188} INFO - [2026-01-20T14:24:09.500+0000] {dag.py:3089} INFO - Sync 1 DAGs
[2026-01-20T14:24:09.526+0000] {logging_mixin.py:188} INFO - [2026-01-20T14:24:09.526+0000] {dag.py:3947} INFO - Setting next_dagrun for pipeline_scheduled to 2026-01-20 14:00:00+00:00, run_after=2026-01-20 15:00:00+00:00
[2026-01-20T14:24:09.548+0000] {processor.py:183} INFO - Processing /opt/airflow/dags/pipeline_scheduled.py took 0.122 seconds
[2026-01-20T14:24:39.814+0000] {processor.py:161} INFO - Started process (PID=21365) to work on /opt/airflow/dags/pipeline_scheduled.py
[2026-01-20T14:24:39.815+0000] {processor.py:830} INFO - Processing file /opt/airflow/dags/pipeline_scheduled.py for tasks to queue
[2026-01-20T14:24:39.818+0000] {logging_mixin.py:188} INFO - [2026-01-20T14:24:39.817+0000] {dagbag.py:545} INFO - Filling up the DagBag from /opt/airflow/dags/pipeline_scheduled.py
[2026-01-20T14:24:39.843+0000] {processor.py:840} INFO - DAG(s) 'pipeline_scheduled' retrieved from /opt/airflow/dags/pipeline_scheduled.py
[2026-01-20T14:24:39.878+0000] {logging_mixin.py:188} INFO - [2026-01-20T14:24:39.878+0000] {dag.py:3089} INFO - Sync 1 DAGs
[2026-01-20T14:24:39.900+0000] {logging_mixin.py:188} INFO - [2026-01-20T14:24:39.900+0000] {dag.py:3947} INFO - Setting next_dagrun for pipeline_scheduled to 2026-01-20 14:00:00+00:00, run_after=2026-01-20 15:00:00+00:00
[2026-01-20T14:24:39.920+0000] {processor.py:183} INFO - Processing /opt/airflow/dags/pipeline_scheduled.py took 0.113 seconds
[2026-01-20T14:25:10.063+0000] {processor.py:161} INFO - Started process (PID=21375) to work on /opt/airflow/dags/pipeline_scheduled.py
[2026-01-20T14:25:10.064+0000] {processor.py:830} INFO - Processing file /opt/airflow/dags/pipeline_scheduled.py for tasks to queue
[2026-01-20T14:25:10.068+0000] {logging_mixin.py:188} INFO - [2026-01-20T14:25:10.067+0000] {dagbag.py:545} INFO - Filling up the DagBag from /opt/airflow/dags/pipeline_scheduled.py
[2026-01-20T14:25:10.096+0000] {processor.py:840} INFO - DAG(s) 'pipeline_scheduled' retrieved from /opt/airflow/dags/pipeline_scheduled.py
[2026-01-20T14:25:10.132+0000] {logging_mixin.py:188} INFO - [2026-01-20T14:25:10.131+0000] {dag.py:3089} INFO - Sync 1 DAGs
[2026-01-20T14:25:10.156+0000] {logging_mixin.py:188} INFO - [2026-01-20T14:25:10.156+0000] {dag.py:3947} INFO - Setting next_dagrun for pipeline_scheduled to 2026-01-20 14:00:00+00:00, run_after=2026-01-20 15:00:00+00:00
[2026-01-20T14:25:10.178+0000] {processor.py:183} INFO - Processing /opt/airflow/dags/pipeline_scheduled.py took 0.121 seconds
[2026-01-20T14:25:40.448+0000] {processor.py:161} INFO - Started process (PID=21385) to work on /opt/airflow/dags/pipeline_scheduled.py
[2026-01-20T14:25:40.449+0000] {processor.py:830} INFO - Processing file /opt/airflow/dags/pipeline_scheduled.py for tasks to queue
[2026-01-20T14:25:40.452+0000] {logging_mixin.py:188} INFO - [2026-01-20T14:25:40.452+0000] {dagbag.py:545} INFO - Filling up the DagBag from /opt/airflow/dags/pipeline_scheduled.py
[2026-01-20T14:25:40.479+0000] {processor.py:840} INFO - DAG(s) 'pipeline_scheduled' retrieved from /opt/airflow/dags/pipeline_scheduled.py
[2026-01-20T14:25:40.514+0000] {logging_mixin.py:188} INFO - [2026-01-20T14:25:40.514+0000] {dag.py:3089} INFO - Sync 1 DAGs
[2026-01-20T14:25:40.540+0000] {logging_mixin.py:188} INFO - [2026-01-20T14:25:40.539+0000] {dag.py:3947} INFO - Setting next_dagrun for pipeline_scheduled to 2026-01-20 14:00:00+00:00, run_after=2026-01-20 15:00:00+00:00
[2026-01-20T14:25:40.565+0000] {processor.py:183} INFO - Processing /opt/airflow/dags/pipeline_scheduled.py took 0.123 seconds
[2026-01-20T14:26:10.844+0000] {processor.py:161} INFO - Started process (PID=21395) to work on /opt/airflow/dags/pipeline_scheduled.py
[2026-01-20T14:26:10.845+0000] {processor.py:830} INFO - Processing file /opt/airflow/dags/pipeline_scheduled.py for tasks to queue
[2026-01-20T14:26:10.847+0000] {logging_mixin.py:188} INFO - [2026-01-20T14:26:10.847+0000] {dagbag.py:545} INFO - Filling up the DagBag from /opt/airflow/dags/pipeline_scheduled.py
[2026-01-20T14:26:10.872+0000] {processor.py:840} INFO - DAG(s) 'pipeline_scheduled' retrieved from /opt/airflow/dags/pipeline_scheduled.py
[2026-01-20T14:26:10.910+0000] {logging_mixin.py:188} INFO - [2026-01-20T14:26:10.910+0000] {dag.py:3089} INFO - Sync 1 DAGs
[2026-01-20T14:26:10.934+0000] {logging_mixin.py:188} INFO - [2026-01-20T14:26:10.934+0000] {dag.py:3947} INFO - Setting next_dagrun for pipeline_scheduled to 2026-01-20 14:00:00+00:00, run_after=2026-01-20 15:00:00+00:00
[2026-01-20T14:26:10.956+0000] {processor.py:183} INFO - Processing /opt/airflow/dags/pipeline_scheduled.py took 0.118 seconds
[2026-01-20T14:26:41.231+0000] {processor.py:161} INFO - Started process (PID=21405) to work on /opt/airflow/dags/pipeline_scheduled.py
[2026-01-20T14:26:41.232+0000] {processor.py:830} INFO - Processing file /opt/airflow/dags/pipeline_scheduled.py for tasks to queue
[2026-01-20T14:26:41.234+0000] {logging_mixin.py:188} INFO - [2026-01-20T14:26:41.234+0000] {dagbag.py:545} INFO - Filling up the DagBag from /opt/airflow/dags/pipeline_scheduled.py
[2026-01-20T14:26:41.259+0000] {processor.py:840} INFO - DAG(s) 'pipeline_scheduled' retrieved from /opt/airflow/dags/pipeline_scheduled.py
[2026-01-20T14:26:41.295+0000] {logging_mixin.py:188} INFO - [2026-01-20T14:26:41.294+0000] {dag.py:3089} INFO - Sync 1 DAGs
[2026-01-20T14:26:41.318+0000] {logging_mixin.py:188} INFO - [2026-01-20T14:26:41.318+0000] {dag.py:3947} INFO - Setting next_dagrun for pipeline_scheduled to 2026-01-20 14:00:00+00:00, run_after=2026-01-20 15:00:00+00:00
[2026-01-20T14:26:41.341+0000] {processor.py:183} INFO - Processing /opt/airflow/dags/pipeline_scheduled.py took 0.116 seconds
[2026-01-20T14:27:11.611+0000] {processor.py:161} INFO - Started process (PID=21415) to work on /opt/airflow/dags/pipeline_scheduled.py
[2026-01-20T14:27:11.612+0000] {processor.py:830} INFO - Processing file /opt/airflow/dags/pipeline_scheduled.py for tasks to queue
[2026-01-20T14:27:11.615+0000] {logging_mixin.py:188} INFO - [2026-01-20T14:27:11.614+0000] {dagbag.py:545} INFO - Filling up the DagBag from /opt/airflow/dags/pipeline_scheduled.py
[2026-01-20T14:27:11.642+0000] {processor.py:840} INFO - DAG(s) 'pipeline_scheduled' retrieved from /opt/airflow/dags/pipeline_scheduled.py
[2026-01-20T14:27:11.679+0000] {logging_mixin.py:188} INFO - [2026-01-20T14:27:11.679+0000] {dag.py:3089} INFO - Sync 1 DAGs
[2026-01-20T14:27:11.707+0000] {logging_mixin.py:188} INFO - [2026-01-20T14:27:11.707+0000] {dag.py:3947} INFO - Setting next_dagrun for pipeline_scheduled to 2026-01-20 14:00:00+00:00, run_after=2026-01-20 15:00:00+00:00
[2026-01-20T14:27:11.729+0000] {processor.py:183} INFO - Processing /opt/airflow/dags/pipeline_scheduled.py took 0.124 seconds
[2026-01-20T14:27:41.994+0000] {processor.py:161} INFO - Started process (PID=21425) to work on /opt/airflow/dags/pipeline_scheduled.py
[2026-01-20T14:27:41.996+0000] {processor.py:830} INFO - Processing file /opt/airflow/dags/pipeline_scheduled.py for tasks to queue
[2026-01-20T14:27:41.998+0000] {logging_mixin.py:188} INFO - [2026-01-20T14:27:41.997+0000] {dagbag.py:545} INFO - Filling up the DagBag from /opt/airflow/dags/pipeline_scheduled.py
[2026-01-20T14:27:42.021+0000] {processor.py:840} INFO - DAG(s) 'pipeline_scheduled' retrieved from /opt/airflow/dags/pipeline_scheduled.py
[2026-01-20T14:27:42.057+0000] {logging_mixin.py:188} INFO - [2026-01-20T14:27:42.056+0000] {dag.py:3089} INFO - Sync 1 DAGs
[2026-01-20T14:27:42.081+0000] {logging_mixin.py:188} INFO - [2026-01-20T14:27:42.081+0000] {dag.py:3947} INFO - Setting next_dagrun for pipeline_scheduled to 2026-01-20 14:00:00+00:00, run_after=2026-01-20 15:00:00+00:00
[2026-01-20T14:27:42.104+0000] {processor.py:183} INFO - Processing /opt/airflow/dags/pipeline_scheduled.py took 0.115 seconds
[2026-01-20T14:28:12.374+0000] {processor.py:161} INFO - Started process (PID=21435) to work on /opt/airflow/dags/pipeline_scheduled.py
[2026-01-20T14:28:12.375+0000] {processor.py:830} INFO - Processing file /opt/airflow/dags/pipeline_scheduled.py for tasks to queue
[2026-01-20T14:28:12.378+0000] {logging_mixin.py:188} INFO - [2026-01-20T14:28:12.378+0000] {dagbag.py:545} INFO - Filling up the DagBag from /opt/airflow/dags/pipeline_scheduled.py
[2026-01-20T14:28:12.409+0000] {processor.py:840} INFO - DAG(s) 'pipeline_scheduled' retrieved from /opt/airflow/dags/pipeline_scheduled.py
[2026-01-20T14:28:12.452+0000] {logging_mixin.py:188} INFO - [2026-01-20T14:28:12.452+0000] {dag.py:3089} INFO - Sync 1 DAGs
[2026-01-20T14:28:12.479+0000] {logging_mixin.py:188} INFO - [2026-01-20T14:28:12.479+0000] {dag.py:3947} INFO - Setting next_dagrun for pipeline_scheduled to 2026-01-20 14:00:00+00:00, run_after=2026-01-20 15:00:00+00:00
[2026-01-20T14:28:12.508+0000] {processor.py:183} INFO - Processing /opt/airflow/dags/pipeline_scheduled.py took 0.140 seconds
[2026-01-20T14:28:42.779+0000] {processor.py:161} INFO - Started process (PID=21445) to work on /opt/airflow/dags/pipeline_scheduled.py
[2026-01-20T14:28:42.781+0000] {processor.py:830} INFO - Processing file /opt/airflow/dags/pipeline_scheduled.py for tasks to queue
[2026-01-20T14:28:42.783+0000] {logging_mixin.py:188} INFO - [2026-01-20T14:28:42.783+0000] {dagbag.py:545} INFO - Filling up the DagBag from /opt/airflow/dags/pipeline_scheduled.py
[2026-01-20T14:28:42.808+0000] {processor.py:840} INFO - DAG(s) 'pipeline_scheduled' retrieved from /opt/airflow/dags/pipeline_scheduled.py
[2026-01-20T14:28:42.848+0000] {logging_mixin.py:188} INFO - [2026-01-20T14:28:42.847+0000] {dag.py:3089} INFO - Sync 1 DAGs
[2026-01-20T14:28:42.874+0000] {logging_mixin.py:188} INFO - [2026-01-20T14:28:42.874+0000] {dag.py:3947} INFO - Setting next_dagrun for pipeline_scheduled to 2026-01-20 14:00:00+00:00, run_after=2026-01-20 15:00:00+00:00
[2026-01-20T14:28:42.899+0000] {processor.py:183} INFO - Processing /opt/airflow/dags/pipeline_scheduled.py took 0.126 seconds
[2026-01-20T14:29:13.231+0000] {processor.py:161} INFO - Started process (PID=21473) to work on /opt/airflow/dags/pipeline_scheduled.py
[2026-01-20T14:29:13.232+0000] {processor.py:830} INFO - Processing file /opt/airflow/dags/pipeline_scheduled.py for tasks to queue
[2026-01-20T14:29:13.235+0000] {logging_mixin.py:188} INFO - [2026-01-20T14:29:13.234+0000] {dagbag.py:545} INFO - Filling up the DagBag from /opt/airflow/dags/pipeline_scheduled.py
[2026-01-20T14:29:13.259+0000] {processor.py:840} INFO - DAG(s) 'pipeline_scheduled' retrieved from /opt/airflow/dags/pipeline_scheduled.py
[2026-01-20T14:29:13.289+0000] {logging_mixin.py:188} INFO - [2026-01-20T14:29:13.288+0000] {dag.py:3089} INFO - Sync 1 DAGs
[2026-01-20T14:29:13.310+0000] {logging_mixin.py:188} INFO - [2026-01-20T14:29:13.309+0000] {dag.py:3947} INFO - Setting next_dagrun for pipeline_scheduled to 2026-01-20 14:00:00+00:00, run_after=2026-01-20 15:00:00+00:00
[2026-01-20T14:29:13.333+0000] {processor.py:183} INFO - Processing /opt/airflow/dags/pipeline_scheduled.py took 0.108 seconds
[2026-01-20T14:29:43.603+0000] {processor.py:161} INFO - Started process (PID=21483) to work on /opt/airflow/dags/pipeline_scheduled.py
[2026-01-20T14:29:43.605+0000] {processor.py:830} INFO - Processing file /opt/airflow/dags/pipeline_scheduled.py for tasks to queue
[2026-01-20T14:29:43.608+0000] {logging_mixin.py:188} INFO - [2026-01-20T14:29:43.608+0000] {dagbag.py:545} INFO - Filling up the DagBag from /opt/airflow/dags/pipeline_scheduled.py
[2026-01-20T14:29:43.635+0000] {processor.py:840} INFO - DAG(s) 'pipeline_scheduled' retrieved from /opt/airflow/dags/pipeline_scheduled.py
[2026-01-20T14:29:43.675+0000] {logging_mixin.py:188} INFO - [2026-01-20T14:29:43.674+0000] {dag.py:3089} INFO - Sync 1 DAGs
[2026-01-20T14:29:43.699+0000] {logging_mixin.py:188} INFO - [2026-01-20T14:29:43.699+0000] {dag.py:3947} INFO - Setting next_dagrun for pipeline_scheduled to 2026-01-20 14:00:00+00:00, run_after=2026-01-20 15:00:00+00:00
[2026-01-20T14:29:43.724+0000] {processor.py:183} INFO - Processing /opt/airflow/dags/pipeline_scheduled.py took 0.127 seconds
[2026-01-20T14:30:14.003+0000] {processor.py:161} INFO - Started process (PID=21493) to work on /opt/airflow/dags/pipeline_scheduled.py
[2026-01-20T14:30:14.005+0000] {processor.py:830} INFO - Processing file /opt/airflow/dags/pipeline_scheduled.py for tasks to queue
[2026-01-20T14:30:14.007+0000] {logging_mixin.py:188} INFO - [2026-01-20T14:30:14.007+0000] {dagbag.py:545} INFO - Filling up the DagBag from /opt/airflow/dags/pipeline_scheduled.py
[2026-01-20T14:30:14.035+0000] {processor.py:840} INFO - DAG(s) 'pipeline_scheduled' retrieved from /opt/airflow/dags/pipeline_scheduled.py
[2026-01-20T14:30:14.073+0000] {logging_mixin.py:188} INFO - [2026-01-20T14:30:14.073+0000] {dag.py:3089} INFO - Sync 1 DAGs
[2026-01-20T14:30:14.108+0000] {logging_mixin.py:188} INFO - [2026-01-20T14:30:14.108+0000] {dag.py:3947} INFO - Setting next_dagrun for pipeline_scheduled to 2026-01-20 14:00:00+00:00, run_after=2026-01-20 15:00:00+00:00
[2026-01-20T14:30:14.137+0000] {processor.py:183} INFO - Processing /opt/airflow/dags/pipeline_scheduled.py took 0.142 seconds
[2026-01-20T14:30:44.253+0000] {processor.py:161} INFO - Started process (PID=21503) to work on /opt/airflow/dags/pipeline_scheduled.py
[2026-01-20T14:30:44.254+0000] {processor.py:830} INFO - Processing file /opt/airflow/dags/pipeline_scheduled.py for tasks to queue
[2026-01-20T14:30:44.256+0000] {logging_mixin.py:188} INFO - [2026-01-20T14:30:44.256+0000] {dagbag.py:545} INFO - Filling up the DagBag from /opt/airflow/dags/pipeline_scheduled.py
[2026-01-20T14:30:44.280+0000] {processor.py:840} INFO - DAG(s) 'pipeline_scheduled' retrieved from /opt/airflow/dags/pipeline_scheduled.py
[2026-01-20T14:30:44.321+0000] {logging_mixin.py:188} INFO - [2026-01-20T14:30:44.320+0000] {dag.py:3089} INFO - Sync 1 DAGs
[2026-01-20T14:30:44.346+0000] {logging_mixin.py:188} INFO - [2026-01-20T14:30:44.346+0000] {dag.py:3947} INFO - Setting next_dagrun for pipeline_scheduled to 2026-01-20 14:00:00+00:00, run_after=2026-01-20 15:00:00+00:00
[2026-01-20T14:30:44.369+0000] {processor.py:183} INFO - Processing /opt/airflow/dags/pipeline_scheduled.py took 0.123 seconds
[2026-01-20T14:31:14.654+0000] {processor.py:161} INFO - Started process (PID=21513) to work on /opt/airflow/dags/pipeline_scheduled.py
[2026-01-20T14:31:14.656+0000] {processor.py:830} INFO - Processing file /opt/airflow/dags/pipeline_scheduled.py for tasks to queue
[2026-01-20T14:31:14.658+0000] {logging_mixin.py:188} INFO - [2026-01-20T14:31:14.658+0000] {dagbag.py:545} INFO - Filling up the DagBag from /opt/airflow/dags/pipeline_scheduled.py
[2026-01-20T14:31:14.684+0000] {processor.py:840} INFO - DAG(s) 'pipeline_scheduled' retrieved from /opt/airflow/dags/pipeline_scheduled.py
[2026-01-20T14:31:14.724+0000] {logging_mixin.py:188} INFO - [2026-01-20T14:31:14.724+0000] {dag.py:3089} INFO - Sync 1 DAGs
[2026-01-20T14:31:14.748+0000] {logging_mixin.py:188} INFO - [2026-01-20T14:31:14.748+0000] {dag.py:3947} INFO - Setting next_dagrun for pipeline_scheduled to 2026-01-20 14:00:00+00:00, run_after=2026-01-20 15:00:00+00:00
[2026-01-20T14:31:14.770+0000] {processor.py:183} INFO - Processing /opt/airflow/dags/pipeline_scheduled.py took 0.122 seconds
[2026-01-20T14:31:45.056+0000] {processor.py:161} INFO - Started process (PID=21523) to work on /opt/airflow/dags/pipeline_scheduled.py
[2026-01-20T14:31:45.057+0000] {processor.py:830} INFO - Processing file /opt/airflow/dags/pipeline_scheduled.py for tasks to queue
[2026-01-20T14:31:45.059+0000] {logging_mixin.py:188} INFO - [2026-01-20T14:31:45.059+0000] {dagbag.py:545} INFO - Filling up the DagBag from /opt/airflow/dags/pipeline_scheduled.py
[2026-01-20T14:31:45.087+0000] {processor.py:840} INFO - DAG(s) 'pipeline_scheduled' retrieved from /opt/airflow/dags/pipeline_scheduled.py
[2026-01-20T14:31:45.126+0000] {logging_mixin.py:188} INFO - [2026-01-20T14:31:45.126+0000] {dag.py:3089} INFO - Sync 1 DAGs
[2026-01-20T14:31:45.150+0000] {logging_mixin.py:188} INFO - [2026-01-20T14:31:45.150+0000] {dag.py:3947} INFO - Setting next_dagrun for pipeline_scheduled to 2026-01-20 14:00:00+00:00, run_after=2026-01-20 15:00:00+00:00
[2026-01-20T14:31:45.170+0000] {processor.py:183} INFO - Processing /opt/airflow/dags/pipeline_scheduled.py took 0.121 seconds
[2026-01-20T14:32:15.450+0000] {processor.py:161} INFO - Started process (PID=21533) to work on /opt/airflow/dags/pipeline_scheduled.py
[2026-01-20T14:32:15.452+0000] {processor.py:830} INFO - Processing file /opt/airflow/dags/pipeline_scheduled.py for tasks to queue
[2026-01-20T14:32:15.454+0000] {logging_mixin.py:188} INFO - [2026-01-20T14:32:15.454+0000] {dagbag.py:545} INFO - Filling up the DagBag from /opt/airflow/dags/pipeline_scheduled.py
[2026-01-20T14:32:15.480+0000] {processor.py:840} INFO - DAG(s) 'pipeline_scheduled' retrieved from /opt/airflow/dags/pipeline_scheduled.py
[2026-01-20T14:32:15.521+0000] {logging_mixin.py:188} INFO - [2026-01-20T14:32:15.521+0000] {dag.py:3089} INFO - Sync 1 DAGs
[2026-01-20T14:32:15.547+0000] {logging_mixin.py:188} INFO - [2026-01-20T14:32:15.547+0000] {dag.py:3947} INFO - Setting next_dagrun for pipeline_scheduled to 2026-01-20 14:00:00+00:00, run_after=2026-01-20 15:00:00+00:00
[2026-01-20T14:32:15.571+0000] {processor.py:183} INFO - Processing /opt/airflow/dags/pipeline_scheduled.py took 0.127 seconds
[2026-01-20T14:32:45.860+0000] {processor.py:161} INFO - Started process (PID=21543) to work on /opt/airflow/dags/pipeline_scheduled.py
[2026-01-20T14:32:45.861+0000] {processor.py:830} INFO - Processing file /opt/airflow/dags/pipeline_scheduled.py for tasks to queue
[2026-01-20T14:32:45.864+0000] {logging_mixin.py:188} INFO - [2026-01-20T14:32:45.864+0000] {dagbag.py:545} INFO - Filling up the DagBag from /opt/airflow/dags/pipeline_scheduled.py
[2026-01-20T14:32:45.891+0000] {processor.py:840} INFO - DAG(s) 'pipeline_scheduled' retrieved from /opt/airflow/dags/pipeline_scheduled.py
[2026-01-20T14:32:45.932+0000] {logging_mixin.py:188} INFO - [2026-01-20T14:32:45.932+0000] {dag.py:3089} INFO - Sync 1 DAGs
[2026-01-20T14:32:45.957+0000] {logging_mixin.py:188} INFO - [2026-01-20T14:32:45.957+0000] {dag.py:3947} INFO - Setting next_dagrun for pipeline_scheduled to 2026-01-20 14:00:00+00:00, run_after=2026-01-20 15:00:00+00:00
[2026-01-20T14:32:45.981+0000] {processor.py:183} INFO - Processing /opt/airflow/dags/pipeline_scheduled.py took 0.128 seconds
[2026-01-20T14:33:16.273+0000] {processor.py:161} INFO - Started process (PID=21553) to work on /opt/airflow/dags/pipeline_scheduled.py
[2026-01-20T14:33:16.274+0000] {processor.py:830} INFO - Processing file /opt/airflow/dags/pipeline_scheduled.py for tasks to queue
[2026-01-20T14:33:16.277+0000] {logging_mixin.py:188} INFO - [2026-01-20T14:33:16.276+0000] {dagbag.py:545} INFO - Filling up the DagBag from /opt/airflow/dags/pipeline_scheduled.py
[2026-01-20T14:33:16.303+0000] {processor.py:840} INFO - DAG(s) 'pipeline_scheduled' retrieved from /opt/airflow/dags/pipeline_scheduled.py
[2026-01-20T14:33:16.336+0000] {logging_mixin.py:188} INFO - [2026-01-20T14:33:16.336+0000] {dag.py:3089} INFO - Sync 1 DAGs
[2026-01-20T14:33:16.361+0000] {logging_mixin.py:188} INFO - [2026-01-20T14:33:16.361+0000] {dag.py:3947} INFO - Setting next_dagrun for pipeline_scheduled to 2026-01-20 14:00:00+00:00, run_after=2026-01-20 15:00:00+00:00
[2026-01-20T14:33:16.382+0000] {processor.py:183} INFO - Processing /opt/airflow/dags/pipeline_scheduled.py took 0.115 seconds
[2026-01-20T14:33:46.667+0000] {processor.py:161} INFO - Started process (PID=21563) to work on /opt/airflow/dags/pipeline_scheduled.py
[2026-01-20T14:33:46.669+0000] {processor.py:830} INFO - Processing file /opt/airflow/dags/pipeline_scheduled.py for tasks to queue
[2026-01-20T14:33:46.672+0000] {logging_mixin.py:188} INFO - [2026-01-20T14:33:46.671+0000] {dagbag.py:545} INFO - Filling up the DagBag from /opt/airflow/dags/pipeline_scheduled.py
[2026-01-20T14:33:46.699+0000] {processor.py:840} INFO - DAG(s) 'pipeline_scheduled' retrieved from /opt/airflow/dags/pipeline_scheduled.py
[2026-01-20T14:33:46.738+0000] {logging_mixin.py:188} INFO - [2026-01-20T14:33:46.738+0000] {dag.py:3089} INFO - Sync 1 DAGs
[2026-01-20T14:33:46.764+0000] {logging_mixin.py:188} INFO - [2026-01-20T14:33:46.764+0000] {dag.py:3947} INFO - Setting next_dagrun for pipeline_scheduled to 2026-01-20 14:00:00+00:00, run_after=2026-01-20 15:00:00+00:00
[2026-01-20T14:33:46.787+0000] {processor.py:183} INFO - Processing /opt/airflow/dags/pipeline_scheduled.py took 0.127 seconds
[2026-01-20T14:34:17.123+0000] {processor.py:161} INFO - Started process (PID=21573) to work on /opt/airflow/dags/pipeline_scheduled.py
[2026-01-20T14:34:17.124+0000] {processor.py:830} INFO - Processing file /opt/airflow/dags/pipeline_scheduled.py for tasks to queue
[2026-01-20T14:34:17.127+0000] {logging_mixin.py:188} INFO - [2026-01-20T14:34:17.127+0000] {dagbag.py:545} INFO - Filling up the DagBag from /opt/airflow/dags/pipeline_scheduled.py
[2026-01-20T14:34:17.153+0000] {processor.py:840} INFO - DAG(s) 'pipeline_scheduled' retrieved from /opt/airflow/dags/pipeline_scheduled.py
[2026-01-20T14:34:17.195+0000] {logging_mixin.py:188} INFO - [2026-01-20T14:34:17.194+0000] {dag.py:3089} INFO - Sync 1 DAGs
[2026-01-20T14:34:17.221+0000] {logging_mixin.py:188} INFO - [2026-01-20T14:34:17.221+0000] {dag.py:3947} INFO - Setting next_dagrun for pipeline_scheduled to 2026-01-20 14:00:00+00:00, run_after=2026-01-20 15:00:00+00:00
[2026-01-20T14:34:17.241+0000] {processor.py:183} INFO - Processing /opt/airflow/dags/pipeline_scheduled.py took 0.124 seconds
[2026-01-20T14:34:47.515+0000] {processor.py:161} INFO - Started process (PID=21583) to work on /opt/airflow/dags/pipeline_scheduled.py
[2026-01-20T14:34:47.516+0000] {processor.py:830} INFO - Processing file /opt/airflow/dags/pipeline_scheduled.py for tasks to queue
[2026-01-20T14:34:47.519+0000] {logging_mixin.py:188} INFO - [2026-01-20T14:34:47.519+0000] {dagbag.py:545} INFO - Filling up the DagBag from /opt/airflow/dags/pipeline_scheduled.py
[2026-01-20T14:34:47.545+0000] {processor.py:840} INFO - DAG(s) 'pipeline_scheduled' retrieved from /opt/airflow/dags/pipeline_scheduled.py
[2026-01-20T14:34:47.583+0000] {logging_mixin.py:188} INFO - [2026-01-20T14:34:47.583+0000] {dag.py:3089} INFO - Sync 1 DAGs
[2026-01-20T14:34:47.610+0000] {logging_mixin.py:188} INFO - [2026-01-20T14:34:47.610+0000] {dag.py:3947} INFO - Setting next_dagrun for pipeline_scheduled to 2026-01-20 14:00:00+00:00, run_after=2026-01-20 15:00:00+00:00
[2026-01-20T14:34:47.632+0000] {processor.py:183} INFO - Processing /opt/airflow/dags/pipeline_scheduled.py took 0.123 seconds
[2026-01-20T14:35:17.781+0000] {processor.py:161} INFO - Started process (PID=21593) to work on /opt/airflow/dags/pipeline_scheduled.py
[2026-01-20T14:35:17.782+0000] {processor.py:830} INFO - Processing file /opt/airflow/dags/pipeline_scheduled.py for tasks to queue
[2026-01-20T14:35:17.785+0000] {logging_mixin.py:188} INFO - [2026-01-20T14:35:17.784+0000] {dagbag.py:545} INFO - Filling up the DagBag from /opt/airflow/dags/pipeline_scheduled.py
[2026-01-20T14:35:17.810+0000] {processor.py:840} INFO - DAG(s) 'pipeline_scheduled' retrieved from /opt/airflow/dags/pipeline_scheduled.py
[2026-01-20T14:35:17.847+0000] {logging_mixin.py:188} INFO - [2026-01-20T14:35:17.847+0000] {dag.py:3089} INFO - Sync 1 DAGs
[2026-01-20T14:35:17.874+0000] {logging_mixin.py:188} INFO - [2026-01-20T14:35:17.873+0000] {dag.py:3947} INFO - Setting next_dagrun for pipeline_scheduled to 2026-01-20 14:00:00+00:00, run_after=2026-01-20 15:00:00+00:00
[2026-01-20T14:35:17.900+0000] {processor.py:183} INFO - Processing /opt/airflow/dags/pipeline_scheduled.py took 0.126 seconds
[2026-01-20T14:35:48.173+0000] {processor.py:161} INFO - Started process (PID=21603) to work on /opt/airflow/dags/pipeline_scheduled.py
[2026-01-20T14:35:48.175+0000] {processor.py:830} INFO - Processing file /opt/airflow/dags/pipeline_scheduled.py for tasks to queue
[2026-01-20T14:35:48.177+0000] {logging_mixin.py:188} INFO - [2026-01-20T14:35:48.176+0000] {dagbag.py:545} INFO - Filling up the DagBag from /opt/airflow/dags/pipeline_scheduled.py
[2026-01-20T14:35:48.202+0000] {processor.py:840} INFO - DAG(s) 'pipeline_scheduled' retrieved from /opt/airflow/dags/pipeline_scheduled.py
[2026-01-20T14:35:48.239+0000] {logging_mixin.py:188} INFO - [2026-01-20T14:35:48.239+0000] {dag.py:3089} INFO - Sync 1 DAGs
[2026-01-20T14:35:48.266+0000] {logging_mixin.py:188} INFO - [2026-01-20T14:35:48.266+0000] {dag.py:3947} INFO - Setting next_dagrun for pipeline_scheduled to 2026-01-20 14:00:00+00:00, run_after=2026-01-20 15:00:00+00:00
[2026-01-20T14:35:48.288+0000] {processor.py:183} INFO - Processing /opt/airflow/dags/pipeline_scheduled.py took 0.122 seconds
[2026-01-20T14:36:18.575+0000] {processor.py:161} INFO - Started process (PID=21613) to work on /opt/airflow/dags/pipeline_scheduled.py
[2026-01-20T14:36:18.576+0000] {processor.py:830} INFO - Processing file /opt/airflow/dags/pipeline_scheduled.py for tasks to queue
[2026-01-20T14:36:18.580+0000] {logging_mixin.py:188} INFO - [2026-01-20T14:36:18.579+0000] {dagbag.py:545} INFO - Filling up the DagBag from /opt/airflow/dags/pipeline_scheduled.py
[2026-01-20T14:36:18.607+0000] {processor.py:840} INFO - DAG(s) 'pipeline_scheduled' retrieved from /opt/airflow/dags/pipeline_scheduled.py
[2026-01-20T14:36:18.649+0000] {logging_mixin.py:188} INFO - [2026-01-20T14:36:18.649+0000] {dag.py:3089} INFO - Sync 1 DAGs
[2026-01-20T14:36:18.682+0000] {logging_mixin.py:188} INFO - [2026-01-20T14:36:18.682+0000] {dag.py:3947} INFO - Setting next_dagrun for pipeline_scheduled to 2026-01-20 14:00:00+00:00, run_after=2026-01-20 15:00:00+00:00
[2026-01-20T14:36:18.712+0000] {processor.py:183} INFO - Processing /opt/airflow/dags/pipeline_scheduled.py took 0.145 seconds
[2026-01-20T14:36:48.997+0000] {processor.py:161} INFO - Started process (PID=21623) to work on /opt/airflow/dags/pipeline_scheduled.py
[2026-01-20T14:36:48.998+0000] {processor.py:830} INFO - Processing file /opt/airflow/dags/pipeline_scheduled.py for tasks to queue
[2026-01-20T14:36:49.001+0000] {logging_mixin.py:188} INFO - [2026-01-20T14:36:49.000+0000] {dagbag.py:545} INFO - Filling up the DagBag from /opt/airflow/dags/pipeline_scheduled.py
[2026-01-20T14:36:49.025+0000] {processor.py:840} INFO - DAG(s) 'pipeline_scheduled' retrieved from /opt/airflow/dags/pipeline_scheduled.py
[2026-01-20T14:36:49.066+0000] {logging_mixin.py:188} INFO - [2026-01-20T14:36:49.066+0000] {dag.py:3089} INFO - Sync 1 DAGs
[2026-01-20T14:36:49.093+0000] {logging_mixin.py:188} INFO - [2026-01-20T14:36:49.093+0000] {dag.py:3947} INFO - Setting next_dagrun for pipeline_scheduled to 2026-01-20 14:00:00+00:00, run_after=2026-01-20 15:00:00+00:00
[2026-01-20T14:36:49.115+0000] {processor.py:183} INFO - Processing /opt/airflow/dags/pipeline_scheduled.py took 0.125 seconds
[2026-01-20T14:37:19.397+0000] {processor.py:161} INFO - Started process (PID=21633) to work on /opt/airflow/dags/pipeline_scheduled.py
[2026-01-20T14:37:19.398+0000] {processor.py:830} INFO - Processing file /opt/airflow/dags/pipeline_scheduled.py for tasks to queue
[2026-01-20T14:37:19.401+0000] {logging_mixin.py:188} INFO - [2026-01-20T14:37:19.401+0000] {dagbag.py:545} INFO - Filling up the DagBag from /opt/airflow/dags/pipeline_scheduled.py
[2026-01-20T14:37:19.432+0000] {processor.py:840} INFO - DAG(s) 'pipeline_scheduled' retrieved from /opt/airflow/dags/pipeline_scheduled.py
[2026-01-20T14:37:19.478+0000] {logging_mixin.py:188} INFO - [2026-01-20T14:37:19.477+0000] {dag.py:3089} INFO - Sync 1 DAGs
[2026-01-20T14:37:19.509+0000] {logging_mixin.py:188} INFO - [2026-01-20T14:37:19.509+0000] {dag.py:3947} INFO - Setting next_dagrun for pipeline_scheduled to 2026-01-20 14:00:00+00:00, run_after=2026-01-20 15:00:00+00:00
[2026-01-20T14:37:19.538+0000] {processor.py:183} INFO - Processing /opt/airflow/dags/pipeline_scheduled.py took 0.150 seconds
[2026-01-20T14:37:49.658+0000] {processor.py:161} INFO - Started process (PID=21643) to work on /opt/airflow/dags/pipeline_scheduled.py
[2026-01-20T14:37:49.659+0000] {processor.py:830} INFO - Processing file /opt/airflow/dags/pipeline_scheduled.py for tasks to queue
[2026-01-20T14:37:49.662+0000] {logging_mixin.py:188} INFO - [2026-01-20T14:37:49.661+0000] {dagbag.py:545} INFO - Filling up the DagBag from /opt/airflow/dags/pipeline_scheduled.py
[2026-01-20T14:37:49.693+0000] {processor.py:840} INFO - DAG(s) 'pipeline_scheduled' retrieved from /opt/airflow/dags/pipeline_scheduled.py
[2026-01-20T14:37:49.741+0000] {logging_mixin.py:188} INFO - [2026-01-20T14:37:49.741+0000] {dag.py:3089} INFO - Sync 1 DAGs
[2026-01-20T14:37:49.770+0000] {logging_mixin.py:188} INFO - [2026-01-20T14:37:49.770+0000] {dag.py:3947} INFO - Setting next_dagrun for pipeline_scheduled to 2026-01-20 14:00:00+00:00, run_after=2026-01-20 15:00:00+00:00
[2026-01-20T14:37:49.798+0000] {processor.py:183} INFO - Processing /opt/airflow/dags/pipeline_scheduled.py took 0.153 seconds
[2026-01-20T14:38:20.077+0000] {processor.py:161} INFO - Started process (PID=21653) to work on /opt/airflow/dags/pipeline_scheduled.py
[2026-01-20T14:38:20.079+0000] {processor.py:830} INFO - Processing file /opt/airflow/dags/pipeline_scheduled.py for tasks to queue
[2026-01-20T14:38:20.081+0000] {logging_mixin.py:188} INFO - [2026-01-20T14:38:20.081+0000] {dagbag.py:545} INFO - Filling up the DagBag from /opt/airflow/dags/pipeline_scheduled.py
[2026-01-20T14:38:20.106+0000] {processor.py:840} INFO - DAG(s) 'pipeline_scheduled' retrieved from /opt/airflow/dags/pipeline_scheduled.py
[2026-01-20T14:38:20.141+0000] {logging_mixin.py:188} INFO - [2026-01-20T14:38:20.141+0000] {dag.py:3089} INFO - Sync 1 DAGs
[2026-01-20T14:38:20.168+0000] {logging_mixin.py:188} INFO - [2026-01-20T14:38:20.168+0000] {dag.py:3947} INFO - Setting next_dagrun for pipeline_scheduled to 2026-01-20 14:00:00+00:00, run_after=2026-01-20 15:00:00+00:00
[2026-01-20T14:38:20.190+0000] {processor.py:183} INFO - Processing /opt/airflow/dags/pipeline_scheduled.py took 0.120 seconds
[2026-01-20T14:38:50.470+0000] {processor.py:161} INFO - Started process (PID=21663) to work on /opt/airflow/dags/pipeline_scheduled.py
[2026-01-20T14:38:50.471+0000] {processor.py:830} INFO - Processing file /opt/airflow/dags/pipeline_scheduled.py for tasks to queue
[2026-01-20T14:38:50.474+0000] {logging_mixin.py:188} INFO - [2026-01-20T14:38:50.473+0000] {dagbag.py:545} INFO - Filling up the DagBag from /opt/airflow/dags/pipeline_scheduled.py
[2026-01-20T14:38:50.499+0000] {processor.py:840} INFO - DAG(s) 'pipeline_scheduled' retrieved from /opt/airflow/dags/pipeline_scheduled.py
[2026-01-20T14:38:50.537+0000] {logging_mixin.py:188} INFO - [2026-01-20T14:38:50.537+0000] {dag.py:3089} INFO - Sync 1 DAGs
[2026-01-20T14:38:50.566+0000] {logging_mixin.py:188} INFO - [2026-01-20T14:38:50.566+0000] {dag.py:3947} INFO - Setting next_dagrun for pipeline_scheduled to 2026-01-20 14:00:00+00:00, run_after=2026-01-20 15:00:00+00:00
[2026-01-20T14:38:50.588+0000] {processor.py:183} INFO - Processing /opt/airflow/dags/pipeline_scheduled.py took 0.124 seconds
[2026-01-20T14:39:20.782+0000] {processor.py:161} INFO - Started process (PID=21685) to work on /opt/airflow/dags/pipeline_scheduled.py
[2026-01-20T14:39:20.783+0000] {processor.py:830} INFO - Processing file /opt/airflow/dags/pipeline_scheduled.py for tasks to queue
[2026-01-20T14:39:20.786+0000] {logging_mixin.py:188} INFO - [2026-01-20T14:39:20.786+0000] {dagbag.py:545} INFO - Filling up the DagBag from /opt/airflow/dags/pipeline_scheduled.py
[2026-01-20T14:39:20.811+0000] {processor.py:840} INFO - DAG(s) 'pipeline_scheduled' retrieved from /opt/airflow/dags/pipeline_scheduled.py
[2026-01-20T14:39:20.847+0000] {logging_mixin.py:188} INFO - [2026-01-20T14:39:20.846+0000] {dag.py:3089} INFO - Sync 1 DAGs
[2026-01-20T14:39:20.871+0000] {logging_mixin.py:188} INFO - [2026-01-20T14:39:20.871+0000] {dag.py:3947} INFO - Setting next_dagrun for pipeline_scheduled to 2026-01-20 14:00:00+00:00, run_after=2026-01-20 15:00:00+00:00
[2026-01-20T14:39:20.892+0000] {processor.py:183} INFO - Processing /opt/airflow/dags/pipeline_scheduled.py took 0.118 seconds
[2026-01-20T14:39:51.178+0000] {processor.py:161} INFO - Started process (PID=21695) to work on /opt/airflow/dags/pipeline_scheduled.py
[2026-01-20T14:39:51.180+0000] {processor.py:830} INFO - Processing file /opt/airflow/dags/pipeline_scheduled.py for tasks to queue
[2026-01-20T14:39:51.183+0000] {logging_mixin.py:188} INFO - [2026-01-20T14:39:51.183+0000] {dagbag.py:545} INFO - Filling up the DagBag from /opt/airflow/dags/pipeline_scheduled.py
[2026-01-20T14:39:51.215+0000] {processor.py:840} INFO - DAG(s) 'pipeline_scheduled' retrieved from /opt/airflow/dags/pipeline_scheduled.py
[2026-01-20T14:39:51.262+0000] {logging_mixin.py:188} INFO - [2026-01-20T14:39:51.262+0000] {dag.py:3089} INFO - Sync 1 DAGs
[2026-01-20T14:39:51.288+0000] {logging_mixin.py:188} INFO - [2026-01-20T14:39:51.288+0000] {dag.py:3947} INFO - Setting next_dagrun for pipeline_scheduled to 2026-01-20 14:00:00+00:00, run_after=2026-01-20 15:00:00+00:00
[2026-01-20T14:39:51.308+0000] {processor.py:183} INFO - Processing /opt/airflow/dags/pipeline_scheduled.py took 0.138 seconds
[2026-01-20T14:40:21.447+0000] {processor.py:161} INFO - Started process (PID=21705) to work on /opt/airflow/dags/pipeline_scheduled.py
[2026-01-20T14:40:21.448+0000] {processor.py:830} INFO - Processing file /opt/airflow/dags/pipeline_scheduled.py for tasks to queue
[2026-01-20T14:40:21.450+0000] {logging_mixin.py:188} INFO - [2026-01-20T14:40:21.450+0000] {dagbag.py:545} INFO - Filling up the DagBag from /opt/airflow/dags/pipeline_scheduled.py
[2026-01-20T14:40:21.474+0000] {processor.py:840} INFO - DAG(s) 'pipeline_scheduled' retrieved from /opt/airflow/dags/pipeline_scheduled.py
[2026-01-20T14:40:21.514+0000] {logging_mixin.py:188} INFO - [2026-01-20T14:40:21.514+0000] {dag.py:3089} INFO - Sync 1 DAGs
[2026-01-20T14:40:21.538+0000] {logging_mixin.py:188} INFO - [2026-01-20T14:40:21.538+0000] {dag.py:3947} INFO - Setting next_dagrun for pipeline_scheduled to 2026-01-20 14:00:00+00:00, run_after=2026-01-20 15:00:00+00:00
[2026-01-20T14:40:21.558+0000] {processor.py:183} INFO - Processing /opt/airflow/dags/pipeline_scheduled.py took 0.117 seconds
[2026-01-20T14:40:51.834+0000] {processor.py:161} INFO - Started process (PID=21715) to work on /opt/airflow/dags/pipeline_scheduled.py
[2026-01-20T14:40:51.836+0000] {processor.py:830} INFO - Processing file /opt/airflow/dags/pipeline_scheduled.py for tasks to queue
[2026-01-20T14:40:51.838+0000] {logging_mixin.py:188} INFO - [2026-01-20T14:40:51.838+0000] {dagbag.py:545} INFO - Filling up the DagBag from /opt/airflow/dags/pipeline_scheduled.py
[2026-01-20T14:40:51.863+0000] {processor.py:840} INFO - DAG(s) 'pipeline_scheduled' retrieved from /opt/airflow/dags/pipeline_scheduled.py
[2026-01-20T14:40:51.903+0000] {logging_mixin.py:188} INFO - [2026-01-20T14:40:51.903+0000] {dag.py:3089} INFO - Sync 1 DAGs
[2026-01-20T14:40:51.928+0000] {logging_mixin.py:188} INFO - [2026-01-20T14:40:51.928+0000] {dag.py:3947} INFO - Setting next_dagrun for pipeline_scheduled to 2026-01-20 14:00:00+00:00, run_after=2026-01-20 15:00:00+00:00
[2026-01-20T14:40:51.952+0000] {processor.py:183} INFO - Processing /opt/airflow/dags/pipeline_scheduled.py took 0.125 seconds
[2026-01-20T14:41:22.244+0000] {processor.py:161} INFO - Started process (PID=21725) to work on /opt/airflow/dags/pipeline_scheduled.py
[2026-01-20T14:41:22.246+0000] {processor.py:830} INFO - Processing file /opt/airflow/dags/pipeline_scheduled.py for tasks to queue
[2026-01-20T14:41:22.248+0000] {logging_mixin.py:188} INFO - [2026-01-20T14:41:22.247+0000] {dagbag.py:545} INFO - Filling up the DagBag from /opt/airflow/dags/pipeline_scheduled.py
[2026-01-20T14:41:22.272+0000] {processor.py:840} INFO - DAG(s) 'pipeline_scheduled' retrieved from /opt/airflow/dags/pipeline_scheduled.py
[2026-01-20T14:41:22.313+0000] {logging_mixin.py:188} INFO - [2026-01-20T14:41:22.312+0000] {dag.py:3089} INFO - Sync 1 DAGs
[2026-01-20T14:41:22.340+0000] {logging_mixin.py:188} INFO - [2026-01-20T14:41:22.339+0000] {dag.py:3947} INFO - Setting next_dagrun for pipeline_scheduled to 2026-01-20 14:00:00+00:00, run_after=2026-01-20 15:00:00+00:00
[2026-01-20T14:41:22.361+0000] {processor.py:183} INFO - Processing /opt/airflow/dags/pipeline_scheduled.py took 0.123 seconds
[2026-01-20T14:41:52.640+0000] {processor.py:161} INFO - Started process (PID=21735) to work on /opt/airflow/dags/pipeline_scheduled.py
[2026-01-20T14:41:52.641+0000] {processor.py:830} INFO - Processing file /opt/airflow/dags/pipeline_scheduled.py for tasks to queue
[2026-01-20T14:41:52.642+0000] {logging_mixin.py:188} INFO - [2026-01-20T14:41:52.642+0000] {dagbag.py:545} INFO - Filling up the DagBag from /opt/airflow/dags/pipeline_scheduled.py
[2026-01-20T14:41:52.666+0000] {processor.py:840} INFO - DAG(s) 'pipeline_scheduled' retrieved from /opt/airflow/dags/pipeline_scheduled.py
[2026-01-20T14:41:52.699+0000] {logging_mixin.py:188} INFO - [2026-01-20T14:41:52.699+0000] {dag.py:3089} INFO - Sync 1 DAGs
[2026-01-20T14:41:52.723+0000] {logging_mixin.py:188} INFO - [2026-01-20T14:41:52.723+0000] {dag.py:3947} INFO - Setting next_dagrun for pipeline_scheduled to 2026-01-20 14:00:00+00:00, run_after=2026-01-20 15:00:00+00:00
[2026-01-20T14:41:52.743+0000] {processor.py:183} INFO - Processing /opt/airflow/dags/pipeline_scheduled.py took 0.109 seconds
[2026-01-20T14:42:23.015+0000] {processor.py:161} INFO - Started process (PID=21745) to work on /opt/airflow/dags/pipeline_scheduled.py
[2026-01-20T14:42:23.016+0000] {processor.py:830} INFO - Processing file /opt/airflow/dags/pipeline_scheduled.py for tasks to queue
[2026-01-20T14:42:23.018+0000] {logging_mixin.py:188} INFO - [2026-01-20T14:42:23.018+0000] {dagbag.py:545} INFO - Filling up the DagBag from /opt/airflow/dags/pipeline_scheduled.py
[2026-01-20T14:42:23.044+0000] {processor.py:840} INFO - DAG(s) 'pipeline_scheduled' retrieved from /opt/airflow/dags/pipeline_scheduled.py
[2026-01-20T14:42:23.076+0000] {logging_mixin.py:188} INFO - [2026-01-20T14:42:23.076+0000] {dag.py:3089} INFO - Sync 1 DAGs
[2026-01-20T14:42:23.099+0000] {logging_mixin.py:188} INFO - [2026-01-20T14:42:23.099+0000] {dag.py:3947} INFO - Setting next_dagrun for pipeline_scheduled to 2026-01-20 14:00:00+00:00, run_after=2026-01-20 15:00:00+00:00
[2026-01-20T14:42:23.116+0000] {processor.py:183} INFO - Processing /opt/airflow/dags/pipeline_scheduled.py took 0.107 seconds
[2026-01-20T14:42:53.411+0000] {processor.py:161} INFO - Started process (PID=21755) to work on /opt/airflow/dags/pipeline_scheduled.py
[2026-01-20T14:42:53.413+0000] {processor.py:830} INFO - Processing file /opt/airflow/dags/pipeline_scheduled.py for tasks to queue
[2026-01-20T14:42:53.415+0000] {logging_mixin.py:188} INFO - [2026-01-20T14:42:53.415+0000] {dagbag.py:545} INFO - Filling up the DagBag from /opt/airflow/dags/pipeline_scheduled.py
[2026-01-20T14:42:53.438+0000] {processor.py:840} INFO - DAG(s) 'pipeline_scheduled' retrieved from /opt/airflow/dags/pipeline_scheduled.py
[2026-01-20T14:42:53.470+0000] {logging_mixin.py:188} INFO - [2026-01-20T14:42:53.470+0000] {dag.py:3089} INFO - Sync 1 DAGs
[2026-01-20T14:42:53.493+0000] {logging_mixin.py:188} INFO - [2026-01-20T14:42:53.493+0000] {dag.py:3947} INFO - Setting next_dagrun for pipeline_scheduled to 2026-01-20 14:00:00+00:00, run_after=2026-01-20 15:00:00+00:00
[2026-01-20T14:42:53.511+0000] {processor.py:183} INFO - Processing /opt/airflow/dags/pipeline_scheduled.py took 0.105 seconds
[2026-01-20T14:43:23.805+0000] {processor.py:161} INFO - Started process (PID=21765) to work on /opt/airflow/dags/pipeline_scheduled.py
[2026-01-20T14:43:23.806+0000] {processor.py:830} INFO - Processing file /opt/airflow/dags/pipeline_scheduled.py for tasks to queue
[2026-01-20T14:43:23.809+0000] {logging_mixin.py:188} INFO - [2026-01-20T14:43:23.808+0000] {dagbag.py:545} INFO - Filling up the DagBag from /opt/airflow/dags/pipeline_scheduled.py
[2026-01-20T14:43:23.837+0000] {processor.py:840} INFO - DAG(s) 'pipeline_scheduled' retrieved from /opt/airflow/dags/pipeline_scheduled.py
[2026-01-20T14:43:23.876+0000] {logging_mixin.py:188} INFO - [2026-01-20T14:43:23.875+0000] {dag.py:3089} INFO - Sync 1 DAGs
[2026-01-20T14:43:23.900+0000] {logging_mixin.py:188} INFO - [2026-01-20T14:43:23.900+0000] {dag.py:3947} INFO - Setting next_dagrun for pipeline_scheduled to 2026-01-20 14:00:00+00:00, run_after=2026-01-20 15:00:00+00:00
[2026-01-20T14:43:23.922+0000] {processor.py:183} INFO - Processing /opt/airflow/dags/pipeline_scheduled.py took 0.123 seconds
[2026-01-20T14:43:54.208+0000] {processor.py:161} INFO - Started process (PID=21775) to work on /opt/airflow/dags/pipeline_scheduled.py
[2026-01-20T14:43:54.210+0000] {processor.py:830} INFO - Processing file /opt/airflow/dags/pipeline_scheduled.py for tasks to queue
[2026-01-20T14:43:54.212+0000] {logging_mixin.py:188} INFO - [2026-01-20T14:43:54.212+0000] {dagbag.py:545} INFO - Filling up the DagBag from /opt/airflow/dags/pipeline_scheduled.py
[2026-01-20T14:43:54.239+0000] {processor.py:840} INFO - DAG(s) 'pipeline_scheduled' retrieved from /opt/airflow/dags/pipeline_scheduled.py
[2026-01-20T14:43:54.278+0000] {logging_mixin.py:188} INFO - [2026-01-20T14:43:54.278+0000] {dag.py:3089} INFO - Sync 1 DAGs
[2026-01-20T14:43:54.303+0000] {logging_mixin.py:188} INFO - [2026-01-20T14:43:54.303+0000] {dag.py:3947} INFO - Setting next_dagrun for pipeline_scheduled to 2026-01-20 14:00:00+00:00, run_after=2026-01-20 15:00:00+00:00
[2026-01-20T14:43:54.325+0000] {processor.py:183} INFO - Processing /opt/airflow/dags/pipeline_scheduled.py took 0.123 seconds
[2026-01-20T14:44:24.530+0000] {processor.py:161} INFO - Started process (PID=21785) to work on /opt/airflow/dags/pipeline_scheduled.py
[2026-01-20T14:44:24.531+0000] {processor.py:830} INFO - Processing file /opt/airflow/dags/pipeline_scheduled.py for tasks to queue
[2026-01-20T14:44:24.534+0000] {logging_mixin.py:188} INFO - [2026-01-20T14:44:24.534+0000] {dagbag.py:545} INFO - Filling up the DagBag from /opt/airflow/dags/pipeline_scheduled.py
[2026-01-20T14:44:24.560+0000] {processor.py:840} INFO - DAG(s) 'pipeline_scheduled' retrieved from /opt/airflow/dags/pipeline_scheduled.py
[2026-01-20T14:44:24.598+0000] {logging_mixin.py:188} INFO - [2026-01-20T14:44:24.598+0000] {dag.py:3089} INFO - Sync 1 DAGs
[2026-01-20T14:44:24.625+0000] {logging_mixin.py:188} INFO - [2026-01-20T14:44:24.625+0000] {dag.py:3947} INFO - Setting next_dagrun for pipeline_scheduled to 2026-01-20 14:00:00+00:00, run_after=2026-01-20 15:00:00+00:00
[2026-01-20T14:44:24.647+0000] {processor.py:183} INFO - Processing /opt/airflow/dags/pipeline_scheduled.py took 0.124 seconds
[2026-01-20T14:44:54.939+0000] {processor.py:161} INFO - Started process (PID=21795) to work on /opt/airflow/dags/pipeline_scheduled.py
[2026-01-20T14:44:54.940+0000] {processor.py:830} INFO - Processing file /opt/airflow/dags/pipeline_scheduled.py for tasks to queue
[2026-01-20T14:44:54.943+0000] {logging_mixin.py:188} INFO - [2026-01-20T14:44:54.942+0000] {dagbag.py:545} INFO - Filling up the DagBag from /opt/airflow/dags/pipeline_scheduled.py
[2026-01-20T14:44:54.968+0000] {processor.py:840} INFO - DAG(s) 'pipeline_scheduled' retrieved from /opt/airflow/dags/pipeline_scheduled.py
[2026-01-20T14:44:55.006+0000] {logging_mixin.py:188} INFO - [2026-01-20T14:44:55.005+0000] {dag.py:3089} INFO - Sync 1 DAGs
[2026-01-20T14:44:55.031+0000] {logging_mixin.py:188} INFO - [2026-01-20T14:44:55.031+0000] {dag.py:3947} INFO - Setting next_dagrun for pipeline_scheduled to 2026-01-20 14:00:00+00:00, run_after=2026-01-20 15:00:00+00:00
[2026-01-20T14:44:55.051+0000] {processor.py:183} INFO - Processing /opt/airflow/dags/pipeline_scheduled.py took 0.119 seconds
[2026-01-20T14:45:25.339+0000] {processor.py:161} INFO - Started process (PID=21805) to work on /opt/airflow/dags/pipeline_scheduled.py
[2026-01-20T14:45:25.340+0000] {processor.py:830} INFO - Processing file /opt/airflow/dags/pipeline_scheduled.py for tasks to queue
[2026-01-20T14:45:25.343+0000] {logging_mixin.py:188} INFO - [2026-01-20T14:45:25.342+0000] {dagbag.py:545} INFO - Filling up the DagBag from /opt/airflow/dags/pipeline_scheduled.py
[2026-01-20T14:45:25.369+0000] {processor.py:840} INFO - DAG(s) 'pipeline_scheduled' retrieved from /opt/airflow/dags/pipeline_scheduled.py
[2026-01-20T14:45:25.409+0000] {logging_mixin.py:188} INFO - [2026-01-20T14:45:25.409+0000] {dag.py:3089} INFO - Sync 1 DAGs
[2026-01-20T14:45:25.433+0000] {logging_mixin.py:188} INFO - [2026-01-20T14:45:25.433+0000] {dag.py:3947} INFO - Setting next_dagrun for pipeline_scheduled to 2026-01-20 14:00:00+00:00, run_after=2026-01-20 15:00:00+00:00
[2026-01-20T14:45:25.455+0000] {processor.py:183} INFO - Processing /opt/airflow/dags/pipeline_scheduled.py took 0.121 seconds
[2026-01-20T14:45:55.740+0000] {processor.py:161} INFO - Started process (PID=21815) to work on /opt/airflow/dags/pipeline_scheduled.py
[2026-01-20T14:45:55.741+0000] {processor.py:830} INFO - Processing file /opt/airflow/dags/pipeline_scheduled.py for tasks to queue
[2026-01-20T14:45:55.744+0000] {logging_mixin.py:188} INFO - [2026-01-20T14:45:55.743+0000] {dagbag.py:545} INFO - Filling up the DagBag from /opt/airflow/dags/pipeline_scheduled.py
[2026-01-20T14:45:55.768+0000] {processor.py:840} INFO - DAG(s) 'pipeline_scheduled' retrieved from /opt/airflow/dags/pipeline_scheduled.py
[2026-01-20T14:45:55.807+0000] {logging_mixin.py:188} INFO - [2026-01-20T14:45:55.806+0000] {dag.py:3089} INFO - Sync 1 DAGs
[2026-01-20T14:45:55.832+0000] {logging_mixin.py:188} INFO - [2026-01-20T14:45:55.832+0000] {dag.py:3947} INFO - Setting next_dagrun for pipeline_scheduled to 2026-01-20 14:00:00+00:00, run_after=2026-01-20 15:00:00+00:00
[2026-01-20T14:45:55.855+0000] {processor.py:183} INFO - Processing /opt/airflow/dags/pipeline_scheduled.py took 0.121 seconds
[2026-01-20T14:46:25.999+0000] {processor.py:161} INFO - Started process (PID=21825) to work on /opt/airflow/dags/pipeline_scheduled.py
[2026-01-20T14:46:26.001+0000] {processor.py:830} INFO - Processing file /opt/airflow/dags/pipeline_scheduled.py for tasks to queue
[2026-01-20T14:46:26.003+0000] {logging_mixin.py:188} INFO - [2026-01-20T14:46:26.003+0000] {dagbag.py:545} INFO - Filling up the DagBag from /opt/airflow/dags/pipeline_scheduled.py
[2026-01-20T14:46:26.029+0000] {processor.py:840} INFO - DAG(s) 'pipeline_scheduled' retrieved from /opt/airflow/dags/pipeline_scheduled.py
[2026-01-20T14:46:26.069+0000] {logging_mixin.py:188} INFO - [2026-01-20T14:46:26.069+0000] {dag.py:3089} INFO - Sync 1 DAGs
[2026-01-20T14:46:26.094+0000] {logging_mixin.py:188} INFO - [2026-01-20T14:46:26.094+0000] {dag.py:3947} INFO - Setting next_dagrun for pipeline_scheduled to 2026-01-20 14:00:00+00:00, run_after=2026-01-20 15:00:00+00:00
[2026-01-20T14:46:26.117+0000] {processor.py:183} INFO - Processing /opt/airflow/dags/pipeline_scheduled.py took 0.124 seconds
[2026-01-20T14:46:56.390+0000] {processor.py:161} INFO - Started process (PID=21835) to work on /opt/airflow/dags/pipeline_scheduled.py
[2026-01-20T14:46:56.391+0000] {processor.py:830} INFO - Processing file /opt/airflow/dags/pipeline_scheduled.py for tasks to queue
[2026-01-20T14:46:56.394+0000] {logging_mixin.py:188} INFO - [2026-01-20T14:46:56.394+0000] {dagbag.py:545} INFO - Filling up the DagBag from /opt/airflow/dags/pipeline_scheduled.py
[2026-01-20T14:46:56.421+0000] {processor.py:840} INFO - DAG(s) 'pipeline_scheduled' retrieved from /opt/airflow/dags/pipeline_scheduled.py
[2026-01-20T14:46:56.462+0000] {logging_mixin.py:188} INFO - [2026-01-20T14:46:56.461+0000] {dag.py:3089} INFO - Sync 1 DAGs
[2026-01-20T14:46:56.488+0000] {logging_mixin.py:188} INFO - [2026-01-20T14:46:56.488+0000] {dag.py:3947} INFO - Setting next_dagrun for pipeline_scheduled to 2026-01-20 14:00:00+00:00, run_after=2026-01-20 15:00:00+00:00
[2026-01-20T14:46:56.515+0000] {processor.py:183} INFO - Processing /opt/airflow/dags/pipeline_scheduled.py took 0.133 seconds
[2026-01-20T14:47:26.800+0000] {processor.py:161} INFO - Started process (PID=21845) to work on /opt/airflow/dags/pipeline_scheduled.py
[2026-01-20T14:47:26.802+0000] {processor.py:830} INFO - Processing file /opt/airflow/dags/pipeline_scheduled.py for tasks to queue
[2026-01-20T14:47:26.804+0000] {logging_mixin.py:188} INFO - [2026-01-20T14:47:26.804+0000] {dagbag.py:545} INFO - Filling up the DagBag from /opt/airflow/dags/pipeline_scheduled.py
[2026-01-20T14:47:26.831+0000] {processor.py:840} INFO - DAG(s) 'pipeline_scheduled' retrieved from /opt/airflow/dags/pipeline_scheduled.py
[2026-01-20T14:47:26.871+0000] {logging_mixin.py:188} INFO - [2026-01-20T14:47:26.871+0000] {dag.py:3089} INFO - Sync 1 DAGs
[2026-01-20T14:47:26.897+0000] {logging_mixin.py:188} INFO - [2026-01-20T14:47:26.896+0000] {dag.py:3947} INFO - Setting next_dagrun for pipeline_scheduled to 2026-01-20 14:00:00+00:00, run_after=2026-01-20 15:00:00+00:00
[2026-01-20T14:47:26.919+0000] {processor.py:183} INFO - Processing /opt/airflow/dags/pipeline_scheduled.py took 0.126 seconds
[2026-01-20T14:47:57.208+0000] {processor.py:161} INFO - Started process (PID=21855) to work on /opt/airflow/dags/pipeline_scheduled.py
[2026-01-20T14:47:57.209+0000] {processor.py:830} INFO - Processing file /opt/airflow/dags/pipeline_scheduled.py for tasks to queue
[2026-01-20T14:47:57.212+0000] {logging_mixin.py:188} INFO - [2026-01-20T14:47:57.211+0000] {dagbag.py:545} INFO - Filling up the DagBag from /opt/airflow/dags/pipeline_scheduled.py
[2026-01-20T14:47:57.238+0000] {processor.py:840} INFO - DAG(s) 'pipeline_scheduled' retrieved from /opt/airflow/dags/pipeline_scheduled.py
[2026-01-20T14:47:57.277+0000] {logging_mixin.py:188} INFO - [2026-01-20T14:47:57.276+0000] {dag.py:3089} INFO - Sync 1 DAGs
[2026-01-20T14:47:57.303+0000] {logging_mixin.py:188} INFO - [2026-01-20T14:47:57.302+0000] {dag.py:3947} INFO - Setting next_dagrun for pipeline_scheduled to 2026-01-20 14:00:00+00:00, run_after=2026-01-20 15:00:00+00:00
[2026-01-20T14:47:57.324+0000] {processor.py:183} INFO - Processing /opt/airflow/dags/pipeline_scheduled.py took 0.123 seconds
[2026-01-20T14:48:27.465+0000] {processor.py:161} INFO - Started process (PID=21865) to work on /opt/airflow/dags/pipeline_scheduled.py
[2026-01-20T14:48:27.466+0000] {processor.py:830} INFO - Processing file /opt/airflow/dags/pipeline_scheduled.py for tasks to queue
[2026-01-20T14:48:27.468+0000] {logging_mixin.py:188} INFO - [2026-01-20T14:48:27.468+0000] {dagbag.py:545} INFO - Filling up the DagBag from /opt/airflow/dags/pipeline_scheduled.py
[2026-01-20T14:48:27.492+0000] {processor.py:840} INFO - DAG(s) 'pipeline_scheduled' retrieved from /opt/airflow/dags/pipeline_scheduled.py
[2026-01-20T14:48:27.531+0000] {logging_mixin.py:188} INFO - [2026-01-20T14:48:27.531+0000] {dag.py:3089} INFO - Sync 1 DAGs
[2026-01-20T14:48:27.555+0000] {logging_mixin.py:188} INFO - [2026-01-20T14:48:27.555+0000] {dag.py:3947} INFO - Setting next_dagrun for pipeline_scheduled to 2026-01-20 14:00:00+00:00, run_after=2026-01-20 15:00:00+00:00
[2026-01-20T14:48:27.577+0000] {processor.py:183} INFO - Processing /opt/airflow/dags/pipeline_scheduled.py took 0.119 seconds
[2026-01-20T14:48:57.871+0000] {processor.py:161} INFO - Started process (PID=21875) to work on /opt/airflow/dags/pipeline_scheduled.py
[2026-01-20T14:48:57.873+0000] {processor.py:830} INFO - Processing file /opt/airflow/dags/pipeline_scheduled.py for tasks to queue
[2026-01-20T14:48:57.875+0000] {logging_mixin.py:188} INFO - [2026-01-20T14:48:57.875+0000] {dagbag.py:545} INFO - Filling up the DagBag from /opt/airflow/dags/pipeline_scheduled.py
[2026-01-20T14:48:57.901+0000] {processor.py:840} INFO - DAG(s) 'pipeline_scheduled' retrieved from /opt/airflow/dags/pipeline_scheduled.py
[2026-01-20T14:48:57.942+0000] {logging_mixin.py:188} INFO - [2026-01-20T14:48:57.942+0000] {dag.py:3089} INFO - Sync 1 DAGs
[2026-01-20T14:48:57.967+0000] {logging_mixin.py:188} INFO - [2026-01-20T14:48:57.967+0000] {dag.py:3947} INFO - Setting next_dagrun for pipeline_scheduled to 2026-01-20 14:00:00+00:00, run_after=2026-01-20 15:00:00+00:00
[2026-01-20T14:48:57.990+0000] {processor.py:183} INFO - Processing /opt/airflow/dags/pipeline_scheduled.py took 0.127 seconds
[2026-01-20T14:49:28.312+0000] {processor.py:161} INFO - Started process (PID=21888) to work on /opt/airflow/dags/pipeline_scheduled.py
[2026-01-20T14:49:28.314+0000] {processor.py:830} INFO - Processing file /opt/airflow/dags/pipeline_scheduled.py for tasks to queue
[2026-01-20T14:49:28.316+0000] {logging_mixin.py:188} INFO - [2026-01-20T14:49:28.316+0000] {dagbag.py:545} INFO - Filling up the DagBag from /opt/airflow/dags/pipeline_scheduled.py
[2026-01-20T14:49:28.341+0000] {processor.py:840} INFO - DAG(s) 'pipeline_scheduled' retrieved from /opt/airflow/dags/pipeline_scheduled.py
[2026-01-20T14:49:28.385+0000] {logging_mixin.py:188} INFO - [2026-01-20T14:49:28.385+0000] {dag.py:3089} INFO - Sync 1 DAGs
[2026-01-20T14:49:28.411+0000] {logging_mixin.py:188} INFO - [2026-01-20T14:49:28.411+0000] {dag.py:3947} INFO - Setting next_dagrun for pipeline_scheduled to 2026-01-20 14:00:00+00:00, run_after=2026-01-20 15:00:00+00:00
[2026-01-20T14:49:28.438+0000] {processor.py:183} INFO - Processing /opt/airflow/dags/pipeline_scheduled.py took 0.132 seconds
[2026-01-20T14:49:58.569+0000] {processor.py:161} INFO - Started process (PID=21898) to work on /opt/airflow/dags/pipeline_scheduled.py
[2026-01-20T14:49:58.571+0000] {processor.py:830} INFO - Processing file /opt/airflow/dags/pipeline_scheduled.py for tasks to queue
[2026-01-20T14:49:58.573+0000] {logging_mixin.py:188} INFO - [2026-01-20T14:49:58.573+0000] {dagbag.py:545} INFO - Filling up the DagBag from /opt/airflow/dags/pipeline_scheduled.py
[2026-01-20T14:49:58.606+0000] {processor.py:840} INFO - DAG(s) 'pipeline_scheduled' retrieved from /opt/airflow/dags/pipeline_scheduled.py
[2026-01-20T14:49:58.655+0000] {logging_mixin.py:188} INFO - [2026-01-20T14:49:58.655+0000] {dag.py:3089} INFO - Sync 1 DAGs
[2026-01-20T14:49:58.683+0000] {logging_mixin.py:188} INFO - [2026-01-20T14:49:58.682+0000] {dag.py:3947} INFO - Setting next_dagrun for pipeline_scheduled to 2026-01-20 14:00:00+00:00, run_after=2026-01-20 15:00:00+00:00
[2026-01-20T14:49:58.704+0000] {processor.py:183} INFO - Processing /opt/airflow/dags/pipeline_scheduled.py took 0.142 seconds
[2026-01-20T14:50:28.994+0000] {processor.py:161} INFO - Started process (PID=21908) to work on /opt/airflow/dags/pipeline_scheduled.py
[2026-01-20T14:50:28.996+0000] {processor.py:830} INFO - Processing file /opt/airflow/dags/pipeline_scheduled.py for tasks to queue
[2026-01-20T14:50:28.999+0000] {logging_mixin.py:188} INFO - [2026-01-20T14:50:28.998+0000] {dagbag.py:545} INFO - Filling up the DagBag from /opt/airflow/dags/pipeline_scheduled.py
[2026-01-20T14:50:29.023+0000] {processor.py:840} INFO - DAG(s) 'pipeline_scheduled' retrieved from /opt/airflow/dags/pipeline_scheduled.py
[2026-01-20T14:50:29.057+0000] {logging_mixin.py:188} INFO - [2026-01-20T14:50:29.057+0000] {dag.py:3089} INFO - Sync 1 DAGs
[2026-01-20T14:50:29.081+0000] {logging_mixin.py:188} INFO - [2026-01-20T14:50:29.081+0000] {dag.py:3947} INFO - Setting next_dagrun for pipeline_scheduled to 2026-01-20 14:00:00+00:00, run_after=2026-01-20 15:00:00+00:00
[2026-01-20T14:50:29.102+0000] {processor.py:183} INFO - Processing /opt/airflow/dags/pipeline_scheduled.py took 0.113 seconds
[2026-01-20T14:50:59.390+0000] {processor.py:161} INFO - Started process (PID=21918) to work on /opt/airflow/dags/pipeline_scheduled.py
[2026-01-20T14:50:59.392+0000] {processor.py:830} INFO - Processing file /opt/airflow/dags/pipeline_scheduled.py for tasks to queue
[2026-01-20T14:50:59.394+0000] {logging_mixin.py:188} INFO - [2026-01-20T14:50:59.394+0000] {dagbag.py:545} INFO - Filling up the DagBag from /opt/airflow/dags/pipeline_scheduled.py
[2026-01-20T14:50:59.419+0000] {processor.py:840} INFO - DAG(s) 'pipeline_scheduled' retrieved from /opt/airflow/dags/pipeline_scheduled.py
[2026-01-20T14:50:59.459+0000] {logging_mixin.py:188} INFO - [2026-01-20T14:50:59.459+0000] {dag.py:3089} INFO - Sync 1 DAGs
[2026-01-20T14:50:59.489+0000] {logging_mixin.py:188} INFO - [2026-01-20T14:50:59.489+0000] {dag.py:3947} INFO - Setting next_dagrun for pipeline_scheduled to 2026-01-20 14:00:00+00:00, run_after=2026-01-20 15:00:00+00:00
[2026-01-20T14:50:59.514+0000] {processor.py:183} INFO - Processing /opt/airflow/dags/pipeline_scheduled.py took 0.130 seconds
[2026-01-20T14:51:29.648+0000] {processor.py:161} INFO - Started process (PID=21928) to work on /opt/airflow/dags/pipeline_scheduled.py
[2026-01-20T14:51:29.650+0000] {processor.py:830} INFO - Processing file /opt/airflow/dags/pipeline_scheduled.py for tasks to queue
[2026-01-20T14:51:29.652+0000] {logging_mixin.py:188} INFO - [2026-01-20T14:51:29.652+0000] {dagbag.py:545} INFO - Filling up the DagBag from /opt/airflow/dags/pipeline_scheduled.py
[2026-01-20T14:51:29.679+0000] {processor.py:840} INFO - DAG(s) 'pipeline_scheduled' retrieved from /opt/airflow/dags/pipeline_scheduled.py
[2026-01-20T14:51:29.721+0000] {logging_mixin.py:188} INFO - [2026-01-20T14:51:29.721+0000] {dag.py:3089} INFO - Sync 1 DAGs
[2026-01-20T14:51:29.747+0000] {logging_mixin.py:188} INFO - [2026-01-20T14:51:29.746+0000] {dag.py:3947} INFO - Setting next_dagrun for pipeline_scheduled to 2026-01-20 14:00:00+00:00, run_after=2026-01-20 15:00:00+00:00
[2026-01-20T14:51:29.768+0000] {processor.py:183} INFO - Processing /opt/airflow/dags/pipeline_scheduled.py took 0.127 seconds
[2026-01-20T14:52:00.049+0000] {processor.py:161} INFO - Started process (PID=21938) to work on /opt/airflow/dags/pipeline_scheduled.py
[2026-01-20T14:52:00.050+0000] {processor.py:830} INFO - Processing file /opt/airflow/dags/pipeline_scheduled.py for tasks to queue
[2026-01-20T14:52:00.053+0000] {logging_mixin.py:188} INFO - [2026-01-20T14:52:00.052+0000] {dagbag.py:545} INFO - Filling up the DagBag from /opt/airflow/dags/pipeline_scheduled.py
[2026-01-20T14:52:00.080+0000] {processor.py:840} INFO - DAG(s) 'pipeline_scheduled' retrieved from /opt/airflow/dags/pipeline_scheduled.py
[2026-01-20T14:52:00.118+0000] {logging_mixin.py:188} INFO - [2026-01-20T14:52:00.118+0000] {dag.py:3089} INFO - Sync 1 DAGs
[2026-01-20T14:52:00.145+0000] {logging_mixin.py:188} INFO - [2026-01-20T14:52:00.144+0000] {dag.py:3947} INFO - Setting next_dagrun for pipeline_scheduled to 2026-01-20 14:00:00+00:00, run_after=2026-01-20 15:00:00+00:00
[2026-01-20T14:52:00.166+0000] {processor.py:183} INFO - Processing /opt/airflow/dags/pipeline_scheduled.py took 0.124 seconds
[2026-01-20T14:52:30.456+0000] {processor.py:161} INFO - Started process (PID=21948) to work on /opt/airflow/dags/pipeline_scheduled.py
[2026-01-20T14:52:30.459+0000] {processor.py:830} INFO - Processing file /opt/airflow/dags/pipeline_scheduled.py for tasks to queue
[2026-01-20T14:52:30.462+0000] {logging_mixin.py:188} INFO - [2026-01-20T14:52:30.461+0000] {dagbag.py:545} INFO - Filling up the DagBag from /opt/airflow/dags/pipeline_scheduled.py
[2026-01-20T14:52:30.488+0000] {processor.py:840} INFO - DAG(s) 'pipeline_scheduled' retrieved from /opt/airflow/dags/pipeline_scheduled.py
[2026-01-20T14:52:30.527+0000] {logging_mixin.py:188} INFO - [2026-01-20T14:52:30.527+0000] {dag.py:3089} INFO - Sync 1 DAGs
[2026-01-20T14:52:30.552+0000] {logging_mixin.py:188} INFO - [2026-01-20T14:52:30.552+0000] {dag.py:3947} INFO - Setting next_dagrun for pipeline_scheduled to 2026-01-20 14:00:00+00:00, run_after=2026-01-20 15:00:00+00:00
[2026-01-20T14:52:30.575+0000] {processor.py:183} INFO - Processing /opt/airflow/dags/pipeline_scheduled.py took 0.125 seconds
[2026-01-20T14:53:00.852+0000] {processor.py:161} INFO - Started process (PID=21958) to work on /opt/airflow/dags/pipeline_scheduled.py
[2026-01-20T14:53:00.854+0000] {processor.py:830} INFO - Processing file /opt/airflow/dags/pipeline_scheduled.py for tasks to queue
[2026-01-20T14:53:00.856+0000] {logging_mixin.py:188} INFO - [2026-01-20T14:53:00.856+0000] {dagbag.py:545} INFO - Filling up the DagBag from /opt/airflow/dags/pipeline_scheduled.py
[2026-01-20T14:53:00.879+0000] {processor.py:840} INFO - DAG(s) 'pipeline_scheduled' retrieved from /opt/airflow/dags/pipeline_scheduled.py
[2026-01-20T14:53:00.913+0000] {logging_mixin.py:188} INFO - [2026-01-20T14:53:00.912+0000] {dag.py:3089} INFO - Sync 1 DAGs
[2026-01-20T14:53:00.935+0000] {logging_mixin.py:188} INFO - [2026-01-20T14:53:00.935+0000] {dag.py:3947} INFO - Setting next_dagrun for pipeline_scheduled to 2026-01-20 14:00:00+00:00, run_after=2026-01-20 15:00:00+00:00
[2026-01-20T14:53:00.960+0000] {processor.py:183} INFO - Processing /opt/airflow/dags/pipeline_scheduled.py took 0.114 seconds
[2026-01-20T14:53:31.245+0000] {processor.py:161} INFO - Started process (PID=21968) to work on /opt/airflow/dags/pipeline_scheduled.py
[2026-01-20T14:53:31.247+0000] {processor.py:830} INFO - Processing file /opt/airflow/dags/pipeline_scheduled.py for tasks to queue
[2026-01-20T14:53:31.250+0000] {logging_mixin.py:188} INFO - [2026-01-20T14:53:31.249+0000] {dagbag.py:545} INFO - Filling up the DagBag from /opt/airflow/dags/pipeline_scheduled.py
[2026-01-20T14:53:31.272+0000] {processor.py:840} INFO - DAG(s) 'pipeline_scheduled' retrieved from /opt/airflow/dags/pipeline_scheduled.py
[2026-01-20T14:53:31.309+0000] {logging_mixin.py:188} INFO - [2026-01-20T14:53:31.309+0000] {dag.py:3089} INFO - Sync 1 DAGs
[2026-01-20T14:53:31.334+0000] {logging_mixin.py:188} INFO - [2026-01-20T14:53:31.334+0000] {dag.py:3947} INFO - Setting next_dagrun for pipeline_scheduled to 2026-01-20 14:00:00+00:00, run_after=2026-01-20 15:00:00+00:00
[2026-01-20T14:53:31.357+0000] {processor.py:183} INFO - Processing /opt/airflow/dags/pipeline_scheduled.py took 0.118 seconds
[2026-01-20T14:54:01.634+0000] {processor.py:161} INFO - Started process (PID=21978) to work on /opt/airflow/dags/pipeline_scheduled.py
[2026-01-20T14:54:01.636+0000] {processor.py:830} INFO - Processing file /opt/airflow/dags/pipeline_scheduled.py for tasks to queue
[2026-01-20T14:54:01.638+0000] {logging_mixin.py:188} INFO - [2026-01-20T14:54:01.638+0000] {dagbag.py:545} INFO - Filling up the DagBag from /opt/airflow/dags/pipeline_scheduled.py
[2026-01-20T14:54:01.664+0000] {processor.py:840} INFO - DAG(s) 'pipeline_scheduled' retrieved from /opt/airflow/dags/pipeline_scheduled.py
[2026-01-20T14:54:01.705+0000] {logging_mixin.py:188} INFO - [2026-01-20T14:54:01.705+0000] {dag.py:3089} INFO - Sync 1 DAGs
[2026-01-20T14:54:01.730+0000] {logging_mixin.py:188} INFO - [2026-01-20T14:54:01.730+0000] {dag.py:3947} INFO - Setting next_dagrun for pipeline_scheduled to 2026-01-20 14:00:00+00:00, run_after=2026-01-20 15:00:00+00:00
[2026-01-20T14:54:01.752+0000] {processor.py:183} INFO - Processing /opt/airflow/dags/pipeline_scheduled.py took 0.125 seconds
[2026-01-20T14:54:31.947+0000] {processor.py:161} INFO - Started process (PID=21988) to work on /opt/airflow/dags/pipeline_scheduled.py
[2026-01-20T14:54:31.949+0000] {processor.py:830} INFO - Processing file /opt/airflow/dags/pipeline_scheduled.py for tasks to queue
[2026-01-20T14:54:31.951+0000] {logging_mixin.py:188} INFO - [2026-01-20T14:54:31.951+0000] {dagbag.py:545} INFO - Filling up the DagBag from /opt/airflow/dags/pipeline_scheduled.py
[2026-01-20T14:54:31.981+0000] {processor.py:840} INFO - DAG(s) 'pipeline_scheduled' retrieved from /opt/airflow/dags/pipeline_scheduled.py
[2026-01-20T14:54:32.023+0000] {logging_mixin.py:188} INFO - [2026-01-20T14:54:32.023+0000] {dag.py:3089} INFO - Sync 1 DAGs
[2026-01-20T14:54:32.051+0000] {logging_mixin.py:188} INFO - [2026-01-20T14:54:32.051+0000] {dag.py:3947} INFO - Setting next_dagrun for pipeline_scheduled to 2026-01-20 14:00:00+00:00, run_after=2026-01-20 15:00:00+00:00
[2026-01-20T14:54:32.075+0000] {processor.py:183} INFO - Processing /opt/airflow/dags/pipeline_scheduled.py took 0.136 seconds
[2026-01-20T14:55:02.362+0000] {processor.py:161} INFO - Started process (PID=21998) to work on /opt/airflow/dags/pipeline_scheduled.py
[2026-01-20T14:55:02.363+0000] {processor.py:830} INFO - Processing file /opt/airflow/dags/pipeline_scheduled.py for tasks to queue
[2026-01-20T14:55:02.366+0000] {logging_mixin.py:188} INFO - [2026-01-20T14:55:02.365+0000] {dagbag.py:545} INFO - Filling up the DagBag from /opt/airflow/dags/pipeline_scheduled.py
[2026-01-20T14:55:02.390+0000] {processor.py:840} INFO - DAG(s) 'pipeline_scheduled' retrieved from /opt/airflow/dags/pipeline_scheduled.py
[2026-01-20T14:55:02.431+0000] {logging_mixin.py:188} INFO - [2026-01-20T14:55:02.430+0000] {dag.py:3089} INFO - Sync 1 DAGs
[2026-01-20T14:55:02.456+0000] {logging_mixin.py:188} INFO - [2026-01-20T14:55:02.456+0000] {dag.py:3947} INFO - Setting next_dagrun for pipeline_scheduled to 2026-01-20 14:00:00+00:00, run_after=2026-01-20 15:00:00+00:00
[2026-01-20T14:55:02.479+0000] {processor.py:183} INFO - Processing /opt/airflow/dags/pipeline_scheduled.py took 0.123 seconds
[2026-01-20T14:55:32.758+0000] {processor.py:161} INFO - Started process (PID=22008) to work on /opt/airflow/dags/pipeline_scheduled.py
[2026-01-20T14:55:32.759+0000] {processor.py:830} INFO - Processing file /opt/airflow/dags/pipeline_scheduled.py for tasks to queue
[2026-01-20T14:55:32.761+0000] {logging_mixin.py:188} INFO - [2026-01-20T14:55:32.761+0000] {dagbag.py:545} INFO - Filling up the DagBag from /opt/airflow/dags/pipeline_scheduled.py
[2026-01-20T14:55:32.787+0000] {processor.py:840} INFO - DAG(s) 'pipeline_scheduled' retrieved from /opt/airflow/dags/pipeline_scheduled.py
[2026-01-20T14:55:32.827+0000] {logging_mixin.py:188} INFO - [2026-01-20T14:55:32.826+0000] {dag.py:3089} INFO - Sync 1 DAGs
[2026-01-20T14:55:32.852+0000] {logging_mixin.py:188} INFO - [2026-01-20T14:55:32.852+0000] {dag.py:3947} INFO - Setting next_dagrun for pipeline_scheduled to 2026-01-20 14:00:00+00:00, run_after=2026-01-20 15:00:00+00:00
[2026-01-20T14:55:32.871+0000] {processor.py:183} INFO - Processing /opt/airflow/dags/pipeline_scheduled.py took 0.120 seconds
[2026-01-20T14:56:03.024+0000] {processor.py:161} INFO - Started process (PID=22018) to work on /opt/airflow/dags/pipeline_scheduled.py
[2026-01-20T14:56:03.026+0000] {processor.py:830} INFO - Processing file /opt/airflow/dags/pipeline_scheduled.py for tasks to queue
[2026-01-20T14:56:03.028+0000] {logging_mixin.py:188} INFO - [2026-01-20T14:56:03.028+0000] {dagbag.py:545} INFO - Filling up the DagBag from /opt/airflow/dags/pipeline_scheduled.py
[2026-01-20T14:56:03.051+0000] {processor.py:840} INFO - DAG(s) 'pipeline_scheduled' retrieved from /opt/airflow/dags/pipeline_scheduled.py
[2026-01-20T14:56:03.093+0000] {logging_mixin.py:188} INFO - [2026-01-20T14:56:03.092+0000] {dag.py:3089} INFO - Sync 1 DAGs
[2026-01-20T14:56:03.120+0000] {logging_mixin.py:188} INFO - [2026-01-20T14:56:03.120+0000] {dag.py:3947} INFO - Setting next_dagrun for pipeline_scheduled to 2026-01-20 14:00:00+00:00, run_after=2026-01-20 15:00:00+00:00
[2026-01-20T14:56:03.139+0000] {processor.py:183} INFO - Processing /opt/airflow/dags/pipeline_scheduled.py took 0.122 seconds
[2026-01-20T14:56:33.435+0000] {processor.py:161} INFO - Started process (PID=22028) to work on /opt/airflow/dags/pipeline_scheduled.py
[2026-01-20T14:56:33.436+0000] {processor.py:830} INFO - Processing file /opt/airflow/dags/pipeline_scheduled.py for tasks to queue
[2026-01-20T14:56:33.440+0000] {logging_mixin.py:188} INFO - [2026-01-20T14:56:33.439+0000] {dagbag.py:545} INFO - Filling up the DagBag from /opt/airflow/dags/pipeline_scheduled.py
[2026-01-20T14:56:33.467+0000] {processor.py:840} INFO - DAG(s) 'pipeline_scheduled' retrieved from /opt/airflow/dags/pipeline_scheduled.py
[2026-01-20T14:56:33.505+0000] {logging_mixin.py:188} INFO - [2026-01-20T14:56:33.505+0000] {dag.py:3089} INFO - Sync 1 DAGs
[2026-01-20T14:56:33.533+0000] {logging_mixin.py:188} INFO - [2026-01-20T14:56:33.533+0000] {dag.py:3947} INFO - Setting next_dagrun for pipeline_scheduled to 2026-01-20 14:00:00+00:00, run_after=2026-01-20 15:00:00+00:00
[2026-01-20T14:56:33.556+0000] {processor.py:183} INFO - Processing /opt/airflow/dags/pipeline_scheduled.py took 0.129 seconds
[2026-01-20T14:57:03.835+0000] {processor.py:161} INFO - Started process (PID=22038) to work on /opt/airflow/dags/pipeline_scheduled.py
[2026-01-20T14:57:03.836+0000] {processor.py:830} INFO - Processing file /opt/airflow/dags/pipeline_scheduled.py for tasks to queue
[2026-01-20T14:57:03.840+0000] {logging_mixin.py:188} INFO - [2026-01-20T14:57:03.839+0000] {dagbag.py:545} INFO - Filling up the DagBag from /opt/airflow/dags/pipeline_scheduled.py
[2026-01-20T14:57:03.869+0000] {processor.py:840} INFO - DAG(s) 'pipeline_scheduled' retrieved from /opt/airflow/dags/pipeline_scheduled.py
[2026-01-20T14:57:03.914+0000] {logging_mixin.py:188} INFO - [2026-01-20T14:57:03.913+0000] {dag.py:3089} INFO - Sync 1 DAGs
[2026-01-20T14:57:03.943+0000] {logging_mixin.py:188} INFO - [2026-01-20T14:57:03.943+0000] {dag.py:3947} INFO - Setting next_dagrun for pipeline_scheduled to 2026-01-20 14:00:00+00:00, run_after=2026-01-20 15:00:00+00:00
[2026-01-20T14:57:03.971+0000] {processor.py:183} INFO - Processing /opt/airflow/dags/pipeline_scheduled.py took 0.144 seconds
[2026-01-20T14:57:34.093+0000] {processor.py:161} INFO - Started process (PID=22048) to work on /opt/airflow/dags/pipeline_scheduled.py
[2026-01-20T14:57:34.094+0000] {processor.py:830} INFO - Processing file /opt/airflow/dags/pipeline_scheduled.py for tasks to queue
[2026-01-20T14:57:34.097+0000] {logging_mixin.py:188} INFO - [2026-01-20T14:57:34.096+0000] {dagbag.py:545} INFO - Filling up the DagBag from /opt/airflow/dags/pipeline_scheduled.py
[2026-01-20T14:57:34.122+0000] {processor.py:840} INFO - DAG(s) 'pipeline_scheduled' retrieved from /opt/airflow/dags/pipeline_scheduled.py
[2026-01-20T14:57:34.161+0000] {logging_mixin.py:188} INFO - [2026-01-20T14:57:34.161+0000] {dag.py:3089} INFO - Sync 1 DAGs
[2026-01-20T14:57:34.186+0000] {logging_mixin.py:188} INFO - [2026-01-20T14:57:34.186+0000] {dag.py:3947} INFO - Setting next_dagrun for pipeline_scheduled to 2026-01-20 14:00:00+00:00, run_after=2026-01-20 15:00:00+00:00
[2026-01-20T14:57:34.212+0000] {processor.py:183} INFO - Processing /opt/airflow/dags/pipeline_scheduled.py took 0.126 seconds
[2026-01-20T14:58:04.490+0000] {processor.py:161} INFO - Started process (PID=22058) to work on /opt/airflow/dags/pipeline_scheduled.py
[2026-01-20T14:58:04.491+0000] {processor.py:830} INFO - Processing file /opt/airflow/dags/pipeline_scheduled.py for tasks to queue
[2026-01-20T14:58:04.493+0000] {logging_mixin.py:188} INFO - [2026-01-20T14:58:04.493+0000] {dagbag.py:545} INFO - Filling up the DagBag from /opt/airflow/dags/pipeline_scheduled.py
[2026-01-20T14:58:04.516+0000] {processor.py:840} INFO - DAG(s) 'pipeline_scheduled' retrieved from /opt/airflow/dags/pipeline_scheduled.py
[2026-01-20T14:58:04.556+0000] {logging_mixin.py:188} INFO - [2026-01-20T14:58:04.556+0000] {dag.py:3089} INFO - Sync 1 DAGs
[2026-01-20T14:58:04.584+0000] {logging_mixin.py:188} INFO - [2026-01-20T14:58:04.583+0000] {dag.py:3947} INFO - Setting next_dagrun for pipeline_scheduled to 2026-01-20 14:00:00+00:00, run_after=2026-01-20 15:00:00+00:00
[2026-01-20T14:58:04.605+0000] {processor.py:183} INFO - Processing /opt/airflow/dags/pipeline_scheduled.py took 0.122 seconds
[2026-01-20T14:58:34.896+0000] {processor.py:161} INFO - Started process (PID=22068) to work on /opt/airflow/dags/pipeline_scheduled.py
[2026-01-20T14:58:34.897+0000] {processor.py:830} INFO - Processing file /opt/airflow/dags/pipeline_scheduled.py for tasks to queue
[2026-01-20T14:58:34.900+0000] {logging_mixin.py:188} INFO - [2026-01-20T14:58:34.900+0000] {dagbag.py:545} INFO - Filling up the DagBag from /opt/airflow/dags/pipeline_scheduled.py
[2026-01-20T14:58:34.928+0000] {processor.py:840} INFO - DAG(s) 'pipeline_scheduled' retrieved from /opt/airflow/dags/pipeline_scheduled.py
[2026-01-20T14:58:34.974+0000] {logging_mixin.py:188} INFO - [2026-01-20T14:58:34.974+0000] {dag.py:3089} INFO - Sync 1 DAGs
[2026-01-20T14:58:35.005+0000] {logging_mixin.py:188} INFO - [2026-01-20T14:58:35.005+0000] {dag.py:3947} INFO - Setting next_dagrun for pipeline_scheduled to 2026-01-20 14:00:00+00:00, run_after=2026-01-20 15:00:00+00:00
[2026-01-20T14:58:35.032+0000] {processor.py:183} INFO - Processing /opt/airflow/dags/pipeline_scheduled.py took 0.143 seconds
[2026-01-20T14:59:05.313+0000] {processor.py:161} INFO - Started process (PID=22078) to work on /opt/airflow/dags/pipeline_scheduled.py
[2026-01-20T14:59:05.315+0000] {processor.py:830} INFO - Processing file /opt/airflow/dags/pipeline_scheduled.py for tasks to queue
[2026-01-20T14:59:05.319+0000] {logging_mixin.py:188} INFO - [2026-01-20T14:59:05.318+0000] {dagbag.py:545} INFO - Filling up the DagBag from /opt/airflow/dags/pipeline_scheduled.py
[2026-01-20T14:59:05.352+0000] {processor.py:840} INFO - DAG(s) 'pipeline_scheduled' retrieved from /opt/airflow/dags/pipeline_scheduled.py
[2026-01-20T14:59:05.391+0000] {logging_mixin.py:188} INFO - [2026-01-20T14:59:05.391+0000] {dag.py:3089} INFO - Sync 1 DAGs
[2026-01-20T14:59:05.422+0000] {logging_mixin.py:188} INFO - [2026-01-20T14:59:05.422+0000] {dag.py:3947} INFO - Setting next_dagrun for pipeline_scheduled to 2026-01-20 14:00:00+00:00, run_after=2026-01-20 15:00:00+00:00
[2026-01-20T14:59:05.449+0000] {processor.py:183} INFO - Processing /opt/airflow/dags/pipeline_scheduled.py took 0.143 seconds
[2026-01-20T14:59:35.600+0000] {processor.py:161} INFO - Started process (PID=22088) to work on /opt/airflow/dags/pipeline_scheduled.py
[2026-01-20T14:59:35.602+0000] {processor.py:830} INFO - Processing file /opt/airflow/dags/pipeline_scheduled.py for tasks to queue
[2026-01-20T14:59:35.605+0000] {logging_mixin.py:188} INFO - [2026-01-20T14:59:35.604+0000] {dagbag.py:545} INFO - Filling up the DagBag from /opt/airflow/dags/pipeline_scheduled.py
[2026-01-20T14:59:35.632+0000] {processor.py:840} INFO - DAG(s) 'pipeline_scheduled' retrieved from /opt/airflow/dags/pipeline_scheduled.py
[2026-01-20T14:59:35.672+0000] {logging_mixin.py:188} INFO - [2026-01-20T14:59:35.671+0000] {dag.py:3089} INFO - Sync 1 DAGs
[2026-01-20T14:59:35.696+0000] {logging_mixin.py:188} INFO - [2026-01-20T14:59:35.695+0000] {dag.py:3947} INFO - Setting next_dagrun for pipeline_scheduled to 2026-01-20 14:00:00+00:00, run_after=2026-01-20 15:00:00+00:00
[2026-01-20T14:59:35.717+0000] {processor.py:183} INFO - Processing /opt/airflow/dags/pipeline_scheduled.py took 0.123 seconds
[2026-01-20T15:00:06.007+0000] {processor.py:161} INFO - Started process (PID=22101) to work on /opt/airflow/dags/pipeline_scheduled.py
[2026-01-20T15:00:06.008+0000] {processor.py:830} INFO - Processing file /opt/airflow/dags/pipeline_scheduled.py for tasks to queue
[2026-01-20T15:00:06.011+0000] {logging_mixin.py:188} INFO - [2026-01-20T15:00:06.011+0000] {dagbag.py:545} INFO - Filling up the DagBag from /opt/airflow/dags/pipeline_scheduled.py
[2026-01-20T15:00:06.036+0000] {processor.py:840} INFO - DAG(s) 'pipeline_scheduled' retrieved from /opt/airflow/dags/pipeline_scheduled.py
[2026-01-20T15:00:06.073+0000] {logging_mixin.py:188} INFO - [2026-01-20T15:00:06.073+0000] {dag.py:3089} INFO - Sync 1 DAGs
[2026-01-20T15:00:06.098+0000] {logging_mixin.py:188} INFO - [2026-01-20T15:00:06.098+0000] {dag.py:3947} INFO - Setting next_dagrun for pipeline_scheduled to 2026-01-20 15:00:00+00:00, run_after=2026-01-20 16:00:00+00:00
[2026-01-20T15:00:06.123+0000] {processor.py:183} INFO - Processing /opt/airflow/dags/pipeline_scheduled.py took 0.124 seconds
[2026-01-20T15:00:36.408+0000] {processor.py:161} INFO - Started process (PID=22111) to work on /opt/airflow/dags/pipeline_scheduled.py
[2026-01-20T15:00:36.410+0000] {processor.py:830} INFO - Processing file /opt/airflow/dags/pipeline_scheduled.py for tasks to queue
[2026-01-20T15:00:36.412+0000] {logging_mixin.py:188} INFO - [2026-01-20T15:00:36.412+0000] {dagbag.py:545} INFO - Filling up the DagBag from /opt/airflow/dags/pipeline_scheduled.py
[2026-01-20T15:00:36.437+0000] {processor.py:840} INFO - DAG(s) 'pipeline_scheduled' retrieved from /opt/airflow/dags/pipeline_scheduled.py
[2026-01-20T15:00:36.473+0000] {logging_mixin.py:188} INFO - [2026-01-20T15:00:36.472+0000] {dag.py:3089} INFO - Sync 1 DAGs
[2026-01-20T15:00:36.498+0000] {logging_mixin.py:188} INFO - [2026-01-20T15:00:36.498+0000] {dag.py:3947} INFO - Setting next_dagrun for pipeline_scheduled to 2026-01-20 15:00:00+00:00, run_after=2026-01-20 16:00:00+00:00
[2026-01-20T15:00:36.523+0000] {processor.py:183} INFO - Processing /opt/airflow/dags/pipeline_scheduled.py took 0.122 seconds
[2026-01-20T15:01:06.794+0000] {processor.py:161} INFO - Started process (PID=22121) to work on /opt/airflow/dags/pipeline_scheduled.py
[2026-01-20T15:01:06.796+0000] {processor.py:830} INFO - Processing file /opt/airflow/dags/pipeline_scheduled.py for tasks to queue
[2026-01-20T15:01:06.798+0000] {logging_mixin.py:188} INFO - [2026-01-20T15:01:06.798+0000] {dagbag.py:545} INFO - Filling up the DagBag from /opt/airflow/dags/pipeline_scheduled.py
[2026-01-20T15:01:06.822+0000] {processor.py:840} INFO - DAG(s) 'pipeline_scheduled' retrieved from /opt/airflow/dags/pipeline_scheduled.py
[2026-01-20T15:01:06.858+0000] {logging_mixin.py:188} INFO - [2026-01-20T15:01:06.858+0000] {dag.py:3089} INFO - Sync 1 DAGs
[2026-01-20T15:01:06.884+0000] {logging_mixin.py:188} INFO - [2026-01-20T15:01:06.884+0000] {dag.py:3947} INFO - Setting next_dagrun for pipeline_scheduled to 2026-01-20 15:00:00+00:00, run_after=2026-01-20 16:00:00+00:00
[2026-01-20T15:01:06.907+0000] {processor.py:183} INFO - Processing /opt/airflow/dags/pipeline_scheduled.py took 0.120 seconds
[2026-01-20T15:01:37.193+0000] {processor.py:161} INFO - Started process (PID=22131) to work on /opt/airflow/dags/pipeline_scheduled.py
[2026-01-20T15:01:37.195+0000] {processor.py:830} INFO - Processing file /opt/airflow/dags/pipeline_scheduled.py for tasks to queue
[2026-01-20T15:01:37.197+0000] {logging_mixin.py:188} INFO - [2026-01-20T15:01:37.197+0000] {dagbag.py:545} INFO - Filling up the DagBag from /opt/airflow/dags/pipeline_scheduled.py
[2026-01-20T15:01:37.222+0000] {processor.py:840} INFO - DAG(s) 'pipeline_scheduled' retrieved from /opt/airflow/dags/pipeline_scheduled.py
[2026-01-20T15:01:37.260+0000] {logging_mixin.py:188} INFO - [2026-01-20T15:01:37.259+0000] {dag.py:3089} INFO - Sync 1 DAGs
[2026-01-20T15:01:37.285+0000] {logging_mixin.py:188} INFO - [2026-01-20T15:01:37.285+0000] {dag.py:3947} INFO - Setting next_dagrun for pipeline_scheduled to 2026-01-20 15:00:00+00:00, run_after=2026-01-20 16:00:00+00:00
[2026-01-20T15:01:37.309+0000] {processor.py:183} INFO - Processing /opt/airflow/dags/pipeline_scheduled.py took 0.121 seconds
[2026-01-20T15:02:07.453+0000] {processor.py:161} INFO - Started process (PID=22141) to work on /opt/airflow/dags/pipeline_scheduled.py
[2026-01-20T15:02:07.454+0000] {processor.py:830} INFO - Processing file /opt/airflow/dags/pipeline_scheduled.py for tasks to queue
[2026-01-20T15:02:07.457+0000] {logging_mixin.py:188} INFO - [2026-01-20T15:02:07.457+0000] {dagbag.py:545} INFO - Filling up the DagBag from /opt/airflow/dags/pipeline_scheduled.py
[2026-01-20T15:02:07.482+0000] {processor.py:840} INFO - DAG(s) 'pipeline_scheduled' retrieved from /opt/airflow/dags/pipeline_scheduled.py
[2026-01-20T15:02:07.522+0000] {logging_mixin.py:188} INFO - [2026-01-20T15:02:07.521+0000] {dag.py:3089} INFO - Sync 1 DAGs
[2026-01-20T15:02:07.547+0000] {logging_mixin.py:188} INFO - [2026-01-20T15:02:07.547+0000] {dag.py:3947} INFO - Setting next_dagrun for pipeline_scheduled to 2026-01-20 15:00:00+00:00, run_after=2026-01-20 16:00:00+00:00
[2026-01-20T15:02:07.572+0000] {processor.py:183} INFO - Processing /opt/airflow/dags/pipeline_scheduled.py took 0.127 seconds
[2026-01-20T15:02:37.846+0000] {processor.py:161} INFO - Started process (PID=22151) to work on /opt/airflow/dags/pipeline_scheduled.py
[2026-01-20T15:02:37.848+0000] {processor.py:830} INFO - Processing file /opt/airflow/dags/pipeline_scheduled.py for tasks to queue
[2026-01-20T15:02:37.851+0000] {logging_mixin.py:188} INFO - [2026-01-20T15:02:37.851+0000] {dagbag.py:545} INFO - Filling up the DagBag from /opt/airflow/dags/pipeline_scheduled.py
[2026-01-20T15:02:37.875+0000] {processor.py:840} INFO - DAG(s) 'pipeline_scheduled' retrieved from /opt/airflow/dags/pipeline_scheduled.py
[2026-01-20T15:02:37.908+0000] {logging_mixin.py:188} INFO - [2026-01-20T15:02:37.908+0000] {dag.py:3089} INFO - Sync 1 DAGs
[2026-01-20T15:02:37.929+0000] {logging_mixin.py:188} INFO - [2026-01-20T15:02:37.929+0000] {dag.py:3947} INFO - Setting next_dagrun for pipeline_scheduled to 2026-01-20 15:00:00+00:00, run_after=2026-01-20 16:00:00+00:00
[2026-01-20T15:02:37.947+0000] {processor.py:183} INFO - Processing /opt/airflow/dags/pipeline_scheduled.py took 0.108 seconds
[2026-01-20T15:03:08.230+0000] {processor.py:161} INFO - Started process (PID=22161) to work on /opt/airflow/dags/pipeline_scheduled.py
[2026-01-20T15:03:08.231+0000] {processor.py:830} INFO - Processing file /opt/airflow/dags/pipeline_scheduled.py for tasks to queue
[2026-01-20T15:03:08.233+0000] {logging_mixin.py:188} INFO - [2026-01-20T15:03:08.233+0000] {dagbag.py:545} INFO - Filling up the DagBag from /opt/airflow/dags/pipeline_scheduled.py
[2026-01-20T15:03:08.258+0000] {processor.py:840} INFO - DAG(s) 'pipeline_scheduled' retrieved from /opt/airflow/dags/pipeline_scheduled.py
[2026-01-20T15:03:08.297+0000] {logging_mixin.py:188} INFO - [2026-01-20T15:03:08.297+0000] {dag.py:3089} INFO - Sync 1 DAGs
[2026-01-20T15:03:08.322+0000] {logging_mixin.py:188} INFO - [2026-01-20T15:03:08.322+0000] {dag.py:3947} INFO - Setting next_dagrun for pipeline_scheduled to 2026-01-20 15:00:00+00:00, run_after=2026-01-20 16:00:00+00:00
[2026-01-20T15:03:08.345+0000] {processor.py:183} INFO - Processing /opt/airflow/dags/pipeline_scheduled.py took 0.121 seconds
[2026-01-20T15:03:38.633+0000] {processor.py:161} INFO - Started process (PID=22171) to work on /opt/airflow/dags/pipeline_scheduled.py
[2026-01-20T15:03:38.635+0000] {processor.py:830} INFO - Processing file /opt/airflow/dags/pipeline_scheduled.py for tasks to queue
[2026-01-20T15:03:38.637+0000] {logging_mixin.py:188} INFO - [2026-01-20T15:03:38.637+0000] {dagbag.py:545} INFO - Filling up the DagBag from /opt/airflow/dags/pipeline_scheduled.py
[2026-01-20T15:03:38.665+0000] {processor.py:840} INFO - DAG(s) 'pipeline_scheduled' retrieved from /opt/airflow/dags/pipeline_scheduled.py
[2026-01-20T15:03:38.707+0000] {logging_mixin.py:188} INFO - [2026-01-20T15:03:38.707+0000] {dag.py:3089} INFO - Sync 1 DAGs
[2026-01-20T15:03:38.735+0000] {logging_mixin.py:188} INFO - [2026-01-20T15:03:38.734+0000] {dag.py:3947} INFO - Setting next_dagrun for pipeline_scheduled to 2026-01-20 15:00:00+00:00, run_after=2026-01-20 16:00:00+00:00
[2026-01-20T15:03:38.757+0000] {processor.py:183} INFO - Processing /opt/airflow/dags/pipeline_scheduled.py took 0.129 seconds
[2026-01-20T15:04:08.885+0000] {processor.py:161} INFO - Started process (PID=22181) to work on /opt/airflow/dags/pipeline_scheduled.py
[2026-01-20T15:04:08.887+0000] {processor.py:830} INFO - Processing file /opt/airflow/dags/pipeline_scheduled.py for tasks to queue
[2026-01-20T15:04:08.889+0000] {logging_mixin.py:188} INFO - [2026-01-20T15:04:08.889+0000] {dagbag.py:545} INFO - Filling up the DagBag from /opt/airflow/dags/pipeline_scheduled.py
[2026-01-20T15:04:08.915+0000] {processor.py:840} INFO - DAG(s) 'pipeline_scheduled' retrieved from /opt/airflow/dags/pipeline_scheduled.py
[2026-01-20T15:04:08.956+0000] {logging_mixin.py:188} INFO - [2026-01-20T15:04:08.956+0000] {dag.py:3089} INFO - Sync 1 DAGs
[2026-01-20T15:04:08.981+0000] {logging_mixin.py:188} INFO - [2026-01-20T15:04:08.981+0000] {dag.py:3947} INFO - Setting next_dagrun for pipeline_scheduled to 2026-01-20 15:00:00+00:00, run_after=2026-01-20 16:00:00+00:00
[2026-01-20T15:04:09.004+0000] {processor.py:183} INFO - Processing /opt/airflow/dags/pipeline_scheduled.py took 0.126 seconds
[2026-01-20T15:04:39.333+0000] {processor.py:161} INFO - Started process (PID=22191) to work on /opt/airflow/dags/pipeline_scheduled.py
[2026-01-20T15:04:39.334+0000] {processor.py:830} INFO - Processing file /opt/airflow/dags/pipeline_scheduled.py for tasks to queue
[2026-01-20T15:04:39.337+0000] {logging_mixin.py:188} INFO - [2026-01-20T15:04:39.336+0000] {dagbag.py:545} INFO - Filling up the DagBag from /opt/airflow/dags/pipeline_scheduled.py
[2026-01-20T15:04:39.363+0000] {processor.py:840} INFO - DAG(s) 'pipeline_scheduled' retrieved from /opt/airflow/dags/pipeline_scheduled.py
[2026-01-20T15:04:39.400+0000] {logging_mixin.py:188} INFO - [2026-01-20T15:04:39.400+0000] {dag.py:3089} INFO - Sync 1 DAGs
[2026-01-20T15:04:39.424+0000] {logging_mixin.py:188} INFO - [2026-01-20T15:04:39.424+0000] {dag.py:3947} INFO - Setting next_dagrun for pipeline_scheduled to 2026-01-20 15:00:00+00:00, run_after=2026-01-20 16:00:00+00:00
[2026-01-20T15:04:39.448+0000] {processor.py:183} INFO - Processing /opt/airflow/dags/pipeline_scheduled.py took 0.122 seconds
[2026-01-20T15:05:09.726+0000] {processor.py:161} INFO - Started process (PID=22201) to work on /opt/airflow/dags/pipeline_scheduled.py
[2026-01-20T15:05:09.728+0000] {processor.py:830} INFO - Processing file /opt/airflow/dags/pipeline_scheduled.py for tasks to queue
[2026-01-20T15:05:09.731+0000] {logging_mixin.py:188} INFO - [2026-01-20T15:05:09.730+0000] {dagbag.py:545} INFO - Filling up the DagBag from /opt/airflow/dags/pipeline_scheduled.py
[2026-01-20T15:05:09.757+0000] {processor.py:840} INFO - DAG(s) 'pipeline_scheduled' retrieved from /opt/airflow/dags/pipeline_scheduled.py
[2026-01-20T15:05:09.796+0000] {logging_mixin.py:188} INFO - [2026-01-20T15:05:09.795+0000] {dag.py:3089} INFO - Sync 1 DAGs
[2026-01-20T15:05:09.821+0000] {logging_mixin.py:188} INFO - [2026-01-20T15:05:09.821+0000] {dag.py:3947} INFO - Setting next_dagrun for pipeline_scheduled to 2026-01-20 15:00:00+00:00, run_after=2026-01-20 16:00:00+00:00
[2026-01-20T15:05:09.846+0000] {processor.py:183} INFO - Processing /opt/airflow/dags/pipeline_scheduled.py took 0.128 seconds
[2026-01-20T15:05:39.980+0000] {processor.py:161} INFO - Started process (PID=22211) to work on /opt/airflow/dags/pipeline_scheduled.py
[2026-01-20T15:05:39.982+0000] {processor.py:830} INFO - Processing file /opt/airflow/dags/pipeline_scheduled.py for tasks to queue
[2026-01-20T15:05:39.985+0000] {logging_mixin.py:188} INFO - [2026-01-20T15:05:39.984+0000] {dagbag.py:545} INFO - Filling up the DagBag from /opt/airflow/dags/pipeline_scheduled.py
[2026-01-20T15:05:40.011+0000] {processor.py:840} INFO - DAG(s) 'pipeline_scheduled' retrieved from /opt/airflow/dags/pipeline_scheduled.py
[2026-01-20T15:05:40.051+0000] {logging_mixin.py:188} INFO - [2026-01-20T15:05:40.050+0000] {dag.py:3089} INFO - Sync 1 DAGs
[2026-01-20T15:05:40.076+0000] {logging_mixin.py:188} INFO - [2026-01-20T15:05:40.076+0000] {dag.py:3947} INFO - Setting next_dagrun for pipeline_scheduled to 2026-01-20 15:00:00+00:00, run_after=2026-01-20 16:00:00+00:00
[2026-01-20T15:05:40.095+0000] {processor.py:183} INFO - Processing /opt/airflow/dags/pipeline_scheduled.py took 0.122 seconds
[2026-01-20T15:06:10.376+0000] {processor.py:161} INFO - Started process (PID=22221) to work on /opt/airflow/dags/pipeline_scheduled.py
[2026-01-20T15:06:10.378+0000] {processor.py:830} INFO - Processing file /opt/airflow/dags/pipeline_scheduled.py for tasks to queue
[2026-01-20T15:06:10.380+0000] {logging_mixin.py:188} INFO - [2026-01-20T15:06:10.379+0000] {dagbag.py:545} INFO - Filling up the DagBag from /opt/airflow/dags/pipeline_scheduled.py
[2026-01-20T15:06:10.406+0000] {processor.py:840} INFO - DAG(s) 'pipeline_scheduled' retrieved from /opt/airflow/dags/pipeline_scheduled.py
[2026-01-20T15:06:10.449+0000] {logging_mixin.py:188} INFO - [2026-01-20T15:06:10.449+0000] {dag.py:3089} INFO - Sync 1 DAGs
[2026-01-20T15:06:10.474+0000] {logging_mixin.py:188} INFO - [2026-01-20T15:06:10.474+0000] {dag.py:3947} INFO - Setting next_dagrun for pipeline_scheduled to 2026-01-20 15:00:00+00:00, run_after=2026-01-20 16:00:00+00:00
[2026-01-20T15:06:10.495+0000] {processor.py:183} INFO - Processing /opt/airflow/dags/pipeline_scheduled.py took 0.125 seconds
[2026-01-20T15:06:40.779+0000] {processor.py:161} INFO - Started process (PID=22231) to work on /opt/airflow/dags/pipeline_scheduled.py
[2026-01-20T15:06:40.781+0000] {processor.py:830} INFO - Processing file /opt/airflow/dags/pipeline_scheduled.py for tasks to queue
[2026-01-20T15:06:40.783+0000] {logging_mixin.py:188} INFO - [2026-01-20T15:06:40.783+0000] {dagbag.py:545} INFO - Filling up the DagBag from /opt/airflow/dags/pipeline_scheduled.py
[2026-01-20T15:06:40.807+0000] {processor.py:840} INFO - DAG(s) 'pipeline_scheduled' retrieved from /opt/airflow/dags/pipeline_scheduled.py
[2026-01-20T15:06:40.841+0000] {logging_mixin.py:188} INFO - [2026-01-20T15:06:40.841+0000] {dag.py:3089} INFO - Sync 1 DAGs
[2026-01-20T15:06:40.864+0000] {logging_mixin.py:188} INFO - [2026-01-20T15:06:40.864+0000] {dag.py:3947} INFO - Setting next_dagrun for pipeline_scheduled to 2026-01-20 15:00:00+00:00, run_after=2026-01-20 16:00:00+00:00
[2026-01-20T15:06:40.885+0000] {processor.py:183} INFO - Processing /opt/airflow/dags/pipeline_scheduled.py took 0.111 seconds
[2026-01-20T15:07:11.171+0000] {processor.py:161} INFO - Started process (PID=22241) to work on /opt/airflow/dags/pipeline_scheduled.py
[2026-01-20T15:07:11.173+0000] {processor.py:830} INFO - Processing file /opt/airflow/dags/pipeline_scheduled.py for tasks to queue
[2026-01-20T15:07:11.175+0000] {logging_mixin.py:188} INFO - [2026-01-20T15:07:11.175+0000] {dagbag.py:545} INFO - Filling up the DagBag from /opt/airflow/dags/pipeline_scheduled.py
[2026-01-20T15:07:11.200+0000] {processor.py:840} INFO - DAG(s) 'pipeline_scheduled' retrieved from /opt/airflow/dags/pipeline_scheduled.py
[2026-01-20T15:07:11.238+0000] {logging_mixin.py:188} INFO - [2026-01-20T15:07:11.238+0000] {dag.py:3089} INFO - Sync 1 DAGs
[2026-01-20T15:07:11.264+0000] {logging_mixin.py:188} INFO - [2026-01-20T15:07:11.264+0000] {dag.py:3947} INFO - Setting next_dagrun for pipeline_scheduled to 2026-01-20 15:00:00+00:00, run_after=2026-01-20 16:00:00+00:00
[2026-01-20T15:07:11.287+0000] {processor.py:183} INFO - Processing /opt/airflow/dags/pipeline_scheduled.py took 0.122 seconds
[2026-01-20T15:07:41.571+0000] {processor.py:161} INFO - Started process (PID=22251) to work on /opt/airflow/dags/pipeline_scheduled.py
[2026-01-20T15:07:41.573+0000] {processor.py:830} INFO - Processing file /opt/airflow/dags/pipeline_scheduled.py for tasks to queue
[2026-01-20T15:07:41.576+0000] {logging_mixin.py:188} INFO - [2026-01-20T15:07:41.575+0000] {dagbag.py:545} INFO - Filling up the DagBag from /opt/airflow/dags/pipeline_scheduled.py
[2026-01-20T15:07:41.600+0000] {processor.py:840} INFO - DAG(s) 'pipeline_scheduled' retrieved from /opt/airflow/dags/pipeline_scheduled.py
[2026-01-20T15:07:41.642+0000] {logging_mixin.py:188} INFO - [2026-01-20T15:07:41.642+0000] {dag.py:3089} INFO - Sync 1 DAGs
[2026-01-20T15:07:41.668+0000] {logging_mixin.py:188} INFO - [2026-01-20T15:07:41.668+0000] {dag.py:3947} INFO - Setting next_dagrun for pipeline_scheduled to 2026-01-20 15:00:00+00:00, run_after=2026-01-20 16:00:00+00:00
[2026-01-20T15:07:41.689+0000] {processor.py:183} INFO - Processing /opt/airflow/dags/pipeline_scheduled.py took 0.123 seconds
[2026-01-20T15:08:11.970+0000] {processor.py:161} INFO - Started process (PID=22261) to work on /opt/airflow/dags/pipeline_scheduled.py
[2026-01-20T15:08:11.971+0000] {processor.py:830} INFO - Processing file /opt/airflow/dags/pipeline_scheduled.py for tasks to queue
[2026-01-20T15:08:11.975+0000] {logging_mixin.py:188} INFO - [2026-01-20T15:08:11.974+0000] {dagbag.py:545} INFO - Filling up the DagBag from /opt/airflow/dags/pipeline_scheduled.py
[2026-01-20T15:08:12.001+0000] {processor.py:840} INFO - DAG(s) 'pipeline_scheduled' retrieved from /opt/airflow/dags/pipeline_scheduled.py
[2026-01-20T15:08:12.040+0000] {logging_mixin.py:188} INFO - [2026-01-20T15:08:12.040+0000] {dag.py:3089} INFO - Sync 1 DAGs
[2026-01-20T15:08:12.067+0000] {logging_mixin.py:188} INFO - [2026-01-20T15:08:12.067+0000] {dag.py:3947} INFO - Setting next_dagrun for pipeline_scheduled to 2026-01-20 15:00:00+00:00, run_after=2026-01-20 16:00:00+00:00
[2026-01-20T15:08:12.089+0000] {processor.py:183} INFO - Processing /opt/airflow/dags/pipeline_scheduled.py took 0.126 seconds
[2026-01-20T15:08:42.376+0000] {processor.py:161} INFO - Started process (PID=22271) to work on /opt/airflow/dags/pipeline_scheduled.py
[2026-01-20T15:08:42.378+0000] {processor.py:830} INFO - Processing file /opt/airflow/dags/pipeline_scheduled.py for tasks to queue
[2026-01-20T15:08:42.380+0000] {logging_mixin.py:188} INFO - [2026-01-20T15:08:42.380+0000] {dagbag.py:545} INFO - Filling up the DagBag from /opt/airflow/dags/pipeline_scheduled.py
[2026-01-20T15:08:42.409+0000] {processor.py:840} INFO - DAG(s) 'pipeline_scheduled' retrieved from /opt/airflow/dags/pipeline_scheduled.py
[2026-01-20T15:08:42.446+0000] {logging_mixin.py:188} INFO - [2026-01-20T15:08:42.446+0000] {dag.py:3089} INFO - Sync 1 DAGs
[2026-01-20T15:08:42.474+0000] {logging_mixin.py:188} INFO - [2026-01-20T15:08:42.474+0000] {dag.py:3947} INFO - Setting next_dagrun for pipeline_scheduled to 2026-01-20 15:00:00+00:00, run_after=2026-01-20 16:00:00+00:00
[2026-01-20T15:08:42.498+0000] {processor.py:183} INFO - Processing /opt/airflow/dags/pipeline_scheduled.py took 0.130 seconds
[2026-01-20T15:09:12.669+0000] {processor.py:161} INFO - Started process (PID=22281) to work on /opt/airflow/dags/pipeline_scheduled.py
[2026-01-20T15:09:12.671+0000] {processor.py:830} INFO - Processing file /opt/airflow/dags/pipeline_scheduled.py for tasks to queue
[2026-01-20T15:09:12.674+0000] {logging_mixin.py:188} INFO - [2026-01-20T15:09:12.673+0000] {dagbag.py:545} INFO - Filling up the DagBag from /opt/airflow/dags/pipeline_scheduled.py
[2026-01-20T15:09:12.702+0000] {processor.py:840} INFO - DAG(s) 'pipeline_scheduled' retrieved from /opt/airflow/dags/pipeline_scheduled.py
[2026-01-20T15:09:12.741+0000] {logging_mixin.py:188} INFO - [2026-01-20T15:09:12.741+0000] {dag.py:3089} INFO - Sync 1 DAGs
[2026-01-20T15:09:12.769+0000] {logging_mixin.py:188} INFO - [2026-01-20T15:09:12.768+0000] {dag.py:3947} INFO - Setting next_dagrun for pipeline_scheduled to 2026-01-20 15:00:00+00:00, run_after=2026-01-20 16:00:00+00:00
[2026-01-20T15:09:12.789+0000] {processor.py:183} INFO - Processing /opt/airflow/dags/pipeline_scheduled.py took 0.128 seconds
[2026-01-20T15:09:43.083+0000] {processor.py:161} INFO - Started process (PID=22291) to work on /opt/airflow/dags/pipeline_scheduled.py
[2026-01-20T15:09:43.084+0000] {processor.py:830} INFO - Processing file /opt/airflow/dags/pipeline_scheduled.py for tasks to queue
[2026-01-20T15:09:43.086+0000] {logging_mixin.py:188} INFO - [2026-01-20T15:09:43.086+0000] {dagbag.py:545} INFO - Filling up the DagBag from /opt/airflow/dags/pipeline_scheduled.py
[2026-01-20T15:09:43.114+0000] {processor.py:840} INFO - DAG(s) 'pipeline_scheduled' retrieved from /opt/airflow/dags/pipeline_scheduled.py
[2026-01-20T15:09:43.151+0000] {logging_mixin.py:188} INFO - [2026-01-20T15:09:43.151+0000] {dag.py:3089} INFO - Sync 1 DAGs
[2026-01-20T15:09:43.176+0000] {logging_mixin.py:188} INFO - [2026-01-20T15:09:43.176+0000] {dag.py:3947} INFO - Setting next_dagrun for pipeline_scheduled to 2026-01-20 15:00:00+00:00, run_after=2026-01-20 16:00:00+00:00
[2026-01-20T15:09:43.199+0000] {processor.py:183} INFO - Processing /opt/airflow/dags/pipeline_scheduled.py took 0.123 seconds
[2026-01-20T15:10:13.334+0000] {processor.py:161} INFO - Started process (PID=22304) to work on /opt/airflow/dags/pipeline_scheduled.py
[2026-01-20T15:10:13.336+0000] {processor.py:830} INFO - Processing file /opt/airflow/dags/pipeline_scheduled.py for tasks to queue
[2026-01-20T15:10:13.338+0000] {logging_mixin.py:188} INFO - [2026-01-20T15:10:13.337+0000] {dagbag.py:545} INFO - Filling up the DagBag from /opt/airflow/dags/pipeline_scheduled.py
[2026-01-20T15:10:13.362+0000] {processor.py:840} INFO - DAG(s) 'pipeline_scheduled' retrieved from /opt/airflow/dags/pipeline_scheduled.py
[2026-01-20T15:10:13.398+0000] {logging_mixin.py:188} INFO - [2026-01-20T15:10:13.398+0000] {dag.py:3089} INFO - Sync 1 DAGs
[2026-01-20T15:10:13.420+0000] {logging_mixin.py:188} INFO - [2026-01-20T15:10:13.419+0000] {dag.py:3947} INFO - Setting next_dagrun for pipeline_scheduled to 2026-01-20 15:00:00+00:00, run_after=2026-01-20 16:00:00+00:00
[2026-01-20T15:10:13.443+0000] {processor.py:183} INFO - Processing /opt/airflow/dags/pipeline_scheduled.py took 0.115 seconds
[2026-01-20T15:10:43.716+0000] {processor.py:161} INFO - Started process (PID=22314) to work on /opt/airflow/dags/pipeline_scheduled.py
[2026-01-20T15:10:43.718+0000] {processor.py:830} INFO - Processing file /opt/airflow/dags/pipeline_scheduled.py for tasks to queue
[2026-01-20T15:10:43.720+0000] {logging_mixin.py:188} INFO - [2026-01-20T15:10:43.720+0000] {dagbag.py:545} INFO - Filling up the DagBag from /opt/airflow/dags/pipeline_scheduled.py
[2026-01-20T15:10:43.747+0000] {processor.py:840} INFO - DAG(s) 'pipeline_scheduled' retrieved from /opt/airflow/dags/pipeline_scheduled.py
[2026-01-20T15:10:43.790+0000] {logging_mixin.py:188} INFO - [2026-01-20T15:10:43.790+0000] {dag.py:3089} INFO - Sync 1 DAGs
[2026-01-20T15:10:43.820+0000] {logging_mixin.py:188} INFO - [2026-01-20T15:10:43.820+0000] {dag.py:3947} INFO - Setting next_dagrun for pipeline_scheduled to 2026-01-20 15:00:00+00:00, run_after=2026-01-20 16:00:00+00:00
[2026-01-20T15:10:43.844+0000] {processor.py:183} INFO - Processing /opt/airflow/dags/pipeline_scheduled.py took 0.135 seconds
[2026-01-20T15:11:14.116+0000] {processor.py:161} INFO - Started process (PID=22324) to work on /opt/airflow/dags/pipeline_scheduled.py
[2026-01-20T15:11:14.118+0000] {processor.py:830} INFO - Processing file /opt/airflow/dags/pipeline_scheduled.py for tasks to queue
[2026-01-20T15:11:14.120+0000] {logging_mixin.py:188} INFO - [2026-01-20T15:11:14.120+0000] {dagbag.py:545} INFO - Filling up the DagBag from /opt/airflow/dags/pipeline_scheduled.py
[2026-01-20T15:11:14.147+0000] {processor.py:840} INFO - DAG(s) 'pipeline_scheduled' retrieved from /opt/airflow/dags/pipeline_scheduled.py
[2026-01-20T15:11:14.185+0000] {logging_mixin.py:188} INFO - [2026-01-20T15:11:14.185+0000] {dag.py:3089} INFO - Sync 1 DAGs
[2026-01-20T15:11:14.211+0000] {logging_mixin.py:188} INFO - [2026-01-20T15:11:14.210+0000] {dag.py:3947} INFO - Setting next_dagrun for pipeline_scheduled to 2026-01-20 15:00:00+00:00, run_after=2026-01-20 16:00:00+00:00
[2026-01-20T15:11:14.230+0000] {processor.py:183} INFO - Processing /opt/airflow/dags/pipeline_scheduled.py took 0.122 seconds
[2026-01-20T15:11:44.498+0000] {processor.py:161} INFO - Started process (PID=22334) to work on /opt/airflow/dags/pipeline_scheduled.py
[2026-01-20T15:11:44.500+0000] {processor.py:830} INFO - Processing file /opt/airflow/dags/pipeline_scheduled.py for tasks to queue
[2026-01-20T15:11:44.502+0000] {logging_mixin.py:188} INFO - [2026-01-20T15:11:44.501+0000] {dagbag.py:545} INFO - Filling up the DagBag from /opt/airflow/dags/pipeline_scheduled.py
[2026-01-20T15:11:44.527+0000] {processor.py:840} INFO - DAG(s) 'pipeline_scheduled' retrieved from /opt/airflow/dags/pipeline_scheduled.py
[2026-01-20T15:11:44.566+0000] {logging_mixin.py:188} INFO - [2026-01-20T15:11:44.565+0000] {dag.py:3089} INFO - Sync 1 DAGs
[2026-01-20T15:11:44.591+0000] {logging_mixin.py:188} INFO - [2026-01-20T15:11:44.591+0000] {dag.py:3947} INFO - Setting next_dagrun for pipeline_scheduled to 2026-01-20 15:00:00+00:00, run_after=2026-01-20 16:00:00+00:00
[2026-01-20T15:11:44.611+0000] {processor.py:183} INFO - Processing /opt/airflow/dags/pipeline_scheduled.py took 0.119 seconds
[2026-01-20T15:12:14.896+0000] {processor.py:161} INFO - Started process (PID=22344) to work on /opt/airflow/dags/pipeline_scheduled.py
[2026-01-20T15:12:14.897+0000] {processor.py:830} INFO - Processing file /opt/airflow/dags/pipeline_scheduled.py for tasks to queue
[2026-01-20T15:12:14.900+0000] {logging_mixin.py:188} INFO - [2026-01-20T15:12:14.900+0000] {dagbag.py:545} INFO - Filling up the DagBag from /opt/airflow/dags/pipeline_scheduled.py
[2026-01-20T15:12:14.926+0000] {processor.py:840} INFO - DAG(s) 'pipeline_scheduled' retrieved from /opt/airflow/dags/pipeline_scheduled.py
[2026-01-20T15:12:14.960+0000] {logging_mixin.py:188} INFO - [2026-01-20T15:12:14.960+0000] {dag.py:3089} INFO - Sync 1 DAGs
[2026-01-20T15:12:14.985+0000] {logging_mixin.py:188} INFO - [2026-01-20T15:12:14.985+0000] {dag.py:3947} INFO - Setting next_dagrun for pipeline_scheduled to 2026-01-20 15:00:00+00:00, run_after=2026-01-20 16:00:00+00:00
[2026-01-20T15:12:15.006+0000] {processor.py:183} INFO - Processing /opt/airflow/dags/pipeline_scheduled.py took 0.116 seconds
[2026-01-20T15:12:45.296+0000] {processor.py:161} INFO - Started process (PID=22354) to work on /opt/airflow/dags/pipeline_scheduled.py
[2026-01-20T15:12:45.298+0000] {processor.py:830} INFO - Processing file /opt/airflow/dags/pipeline_scheduled.py for tasks to queue
[2026-01-20T15:12:45.300+0000] {logging_mixin.py:188} INFO - [2026-01-20T15:12:45.299+0000] {dagbag.py:545} INFO - Filling up the DagBag from /opt/airflow/dags/pipeline_scheduled.py
[2026-01-20T15:12:45.323+0000] {processor.py:840} INFO - DAG(s) 'pipeline_scheduled' retrieved from /opt/airflow/dags/pipeline_scheduled.py
[2026-01-20T15:12:45.361+0000] {logging_mixin.py:188} INFO - [2026-01-20T15:12:45.361+0000] {dag.py:3089} INFO - Sync 1 DAGs
[2026-01-20T15:12:45.387+0000] {logging_mixin.py:188} INFO - [2026-01-20T15:12:45.386+0000] {dag.py:3947} INFO - Setting next_dagrun for pipeline_scheduled to 2026-01-20 15:00:00+00:00, run_after=2026-01-20 16:00:00+00:00
[2026-01-20T15:12:45.408+0000] {processor.py:183} INFO - Processing /opt/airflow/dags/pipeline_scheduled.py took 0.119 seconds
[2026-01-20T15:13:15.564+0000] {processor.py:161} INFO - Started process (PID=22364) to work on /opt/airflow/dags/pipeline_scheduled.py
[2026-01-20T15:13:15.566+0000] {processor.py:830} INFO - Processing file /opt/airflow/dags/pipeline_scheduled.py for tasks to queue
[2026-01-20T15:13:15.570+0000] {logging_mixin.py:188} INFO - [2026-01-20T15:13:15.569+0000] {dagbag.py:545} INFO - Filling up the DagBag from /opt/airflow/dags/pipeline_scheduled.py
[2026-01-20T15:13:15.595+0000] {processor.py:840} INFO - DAG(s) 'pipeline_scheduled' retrieved from /opt/airflow/dags/pipeline_scheduled.py
[2026-01-20T15:13:15.636+0000] {logging_mixin.py:188} INFO - [2026-01-20T15:13:15.636+0000] {dag.py:3089} INFO - Sync 1 DAGs
[2026-01-20T15:13:15.663+0000] {logging_mixin.py:188} INFO - [2026-01-20T15:13:15.663+0000] {dag.py:3947} INFO - Setting next_dagrun for pipeline_scheduled to 2026-01-20 15:00:00+00:00, run_after=2026-01-20 16:00:00+00:00
[2026-01-20T15:13:15.684+0000] {processor.py:183} INFO - Processing /opt/airflow/dags/pipeline_scheduled.py took 0.127 seconds
[2026-01-20T15:13:45.968+0000] {processor.py:161} INFO - Started process (PID=22374) to work on /opt/airflow/dags/pipeline_scheduled.py
[2026-01-20T15:13:45.970+0000] {processor.py:830} INFO - Processing file /opt/airflow/dags/pipeline_scheduled.py for tasks to queue
[2026-01-20T15:13:45.973+0000] {logging_mixin.py:188} INFO - [2026-01-20T15:13:45.973+0000] {dagbag.py:545} INFO - Filling up the DagBag from /opt/airflow/dags/pipeline_scheduled.py
[2026-01-20T15:13:46.001+0000] {processor.py:840} INFO - DAG(s) 'pipeline_scheduled' retrieved from /opt/airflow/dags/pipeline_scheduled.py
[2026-01-20T15:13:46.041+0000] {logging_mixin.py:188} INFO - [2026-01-20T15:13:46.040+0000] {dag.py:3089} INFO - Sync 1 DAGs
[2026-01-20T15:13:46.071+0000] {logging_mixin.py:188} INFO - [2026-01-20T15:13:46.071+0000] {dag.py:3947} INFO - Setting next_dagrun for pipeline_scheduled to 2026-01-20 15:00:00+00:00, run_after=2026-01-20 16:00:00+00:00
[2026-01-20T15:13:46.096+0000] {processor.py:183} INFO - Processing /opt/airflow/dags/pipeline_scheduled.py took 0.136 seconds
[2026-01-20T15:14:16.417+0000] {processor.py:161} INFO - Started process (PID=22384) to work on /opt/airflow/dags/pipeline_scheduled.py
[2026-01-20T15:14:16.418+0000] {processor.py:830} INFO - Processing file /opt/airflow/dags/pipeline_scheduled.py for tasks to queue
[2026-01-20T15:14:16.420+0000] {logging_mixin.py:188} INFO - [2026-01-20T15:14:16.420+0000] {dagbag.py:545} INFO - Filling up the DagBag from /opt/airflow/dags/pipeline_scheduled.py
[2026-01-20T15:14:16.446+0000] {processor.py:840} INFO - DAG(s) 'pipeline_scheduled' retrieved from /opt/airflow/dags/pipeline_scheduled.py
[2026-01-20T15:14:16.481+0000] {logging_mixin.py:188} INFO - [2026-01-20T15:14:16.480+0000] {dag.py:3089} INFO - Sync 1 DAGs
[2026-01-20T15:14:16.505+0000] {logging_mixin.py:188} INFO - [2026-01-20T15:14:16.505+0000] {dag.py:3947} INFO - Setting next_dagrun for pipeline_scheduled to 2026-01-20 15:00:00+00:00, run_after=2026-01-20 16:00:00+00:00
[2026-01-20T15:14:16.530+0000] {processor.py:183} INFO - Processing /opt/airflow/dags/pipeline_scheduled.py took 0.118 seconds
[2026-01-20T15:14:46.822+0000] {processor.py:161} INFO - Started process (PID=22394) to work on /opt/airflow/dags/pipeline_scheduled.py
[2026-01-20T15:14:46.824+0000] {processor.py:830} INFO - Processing file /opt/airflow/dags/pipeline_scheduled.py for tasks to queue
[2026-01-20T15:14:46.827+0000] {logging_mixin.py:188} INFO - [2026-01-20T15:14:46.827+0000] {dagbag.py:545} INFO - Filling up the DagBag from /opt/airflow/dags/pipeline_scheduled.py
[2026-01-20T15:14:46.854+0000] {processor.py:840} INFO - DAG(s) 'pipeline_scheduled' retrieved from /opt/airflow/dags/pipeline_scheduled.py
[2026-01-20T15:14:46.894+0000] {logging_mixin.py:188} INFO - [2026-01-20T15:14:46.894+0000] {dag.py:3089} INFO - Sync 1 DAGs
[2026-01-20T15:14:46.921+0000] {logging_mixin.py:188} INFO - [2026-01-20T15:14:46.920+0000] {dag.py:3947} INFO - Setting next_dagrun for pipeline_scheduled to 2026-01-20 15:00:00+00:00, run_after=2026-01-20 16:00:00+00:00
[2026-01-20T15:14:46.945+0000] {processor.py:183} INFO - Processing /opt/airflow/dags/pipeline_scheduled.py took 0.129 seconds
[2026-01-20T15:15:17.072+0000] {processor.py:161} INFO - Started process (PID=22404) to work on /opt/airflow/dags/pipeline_scheduled.py
[2026-01-20T15:15:17.073+0000] {processor.py:830} INFO - Processing file /opt/airflow/dags/pipeline_scheduled.py for tasks to queue
[2026-01-20T15:15:17.075+0000] {logging_mixin.py:188} INFO - [2026-01-20T15:15:17.075+0000] {dagbag.py:545} INFO - Filling up the DagBag from /opt/airflow/dags/pipeline_scheduled.py
[2026-01-20T15:15:17.099+0000] {processor.py:840} INFO - DAG(s) 'pipeline_scheduled' retrieved from /opt/airflow/dags/pipeline_scheduled.py
[2026-01-20T15:15:17.139+0000] {logging_mixin.py:188} INFO - [2026-01-20T15:15:17.139+0000] {dag.py:3089} INFO - Sync 1 DAGs
[2026-01-20T15:15:17.165+0000] {logging_mixin.py:188} INFO - [2026-01-20T15:15:17.165+0000] {dag.py:3947} INFO - Setting next_dagrun for pipeline_scheduled to 2026-01-20 15:00:00+00:00, run_after=2026-01-20 16:00:00+00:00
[2026-01-20T15:15:17.187+0000] {processor.py:183} INFO - Processing /opt/airflow/dags/pipeline_scheduled.py took 0.123 seconds
[2026-01-20T15:15:47.467+0000] {processor.py:161} INFO - Started process (PID=22414) to work on /opt/airflow/dags/pipeline_scheduled.py
[2026-01-20T15:15:47.469+0000] {processor.py:830} INFO - Processing file /opt/airflow/dags/pipeline_scheduled.py for tasks to queue
[2026-01-20T15:15:47.471+0000] {logging_mixin.py:188} INFO - [2026-01-20T15:15:47.471+0000] {dagbag.py:545} INFO - Filling up the DagBag from /opt/airflow/dags/pipeline_scheduled.py
[2026-01-20T15:15:47.494+0000] {processor.py:840} INFO - DAG(s) 'pipeline_scheduled' retrieved from /opt/airflow/dags/pipeline_scheduled.py
[2026-01-20T15:15:47.529+0000] {logging_mixin.py:188} INFO - [2026-01-20T15:15:47.528+0000] {dag.py:3089} INFO - Sync 1 DAGs
[2026-01-20T15:15:47.552+0000] {logging_mixin.py:188} INFO - [2026-01-20T15:15:47.552+0000] {dag.py:3947} INFO - Setting next_dagrun for pipeline_scheduled to 2026-01-20 15:00:00+00:00, run_after=2026-01-20 16:00:00+00:00
[2026-01-20T15:15:47.573+0000] {processor.py:183} INFO - Processing /opt/airflow/dags/pipeline_scheduled.py took 0.111 seconds
[2026-01-20T15:16:17.857+0000] {processor.py:161} INFO - Started process (PID=22424) to work on /opt/airflow/dags/pipeline_scheduled.py
[2026-01-20T15:16:17.859+0000] {processor.py:830} INFO - Processing file /opt/airflow/dags/pipeline_scheduled.py for tasks to queue
[2026-01-20T15:16:17.862+0000] {logging_mixin.py:188} INFO - [2026-01-20T15:16:17.861+0000] {dagbag.py:545} INFO - Filling up the DagBag from /opt/airflow/dags/pipeline_scheduled.py
[2026-01-20T15:16:17.887+0000] {processor.py:840} INFO - DAG(s) 'pipeline_scheduled' retrieved from /opt/airflow/dags/pipeline_scheduled.py
[2026-01-20T15:16:17.925+0000] {logging_mixin.py:188} INFO - [2026-01-20T15:16:17.924+0000] {dag.py:3089} INFO - Sync 1 DAGs
[2026-01-20T15:16:17.950+0000] {logging_mixin.py:188} INFO - [2026-01-20T15:16:17.949+0000] {dag.py:3947} INFO - Setting next_dagrun for pipeline_scheduled to 2026-01-20 15:00:00+00:00, run_after=2026-01-20 16:00:00+00:00
[2026-01-20T15:16:17.972+0000] {processor.py:183} INFO - Processing /opt/airflow/dags/pipeline_scheduled.py took 0.124 seconds
[2026-01-20T15:16:48.259+0000] {processor.py:161} INFO - Started process (PID=22434) to work on /opt/airflow/dags/pipeline_scheduled.py
[2026-01-20T15:16:48.260+0000] {processor.py:830} INFO - Processing file /opt/airflow/dags/pipeline_scheduled.py for tasks to queue
[2026-01-20T15:16:48.262+0000] {logging_mixin.py:188} INFO - [2026-01-20T15:16:48.262+0000] {dagbag.py:545} INFO - Filling up the DagBag from /opt/airflow/dags/pipeline_scheduled.py
[2026-01-20T15:16:48.286+0000] {processor.py:840} INFO - DAG(s) 'pipeline_scheduled' retrieved from /opt/airflow/dags/pipeline_scheduled.py
[2026-01-20T15:16:48.321+0000] {logging_mixin.py:188} INFO - [2026-01-20T15:16:48.321+0000] {dag.py:3089} INFO - Sync 1 DAGs
[2026-01-20T15:16:48.348+0000] {logging_mixin.py:188} INFO - [2026-01-20T15:16:48.347+0000] {dag.py:3947} INFO - Setting next_dagrun for pipeline_scheduled to 2026-01-20 15:00:00+00:00, run_after=2026-01-20 16:00:00+00:00
[2026-01-20T15:16:48.370+0000] {processor.py:183} INFO - Processing /opt/airflow/dags/pipeline_scheduled.py took 0.117 seconds
[2026-01-20T15:17:18.655+0000] {processor.py:161} INFO - Started process (PID=22444) to work on /opt/airflow/dags/pipeline_scheduled.py
[2026-01-20T15:17:18.656+0000] {processor.py:830} INFO - Processing file /opt/airflow/dags/pipeline_scheduled.py for tasks to queue
[2026-01-20T15:17:18.658+0000] {logging_mixin.py:188} INFO - [2026-01-20T15:17:18.658+0000] {dagbag.py:545} INFO - Filling up the DagBag from /opt/airflow/dags/pipeline_scheduled.py
[2026-01-20T15:17:18.681+0000] {processor.py:840} INFO - DAG(s) 'pipeline_scheduled' retrieved from /opt/airflow/dags/pipeline_scheduled.py
[2026-01-20T15:17:18.723+0000] {logging_mixin.py:188} INFO - [2026-01-20T15:17:18.723+0000] {dag.py:3089} INFO - Sync 1 DAGs
[2026-01-20T15:17:18.748+0000] {logging_mixin.py:188} INFO - [2026-01-20T15:17:18.748+0000] {dag.py:3947} INFO - Setting next_dagrun for pipeline_scheduled to 2026-01-20 15:00:00+00:00, run_after=2026-01-20 16:00:00+00:00
[2026-01-20T15:17:18.771+0000] {processor.py:183} INFO - Processing /opt/airflow/dags/pipeline_scheduled.py took 0.122 seconds
[2026-01-20T15:17:49.054+0000] {processor.py:161} INFO - Started process (PID=22454) to work on /opt/airflow/dags/pipeline_scheduled.py
[2026-01-20T15:17:49.055+0000] {processor.py:830} INFO - Processing file /opt/airflow/dags/pipeline_scheduled.py for tasks to queue
[2026-01-20T15:17:49.058+0000] {logging_mixin.py:188} INFO - [2026-01-20T15:17:49.057+0000] {dagbag.py:545} INFO - Filling up the DagBag from /opt/airflow/dags/pipeline_scheduled.py
[2026-01-20T15:17:49.085+0000] {processor.py:840} INFO - DAG(s) 'pipeline_scheduled' retrieved from /opt/airflow/dags/pipeline_scheduled.py
[2026-01-20T15:17:49.123+0000] {logging_mixin.py:188} INFO - [2026-01-20T15:17:49.123+0000] {dag.py:3089} INFO - Sync 1 DAGs
[2026-01-20T15:17:49.149+0000] {logging_mixin.py:188} INFO - [2026-01-20T15:17:49.148+0000] {dag.py:3947} INFO - Setting next_dagrun for pipeline_scheduled to 2026-01-20 15:00:00+00:00, run_after=2026-01-20 16:00:00+00:00
[2026-01-20T15:17:49.173+0000] {processor.py:183} INFO - Processing /opt/airflow/dags/pipeline_scheduled.py took 0.125 seconds
[2026-01-20T15:18:19.458+0000] {processor.py:161} INFO - Started process (PID=22464) to work on /opt/airflow/dags/pipeline_scheduled.py
[2026-01-20T15:18:19.460+0000] {processor.py:830} INFO - Processing file /opt/airflow/dags/pipeline_scheduled.py for tasks to queue
[2026-01-20T15:18:19.462+0000] {logging_mixin.py:188} INFO - [2026-01-20T15:18:19.462+0000] {dagbag.py:545} INFO - Filling up the DagBag from /opt/airflow/dags/pipeline_scheduled.py
[2026-01-20T15:18:19.492+0000] {processor.py:840} INFO - DAG(s) 'pipeline_scheduled' retrieved from /opt/airflow/dags/pipeline_scheduled.py
[2026-01-20T15:18:19.532+0000] {logging_mixin.py:188} INFO - [2026-01-20T15:18:19.531+0000] {dag.py:3089} INFO - Sync 1 DAGs
[2026-01-20T15:18:19.558+0000] {logging_mixin.py:188} INFO - [2026-01-20T15:18:19.558+0000] {dag.py:3947} INFO - Setting next_dagrun for pipeline_scheduled to 2026-01-20 15:00:00+00:00, run_after=2026-01-20 16:00:00+00:00
[2026-01-20T15:18:19.579+0000] {processor.py:183} INFO - Processing /opt/airflow/dags/pipeline_scheduled.py took 0.129 seconds
[2026-01-20T15:18:49.710+0000] {processor.py:161} INFO - Started process (PID=22474) to work on /opt/airflow/dags/pipeline_scheduled.py
[2026-01-20T15:18:49.712+0000] {processor.py:830} INFO - Processing file /opt/airflow/dags/pipeline_scheduled.py for tasks to queue
[2026-01-20T15:18:49.715+0000] {logging_mixin.py:188} INFO - [2026-01-20T15:18:49.714+0000] {dagbag.py:545} INFO - Filling up the DagBag from /opt/airflow/dags/pipeline_scheduled.py
[2026-01-20T15:18:49.740+0000] {processor.py:840} INFO - DAG(s) 'pipeline_scheduled' retrieved from /opt/airflow/dags/pipeline_scheduled.py
[2026-01-20T15:18:49.780+0000] {logging_mixin.py:188} INFO - [2026-01-20T15:18:49.780+0000] {dag.py:3089} INFO - Sync 1 DAGs
[2026-01-20T15:18:49.809+0000] {logging_mixin.py:188} INFO - [2026-01-20T15:18:49.808+0000] {dag.py:3947} INFO - Setting next_dagrun for pipeline_scheduled to 2026-01-20 15:00:00+00:00, run_after=2026-01-20 16:00:00+00:00
[2026-01-20T15:18:49.832+0000] {processor.py:183} INFO - Processing /opt/airflow/dags/pipeline_scheduled.py took 0.129 seconds
[2026-01-20T15:19:20.156+0000] {processor.py:161} INFO - Started process (PID=22484) to work on /opt/airflow/dags/pipeline_scheduled.py
[2026-01-20T15:19:20.157+0000] {processor.py:830} INFO - Processing file /opt/airflow/dags/pipeline_scheduled.py for tasks to queue
[2026-01-20T15:19:20.159+0000] {logging_mixin.py:188} INFO - [2026-01-20T15:19:20.159+0000] {dagbag.py:545} INFO - Filling up the DagBag from /opt/airflow/dags/pipeline_scheduled.py
[2026-01-20T15:19:20.184+0000] {processor.py:840} INFO - DAG(s) 'pipeline_scheduled' retrieved from /opt/airflow/dags/pipeline_scheduled.py
[2026-01-20T15:19:20.220+0000] {logging_mixin.py:188} INFO - [2026-01-20T15:19:20.220+0000] {dag.py:3089} INFO - Sync 1 DAGs
[2026-01-20T15:19:20.247+0000] {logging_mixin.py:188} INFO - [2026-01-20T15:19:20.247+0000] {dag.py:3947} INFO - Setting next_dagrun for pipeline_scheduled to 2026-01-20 15:00:00+00:00, run_after=2026-01-20 16:00:00+00:00
[2026-01-20T15:19:20.268+0000] {processor.py:183} INFO - Processing /opt/airflow/dags/pipeline_scheduled.py took 0.119 seconds
[2026-01-20T15:19:50.555+0000] {processor.py:161} INFO - Started process (PID=22494) to work on /opt/airflow/dags/pipeline_scheduled.py
[2026-01-20T15:19:50.556+0000] {processor.py:830} INFO - Processing file /opt/airflow/dags/pipeline_scheduled.py for tasks to queue
[2026-01-20T15:19:50.559+0000] {logging_mixin.py:188} INFO - [2026-01-20T15:19:50.558+0000] {dagbag.py:545} INFO - Filling up the DagBag from /opt/airflow/dags/pipeline_scheduled.py
[2026-01-20T15:19:50.583+0000] {processor.py:840} INFO - DAG(s) 'pipeline_scheduled' retrieved from /opt/airflow/dags/pipeline_scheduled.py
[2026-01-20T15:19:50.624+0000] {logging_mixin.py:188} INFO - [2026-01-20T15:19:50.624+0000] {dag.py:3089} INFO - Sync 1 DAGs
[2026-01-20T15:19:50.652+0000] {logging_mixin.py:188} INFO - [2026-01-20T15:19:50.652+0000] {dag.py:3947} INFO - Setting next_dagrun for pipeline_scheduled to 2026-01-20 15:00:00+00:00, run_after=2026-01-20 16:00:00+00:00
[2026-01-20T15:19:50.675+0000] {processor.py:183} INFO - Processing /opt/airflow/dags/pipeline_scheduled.py took 0.126 seconds
[2026-01-20T15:20:20.810+0000] {processor.py:161} INFO - Started process (PID=22507) to work on /opt/airflow/dags/pipeline_scheduled.py
[2026-01-20T15:20:20.811+0000] {processor.py:830} INFO - Processing file /opt/airflow/dags/pipeline_scheduled.py for tasks to queue
[2026-01-20T15:20:20.814+0000] {logging_mixin.py:188} INFO - [2026-01-20T15:20:20.813+0000] {dagbag.py:545} INFO - Filling up the DagBag from /opt/airflow/dags/pipeline_scheduled.py
[2026-01-20T15:20:20.840+0000] {processor.py:840} INFO - DAG(s) 'pipeline_scheduled' retrieved from /opt/airflow/dags/pipeline_scheduled.py
[2026-01-20T15:20:20.880+0000] {logging_mixin.py:188} INFO - [2026-01-20T15:20:20.880+0000] {dag.py:3089} INFO - Sync 1 DAGs
[2026-01-20T15:20:20.906+0000] {logging_mixin.py:188} INFO - [2026-01-20T15:20:20.906+0000] {dag.py:3947} INFO - Setting next_dagrun for pipeline_scheduled to 2026-01-20 15:00:00+00:00, run_after=2026-01-20 16:00:00+00:00
[2026-01-20T15:20:20.928+0000] {processor.py:183} INFO - Processing /opt/airflow/dags/pipeline_scheduled.py took 0.125 seconds
[2026-01-20T15:20:51.197+0000] {processor.py:161} INFO - Started process (PID=22517) to work on /opt/airflow/dags/pipeline_scheduled.py
[2026-01-20T15:20:51.198+0000] {processor.py:830} INFO - Processing file /opt/airflow/dags/pipeline_scheduled.py for tasks to queue
[2026-01-20T15:20:51.201+0000] {logging_mixin.py:188} INFO - [2026-01-20T15:20:51.200+0000] {dagbag.py:545} INFO - Filling up the DagBag from /opt/airflow/dags/pipeline_scheduled.py
[2026-01-20T15:20:51.225+0000] {processor.py:840} INFO - DAG(s) 'pipeline_scheduled' retrieved from /opt/airflow/dags/pipeline_scheduled.py
[2026-01-20T15:20:51.266+0000] {logging_mixin.py:188} INFO - [2026-01-20T15:20:51.265+0000] {dag.py:3089} INFO - Sync 1 DAGs
[2026-01-20T15:20:51.293+0000] {logging_mixin.py:188} INFO - [2026-01-20T15:20:51.293+0000] {dag.py:3947} INFO - Setting next_dagrun for pipeline_scheduled to 2026-01-20 15:00:00+00:00, run_after=2026-01-20 16:00:00+00:00
[2026-01-20T15:20:51.318+0000] {processor.py:183} INFO - Processing /opt/airflow/dags/pipeline_scheduled.py took 0.128 seconds
[2026-01-20T15:21:21.599+0000] {processor.py:161} INFO - Started process (PID=22527) to work on /opt/airflow/dags/pipeline_scheduled.py
[2026-01-20T15:21:21.601+0000] {processor.py:830} INFO - Processing file /opt/airflow/dags/pipeline_scheduled.py for tasks to queue
[2026-01-20T15:21:21.603+0000] {logging_mixin.py:188} INFO - [2026-01-20T15:21:21.603+0000] {dagbag.py:545} INFO - Filling up the DagBag from /opt/airflow/dags/pipeline_scheduled.py
[2026-01-20T15:21:21.626+0000] {processor.py:840} INFO - DAG(s) 'pipeline_scheduled' retrieved from /opt/airflow/dags/pipeline_scheduled.py
[2026-01-20T15:21:21.658+0000] {logging_mixin.py:188} INFO - [2026-01-20T15:21:21.657+0000] {dag.py:3089} INFO - Sync 1 DAGs
[2026-01-20T15:21:21.681+0000] {logging_mixin.py:188} INFO - [2026-01-20T15:21:21.681+0000] {dag.py:3947} INFO - Setting next_dagrun for pipeline_scheduled to 2026-01-20 15:00:00+00:00, run_after=2026-01-20 16:00:00+00:00
[2026-01-20T15:21:21.701+0000] {processor.py:183} INFO - Processing /opt/airflow/dags/pipeline_scheduled.py took 0.108 seconds
[2026-01-20T15:21:51.988+0000] {processor.py:161} INFO - Started process (PID=22537) to work on /opt/airflow/dags/pipeline_scheduled.py
[2026-01-20T15:21:51.990+0000] {processor.py:830} INFO - Processing file /opt/airflow/dags/pipeline_scheduled.py for tasks to queue
[2026-01-20T15:21:51.993+0000] {logging_mixin.py:188} INFO - [2026-01-20T15:21:51.992+0000] {dagbag.py:545} INFO - Filling up the DagBag from /opt/airflow/dags/pipeline_scheduled.py
[2026-01-20T15:21:52.025+0000] {processor.py:840} INFO - DAG(s) 'pipeline_scheduled' retrieved from /opt/airflow/dags/pipeline_scheduled.py
[2026-01-20T15:21:52.067+0000] {logging_mixin.py:188} INFO - [2026-01-20T15:21:52.066+0000] {dag.py:3089} INFO - Sync 1 DAGs
[2026-01-20T15:21:52.093+0000] {logging_mixin.py:188} INFO - [2026-01-20T15:21:52.093+0000] {dag.py:3947} INFO - Setting next_dagrun for pipeline_scheduled to 2026-01-20 15:00:00+00:00, run_after=2026-01-20 16:00:00+00:00
[2026-01-20T15:21:52.119+0000] {processor.py:183} INFO - Processing /opt/airflow/dags/pipeline_scheduled.py took 0.140 seconds
[2026-01-20T15:22:22.403+0000] {processor.py:161} INFO - Started process (PID=22547) to work on /opt/airflow/dags/pipeline_scheduled.py
[2026-01-20T15:22:22.404+0000] {processor.py:830} INFO - Processing file /opt/airflow/dags/pipeline_scheduled.py for tasks to queue
[2026-01-20T15:22:22.407+0000] {logging_mixin.py:188} INFO - [2026-01-20T15:22:22.406+0000] {dagbag.py:545} INFO - Filling up the DagBag from /opt/airflow/dags/pipeline_scheduled.py
[2026-01-20T15:22:22.435+0000] {processor.py:840} INFO - DAG(s) 'pipeline_scheduled' retrieved from /opt/airflow/dags/pipeline_scheduled.py
[2026-01-20T15:22:22.475+0000] {logging_mixin.py:188} INFO - [2026-01-20T15:22:22.474+0000] {dag.py:3089} INFO - Sync 1 DAGs
[2026-01-20T15:22:22.501+0000] {logging_mixin.py:188} INFO - [2026-01-20T15:22:22.500+0000] {dag.py:3947} INFO - Setting next_dagrun for pipeline_scheduled to 2026-01-20 15:00:00+00:00, run_after=2026-01-20 16:00:00+00:00
[2026-01-20T15:22:22.522+0000] {processor.py:183} INFO - Processing /opt/airflow/dags/pipeline_scheduled.py took 0.126 seconds
[2026-01-20T15:22:52.792+0000] {processor.py:161} INFO - Started process (PID=22557) to work on /opt/airflow/dags/pipeline_scheduled.py
[2026-01-20T15:22:52.794+0000] {processor.py:830} INFO - Processing file /opt/airflow/dags/pipeline_scheduled.py for tasks to queue
[2026-01-20T15:22:52.796+0000] {logging_mixin.py:188} INFO - [2026-01-20T15:22:52.796+0000] {dagbag.py:545} INFO - Filling up the DagBag from /opt/airflow/dags/pipeline_scheduled.py
[2026-01-20T15:22:52.825+0000] {processor.py:840} INFO - DAG(s) 'pipeline_scheduled' retrieved from /opt/airflow/dags/pipeline_scheduled.py
[2026-01-20T15:22:52.868+0000] {logging_mixin.py:188} INFO - [2026-01-20T15:22:52.868+0000] {dag.py:3089} INFO - Sync 1 DAGs
[2026-01-20T15:22:52.897+0000] {logging_mixin.py:188} INFO - [2026-01-20T15:22:52.897+0000] {dag.py:3947} INFO - Setting next_dagrun for pipeline_scheduled to 2026-01-20 15:00:00+00:00, run_after=2026-01-20 16:00:00+00:00
[2026-01-20T15:22:52.925+0000] {processor.py:183} INFO - Processing /opt/airflow/dags/pipeline_scheduled.py took 0.139 seconds
[2026-01-20T15:23:23.042+0000] {processor.py:161} INFO - Started process (PID=22567) to work on /opt/airflow/dags/pipeline_scheduled.py
[2026-01-20T15:23:23.044+0000] {processor.py:830} INFO - Processing file /opt/airflow/dags/pipeline_scheduled.py for tasks to queue
[2026-01-20T15:23:23.046+0000] {logging_mixin.py:188} INFO - [2026-01-20T15:23:23.046+0000] {dagbag.py:545} INFO - Filling up the DagBag from /opt/airflow/dags/pipeline_scheduled.py
[2026-01-20T15:23:23.072+0000] {processor.py:840} INFO - DAG(s) 'pipeline_scheduled' retrieved from /opt/airflow/dags/pipeline_scheduled.py
[2026-01-20T15:23:23.117+0000] {logging_mixin.py:188} INFO - [2026-01-20T15:23:23.116+0000] {dag.py:3089} INFO - Sync 1 DAGs
[2026-01-20T15:23:23.143+0000] {logging_mixin.py:188} INFO - [2026-01-20T15:23:23.142+0000] {dag.py:3947} INFO - Setting next_dagrun for pipeline_scheduled to 2026-01-20 15:00:00+00:00, run_after=2026-01-20 16:00:00+00:00
[2026-01-20T15:23:23.163+0000] {processor.py:183} INFO - Processing /opt/airflow/dags/pipeline_scheduled.py took 0.127 seconds
[2026-01-20T15:23:53.428+0000] {processor.py:161} INFO - Started process (PID=22577) to work on /opt/airflow/dags/pipeline_scheduled.py
[2026-01-20T15:23:53.429+0000] {processor.py:830} INFO - Processing file /opt/airflow/dags/pipeline_scheduled.py for tasks to queue
[2026-01-20T15:23:53.431+0000] {logging_mixin.py:188} INFO - [2026-01-20T15:23:53.431+0000] {dagbag.py:545} INFO - Filling up the DagBag from /opt/airflow/dags/pipeline_scheduled.py
[2026-01-20T15:23:53.456+0000] {processor.py:840} INFO - DAG(s) 'pipeline_scheduled' retrieved from /opt/airflow/dags/pipeline_scheduled.py
[2026-01-20T15:23:53.498+0000] {logging_mixin.py:188} INFO - [2026-01-20T15:23:53.497+0000] {dag.py:3089} INFO - Sync 1 DAGs
[2026-01-20T15:23:53.523+0000] {logging_mixin.py:188} INFO - [2026-01-20T15:23:53.523+0000] {dag.py:3947} INFO - Setting next_dagrun for pipeline_scheduled to 2026-01-20 15:00:00+00:00, run_after=2026-01-20 16:00:00+00:00
[2026-01-20T15:23:53.544+0000] {processor.py:183} INFO - Processing /opt/airflow/dags/pipeline_scheduled.py took 0.123 seconds
[2026-01-20T15:24:23.855+0000] {processor.py:161} INFO - Started process (PID=22587) to work on /opt/airflow/dags/pipeline_scheduled.py
[2026-01-20T15:24:23.857+0000] {processor.py:830} INFO - Processing file /opt/airflow/dags/pipeline_scheduled.py for tasks to queue
[2026-01-20T15:24:23.860+0000] {logging_mixin.py:188} INFO - [2026-01-20T15:24:23.860+0000] {dagbag.py:545} INFO - Filling up the DagBag from /opt/airflow/dags/pipeline_scheduled.py
[2026-01-20T15:24:23.885+0000] {processor.py:840} INFO - DAG(s) 'pipeline_scheduled' retrieved from /opt/airflow/dags/pipeline_scheduled.py
[2026-01-20T15:24:23.927+0000] {logging_mixin.py:188} INFO - [2026-01-20T15:24:23.927+0000] {dag.py:3089} INFO - Sync 1 DAGs
[2026-01-20T15:24:23.952+0000] {logging_mixin.py:188} INFO - [2026-01-20T15:24:23.952+0000] {dag.py:3947} INFO - Setting next_dagrun for pipeline_scheduled to 2026-01-20 15:00:00+00:00, run_after=2026-01-20 16:00:00+00:00
[2026-01-20T15:24:23.972+0000] {processor.py:183} INFO - Processing /opt/airflow/dags/pipeline_scheduled.py took 0.124 seconds
[2026-01-20T15:24:54.261+0000] {processor.py:161} INFO - Started process (PID=22597) to work on /opt/airflow/dags/pipeline_scheduled.py
[2026-01-20T15:24:54.263+0000] {processor.py:830} INFO - Processing file /opt/airflow/dags/pipeline_scheduled.py for tasks to queue
[2026-01-20T15:24:54.265+0000] {logging_mixin.py:188} INFO - [2026-01-20T15:24:54.265+0000] {dagbag.py:545} INFO - Filling up the DagBag from /opt/airflow/dags/pipeline_scheduled.py
[2026-01-20T15:24:54.292+0000] {processor.py:840} INFO - DAG(s) 'pipeline_scheduled' retrieved from /opt/airflow/dags/pipeline_scheduled.py
[2026-01-20T15:24:54.331+0000] {logging_mixin.py:188} INFO - [2026-01-20T15:24:54.331+0000] {dag.py:3089} INFO - Sync 1 DAGs
[2026-01-20T15:24:54.356+0000] {logging_mixin.py:188} INFO - [2026-01-20T15:24:54.356+0000] {dag.py:3947} INFO - Setting next_dagrun for pipeline_scheduled to 2026-01-20 15:00:00+00:00, run_after=2026-01-20 16:00:00+00:00
[2026-01-20T15:24:54.380+0000] {processor.py:183} INFO - Processing /opt/airflow/dags/pipeline_scheduled.py took 0.126 seconds
[2026-01-20T15:25:24.508+0000] {processor.py:161} INFO - Started process (PID=22607) to work on /opt/airflow/dags/pipeline_scheduled.py
[2026-01-20T15:25:24.510+0000] {processor.py:830} INFO - Processing file /opt/airflow/dags/pipeline_scheduled.py for tasks to queue
[2026-01-20T15:25:24.512+0000] {logging_mixin.py:188} INFO - [2026-01-20T15:25:24.512+0000] {dagbag.py:545} INFO - Filling up the DagBag from /opt/airflow/dags/pipeline_scheduled.py
[2026-01-20T15:25:24.538+0000] {processor.py:840} INFO - DAG(s) 'pipeline_scheduled' retrieved from /opt/airflow/dags/pipeline_scheduled.py
[2026-01-20T15:25:24.580+0000] {logging_mixin.py:188} INFO - [2026-01-20T15:25:24.580+0000] {dag.py:3089} INFO - Sync 1 DAGs
[2026-01-20T15:25:24.608+0000] {logging_mixin.py:188} INFO - [2026-01-20T15:25:24.607+0000] {dag.py:3947} INFO - Setting next_dagrun for pipeline_scheduled to 2026-01-20 15:00:00+00:00, run_after=2026-01-20 16:00:00+00:00
[2026-01-20T15:25:24.630+0000] {processor.py:183} INFO - Processing /opt/airflow/dags/pipeline_scheduled.py took 0.129 seconds
[2026-01-20T15:25:54.924+0000] {processor.py:161} INFO - Started process (PID=22617) to work on /opt/airflow/dags/pipeline_scheduled.py
[2026-01-20T15:25:54.925+0000] {processor.py:830} INFO - Processing file /opt/airflow/dags/pipeline_scheduled.py for tasks to queue
[2026-01-20T15:25:54.928+0000] {logging_mixin.py:188} INFO - [2026-01-20T15:25:54.928+0000] {dagbag.py:545} INFO - Filling up the DagBag from /opt/airflow/dags/pipeline_scheduled.py
[2026-01-20T15:25:54.956+0000] {processor.py:840} INFO - DAG(s) 'pipeline_scheduled' retrieved from /opt/airflow/dags/pipeline_scheduled.py
[2026-01-20T15:25:55.006+0000] {logging_mixin.py:188} INFO - [2026-01-20T15:25:55.005+0000] {dag.py:3089} INFO - Sync 1 DAGs
[2026-01-20T15:25:55.035+0000] {logging_mixin.py:188} INFO - [2026-01-20T15:25:55.035+0000] {dag.py:3947} INFO - Setting next_dagrun for pipeline_scheduled to 2026-01-20 15:00:00+00:00, run_after=2026-01-20 16:00:00+00:00
[2026-01-20T15:25:55.062+0000] {processor.py:183} INFO - Processing /opt/airflow/dags/pipeline_scheduled.py took 0.145 seconds
[2026-01-20T15:26:25.346+0000] {processor.py:161} INFO - Started process (PID=22627) to work on /opt/airflow/dags/pipeline_scheduled.py
[2026-01-20T15:26:25.347+0000] {processor.py:830} INFO - Processing file /opt/airflow/dags/pipeline_scheduled.py for tasks to queue
[2026-01-20T15:26:25.350+0000] {logging_mixin.py:188} INFO - [2026-01-20T15:26:25.349+0000] {dagbag.py:545} INFO - Filling up the DagBag from /opt/airflow/dags/pipeline_scheduled.py
[2026-01-20T15:26:25.374+0000] {processor.py:840} INFO - DAG(s) 'pipeline_scheduled' retrieved from /opt/airflow/dags/pipeline_scheduled.py
[2026-01-20T15:26:25.412+0000] {logging_mixin.py:188} INFO - [2026-01-20T15:26:25.412+0000] {dag.py:3089} INFO - Sync 1 DAGs
[2026-01-20T15:26:25.438+0000] {logging_mixin.py:188} INFO - [2026-01-20T15:26:25.438+0000] {dag.py:3947} INFO - Setting next_dagrun for pipeline_scheduled to 2026-01-20 15:00:00+00:00, run_after=2026-01-20 16:00:00+00:00
[2026-01-20T15:26:25.460+0000] {processor.py:183} INFO - Processing /opt/airflow/dags/pipeline_scheduled.py took 0.120 seconds
[2026-01-20T15:26:55.607+0000] {processor.py:161} INFO - Started process (PID=22637) to work on /opt/airflow/dags/pipeline_scheduled.py
[2026-01-20T15:26:55.609+0000] {processor.py:830} INFO - Processing file /opt/airflow/dags/pipeline_scheduled.py for tasks to queue
[2026-01-20T15:26:55.612+0000] {logging_mixin.py:188} INFO - [2026-01-20T15:26:55.611+0000] {dagbag.py:545} INFO - Filling up the DagBag from /opt/airflow/dags/pipeline_scheduled.py
[2026-01-20T15:26:55.638+0000] {processor.py:840} INFO - DAG(s) 'pipeline_scheduled' retrieved from /opt/airflow/dags/pipeline_scheduled.py
[2026-01-20T15:26:55.681+0000] {logging_mixin.py:188} INFO - [2026-01-20T15:26:55.681+0000] {dag.py:3089} INFO - Sync 1 DAGs
[2026-01-20T15:26:55.708+0000] {logging_mixin.py:188} INFO - [2026-01-20T15:26:55.708+0000] {dag.py:3947} INFO - Setting next_dagrun for pipeline_scheduled to 2026-01-20 15:00:00+00:00, run_after=2026-01-20 16:00:00+00:00
[2026-01-20T15:26:55.730+0000] {processor.py:183} INFO - Processing /opt/airflow/dags/pipeline_scheduled.py took 0.131 seconds
[2026-01-20T15:27:26.004+0000] {processor.py:161} INFO - Started process (PID=22647) to work on /opt/airflow/dags/pipeline_scheduled.py
[2026-01-20T15:27:26.005+0000] {processor.py:830} INFO - Processing file /opt/airflow/dags/pipeline_scheduled.py for tasks to queue
[2026-01-20T15:27:26.008+0000] {logging_mixin.py:188} INFO - [2026-01-20T15:27:26.007+0000] {dagbag.py:545} INFO - Filling up the DagBag from /opt/airflow/dags/pipeline_scheduled.py
[2026-01-20T15:27:26.034+0000] {processor.py:840} INFO - DAG(s) 'pipeline_scheduled' retrieved from /opt/airflow/dags/pipeline_scheduled.py
[2026-01-20T15:27:26.075+0000] {logging_mixin.py:188} INFO - [2026-01-20T15:27:26.075+0000] {dag.py:3089} INFO - Sync 1 DAGs
[2026-01-20T15:27:26.102+0000] {logging_mixin.py:188} INFO - [2026-01-20T15:27:26.102+0000] {dag.py:3947} INFO - Setting next_dagrun for pipeline_scheduled to 2026-01-20 15:00:00+00:00, run_after=2026-01-20 16:00:00+00:00
[2026-01-20T15:27:26.124+0000] {processor.py:183} INFO - Processing /opt/airflow/dags/pipeline_scheduled.py took 0.127 seconds
[2026-01-20T15:27:56.412+0000] {processor.py:161} INFO - Started process (PID=22657) to work on /opt/airflow/dags/pipeline_scheduled.py
[2026-01-20T15:27:56.414+0000] {processor.py:830} INFO - Processing file /opt/airflow/dags/pipeline_scheduled.py for tasks to queue
[2026-01-20T15:27:56.416+0000] {logging_mixin.py:188} INFO - [2026-01-20T15:27:56.416+0000] {dagbag.py:545} INFO - Filling up the DagBag from /opt/airflow/dags/pipeline_scheduled.py
[2026-01-20T15:27:56.442+0000] {processor.py:840} INFO - DAG(s) 'pipeline_scheduled' retrieved from /opt/airflow/dags/pipeline_scheduled.py
[2026-01-20T15:27:56.482+0000] {logging_mixin.py:188} INFO - [2026-01-20T15:27:56.482+0000] {dag.py:3089} INFO - Sync 1 DAGs
[2026-01-20T15:27:56.507+0000] {logging_mixin.py:188} INFO - [2026-01-20T15:27:56.507+0000] {dag.py:3947} INFO - Setting next_dagrun for pipeline_scheduled to 2026-01-20 15:00:00+00:00, run_after=2026-01-20 16:00:00+00:00
[2026-01-20T15:27:56.530+0000] {processor.py:183} INFO - Processing /opt/airflow/dags/pipeline_scheduled.py took 0.124 seconds
[2026-01-20T15:28:26.805+0000] {processor.py:161} INFO - Started process (PID=22667) to work on /opt/airflow/dags/pipeline_scheduled.py
[2026-01-20T15:28:26.806+0000] {processor.py:830} INFO - Processing file /opt/airflow/dags/pipeline_scheduled.py for tasks to queue
[2026-01-20T15:28:26.809+0000] {logging_mixin.py:188} INFO - [2026-01-20T15:28:26.808+0000] {dagbag.py:545} INFO - Filling up the DagBag from /opt/airflow/dags/pipeline_scheduled.py
[2026-01-20T15:28:26.836+0000] {processor.py:840} INFO - DAG(s) 'pipeline_scheduled' retrieved from /opt/airflow/dags/pipeline_scheduled.py
[2026-01-20T15:28:26.876+0000] {logging_mixin.py:188} INFO - [2026-01-20T15:28:26.875+0000] {dag.py:3089} INFO - Sync 1 DAGs
[2026-01-20T15:28:26.903+0000] {logging_mixin.py:188} INFO - [2026-01-20T15:28:26.902+0000] {dag.py:3947} INFO - Setting next_dagrun for pipeline_scheduled to 2026-01-20 15:00:00+00:00, run_after=2026-01-20 16:00:00+00:00
[2026-01-20T15:28:26.923+0000] {processor.py:183} INFO - Processing /opt/airflow/dags/pipeline_scheduled.py took 0.124 seconds
[2026-01-20T15:28:57.206+0000] {processor.py:161} INFO - Started process (PID=22677) to work on /opt/airflow/dags/pipeline_scheduled.py
[2026-01-20T15:28:57.207+0000] {processor.py:830} INFO - Processing file /opt/airflow/dags/pipeline_scheduled.py for tasks to queue
[2026-01-20T15:28:57.210+0000] {logging_mixin.py:188} INFO - [2026-01-20T15:28:57.210+0000] {dagbag.py:545} INFO - Filling up the DagBag from /opt/airflow/dags/pipeline_scheduled.py
[2026-01-20T15:28:57.237+0000] {processor.py:840} INFO - DAG(s) 'pipeline_scheduled' retrieved from /opt/airflow/dags/pipeline_scheduled.py
[2026-01-20T15:28:57.277+0000] {logging_mixin.py:188} INFO - [2026-01-20T15:28:57.277+0000] {dag.py:3089} INFO - Sync 1 DAGs
[2026-01-20T15:28:57.306+0000] {logging_mixin.py:188} INFO - [2026-01-20T15:28:57.305+0000] {dag.py:3947} INFO - Setting next_dagrun for pipeline_scheduled to 2026-01-20 15:00:00+00:00, run_after=2026-01-20 16:00:00+00:00
[2026-01-20T15:28:57.331+0000] {processor.py:183} INFO - Processing /opt/airflow/dags/pipeline_scheduled.py took 0.131 seconds
[2026-01-20T15:29:27.549+0000] {processor.py:161} INFO - Started process (PID=22687) to work on /opt/airflow/dags/pipeline_scheduled.py
[2026-01-20T15:29:27.551+0000] {processor.py:830} INFO - Processing file /opt/airflow/dags/pipeline_scheduled.py for tasks to queue
[2026-01-20T15:29:27.555+0000] {logging_mixin.py:188} INFO - [2026-01-20T15:29:27.554+0000] {dagbag.py:545} INFO - Filling up the DagBag from /opt/airflow/dags/pipeline_scheduled.py
[2026-01-20T15:29:27.594+0000] {processor.py:840} INFO - DAG(s) 'pipeline_scheduled' retrieved from /opt/airflow/dags/pipeline_scheduled.py
[2026-01-20T15:29:27.661+0000] {logging_mixin.py:188} INFO - [2026-01-20T15:29:27.661+0000] {dag.py:3089} INFO - Sync 1 DAGs
[2026-01-20T15:29:27.698+0000] {logging_mixin.py:188} INFO - [2026-01-20T15:29:27.698+0000] {dag.py:3947} INFO - Setting next_dagrun for pipeline_scheduled to 2026-01-20 15:00:00+00:00, run_after=2026-01-20 16:00:00+00:00
[2026-01-20T15:29:27.739+0000] {processor.py:183} INFO - Processing /opt/airflow/dags/pipeline_scheduled.py took 0.204 seconds
[2026-01-20T15:29:57.813+0000] {processor.py:161} INFO - Started process (PID=22697) to work on /opt/airflow/dags/pipeline_scheduled.py
[2026-01-20T15:29:57.814+0000] {processor.py:830} INFO - Processing file /opt/airflow/dags/pipeline_scheduled.py for tasks to queue
[2026-01-20T15:29:57.817+0000] {logging_mixin.py:188} INFO - [2026-01-20T15:29:57.817+0000] {dagbag.py:545} INFO - Filling up the DagBag from /opt/airflow/dags/pipeline_scheduled.py
[2026-01-20T15:29:57.845+0000] {processor.py:840} INFO - DAG(s) 'pipeline_scheduled' retrieved from /opt/airflow/dags/pipeline_scheduled.py
[2026-01-20T15:29:57.889+0000] {logging_mixin.py:188} INFO - [2026-01-20T15:29:57.889+0000] {dag.py:3089} INFO - Sync 1 DAGs
[2026-01-20T15:29:57.921+0000] {logging_mixin.py:188} INFO - [2026-01-20T15:29:57.921+0000] {dag.py:3947} INFO - Setting next_dagrun for pipeline_scheduled to 2026-01-20 15:00:00+00:00, run_after=2026-01-20 16:00:00+00:00
[2026-01-20T15:29:57.949+0000] {processor.py:183} INFO - Processing /opt/airflow/dags/pipeline_scheduled.py took 0.143 seconds
[2026-01-20T15:30:28.227+0000] {processor.py:161} INFO - Started process (PID=22710) to work on /opt/airflow/dags/pipeline_scheduled.py
[2026-01-20T15:30:28.228+0000] {processor.py:830} INFO - Processing file /opt/airflow/dags/pipeline_scheduled.py for tasks to queue
[2026-01-20T15:30:28.231+0000] {logging_mixin.py:188} INFO - [2026-01-20T15:30:28.231+0000] {dagbag.py:545} INFO - Filling up the DagBag from /opt/airflow/dags/pipeline_scheduled.py
[2026-01-20T15:30:28.258+0000] {processor.py:840} INFO - DAG(s) 'pipeline_scheduled' retrieved from /opt/airflow/dags/pipeline_scheduled.py
[2026-01-20T15:30:28.301+0000] {logging_mixin.py:188} INFO - [2026-01-20T15:30:28.300+0000] {dag.py:3089} INFO - Sync 1 DAGs
[2026-01-20T15:30:28.328+0000] {logging_mixin.py:188} INFO - [2026-01-20T15:30:28.328+0000] {dag.py:3947} INFO - Setting next_dagrun for pipeline_scheduled to 2026-01-20 15:00:00+00:00, run_after=2026-01-20 16:00:00+00:00
[2026-01-20T15:30:28.357+0000] {processor.py:183} INFO - Processing /opt/airflow/dags/pipeline_scheduled.py took 0.139 seconds
[2026-01-20T15:30:58.637+0000] {processor.py:161} INFO - Started process (PID=22720) to work on /opt/airflow/dags/pipeline_scheduled.py
[2026-01-20T15:30:58.639+0000] {processor.py:830} INFO - Processing file /opt/airflow/dags/pipeline_scheduled.py for tasks to queue
[2026-01-20T15:30:58.641+0000] {logging_mixin.py:188} INFO - [2026-01-20T15:30:58.641+0000] {dagbag.py:545} INFO - Filling up the DagBag from /opt/airflow/dags/pipeline_scheduled.py
[2026-01-20T15:30:58.678+0000] {processor.py:840} INFO - DAG(s) 'pipeline_scheduled' retrieved from /opt/airflow/dags/pipeline_scheduled.py
[2026-01-20T15:30:58.722+0000] {logging_mixin.py:188} INFO - [2026-01-20T15:30:58.722+0000] {dag.py:3089} INFO - Sync 1 DAGs
[2026-01-20T15:30:58.751+0000] {logging_mixin.py:188} INFO - [2026-01-20T15:30:58.751+0000] {dag.py:3947} INFO - Setting next_dagrun for pipeline_scheduled to 2026-01-20 15:00:00+00:00, run_after=2026-01-20 16:00:00+00:00
[2026-01-20T15:30:58.773+0000] {processor.py:183} INFO - Processing /opt/airflow/dags/pipeline_scheduled.py took 0.147 seconds
[2026-01-20T15:31:28.876+0000] {processor.py:161} INFO - Started process (PID=22730) to work on /opt/airflow/dags/pipeline_scheduled.py
[2026-01-20T15:31:28.878+0000] {processor.py:830} INFO - Processing file /opt/airflow/dags/pipeline_scheduled.py for tasks to queue
[2026-01-20T15:31:28.881+0000] {logging_mixin.py:188} INFO - [2026-01-20T15:31:28.881+0000] {dagbag.py:545} INFO - Filling up the DagBag from /opt/airflow/dags/pipeline_scheduled.py
[2026-01-20T15:31:28.911+0000] {processor.py:840} INFO - DAG(s) 'pipeline_scheduled' retrieved from /opt/airflow/dags/pipeline_scheduled.py
[2026-01-20T15:31:28.952+0000] {logging_mixin.py:188} INFO - [2026-01-20T15:31:28.952+0000] {dag.py:3089} INFO - Sync 1 DAGs
[2026-01-20T15:31:28.982+0000] {logging_mixin.py:188} INFO - [2026-01-20T15:31:28.981+0000] {dag.py:3947} INFO - Setting next_dagrun for pipeline_scheduled to 2026-01-20 15:00:00+00:00, run_after=2026-01-20 16:00:00+00:00
[2026-01-20T15:31:29.006+0000] {processor.py:183} INFO - Processing /opt/airflow/dags/pipeline_scheduled.py took 0.137 seconds
[2026-01-20T15:31:59.284+0000] {processor.py:161} INFO - Started process (PID=22740) to work on /opt/airflow/dags/pipeline_scheduled.py
[2026-01-20T15:31:59.286+0000] {processor.py:830} INFO - Processing file /opt/airflow/dags/pipeline_scheduled.py for tasks to queue
[2026-01-20T15:31:59.289+0000] {logging_mixin.py:188} INFO - [2026-01-20T15:31:59.288+0000] {dagbag.py:545} INFO - Filling up the DagBag from /opt/airflow/dags/pipeline_scheduled.py
[2026-01-20T15:31:59.316+0000] {processor.py:840} INFO - DAG(s) 'pipeline_scheduled' retrieved from /opt/airflow/dags/pipeline_scheduled.py
[2026-01-20T15:31:59.358+0000] {logging_mixin.py:188} INFO - [2026-01-20T15:31:59.358+0000] {dag.py:3089} INFO - Sync 1 DAGs
[2026-01-20T15:31:59.385+0000] {logging_mixin.py:188} INFO - [2026-01-20T15:31:59.385+0000] {dag.py:3947} INFO - Setting next_dagrun for pipeline_scheduled to 2026-01-20 15:00:00+00:00, run_after=2026-01-20 16:00:00+00:00
[2026-01-20T15:31:59.410+0000] {processor.py:183} INFO - Processing /opt/airflow/dags/pipeline_scheduled.py took 0.134 seconds
[2026-01-20T15:32:29.676+0000] {processor.py:161} INFO - Started process (PID=22750) to work on /opt/airflow/dags/pipeline_scheduled.py
[2026-01-20T15:32:29.678+0000] {processor.py:830} INFO - Processing file /opt/airflow/dags/pipeline_scheduled.py for tasks to queue
[2026-01-20T15:32:29.680+0000] {logging_mixin.py:188} INFO - [2026-01-20T15:32:29.680+0000] {dagbag.py:545} INFO - Filling up the DagBag from /opt/airflow/dags/pipeline_scheduled.py
[2026-01-20T15:32:29.708+0000] {processor.py:840} INFO - DAG(s) 'pipeline_scheduled' retrieved from /opt/airflow/dags/pipeline_scheduled.py
[2026-01-20T15:32:29.749+0000] {logging_mixin.py:188} INFO - [2026-01-20T15:32:29.748+0000] {dag.py:3089} INFO - Sync 1 DAGs
[2026-01-20T15:32:29.777+0000] {logging_mixin.py:188} INFO - [2026-01-20T15:32:29.777+0000] {dag.py:3947} INFO - Setting next_dagrun for pipeline_scheduled to 2026-01-20 15:00:00+00:00, run_after=2026-01-20 16:00:00+00:00
[2026-01-20T15:32:29.800+0000] {processor.py:183} INFO - Processing /opt/airflow/dags/pipeline_scheduled.py took 0.131 seconds
[2026-01-20T15:33:00.077+0000] {processor.py:161} INFO - Started process (PID=22760) to work on /opt/airflow/dags/pipeline_scheduled.py
[2026-01-20T15:33:00.078+0000] {processor.py:830} INFO - Processing file /opt/airflow/dags/pipeline_scheduled.py for tasks to queue
[2026-01-20T15:33:00.081+0000] {logging_mixin.py:188} INFO - [2026-01-20T15:33:00.080+0000] {dagbag.py:545} INFO - Filling up the DagBag from /opt/airflow/dags/pipeline_scheduled.py
[2026-01-20T15:33:00.108+0000] {processor.py:840} INFO - DAG(s) 'pipeline_scheduled' retrieved from /opt/airflow/dags/pipeline_scheduled.py
[2026-01-20T15:33:00.150+0000] {logging_mixin.py:188} INFO - [2026-01-20T15:33:00.150+0000] {dag.py:3089} INFO - Sync 1 DAGs
[2026-01-20T15:33:00.179+0000] {logging_mixin.py:188} INFO - [2026-01-20T15:33:00.179+0000] {dag.py:3947} INFO - Setting next_dagrun for pipeline_scheduled to 2026-01-20 15:00:00+00:00, run_after=2026-01-20 16:00:00+00:00
[2026-01-20T15:33:00.204+0000] {processor.py:183} INFO - Processing /opt/airflow/dags/pipeline_scheduled.py took 0.133 seconds
[2026-01-20T15:33:30.478+0000] {processor.py:161} INFO - Started process (PID=22770) to work on /opt/airflow/dags/pipeline_scheduled.py
[2026-01-20T15:33:30.480+0000] {processor.py:830} INFO - Processing file /opt/airflow/dags/pipeline_scheduled.py for tasks to queue
[2026-01-20T15:33:30.483+0000] {logging_mixin.py:188} INFO - [2026-01-20T15:33:30.483+0000] {dagbag.py:545} INFO - Filling up the DagBag from /opt/airflow/dags/pipeline_scheduled.py
[2026-01-20T15:33:30.514+0000] {processor.py:840} INFO - DAG(s) 'pipeline_scheduled' retrieved from /opt/airflow/dags/pipeline_scheduled.py
[2026-01-20T15:33:30.558+0000] {logging_mixin.py:188} INFO - [2026-01-20T15:33:30.558+0000] {dag.py:3089} INFO - Sync 1 DAGs
[2026-01-20T15:33:30.587+0000] {logging_mixin.py:188} INFO - [2026-01-20T15:33:30.587+0000] {dag.py:3947} INFO - Setting next_dagrun for pipeline_scheduled to 2026-01-20 15:00:00+00:00, run_after=2026-01-20 16:00:00+00:00
[2026-01-20T15:33:30.614+0000] {processor.py:183} INFO - Processing /opt/airflow/dags/pipeline_scheduled.py took 0.144 seconds
[2026-01-20T15:34:00.724+0000] {processor.py:161} INFO - Started process (PID=22780) to work on /opt/airflow/dags/pipeline_scheduled.py
[2026-01-20T15:34:00.725+0000] {processor.py:830} INFO - Processing file /opt/airflow/dags/pipeline_scheduled.py for tasks to queue
[2026-01-20T15:34:00.728+0000] {logging_mixin.py:188} INFO - [2026-01-20T15:34:00.727+0000] {dagbag.py:545} INFO - Filling up the DagBag from /opt/airflow/dags/pipeline_scheduled.py
[2026-01-20T15:34:00.756+0000] {processor.py:840} INFO - DAG(s) 'pipeline_scheduled' retrieved from /opt/airflow/dags/pipeline_scheduled.py
[2026-01-20T15:34:00.806+0000] {logging_mixin.py:188} INFO - [2026-01-20T15:34:00.805+0000] {dag.py:3089} INFO - Sync 1 DAGs
[2026-01-20T15:34:00.837+0000] {logging_mixin.py:188} INFO - [2026-01-20T15:34:00.837+0000] {dag.py:3947} INFO - Setting next_dagrun for pipeline_scheduled to 2026-01-20 15:00:00+00:00, run_after=2026-01-20 16:00:00+00:00
[2026-01-20T15:34:00.864+0000] {processor.py:183} INFO - Processing /opt/airflow/dags/pipeline_scheduled.py took 0.148 seconds
[2026-01-20T15:34:31.182+0000] {processor.py:161} INFO - Started process (PID=22790) to work on /opt/airflow/dags/pipeline_scheduled.py
[2026-01-20T15:34:31.183+0000] {processor.py:830} INFO - Processing file /opt/airflow/dags/pipeline_scheduled.py for tasks to queue
[2026-01-20T15:34:31.186+0000] {logging_mixin.py:188} INFO - [2026-01-20T15:34:31.186+0000] {dagbag.py:545} INFO - Filling up the DagBag from /opt/airflow/dags/pipeline_scheduled.py
[2026-01-20T15:34:31.214+0000] {processor.py:840} INFO - DAG(s) 'pipeline_scheduled' retrieved from /opt/airflow/dags/pipeline_scheduled.py
[2026-01-20T15:34:31.255+0000] {logging_mixin.py:188} INFO - [2026-01-20T15:34:31.254+0000] {dag.py:3089} INFO - Sync 1 DAGs
[2026-01-20T15:34:31.283+0000] {logging_mixin.py:188} INFO - [2026-01-20T15:34:31.283+0000] {dag.py:3947} INFO - Setting next_dagrun for pipeline_scheduled to 2026-01-20 15:00:00+00:00, run_after=2026-01-20 16:00:00+00:00
[2026-01-20T15:34:31.307+0000] {processor.py:183} INFO - Processing /opt/airflow/dags/pipeline_scheduled.py took 0.132 seconds
[2026-01-20T15:35:01.422+0000] {processor.py:161} INFO - Started process (PID=22800) to work on /opt/airflow/dags/pipeline_scheduled.py
[2026-01-20T15:35:01.423+0000] {processor.py:830} INFO - Processing file /opt/airflow/dags/pipeline_scheduled.py for tasks to queue
[2026-01-20T15:35:01.426+0000] {logging_mixin.py:188} INFO - [2026-01-20T15:35:01.426+0000] {dagbag.py:545} INFO - Filling up the DagBag from /opt/airflow/dags/pipeline_scheduled.py
[2026-01-20T15:35:01.451+0000] {processor.py:840} INFO - DAG(s) 'pipeline_scheduled' retrieved from /opt/airflow/dags/pipeline_scheduled.py
[2026-01-20T15:35:01.490+0000] {logging_mixin.py:188} INFO - [2026-01-20T15:35:01.490+0000] {dag.py:3089} INFO - Sync 1 DAGs
[2026-01-20T15:35:01.513+0000] {logging_mixin.py:188} INFO - [2026-01-20T15:35:01.513+0000] {dag.py:3947} INFO - Setting next_dagrun for pipeline_scheduled to 2026-01-20 15:00:00+00:00, run_after=2026-01-20 16:00:00+00:00
[2026-01-20T15:35:01.536+0000] {processor.py:183} INFO - Processing /opt/airflow/dags/pipeline_scheduled.py took 0.122 seconds
[2026-01-20T15:35:31.812+0000] {processor.py:161} INFO - Started process (PID=22810) to work on /opt/airflow/dags/pipeline_scheduled.py
[2026-01-20T15:35:31.814+0000] {processor.py:830} INFO - Processing file /opt/airflow/dags/pipeline_scheduled.py for tasks to queue
[2026-01-20T15:35:31.818+0000] {logging_mixin.py:188} INFO - [2026-01-20T15:35:31.818+0000] {dagbag.py:545} INFO - Filling up the DagBag from /opt/airflow/dags/pipeline_scheduled.py
[2026-01-20T15:35:31.848+0000] {processor.py:840} INFO - DAG(s) 'pipeline_scheduled' retrieved from /opt/airflow/dags/pipeline_scheduled.py
[2026-01-20T15:35:31.888+0000] {logging_mixin.py:188} INFO - [2026-01-20T15:35:31.888+0000] {dag.py:3089} INFO - Sync 1 DAGs
[2026-01-20T15:35:31.911+0000] {logging_mixin.py:188} INFO - [2026-01-20T15:35:31.911+0000] {dag.py:3947} INFO - Setting next_dagrun for pipeline_scheduled to 2026-01-20 15:00:00+00:00, run_after=2026-01-20 16:00:00+00:00
[2026-01-20T15:35:31.936+0000] {processor.py:183} INFO - Processing /opt/airflow/dags/pipeline_scheduled.py took 0.133 seconds
[2026-01-20T15:36:02.203+0000] {processor.py:161} INFO - Started process (PID=22820) to work on /opt/airflow/dags/pipeline_scheduled.py
[2026-01-20T15:36:02.205+0000] {processor.py:830} INFO - Processing file /opt/airflow/dags/pipeline_scheduled.py for tasks to queue
[2026-01-20T15:36:02.208+0000] {logging_mixin.py:188} INFO - [2026-01-20T15:36:02.207+0000] {dagbag.py:545} INFO - Filling up the DagBag from /opt/airflow/dags/pipeline_scheduled.py
[2026-01-20T15:36:02.236+0000] {processor.py:840} INFO - DAG(s) 'pipeline_scheduled' retrieved from /opt/airflow/dags/pipeline_scheduled.py
[2026-01-20T15:36:02.272+0000] {logging_mixin.py:188} INFO - [2026-01-20T15:36:02.271+0000] {dag.py:3089} INFO - Sync 1 DAGs
[2026-01-20T15:36:02.298+0000] {logging_mixin.py:188} INFO - [2026-01-20T15:36:02.298+0000] {dag.py:3947} INFO - Setting next_dagrun for pipeline_scheduled to 2026-01-20 15:00:00+00:00, run_after=2026-01-20 16:00:00+00:00
[2026-01-20T15:36:02.322+0000] {processor.py:183} INFO - Processing /opt/airflow/dags/pipeline_scheduled.py took 0.126 seconds
[2026-01-20T15:36:32.592+0000] {processor.py:161} INFO - Started process (PID=22830) to work on /opt/airflow/dags/pipeline_scheduled.py
[2026-01-20T15:36:32.593+0000] {processor.py:830} INFO - Processing file /opt/airflow/dags/pipeline_scheduled.py for tasks to queue
[2026-01-20T15:36:32.596+0000] {logging_mixin.py:188} INFO - [2026-01-20T15:36:32.596+0000] {dagbag.py:545} INFO - Filling up the DagBag from /opt/airflow/dags/pipeline_scheduled.py
[2026-01-20T15:36:32.622+0000] {processor.py:840} INFO - DAG(s) 'pipeline_scheduled' retrieved from /opt/airflow/dags/pipeline_scheduled.py
[2026-01-20T15:36:32.663+0000] {logging_mixin.py:188} INFO - [2026-01-20T15:36:32.663+0000] {dag.py:3089} INFO - Sync 1 DAGs
[2026-01-20T15:36:32.692+0000] {logging_mixin.py:188} INFO - [2026-01-20T15:36:32.692+0000] {dag.py:3947} INFO - Setting next_dagrun for pipeline_scheduled to 2026-01-20 15:00:00+00:00, run_after=2026-01-20 16:00:00+00:00
[2026-01-20T15:36:32.720+0000] {processor.py:183} INFO - Processing /opt/airflow/dags/pipeline_scheduled.py took 0.136 seconds
[2026-01-20T15:37:02.850+0000] {processor.py:161} INFO - Started process (PID=22840) to work on /opt/airflow/dags/pipeline_scheduled.py
[2026-01-20T15:37:02.852+0000] {processor.py:830} INFO - Processing file /opt/airflow/dags/pipeline_scheduled.py for tasks to queue
[2026-01-20T15:37:02.855+0000] {logging_mixin.py:188} INFO - [2026-01-20T15:37:02.855+0000] {dagbag.py:545} INFO - Filling up the DagBag from /opt/airflow/dags/pipeline_scheduled.py
[2026-01-20T15:37:02.886+0000] {processor.py:840} INFO - DAG(s) 'pipeline_scheduled' retrieved from /opt/airflow/dags/pipeline_scheduled.py
[2026-01-20T15:37:02.926+0000] {logging_mixin.py:188} INFO - [2026-01-20T15:37:02.925+0000] {dag.py:3089} INFO - Sync 1 DAGs
[2026-01-20T15:37:02.953+0000] {logging_mixin.py:188} INFO - [2026-01-20T15:37:02.953+0000] {dag.py:3947} INFO - Setting next_dagrun for pipeline_scheduled to 2026-01-20 15:00:00+00:00, run_after=2026-01-20 16:00:00+00:00
[2026-01-20T15:37:02.976+0000] {processor.py:183} INFO - Processing /opt/airflow/dags/pipeline_scheduled.py took 0.135 seconds
[2026-01-20T15:37:33.245+0000] {processor.py:161} INFO - Started process (PID=22850) to work on /opt/airflow/dags/pipeline_scheduled.py
[2026-01-20T15:37:33.246+0000] {processor.py:830} INFO - Processing file /opt/airflow/dags/pipeline_scheduled.py for tasks to queue
[2026-01-20T15:37:33.249+0000] {logging_mixin.py:188} INFO - [2026-01-20T15:37:33.249+0000] {dagbag.py:545} INFO - Filling up the DagBag from /opt/airflow/dags/pipeline_scheduled.py
[2026-01-20T15:37:33.275+0000] {processor.py:840} INFO - DAG(s) 'pipeline_scheduled' retrieved from /opt/airflow/dags/pipeline_scheduled.py
[2026-01-20T15:37:33.317+0000] {logging_mixin.py:188} INFO - [2026-01-20T15:37:33.317+0000] {dag.py:3089} INFO - Sync 1 DAGs
[2026-01-20T15:37:33.343+0000] {logging_mixin.py:188} INFO - [2026-01-20T15:37:33.343+0000] {dag.py:3947} INFO - Setting next_dagrun for pipeline_scheduled to 2026-01-20 15:00:00+00:00, run_after=2026-01-20 16:00:00+00:00
[2026-01-20T15:37:33.368+0000] {processor.py:183} INFO - Processing /opt/airflow/dags/pipeline_scheduled.py took 0.130 seconds
[2026-01-20T15:38:03.640+0000] {processor.py:161} INFO - Started process (PID=22860) to work on /opt/airflow/dags/pipeline_scheduled.py
[2026-01-20T15:38:03.641+0000] {processor.py:830} INFO - Processing file /opt/airflow/dags/pipeline_scheduled.py for tasks to queue
[2026-01-20T15:38:03.644+0000] {logging_mixin.py:188} INFO - [2026-01-20T15:38:03.644+0000] {dagbag.py:545} INFO - Filling up the DagBag from /opt/airflow/dags/pipeline_scheduled.py
[2026-01-20T15:38:03.671+0000] {processor.py:840} INFO - DAG(s) 'pipeline_scheduled' retrieved from /opt/airflow/dags/pipeline_scheduled.py
[2026-01-20T15:38:03.712+0000] {logging_mixin.py:188} INFO - [2026-01-20T15:38:03.711+0000] {dag.py:3089} INFO - Sync 1 DAGs
[2026-01-20T15:38:03.737+0000] {logging_mixin.py:188} INFO - [2026-01-20T15:38:03.737+0000] {dag.py:3947} INFO - Setting next_dagrun for pipeline_scheduled to 2026-01-20 15:00:00+00:00, run_after=2026-01-20 16:00:00+00:00
[2026-01-20T15:38:03.763+0000] {processor.py:183} INFO - Processing /opt/airflow/dags/pipeline_scheduled.py took 0.130 seconds
[2026-01-20T15:38:34.031+0000] {processor.py:161} INFO - Started process (PID=22870) to work on /opt/airflow/dags/pipeline_scheduled.py
[2026-01-20T15:38:34.032+0000] {processor.py:830} INFO - Processing file /opt/airflow/dags/pipeline_scheduled.py for tasks to queue
[2026-01-20T15:38:34.035+0000] {logging_mixin.py:188} INFO - [2026-01-20T15:38:34.034+0000] {dagbag.py:545} INFO - Filling up the DagBag from /opt/airflow/dags/pipeline_scheduled.py
[2026-01-20T15:38:34.063+0000] {processor.py:840} INFO - DAG(s) 'pipeline_scheduled' retrieved from /opt/airflow/dags/pipeline_scheduled.py
[2026-01-20T15:38:34.106+0000] {logging_mixin.py:188} INFO - [2026-01-20T15:38:34.105+0000] {dag.py:3089} INFO - Sync 1 DAGs
[2026-01-20T15:38:34.134+0000] {logging_mixin.py:188} INFO - [2026-01-20T15:38:34.134+0000] {dag.py:3947} INFO - Setting next_dagrun for pipeline_scheduled to 2026-01-20 15:00:00+00:00, run_after=2026-01-20 16:00:00+00:00
[2026-01-20T15:38:34.161+0000] {processor.py:183} INFO - Processing /opt/airflow/dags/pipeline_scheduled.py took 0.137 seconds
[2026-01-20T15:39:04.278+0000] {processor.py:161} INFO - Started process (PID=22880) to work on /opt/airflow/dags/pipeline_scheduled.py
[2026-01-20T15:39:04.280+0000] {processor.py:830} INFO - Processing file /opt/airflow/dags/pipeline_scheduled.py for tasks to queue
[2026-01-20T15:39:04.283+0000] {logging_mixin.py:188} INFO - [2026-01-20T15:39:04.283+0000] {dagbag.py:545} INFO - Filling up the DagBag from /opt/airflow/dags/pipeline_scheduled.py
[2026-01-20T15:39:04.312+0000] {processor.py:840} INFO - DAG(s) 'pipeline_scheduled' retrieved from /opt/airflow/dags/pipeline_scheduled.py
[2026-01-20T15:39:04.356+0000] {logging_mixin.py:188} INFO - [2026-01-20T15:39:04.356+0000] {dag.py:3089} INFO - Sync 1 DAGs
[2026-01-20T15:39:04.384+0000] {logging_mixin.py:188} INFO - [2026-01-20T15:39:04.384+0000] {dag.py:3947} INFO - Setting next_dagrun for pipeline_scheduled to 2026-01-20 15:00:00+00:00, run_after=2026-01-20 16:00:00+00:00
[2026-01-20T15:39:04.408+0000] {processor.py:183} INFO - Processing /opt/airflow/dags/pipeline_scheduled.py took 0.139 seconds
[2026-01-20T15:39:34.732+0000] {processor.py:161} INFO - Started process (PID=22890) to work on /opt/airflow/dags/pipeline_scheduled.py
[2026-01-20T15:39:34.733+0000] {processor.py:830} INFO - Processing file /opt/airflow/dags/pipeline_scheduled.py for tasks to queue
[2026-01-20T15:39:34.736+0000] {logging_mixin.py:188} INFO - [2026-01-20T15:39:34.736+0000] {dagbag.py:545} INFO - Filling up the DagBag from /opt/airflow/dags/pipeline_scheduled.py
[2026-01-20T15:39:34.765+0000] {processor.py:840} INFO - DAG(s) 'pipeline_scheduled' retrieved from /opt/airflow/dags/pipeline_scheduled.py
[2026-01-20T15:39:34.808+0000] {logging_mixin.py:188} INFO - [2026-01-20T15:39:34.808+0000] {dag.py:3089} INFO - Sync 1 DAGs
[2026-01-20T15:39:34.840+0000] {logging_mixin.py:188} INFO - [2026-01-20T15:39:34.840+0000] {dag.py:3947} INFO - Setting next_dagrun for pipeline_scheduled to 2026-01-20 15:00:00+00:00, run_after=2026-01-20 16:00:00+00:00
[2026-01-20T15:39:34.865+0000] {processor.py:183} INFO - Processing /opt/airflow/dags/pipeline_scheduled.py took 0.139 seconds
[2026-01-20T15:40:04.975+0000] {processor.py:161} INFO - Started process (PID=22900) to work on /opt/airflow/dags/pipeline_scheduled.py
[2026-01-20T15:40:04.976+0000] {processor.py:830} INFO - Processing file /opt/airflow/dags/pipeline_scheduled.py for tasks to queue
[2026-01-20T15:40:04.979+0000] {logging_mixin.py:188} INFO - [2026-01-20T15:40:04.979+0000] {dagbag.py:545} INFO - Filling up the DagBag from /opt/airflow/dags/pipeline_scheduled.py
[2026-01-20T15:40:05.006+0000] {processor.py:840} INFO - DAG(s) 'pipeline_scheduled' retrieved from /opt/airflow/dags/pipeline_scheduled.py
[2026-01-20T15:40:05.045+0000] {logging_mixin.py:188} INFO - [2026-01-20T15:40:05.045+0000] {dag.py:3089} INFO - Sync 1 DAGs
[2026-01-20T15:40:05.073+0000] {logging_mixin.py:188} INFO - [2026-01-20T15:40:05.073+0000] {dag.py:3947} INFO - Setting next_dagrun for pipeline_scheduled to 2026-01-20 15:00:00+00:00, run_after=2026-01-20 16:00:00+00:00
[2026-01-20T15:40:05.096+0000] {processor.py:183} INFO - Processing /opt/airflow/dags/pipeline_scheduled.py took 0.128 seconds
[2026-01-20T15:40:35.365+0000] {processor.py:161} INFO - Started process (PID=22910) to work on /opt/airflow/dags/pipeline_scheduled.py
[2026-01-20T15:40:35.367+0000] {processor.py:830} INFO - Processing file /opt/airflow/dags/pipeline_scheduled.py for tasks to queue
[2026-01-20T15:40:35.370+0000] {logging_mixin.py:188} INFO - [2026-01-20T15:40:35.369+0000] {dagbag.py:545} INFO - Filling up the DagBag from /opt/airflow/dags/pipeline_scheduled.py
[2026-01-20T15:40:35.396+0000] {processor.py:840} INFO - DAG(s) 'pipeline_scheduled' retrieved from /opt/airflow/dags/pipeline_scheduled.py
[2026-01-20T15:40:35.441+0000] {logging_mixin.py:188} INFO - [2026-01-20T15:40:35.440+0000] {dag.py:3089} INFO - Sync 1 DAGs
[2026-01-20T15:40:35.468+0000] {logging_mixin.py:188} INFO - [2026-01-20T15:40:35.467+0000] {dag.py:3947} INFO - Setting next_dagrun for pipeline_scheduled to 2026-01-20 15:00:00+00:00, run_after=2026-01-20 16:00:00+00:00
[2026-01-20T15:40:35.493+0000] {processor.py:183} INFO - Processing /opt/airflow/dags/pipeline_scheduled.py took 0.135 seconds
[2026-01-20T15:41:05.772+0000] {processor.py:161} INFO - Started process (PID=22920) to work on /opt/airflow/dags/pipeline_scheduled.py
[2026-01-20T15:41:05.773+0000] {processor.py:830} INFO - Processing file /opt/airflow/dags/pipeline_scheduled.py for tasks to queue
[2026-01-20T15:41:05.775+0000] {logging_mixin.py:188} INFO - [2026-01-20T15:41:05.775+0000] {dagbag.py:545} INFO - Filling up the DagBag from /opt/airflow/dags/pipeline_scheduled.py
[2026-01-20T15:41:05.804+0000] {processor.py:840} INFO - DAG(s) 'pipeline_scheduled' retrieved from /opt/airflow/dags/pipeline_scheduled.py
[2026-01-20T15:41:05.845+0000] {logging_mixin.py:188} INFO - [2026-01-20T15:41:05.845+0000] {dag.py:3089} INFO - Sync 1 DAGs
[2026-01-20T15:41:05.874+0000] {logging_mixin.py:188} INFO - [2026-01-20T15:41:05.874+0000] {dag.py:3947} INFO - Setting next_dagrun for pipeline_scheduled to 2026-01-20 15:00:00+00:00, run_after=2026-01-20 16:00:00+00:00
[2026-01-20T15:41:05.898+0000] {processor.py:183} INFO - Processing /opt/airflow/dags/pipeline_scheduled.py took 0.134 seconds
[2026-01-20T15:41:36.166+0000] {processor.py:161} INFO - Started process (PID=22930) to work on /opt/airflow/dags/pipeline_scheduled.py
[2026-01-20T15:41:36.167+0000] {processor.py:830} INFO - Processing file /opt/airflow/dags/pipeline_scheduled.py for tasks to queue
[2026-01-20T15:41:36.170+0000] {logging_mixin.py:188} INFO - [2026-01-20T15:41:36.169+0000] {dagbag.py:545} INFO - Filling up the DagBag from /opt/airflow/dags/pipeline_scheduled.py
[2026-01-20T15:41:36.195+0000] {processor.py:840} INFO - DAG(s) 'pipeline_scheduled' retrieved from /opt/airflow/dags/pipeline_scheduled.py
[2026-01-20T15:41:36.231+0000] {logging_mixin.py:188} INFO - [2026-01-20T15:41:36.230+0000] {dag.py:3089} INFO - Sync 1 DAGs
[2026-01-20T15:41:36.255+0000] {logging_mixin.py:188} INFO - [2026-01-20T15:41:36.255+0000] {dag.py:3947} INFO - Setting next_dagrun for pipeline_scheduled to 2026-01-20 15:00:00+00:00, run_after=2026-01-20 16:00:00+00:00
[2026-01-20T15:41:36.280+0000] {processor.py:183} INFO - Processing /opt/airflow/dags/pipeline_scheduled.py took 0.119 seconds
[2026-01-20T15:42:06.555+0000] {processor.py:161} INFO - Started process (PID=22940) to work on /opt/airflow/dags/pipeline_scheduled.py
[2026-01-20T15:42:06.556+0000] {processor.py:830} INFO - Processing file /opt/airflow/dags/pipeline_scheduled.py for tasks to queue
[2026-01-20T15:42:06.559+0000] {logging_mixin.py:188} INFO - [2026-01-20T15:42:06.558+0000] {dagbag.py:545} INFO - Filling up the DagBag from /opt/airflow/dags/pipeline_scheduled.py
[2026-01-20T15:42:06.590+0000] {processor.py:840} INFO - DAG(s) 'pipeline_scheduled' retrieved from /opt/airflow/dags/pipeline_scheduled.py
[2026-01-20T15:42:06.635+0000] {logging_mixin.py:188} INFO - [2026-01-20T15:42:06.635+0000] {dag.py:3089} INFO - Sync 1 DAGs
[2026-01-20T15:42:06.663+0000] {logging_mixin.py:188} INFO - [2026-01-20T15:42:06.663+0000] {dag.py:3947} INFO - Setting next_dagrun for pipeline_scheduled to 2026-01-20 15:00:00+00:00, run_after=2026-01-20 16:00:00+00:00
[2026-01-20T15:42:06.688+0000] {processor.py:183} INFO - Processing /opt/airflow/dags/pipeline_scheduled.py took 0.141 seconds
[2026-01-20T15:42:36.791+0000] {processor.py:161} INFO - Started process (PID=22950) to work on /opt/airflow/dags/pipeline_scheduled.py
[2026-01-20T15:42:36.793+0000] {processor.py:830} INFO - Processing file /opt/airflow/dags/pipeline_scheduled.py for tasks to queue
[2026-01-20T15:42:36.796+0000] {logging_mixin.py:188} INFO - [2026-01-20T15:42:36.795+0000] {dagbag.py:545} INFO - Filling up the DagBag from /opt/airflow/dags/pipeline_scheduled.py
[2026-01-20T15:42:36.822+0000] {processor.py:840} INFO - DAG(s) 'pipeline_scheduled' retrieved from /opt/airflow/dags/pipeline_scheduled.py
[2026-01-20T15:42:36.866+0000] {logging_mixin.py:188} INFO - [2026-01-20T15:42:36.866+0000] {dag.py:3089} INFO - Sync 1 DAGs
[2026-01-20T15:42:36.893+0000] {logging_mixin.py:188} INFO - [2026-01-20T15:42:36.893+0000] {dag.py:3947} INFO - Setting next_dagrun for pipeline_scheduled to 2026-01-20 15:00:00+00:00, run_after=2026-01-20 16:00:00+00:00
[2026-01-20T15:42:36.916+0000] {processor.py:183} INFO - Processing /opt/airflow/dags/pipeline_scheduled.py took 0.132 seconds
[2026-01-20T15:43:07.183+0000] {processor.py:161} INFO - Started process (PID=22960) to work on /opt/airflow/dags/pipeline_scheduled.py
[2026-01-20T15:43:07.185+0000] {processor.py:830} INFO - Processing file /opt/airflow/dags/pipeline_scheduled.py for tasks to queue
[2026-01-20T15:43:07.187+0000] {logging_mixin.py:188} INFO - [2026-01-20T15:43:07.186+0000] {dagbag.py:545} INFO - Filling up the DagBag from /opt/airflow/dags/pipeline_scheduled.py
[2026-01-20T15:43:07.215+0000] {processor.py:840} INFO - DAG(s) 'pipeline_scheduled' retrieved from /opt/airflow/dags/pipeline_scheduled.py
[2026-01-20T15:43:07.256+0000] {logging_mixin.py:188} INFO - [2026-01-20T15:43:07.256+0000] {dag.py:3089} INFO - Sync 1 DAGs
[2026-01-20T15:43:07.284+0000] {logging_mixin.py:188} INFO - [2026-01-20T15:43:07.284+0000] {dag.py:3947} INFO - Setting next_dagrun for pipeline_scheduled to 2026-01-20 15:00:00+00:00, run_after=2026-01-20 16:00:00+00:00
[2026-01-20T15:43:07.309+0000] {processor.py:183} INFO - Processing /opt/airflow/dags/pipeline_scheduled.py took 0.133 seconds
[2026-01-20T15:43:37.576+0000] {processor.py:161} INFO - Started process (PID=22970) to work on /opt/airflow/dags/pipeline_scheduled.py
[2026-01-20T15:43:37.578+0000] {processor.py:830} INFO - Processing file /opt/airflow/dags/pipeline_scheduled.py for tasks to queue
[2026-01-20T15:43:37.580+0000] {logging_mixin.py:188} INFO - [2026-01-20T15:43:37.580+0000] {dagbag.py:545} INFO - Filling up the DagBag from /opt/airflow/dags/pipeline_scheduled.py
[2026-01-20T15:43:37.607+0000] {processor.py:840} INFO - DAG(s) 'pipeline_scheduled' retrieved from /opt/airflow/dags/pipeline_scheduled.py
[2026-01-20T15:43:37.649+0000] {logging_mixin.py:188} INFO - [2026-01-20T15:43:37.648+0000] {dag.py:3089} INFO - Sync 1 DAGs
[2026-01-20T15:43:37.676+0000] {logging_mixin.py:188} INFO - [2026-01-20T15:43:37.676+0000] {dag.py:3947} INFO - Setting next_dagrun for pipeline_scheduled to 2026-01-20 15:00:00+00:00, run_after=2026-01-20 16:00:00+00:00
[2026-01-20T15:43:37.700+0000] {processor.py:183} INFO - Processing /opt/airflow/dags/pipeline_scheduled.py took 0.133 seconds
[2026-01-20T15:44:07.973+0000] {processor.py:161} INFO - Started process (PID=22980) to work on /opt/airflow/dags/pipeline_scheduled.py
[2026-01-20T15:44:07.975+0000] {processor.py:830} INFO - Processing file /opt/airflow/dags/pipeline_scheduled.py for tasks to queue
[2026-01-20T15:44:07.977+0000] {logging_mixin.py:188} INFO - [2026-01-20T15:44:07.977+0000] {dagbag.py:545} INFO - Filling up the DagBag from /opt/airflow/dags/pipeline_scheduled.py
[2026-01-20T15:44:08.004+0000] {processor.py:840} INFO - DAG(s) 'pipeline_scheduled' retrieved from /opt/airflow/dags/pipeline_scheduled.py
[2026-01-20T15:44:08.047+0000] {logging_mixin.py:188} INFO - [2026-01-20T15:44:08.047+0000] {dag.py:3089} INFO - Sync 1 DAGs
[2026-01-20T15:44:08.076+0000] {logging_mixin.py:188} INFO - [2026-01-20T15:44:08.075+0000] {dag.py:3947} INFO - Setting next_dagrun for pipeline_scheduled to 2026-01-20 15:00:00+00:00, run_after=2026-01-20 16:00:00+00:00
[2026-01-20T15:44:08.101+0000] {processor.py:183} INFO - Processing /opt/airflow/dags/pipeline_scheduled.py took 0.135 seconds
[2026-01-20T15:44:38.265+0000] {processor.py:161} INFO - Started process (PID=22990) to work on /opt/airflow/dags/pipeline_scheduled.py
[2026-01-20T15:44:38.266+0000] {processor.py:830} INFO - Processing file /opt/airflow/dags/pipeline_scheduled.py for tasks to queue
[2026-01-20T15:44:38.269+0000] {logging_mixin.py:188} INFO - [2026-01-20T15:44:38.269+0000] {dagbag.py:545} INFO - Filling up the DagBag from /opt/airflow/dags/pipeline_scheduled.py
[2026-01-20T15:44:38.298+0000] {processor.py:840} INFO - DAG(s) 'pipeline_scheduled' retrieved from /opt/airflow/dags/pipeline_scheduled.py
[2026-01-20T15:44:38.339+0000] {logging_mixin.py:188} INFO - [2026-01-20T15:44:38.339+0000] {dag.py:3089} INFO - Sync 1 DAGs
[2026-01-20T15:44:38.368+0000] {logging_mixin.py:188} INFO - [2026-01-20T15:44:38.368+0000] {dag.py:3947} INFO - Setting next_dagrun for pipeline_scheduled to 2026-01-20 15:00:00+00:00, run_after=2026-01-20 16:00:00+00:00
[2026-01-20T15:44:38.393+0000] {processor.py:183} INFO - Processing /opt/airflow/dags/pipeline_scheduled.py took 0.136 seconds
[2026-01-20T15:45:08.667+0000] {processor.py:161} INFO - Started process (PID=23000) to work on /opt/airflow/dags/pipeline_scheduled.py
[2026-01-20T15:45:08.669+0000] {processor.py:830} INFO - Processing file /opt/airflow/dags/pipeline_scheduled.py for tasks to queue
[2026-01-20T15:45:08.673+0000] {logging_mixin.py:188} INFO - [2026-01-20T15:45:08.672+0000] {dagbag.py:545} INFO - Filling up the DagBag from /opt/airflow/dags/pipeline_scheduled.py
[2026-01-20T15:45:08.700+0000] {processor.py:840} INFO - DAG(s) 'pipeline_scheduled' retrieved from /opt/airflow/dags/pipeline_scheduled.py
[2026-01-20T15:45:08.745+0000] {logging_mixin.py:188} INFO - [2026-01-20T15:45:08.744+0000] {dag.py:3089} INFO - Sync 1 DAGs
[2026-01-20T15:45:08.776+0000] {logging_mixin.py:188} INFO - [2026-01-20T15:45:08.775+0000] {dag.py:3947} INFO - Setting next_dagrun for pipeline_scheduled to 2026-01-20 15:00:00+00:00, run_after=2026-01-20 16:00:00+00:00
[2026-01-20T15:45:08.806+0000] {processor.py:183} INFO - Processing /opt/airflow/dags/pipeline_scheduled.py took 0.148 seconds
[2026-01-20T15:45:38.906+0000] {processor.py:161} INFO - Started process (PID=23010) to work on /opt/airflow/dags/pipeline_scheduled.py
[2026-01-20T15:45:38.908+0000] {processor.py:830} INFO - Processing file /opt/airflow/dags/pipeline_scheduled.py for tasks to queue
[2026-01-20T15:45:38.911+0000] {logging_mixin.py:188} INFO - [2026-01-20T15:45:38.910+0000] {dagbag.py:545} INFO - Filling up the DagBag from /opt/airflow/dags/pipeline_scheduled.py
[2026-01-20T15:45:38.937+0000] {processor.py:840} INFO - DAG(s) 'pipeline_scheduled' retrieved from /opt/airflow/dags/pipeline_scheduled.py
[2026-01-20T15:45:38.977+0000] {logging_mixin.py:188} INFO - [2026-01-20T15:45:38.977+0000] {dag.py:3089} INFO - Sync 1 DAGs
[2026-01-20T15:45:39.006+0000] {logging_mixin.py:188} INFO - [2026-01-20T15:45:39.005+0000] {dag.py:3947} INFO - Setting next_dagrun for pipeline_scheduled to 2026-01-20 15:00:00+00:00, run_after=2026-01-20 16:00:00+00:00
[2026-01-20T15:45:39.030+0000] {processor.py:183} INFO - Processing /opt/airflow/dags/pipeline_scheduled.py took 0.132 seconds
[2026-01-20T15:46:09.303+0000] {processor.py:161} INFO - Started process (PID=23020) to work on /opt/airflow/dags/pipeline_scheduled.py
[2026-01-20T15:46:09.305+0000] {processor.py:830} INFO - Processing file /opt/airflow/dags/pipeline_scheduled.py for tasks to queue
[2026-01-20T15:46:09.308+0000] {logging_mixin.py:188} INFO - [2026-01-20T15:46:09.307+0000] {dagbag.py:545} INFO - Filling up the DagBag from /opt/airflow/dags/pipeline_scheduled.py
[2026-01-20T15:46:09.336+0000] {processor.py:840} INFO - DAG(s) 'pipeline_scheduled' retrieved from /opt/airflow/dags/pipeline_scheduled.py
[2026-01-20T15:46:09.372+0000] {logging_mixin.py:188} INFO - [2026-01-20T15:46:09.371+0000] {dag.py:3089} INFO - Sync 1 DAGs
[2026-01-20T15:46:09.397+0000] {logging_mixin.py:188} INFO - [2026-01-20T15:46:09.397+0000] {dag.py:3947} INFO - Setting next_dagrun for pipeline_scheduled to 2026-01-20 15:00:00+00:00, run_after=2026-01-20 16:00:00+00:00
[2026-01-20T15:46:09.417+0000] {processor.py:183} INFO - Processing /opt/airflow/dags/pipeline_scheduled.py took 0.121 seconds
[2026-01-20T15:46:39.686+0000] {processor.py:161} INFO - Started process (PID=23030) to work on /opt/airflow/dags/pipeline_scheduled.py
[2026-01-20T15:46:39.688+0000] {processor.py:830} INFO - Processing file /opt/airflow/dags/pipeline_scheduled.py for tasks to queue
[2026-01-20T15:46:39.691+0000] {logging_mixin.py:188} INFO - [2026-01-20T15:46:39.690+0000] {dagbag.py:545} INFO - Filling up the DagBag from /opt/airflow/dags/pipeline_scheduled.py
[2026-01-20T15:46:39.720+0000] {processor.py:840} INFO - DAG(s) 'pipeline_scheduled' retrieved from /opt/airflow/dags/pipeline_scheduled.py
[2026-01-20T15:46:39.766+0000] {logging_mixin.py:188} INFO - [2026-01-20T15:46:39.765+0000] {dag.py:3089} INFO - Sync 1 DAGs
[2026-01-20T15:46:39.794+0000] {logging_mixin.py:188} INFO - [2026-01-20T15:46:39.794+0000] {dag.py:3947} INFO - Setting next_dagrun for pipeline_scheduled to 2026-01-20 15:00:00+00:00, run_after=2026-01-20 16:00:00+00:00
[2026-01-20T15:46:39.823+0000] {processor.py:183} INFO - Processing /opt/airflow/dags/pipeline_scheduled.py took 0.146 seconds
[2026-01-20T15:47:10.099+0000] {processor.py:161} INFO - Started process (PID=23040) to work on /opt/airflow/dags/pipeline_scheduled.py
[2026-01-20T15:47:10.100+0000] {processor.py:830} INFO - Processing file /opt/airflow/dags/pipeline_scheduled.py for tasks to queue
[2026-01-20T15:47:10.103+0000] {logging_mixin.py:188} INFO - [2026-01-20T15:47:10.102+0000] {dagbag.py:545} INFO - Filling up the DagBag from /opt/airflow/dags/pipeline_scheduled.py
[2026-01-20T15:47:10.130+0000] {processor.py:840} INFO - DAG(s) 'pipeline_scheduled' retrieved from /opt/airflow/dags/pipeline_scheduled.py
[2026-01-20T15:47:10.169+0000] {logging_mixin.py:188} INFO - [2026-01-20T15:47:10.169+0000] {dag.py:3089} INFO - Sync 1 DAGs
[2026-01-20T15:47:10.195+0000] {logging_mixin.py:188} INFO - [2026-01-20T15:47:10.195+0000] {dag.py:3947} INFO - Setting next_dagrun for pipeline_scheduled to 2026-01-20 15:00:00+00:00, run_after=2026-01-20 16:00:00+00:00
[2026-01-20T15:47:10.219+0000] {processor.py:183} INFO - Processing /opt/airflow/dags/pipeline_scheduled.py took 0.128 seconds
[2026-01-20T15:47:40.344+0000] {processor.py:161} INFO - Started process (PID=23050) to work on /opt/airflow/dags/pipeline_scheduled.py
[2026-01-20T15:47:40.346+0000] {processor.py:830} INFO - Processing file /opt/airflow/dags/pipeline_scheduled.py for tasks to queue
[2026-01-20T15:47:40.348+0000] {logging_mixin.py:188} INFO - [2026-01-20T15:47:40.348+0000] {dagbag.py:545} INFO - Filling up the DagBag from /opt/airflow/dags/pipeline_scheduled.py
[2026-01-20T15:47:40.378+0000] {processor.py:840} INFO - DAG(s) 'pipeline_scheduled' retrieved from /opt/airflow/dags/pipeline_scheduled.py
[2026-01-20T15:47:40.419+0000] {logging_mixin.py:188} INFO - [2026-01-20T15:47:40.419+0000] {dag.py:3089} INFO - Sync 1 DAGs
[2026-01-20T15:47:40.447+0000] {logging_mixin.py:188} INFO - [2026-01-20T15:47:40.446+0000] {dag.py:3947} INFO - Setting next_dagrun for pipeline_scheduled to 2026-01-20 15:00:00+00:00, run_after=2026-01-20 16:00:00+00:00
[2026-01-20T15:47:40.467+0000] {processor.py:183} INFO - Processing /opt/airflow/dags/pipeline_scheduled.py took 0.131 seconds
[2026-01-20T15:48:10.739+0000] {processor.py:161} INFO - Started process (PID=23060) to work on /opt/airflow/dags/pipeline_scheduled.py
[2026-01-20T15:48:10.740+0000] {processor.py:830} INFO - Processing file /opt/airflow/dags/pipeline_scheduled.py for tasks to queue
[2026-01-20T15:48:10.743+0000] {logging_mixin.py:188} INFO - [2026-01-20T15:48:10.742+0000] {dagbag.py:545} INFO - Filling up the DagBag from /opt/airflow/dags/pipeline_scheduled.py
[2026-01-20T15:48:10.770+0000] {processor.py:840} INFO - DAG(s) 'pipeline_scheduled' retrieved from /opt/airflow/dags/pipeline_scheduled.py
[2026-01-20T15:48:10.807+0000] {logging_mixin.py:188} INFO - [2026-01-20T15:48:10.807+0000] {dag.py:3089} INFO - Sync 1 DAGs
[2026-01-20T15:48:10.834+0000] {logging_mixin.py:188} INFO - [2026-01-20T15:48:10.833+0000] {dag.py:3947} INFO - Setting next_dagrun for pipeline_scheduled to 2026-01-20 15:00:00+00:00, run_after=2026-01-20 16:00:00+00:00
[2026-01-20T15:48:10.864+0000] {processor.py:183} INFO - Processing /opt/airflow/dags/pipeline_scheduled.py took 0.132 seconds
[2026-01-20T15:48:41.132+0000] {processor.py:161} INFO - Started process (PID=23070) to work on /opt/airflow/dags/pipeline_scheduled.py
[2026-01-20T15:48:41.134+0000] {processor.py:830} INFO - Processing file /opt/airflow/dags/pipeline_scheduled.py for tasks to queue
[2026-01-20T15:48:41.136+0000] {logging_mixin.py:188} INFO - [2026-01-20T15:48:41.136+0000] {dagbag.py:545} INFO - Filling up the DagBag from /opt/airflow/dags/pipeline_scheduled.py
[2026-01-20T15:48:41.165+0000] {processor.py:840} INFO - DAG(s) 'pipeline_scheduled' retrieved from /opt/airflow/dags/pipeline_scheduled.py
[2026-01-20T15:48:41.210+0000] {logging_mixin.py:188} INFO - [2026-01-20T15:48:41.209+0000] {dag.py:3089} INFO - Sync 1 DAGs
[2026-01-20T15:48:41.236+0000] {logging_mixin.py:188} INFO - [2026-01-20T15:48:41.236+0000] {dag.py:3947} INFO - Setting next_dagrun for pipeline_scheduled to 2026-01-20 15:00:00+00:00, run_after=2026-01-20 16:00:00+00:00
[2026-01-20T15:48:41.262+0000] {processor.py:183} INFO - Processing /opt/airflow/dags/pipeline_scheduled.py took 0.137 seconds
[2026-01-20T15:49:11.384+0000] {processor.py:161} INFO - Started process (PID=23080) to work on /opt/airflow/dags/pipeline_scheduled.py
[2026-01-20T15:49:11.386+0000] {processor.py:830} INFO - Processing file /opt/airflow/dags/pipeline_scheduled.py for tasks to queue
[2026-01-20T15:49:11.388+0000] {logging_mixin.py:188} INFO - [2026-01-20T15:49:11.388+0000] {dagbag.py:545} INFO - Filling up the DagBag from /opt/airflow/dags/pipeline_scheduled.py
[2026-01-20T15:49:11.414+0000] {processor.py:840} INFO - DAG(s) 'pipeline_scheduled' retrieved from /opt/airflow/dags/pipeline_scheduled.py
[2026-01-20T15:49:11.457+0000] {logging_mixin.py:188} INFO - [2026-01-20T15:49:11.457+0000] {dag.py:3089} INFO - Sync 1 DAGs
[2026-01-20T15:49:11.486+0000] {logging_mixin.py:188} INFO - [2026-01-20T15:49:11.486+0000] {dag.py:3947} INFO - Setting next_dagrun for pipeline_scheduled to 2026-01-20 15:00:00+00:00, run_after=2026-01-20 16:00:00+00:00
[2026-01-20T15:49:11.512+0000] {processor.py:183} INFO - Processing /opt/airflow/dags/pipeline_scheduled.py took 0.135 seconds
[2026-01-20T15:49:41.833+0000] {processor.py:161} INFO - Started process (PID=23090) to work on /opt/airflow/dags/pipeline_scheduled.py
[2026-01-20T15:49:41.835+0000] {processor.py:830} INFO - Processing file /opt/airflow/dags/pipeline_scheduled.py for tasks to queue
[2026-01-20T15:49:41.838+0000] {logging_mixin.py:188} INFO - [2026-01-20T15:49:41.838+0000] {dagbag.py:545} INFO - Filling up the DagBag from /opt/airflow/dags/pipeline_scheduled.py
[2026-01-20T15:49:41.865+0000] {processor.py:840} INFO - DAG(s) 'pipeline_scheduled' retrieved from /opt/airflow/dags/pipeline_scheduled.py
[2026-01-20T15:49:41.908+0000] {logging_mixin.py:188} INFO - [2026-01-20T15:49:41.908+0000] {dag.py:3089} INFO - Sync 1 DAGs
[2026-01-20T15:49:41.940+0000] {logging_mixin.py:188} INFO - [2026-01-20T15:49:41.939+0000] {dag.py:3947} INFO - Setting next_dagrun for pipeline_scheduled to 2026-01-20 15:00:00+00:00, run_after=2026-01-20 16:00:00+00:00
[2026-01-20T15:49:41.965+0000] {processor.py:183} INFO - Processing /opt/airflow/dags/pipeline_scheduled.py took 0.138 seconds
[2026-01-20T15:50:12.074+0000] {processor.py:161} INFO - Started process (PID=23100) to work on /opt/airflow/dags/pipeline_scheduled.py
[2026-01-20T15:50:12.076+0000] {processor.py:830} INFO - Processing file /opt/airflow/dags/pipeline_scheduled.py for tasks to queue
[2026-01-20T15:50:12.079+0000] {logging_mixin.py:188} INFO - [2026-01-20T15:50:12.078+0000] {dagbag.py:545} INFO - Filling up the DagBag from /opt/airflow/dags/pipeline_scheduled.py
[2026-01-20T15:50:12.107+0000] {processor.py:840} INFO - DAG(s) 'pipeline_scheduled' retrieved from /opt/airflow/dags/pipeline_scheduled.py
[2026-01-20T15:50:12.146+0000] {logging_mixin.py:188} INFO - [2026-01-20T15:50:12.145+0000] {dag.py:3089} INFO - Sync 1 DAGs
[2026-01-20T15:50:12.171+0000] {logging_mixin.py:188} INFO - [2026-01-20T15:50:12.170+0000] {dag.py:3947} INFO - Setting next_dagrun for pipeline_scheduled to 2026-01-20 15:00:00+00:00, run_after=2026-01-20 16:00:00+00:00
[2026-01-20T15:50:12.197+0000] {processor.py:183} INFO - Processing /opt/airflow/dags/pipeline_scheduled.py took 0.130 seconds
[2026-01-20T15:50:42.465+0000] {processor.py:161} INFO - Started process (PID=23110) to work on /opt/airflow/dags/pipeline_scheduled.py
[2026-01-20T15:50:42.466+0000] {processor.py:830} INFO - Processing file /opt/airflow/dags/pipeline_scheduled.py for tasks to queue
[2026-01-20T15:50:42.468+0000] {logging_mixin.py:188} INFO - [2026-01-20T15:50:42.468+0000] {dagbag.py:545} INFO - Filling up the DagBag from /opt/airflow/dags/pipeline_scheduled.py
[2026-01-20T15:50:42.498+0000] {processor.py:840} INFO - DAG(s) 'pipeline_scheduled' retrieved from /opt/airflow/dags/pipeline_scheduled.py
[2026-01-20T15:50:42.535+0000] {logging_mixin.py:188} INFO - [2026-01-20T15:50:42.534+0000] {dag.py:3089} INFO - Sync 1 DAGs
[2026-01-20T15:50:42.559+0000] {logging_mixin.py:188} INFO - [2026-01-20T15:50:42.559+0000] {dag.py:3947} INFO - Setting next_dagrun for pipeline_scheduled to 2026-01-20 15:00:00+00:00, run_after=2026-01-20 16:00:00+00:00
[2026-01-20T15:50:42.580+0000] {processor.py:183} INFO - Processing /opt/airflow/dags/pipeline_scheduled.py took 0.122 seconds
[2026-01-20T15:51:12.850+0000] {processor.py:161} INFO - Started process (PID=23120) to work on /opt/airflow/dags/pipeline_scheduled.py
[2026-01-20T15:51:12.851+0000] {processor.py:830} INFO - Processing file /opt/airflow/dags/pipeline_scheduled.py for tasks to queue
[2026-01-20T15:51:12.855+0000] {logging_mixin.py:188} INFO - [2026-01-20T15:51:12.854+0000] {dagbag.py:545} INFO - Filling up the DagBag from /opt/airflow/dags/pipeline_scheduled.py
[2026-01-20T15:51:12.885+0000] {processor.py:840} INFO - DAG(s) 'pipeline_scheduled' retrieved from /opt/airflow/dags/pipeline_scheduled.py
[2026-01-20T15:51:12.926+0000] {logging_mixin.py:188} INFO - [2026-01-20T15:51:12.925+0000] {dag.py:3089} INFO - Sync 1 DAGs
[2026-01-20T15:51:12.956+0000] {logging_mixin.py:188} INFO - [2026-01-20T15:51:12.956+0000] {dag.py:3947} INFO - Setting next_dagrun for pipeline_scheduled to 2026-01-20 15:00:00+00:00, run_after=2026-01-20 16:00:00+00:00
[2026-01-20T15:51:12.981+0000] {processor.py:183} INFO - Processing /opt/airflow/dags/pipeline_scheduled.py took 0.139 seconds
[2026-01-20T15:51:43.251+0000] {processor.py:161} INFO - Started process (PID=23130) to work on /opt/airflow/dags/pipeline_scheduled.py
[2026-01-20T15:51:43.252+0000] {processor.py:830} INFO - Processing file /opt/airflow/dags/pipeline_scheduled.py for tasks to queue
[2026-01-20T15:51:43.255+0000] {logging_mixin.py:188} INFO - [2026-01-20T15:51:43.255+0000] {dagbag.py:545} INFO - Filling up the DagBag from /opt/airflow/dags/pipeline_scheduled.py
[2026-01-20T15:51:43.283+0000] {processor.py:840} INFO - DAG(s) 'pipeline_scheduled' retrieved from /opt/airflow/dags/pipeline_scheduled.py
[2026-01-20T15:51:43.326+0000] {logging_mixin.py:188} INFO - [2026-01-20T15:51:43.326+0000] {dag.py:3089} INFO - Sync 1 DAGs
[2026-01-20T15:51:43.354+0000] {logging_mixin.py:188} INFO - [2026-01-20T15:51:43.354+0000] {dag.py:3947} INFO - Setting next_dagrun for pipeline_scheduled to 2026-01-20 15:00:00+00:00, run_after=2026-01-20 16:00:00+00:00
[2026-01-20T15:51:43.378+0000] {processor.py:183} INFO - Processing /opt/airflow/dags/pipeline_scheduled.py took 0.134 seconds
[2026-01-20T15:52:13.490+0000] {processor.py:161} INFO - Started process (PID=23140) to work on /opt/airflow/dags/pipeline_scheduled.py
[2026-01-20T15:52:13.492+0000] {processor.py:830} INFO - Processing file /opt/airflow/dags/pipeline_scheduled.py for tasks to queue
[2026-01-20T15:52:13.496+0000] {logging_mixin.py:188} INFO - [2026-01-20T15:52:13.495+0000] {dagbag.py:545} INFO - Filling up the DagBag from /opt/airflow/dags/pipeline_scheduled.py
[2026-01-20T15:52:13.523+0000] {processor.py:840} INFO - DAG(s) 'pipeline_scheduled' retrieved from /opt/airflow/dags/pipeline_scheduled.py
[2026-01-20T15:52:13.566+0000] {logging_mixin.py:188} INFO - [2026-01-20T15:52:13.566+0000] {dag.py:3089} INFO - Sync 1 DAGs
[2026-01-20T15:52:13.594+0000] {logging_mixin.py:188} INFO - [2026-01-20T15:52:13.594+0000] {dag.py:3947} INFO - Setting next_dagrun for pipeline_scheduled to 2026-01-20 15:00:00+00:00, run_after=2026-01-20 16:00:00+00:00
[2026-01-20T15:52:13.618+0000] {processor.py:183} INFO - Processing /opt/airflow/dags/pipeline_scheduled.py took 0.134 seconds
[2026-01-20T15:52:43.874+0000] {processor.py:161} INFO - Started process (PID=23150) to work on /opt/airflow/dags/pipeline_scheduled.py
[2026-01-20T15:52:43.876+0000] {processor.py:830} INFO - Processing file /opt/airflow/dags/pipeline_scheduled.py for tasks to queue
[2026-01-20T15:52:43.878+0000] {logging_mixin.py:188} INFO - [2026-01-20T15:52:43.878+0000] {dagbag.py:545} INFO - Filling up the DagBag from /opt/airflow/dags/pipeline_scheduled.py
[2026-01-20T15:52:43.906+0000] {processor.py:840} INFO - DAG(s) 'pipeline_scheduled' retrieved from /opt/airflow/dags/pipeline_scheduled.py
[2026-01-20T15:52:43.953+0000] {logging_mixin.py:188} INFO - [2026-01-20T15:52:43.952+0000] {dag.py:3089} INFO - Sync 1 DAGs
[2026-01-20T15:52:43.979+0000] {logging_mixin.py:188} INFO - [2026-01-20T15:52:43.978+0000] {dag.py:3947} INFO - Setting next_dagrun for pipeline_scheduled to 2026-01-20 15:00:00+00:00, run_after=2026-01-20 16:00:00+00:00
[2026-01-20T15:52:44.002+0000] {processor.py:183} INFO - Processing /opt/airflow/dags/pipeline_scheduled.py took 0.135 seconds
[2026-01-20T15:53:14.269+0000] {processor.py:161} INFO - Started process (PID=23160) to work on /opt/airflow/dags/pipeline_scheduled.py
[2026-01-20T15:53:14.270+0000] {processor.py:830} INFO - Processing file /opt/airflow/dags/pipeline_scheduled.py for tasks to queue
[2026-01-20T15:53:14.273+0000] {logging_mixin.py:188} INFO - [2026-01-20T15:53:14.273+0000] {dagbag.py:545} INFO - Filling up the DagBag from /opt/airflow/dags/pipeline_scheduled.py
[2026-01-20T15:53:14.300+0000] {processor.py:840} INFO - DAG(s) 'pipeline_scheduled' retrieved from /opt/airflow/dags/pipeline_scheduled.py
[2026-01-20T15:53:14.349+0000] {logging_mixin.py:188} INFO - [2026-01-20T15:53:14.349+0000] {dag.py:3089} INFO - Sync 1 DAGs
[2026-01-20T15:53:14.378+0000] {logging_mixin.py:188} INFO - [2026-01-20T15:53:14.377+0000] {dag.py:3947} INFO - Setting next_dagrun for pipeline_scheduled to 2026-01-20 15:00:00+00:00, run_after=2026-01-20 16:00:00+00:00
[2026-01-20T15:53:14.404+0000] {processor.py:183} INFO - Processing /opt/airflow/dags/pipeline_scheduled.py took 0.143 seconds
[2026-01-20T15:53:44.678+0000] {processor.py:161} INFO - Started process (PID=23170) to work on /opt/airflow/dags/pipeline_scheduled.py
[2026-01-20T15:53:44.679+0000] {processor.py:830} INFO - Processing file /opt/airflow/dags/pipeline_scheduled.py for tasks to queue
[2026-01-20T15:53:44.681+0000] {logging_mixin.py:188} INFO - [2026-01-20T15:53:44.681+0000] {dagbag.py:545} INFO - Filling up the DagBag from /opt/airflow/dags/pipeline_scheduled.py
[2026-01-20T15:53:44.712+0000] {processor.py:840} INFO - DAG(s) 'pipeline_scheduled' retrieved from /opt/airflow/dags/pipeline_scheduled.py
[2026-01-20T15:53:44.753+0000] {logging_mixin.py:188} INFO - [2026-01-20T15:53:44.753+0000] {dag.py:3089} INFO - Sync 1 DAGs
[2026-01-20T15:53:44.782+0000] {logging_mixin.py:188} INFO - [2026-01-20T15:53:44.782+0000] {dag.py:3947} INFO - Setting next_dagrun for pipeline_scheduled to 2026-01-20 15:00:00+00:00, run_after=2026-01-20 16:00:00+00:00
[2026-01-20T15:53:44.806+0000] {processor.py:183} INFO - Processing /opt/airflow/dags/pipeline_scheduled.py took 0.134 seconds
[2026-01-20T15:54:14.921+0000] {processor.py:161} INFO - Started process (PID=23180) to work on /opt/airflow/dags/pipeline_scheduled.py
[2026-01-20T15:54:14.923+0000] {processor.py:830} INFO - Processing file /opt/airflow/dags/pipeline_scheduled.py for tasks to queue
[2026-01-20T15:54:14.927+0000] {logging_mixin.py:188} INFO - [2026-01-20T15:54:14.926+0000] {dagbag.py:545} INFO - Filling up the DagBag from /opt/airflow/dags/pipeline_scheduled.py
[2026-01-20T15:54:14.956+0000] {processor.py:840} INFO - DAG(s) 'pipeline_scheduled' retrieved from /opt/airflow/dags/pipeline_scheduled.py
[2026-01-20T15:54:15.005+0000] {logging_mixin.py:188} INFO - [2026-01-20T15:54:15.005+0000] {dag.py:3089} INFO - Sync 1 DAGs
[2026-01-20T15:54:15.039+0000] {logging_mixin.py:188} INFO - [2026-01-20T15:54:15.039+0000] {dag.py:3947} INFO - Setting next_dagrun for pipeline_scheduled to 2026-01-20 15:00:00+00:00, run_after=2026-01-20 16:00:00+00:00
[2026-01-20T15:54:15.065+0000] {processor.py:183} INFO - Processing /opt/airflow/dags/pipeline_scheduled.py took 0.152 seconds
[2026-01-20T15:54:45.386+0000] {processor.py:161} INFO - Started process (PID=23190) to work on /opt/airflow/dags/pipeline_scheduled.py
[2026-01-20T15:54:45.387+0000] {processor.py:830} INFO - Processing file /opt/airflow/dags/pipeline_scheduled.py for tasks to queue
[2026-01-20T15:54:45.390+0000] {logging_mixin.py:188} INFO - [2026-01-20T15:54:45.390+0000] {dagbag.py:545} INFO - Filling up the DagBag from /opt/airflow/dags/pipeline_scheduled.py
[2026-01-20T15:54:45.420+0000] {processor.py:840} INFO - DAG(s) 'pipeline_scheduled' retrieved from /opt/airflow/dags/pipeline_scheduled.py
[2026-01-20T15:54:45.464+0000] {logging_mixin.py:188} INFO - [2026-01-20T15:54:45.464+0000] {dag.py:3089} INFO - Sync 1 DAGs
[2026-01-20T15:54:45.495+0000] {logging_mixin.py:188} INFO - [2026-01-20T15:54:45.495+0000] {dag.py:3947} INFO - Setting next_dagrun for pipeline_scheduled to 2026-01-20 15:00:00+00:00, run_after=2026-01-20 16:00:00+00:00
[2026-01-20T15:54:45.522+0000] {processor.py:183} INFO - Processing /opt/airflow/dags/pipeline_scheduled.py took 0.143 seconds
[2026-01-20T15:55:15.625+0000] {processor.py:161} INFO - Started process (PID=23200) to work on /opt/airflow/dags/pipeline_scheduled.py
[2026-01-20T15:55:15.626+0000] {processor.py:830} INFO - Processing file /opt/airflow/dags/pipeline_scheduled.py for tasks to queue
[2026-01-20T15:55:15.629+0000] {logging_mixin.py:188} INFO - [2026-01-20T15:55:15.629+0000] {dagbag.py:545} INFO - Filling up the DagBag from /opt/airflow/dags/pipeline_scheduled.py
[2026-01-20T15:55:15.657+0000] {processor.py:840} INFO - DAG(s) 'pipeline_scheduled' retrieved from /opt/airflow/dags/pipeline_scheduled.py
[2026-01-20T15:55:15.699+0000] {logging_mixin.py:188} INFO - [2026-01-20T15:55:15.698+0000] {dag.py:3089} INFO - Sync 1 DAGs
[2026-01-20T15:55:15.729+0000] {logging_mixin.py:188} INFO - [2026-01-20T15:55:15.729+0000] {dag.py:3947} INFO - Setting next_dagrun for pipeline_scheduled to 2026-01-20 15:00:00+00:00, run_after=2026-01-20 16:00:00+00:00
[2026-01-20T15:55:15.752+0000] {processor.py:183} INFO - Processing /opt/airflow/dags/pipeline_scheduled.py took 0.135 seconds
[2026-01-20T15:55:46.025+0000] {processor.py:161} INFO - Started process (PID=23210) to work on /opt/airflow/dags/pipeline_scheduled.py
[2026-01-20T15:55:46.026+0000] {processor.py:830} INFO - Processing file /opt/airflow/dags/pipeline_scheduled.py for tasks to queue
[2026-01-20T15:55:46.029+0000] {logging_mixin.py:188} INFO - [2026-01-20T15:55:46.029+0000] {dagbag.py:545} INFO - Filling up the DagBag from /opt/airflow/dags/pipeline_scheduled.py
[2026-01-20T15:55:46.057+0000] {processor.py:840} INFO - DAG(s) 'pipeline_scheduled' retrieved from /opt/airflow/dags/pipeline_scheduled.py
[2026-01-20T15:55:46.103+0000] {logging_mixin.py:188} INFO - [2026-01-20T15:55:46.102+0000] {dag.py:3089} INFO - Sync 1 DAGs
[2026-01-20T15:55:46.132+0000] {logging_mixin.py:188} INFO - [2026-01-20T15:55:46.132+0000] {dag.py:3947} INFO - Setting next_dagrun for pipeline_scheduled to 2026-01-20 15:00:00+00:00, run_after=2026-01-20 16:00:00+00:00
[2026-01-20T15:55:46.154+0000] {processor.py:183} INFO - Processing /opt/airflow/dags/pipeline_scheduled.py took 0.137 seconds
[2026-01-20T15:56:16.412+0000] {processor.py:161} INFO - Started process (PID=23220) to work on /opt/airflow/dags/pipeline_scheduled.py
[2026-01-20T15:56:16.413+0000] {processor.py:830} INFO - Processing file /opt/airflow/dags/pipeline_scheduled.py for tasks to queue
[2026-01-20T15:56:16.417+0000] {logging_mixin.py:188} INFO - [2026-01-20T15:56:16.416+0000] {dagbag.py:545} INFO - Filling up the DagBag from /opt/airflow/dags/pipeline_scheduled.py
[2026-01-20T15:56:16.441+0000] {processor.py:840} INFO - DAG(s) 'pipeline_scheduled' retrieved from /opt/airflow/dags/pipeline_scheduled.py
[2026-01-20T15:56:16.477+0000] {logging_mixin.py:188} INFO - [2026-01-20T15:56:16.476+0000] {dag.py:3089} INFO - Sync 1 DAGs
[2026-01-20T15:56:16.501+0000] {logging_mixin.py:188} INFO - [2026-01-20T15:56:16.500+0000] {dag.py:3947} INFO - Setting next_dagrun for pipeline_scheduled to 2026-01-20 15:00:00+00:00, run_after=2026-01-20 16:00:00+00:00
[2026-01-20T15:56:16.522+0000] {processor.py:183} INFO - Processing /opt/airflow/dags/pipeline_scheduled.py took 0.116 seconds
[2026-01-20T15:56:46.792+0000] {processor.py:161} INFO - Started process (PID=23230) to work on /opt/airflow/dags/pipeline_scheduled.py
[2026-01-20T15:56:46.794+0000] {processor.py:830} INFO - Processing file /opt/airflow/dags/pipeline_scheduled.py for tasks to queue
[2026-01-20T15:56:46.797+0000] {logging_mixin.py:188} INFO - [2026-01-20T15:56:46.797+0000] {dagbag.py:545} INFO - Filling up the DagBag from /opt/airflow/dags/pipeline_scheduled.py
[2026-01-20T15:56:46.825+0000] {processor.py:840} INFO - DAG(s) 'pipeline_scheduled' retrieved from /opt/airflow/dags/pipeline_scheduled.py
[2026-01-20T15:56:46.865+0000] {logging_mixin.py:188} INFO - [2026-01-20T15:56:46.865+0000] {dag.py:3089} INFO - Sync 1 DAGs
[2026-01-20T15:56:46.894+0000] {logging_mixin.py:188} INFO - [2026-01-20T15:56:46.894+0000] {dag.py:3947} INFO - Setting next_dagrun for pipeline_scheduled to 2026-01-20 15:00:00+00:00, run_after=2026-01-20 16:00:00+00:00
[2026-01-20T15:56:46.922+0000] {processor.py:183} INFO - Processing /opt/airflow/dags/pipeline_scheduled.py took 0.138 seconds
[2026-01-20T15:57:17.028+0000] {processor.py:161} INFO - Started process (PID=23240) to work on /opt/airflow/dags/pipeline_scheduled.py
[2026-01-20T15:57:17.030+0000] {processor.py:830} INFO - Processing file /opt/airflow/dags/pipeline_scheduled.py for tasks to queue
[2026-01-20T15:57:17.033+0000] {logging_mixin.py:188} INFO - [2026-01-20T15:57:17.032+0000] {dagbag.py:545} INFO - Filling up the DagBag from /opt/airflow/dags/pipeline_scheduled.py
[2026-01-20T15:57:17.057+0000] {processor.py:840} INFO - DAG(s) 'pipeline_scheduled' retrieved from /opt/airflow/dags/pipeline_scheduled.py
[2026-01-20T15:57:17.095+0000] {logging_mixin.py:188} INFO - [2026-01-20T15:57:17.094+0000] {dag.py:3089} INFO - Sync 1 DAGs
[2026-01-20T15:57:17.120+0000] {logging_mixin.py:188} INFO - [2026-01-20T15:57:17.120+0000] {dag.py:3947} INFO - Setting next_dagrun for pipeline_scheduled to 2026-01-20 15:00:00+00:00, run_after=2026-01-20 16:00:00+00:00
[2026-01-20T15:57:17.142+0000] {processor.py:183} INFO - Processing /opt/airflow/dags/pipeline_scheduled.py took 0.120 seconds
[2026-01-20T15:57:47.408+0000] {processor.py:161} INFO - Started process (PID=23250) to work on /opt/airflow/dags/pipeline_scheduled.py
[2026-01-20T15:57:47.410+0000] {processor.py:830} INFO - Processing file /opt/airflow/dags/pipeline_scheduled.py for tasks to queue
[2026-01-20T15:57:47.412+0000] {logging_mixin.py:188} INFO - [2026-01-20T15:57:47.412+0000] {dagbag.py:545} INFO - Filling up the DagBag from /opt/airflow/dags/pipeline_scheduled.py
[2026-01-20T15:57:47.440+0000] {processor.py:840} INFO - DAG(s) 'pipeline_scheduled' retrieved from /opt/airflow/dags/pipeline_scheduled.py
[2026-01-20T15:57:47.485+0000] {logging_mixin.py:188} INFO - [2026-01-20T15:57:47.485+0000] {dag.py:3089} INFO - Sync 1 DAGs
[2026-01-20T15:57:47.512+0000] {logging_mixin.py:188} INFO - [2026-01-20T15:57:47.512+0000] {dag.py:3947} INFO - Setting next_dagrun for pipeline_scheduled to 2026-01-20 15:00:00+00:00, run_after=2026-01-20 16:00:00+00:00
[2026-01-20T15:57:47.535+0000] {processor.py:183} INFO - Processing /opt/airflow/dags/pipeline_scheduled.py took 0.134 seconds
[2026-01-20T15:58:17.805+0000] {processor.py:161} INFO - Started process (PID=23260) to work on /opt/airflow/dags/pipeline_scheduled.py
[2026-01-20T15:58:17.807+0000] {processor.py:830} INFO - Processing file /opt/airflow/dags/pipeline_scheduled.py for tasks to queue
[2026-01-20T15:58:17.809+0000] {logging_mixin.py:188} INFO - [2026-01-20T15:58:17.809+0000] {dagbag.py:545} INFO - Filling up the DagBag from /opt/airflow/dags/pipeline_scheduled.py
[2026-01-20T15:58:17.836+0000] {processor.py:840} INFO - DAG(s) 'pipeline_scheduled' retrieved from /opt/airflow/dags/pipeline_scheduled.py
[2026-01-20T15:58:17.877+0000] {logging_mixin.py:188} INFO - [2026-01-20T15:58:17.876+0000] {dag.py:3089} INFO - Sync 1 DAGs
[2026-01-20T15:58:17.906+0000] {logging_mixin.py:188} INFO - [2026-01-20T15:58:17.905+0000] {dag.py:3947} INFO - Setting next_dagrun for pipeline_scheduled to 2026-01-20 15:00:00+00:00, run_after=2026-01-20 16:00:00+00:00
[2026-01-20T15:58:17.930+0000] {processor.py:183} INFO - Processing /opt/airflow/dags/pipeline_scheduled.py took 0.132 seconds
[2026-01-20T15:58:48.199+0000] {processor.py:161} INFO - Started process (PID=23270) to work on /opt/airflow/dags/pipeline_scheduled.py
[2026-01-20T15:58:48.201+0000] {processor.py:830} INFO - Processing file /opt/airflow/dags/pipeline_scheduled.py for tasks to queue
[2026-01-20T15:58:48.203+0000] {logging_mixin.py:188} INFO - [2026-01-20T15:58:48.203+0000] {dagbag.py:545} INFO - Filling up the DagBag from /opt/airflow/dags/pipeline_scheduled.py
[2026-01-20T15:58:48.229+0000] {processor.py:840} INFO - DAG(s) 'pipeline_scheduled' retrieved from /opt/airflow/dags/pipeline_scheduled.py
[2026-01-20T15:58:48.274+0000] {logging_mixin.py:188} INFO - [2026-01-20T15:58:48.273+0000] {dag.py:3089} INFO - Sync 1 DAGs
[2026-01-20T15:58:48.300+0000] {logging_mixin.py:188} INFO - [2026-01-20T15:58:48.300+0000] {dag.py:3947} INFO - Setting next_dagrun for pipeline_scheduled to 2026-01-20 15:00:00+00:00, run_after=2026-01-20 16:00:00+00:00
[2026-01-20T15:58:48.324+0000] {processor.py:183} INFO - Processing /opt/airflow/dags/pipeline_scheduled.py took 0.131 seconds
[2026-01-20T15:59:18.499+0000] {processor.py:161} INFO - Started process (PID=23280) to work on /opt/airflow/dags/pipeline_scheduled.py
[2026-01-20T15:59:18.500+0000] {processor.py:830} INFO - Processing file /opt/airflow/dags/pipeline_scheduled.py for tasks to queue
[2026-01-20T15:59:18.503+0000] {logging_mixin.py:188} INFO - [2026-01-20T15:59:18.503+0000] {dagbag.py:545} INFO - Filling up the DagBag from /opt/airflow/dags/pipeline_scheduled.py
[2026-01-20T15:59:18.536+0000] {processor.py:840} INFO - DAG(s) 'pipeline_scheduled' retrieved from /opt/airflow/dags/pipeline_scheduled.py
[2026-01-20T15:59:18.609+0000] {logging_mixin.py:188} INFO - [2026-01-20T15:59:18.608+0000] {dag.py:3089} INFO - Sync 1 DAGs
[2026-01-20T15:59:18.648+0000] {logging_mixin.py:188} INFO - [2026-01-20T15:59:18.648+0000] {dag.py:3947} INFO - Setting next_dagrun for pipeline_scheduled to 2026-01-20 15:00:00+00:00, run_after=2026-01-20 16:00:00+00:00
[2026-01-20T15:59:18.679+0000] {processor.py:183} INFO - Processing /opt/airflow/dags/pipeline_scheduled.py took 0.188 seconds
[2026-01-20T15:59:48.788+0000] {processor.py:161} INFO - Started process (PID=23290) to work on /opt/airflow/dags/pipeline_scheduled.py
[2026-01-20T15:59:48.790+0000] {processor.py:830} INFO - Processing file /opt/airflow/dags/pipeline_scheduled.py for tasks to queue
[2026-01-20T15:59:48.793+0000] {logging_mixin.py:188} INFO - [2026-01-20T15:59:48.792+0000] {dagbag.py:545} INFO - Filling up the DagBag from /opt/airflow/dags/pipeline_scheduled.py
[2026-01-20T15:59:48.823+0000] {processor.py:840} INFO - DAG(s) 'pipeline_scheduled' retrieved from /opt/airflow/dags/pipeline_scheduled.py
[2026-01-20T15:59:48.869+0000] {logging_mixin.py:188} INFO - [2026-01-20T15:59:48.868+0000] {dag.py:3089} INFO - Sync 1 DAGs
[2026-01-20T15:59:48.897+0000] {logging_mixin.py:188} INFO - [2026-01-20T15:59:48.897+0000] {dag.py:3947} INFO - Setting next_dagrun for pipeline_scheduled to 2026-01-20 15:00:00+00:00, run_after=2026-01-20 16:00:00+00:00
[2026-01-20T15:59:48.923+0000] {processor.py:183} INFO - Processing /opt/airflow/dags/pipeline_scheduled.py took 0.142 seconds
[2026-01-20T16:00:19.190+0000] {processor.py:161} INFO - Started process (PID=23303) to work on /opt/airflow/dags/pipeline_scheduled.py
[2026-01-20T16:00:19.191+0000] {processor.py:830} INFO - Processing file /opt/airflow/dags/pipeline_scheduled.py for tasks to queue
[2026-01-20T16:00:19.194+0000] {logging_mixin.py:188} INFO - [2026-01-20T16:00:19.194+0000] {dagbag.py:545} INFO - Filling up the DagBag from /opt/airflow/dags/pipeline_scheduled.py
[2026-01-20T16:00:19.223+0000] {processor.py:840} INFO - DAG(s) 'pipeline_scheduled' retrieved from /opt/airflow/dags/pipeline_scheduled.py
[2026-01-20T16:00:19.264+0000] {logging_mixin.py:188} INFO - [2026-01-20T16:00:19.264+0000] {dag.py:3089} INFO - Sync 1 DAGs
[2026-01-20T16:00:19.295+0000] {logging_mixin.py:188} INFO - [2026-01-20T16:00:19.294+0000] {dag.py:3947} INFO - Setting next_dagrun for pipeline_scheduled to 2026-01-20 16:00:00+00:00, run_after=2026-01-20 17:00:00+00:00
[2026-01-20T16:00:19.320+0000] {processor.py:183} INFO - Processing /opt/airflow/dags/pipeline_scheduled.py took 0.136 seconds
[2026-01-20T16:00:49.584+0000] {processor.py:161} INFO - Started process (PID=23313) to work on /opt/airflow/dags/pipeline_scheduled.py
[2026-01-20T16:00:49.585+0000] {processor.py:830} INFO - Processing file /opt/airflow/dags/pipeline_scheduled.py for tasks to queue
[2026-01-20T16:00:49.588+0000] {logging_mixin.py:188} INFO - [2026-01-20T16:00:49.587+0000] {dagbag.py:545} INFO - Filling up the DagBag from /opt/airflow/dags/pipeline_scheduled.py
[2026-01-20T16:00:49.622+0000] {processor.py:840} INFO - DAG(s) 'pipeline_scheduled' retrieved from /opt/airflow/dags/pipeline_scheduled.py
[2026-01-20T16:00:49.678+0000] {logging_mixin.py:188} INFO - [2026-01-20T16:00:49.678+0000] {dag.py:3089} INFO - Sync 1 DAGs
[2026-01-20T16:00:49.706+0000] {logging_mixin.py:188} INFO - [2026-01-20T16:00:49.706+0000] {dag.py:3947} INFO - Setting next_dagrun for pipeline_scheduled to 2026-01-20 16:00:00+00:00, run_after=2026-01-20 17:00:00+00:00
[2026-01-20T16:00:49.731+0000] {processor.py:183} INFO - Processing /opt/airflow/dags/pipeline_scheduled.py took 0.155 seconds
[2026-01-20T16:01:19.835+0000] {processor.py:161} INFO - Started process (PID=23323) to work on /opt/airflow/dags/pipeline_scheduled.py
[2026-01-20T16:01:19.836+0000] {processor.py:830} INFO - Processing file /opt/airflow/dags/pipeline_scheduled.py for tasks to queue
[2026-01-20T16:01:19.839+0000] {logging_mixin.py:188} INFO - [2026-01-20T16:01:19.838+0000] {dagbag.py:545} INFO - Filling up the DagBag from /opt/airflow/dags/pipeline_scheduled.py
[2026-01-20T16:01:19.862+0000] {processor.py:840} INFO - DAG(s) 'pipeline_scheduled' retrieved from /opt/airflow/dags/pipeline_scheduled.py
[2026-01-20T16:01:19.902+0000] {logging_mixin.py:188} INFO - [2026-01-20T16:01:19.901+0000] {dag.py:3089} INFO - Sync 1 DAGs
[2026-01-20T16:01:19.927+0000] {logging_mixin.py:188} INFO - [2026-01-20T16:01:19.927+0000] {dag.py:3947} INFO - Setting next_dagrun for pipeline_scheduled to 2026-01-20 16:00:00+00:00, run_after=2026-01-20 17:00:00+00:00
[2026-01-20T16:01:19.951+0000] {processor.py:183} INFO - Processing /opt/airflow/dags/pipeline_scheduled.py took 0.124 seconds
[2026-01-20T16:01:50.215+0000] {processor.py:161} INFO - Started process (PID=23333) to work on /opt/airflow/dags/pipeline_scheduled.py
[2026-01-20T16:01:50.217+0000] {processor.py:830} INFO - Processing file /opt/airflow/dags/pipeline_scheduled.py for tasks to queue
[2026-01-20T16:01:50.220+0000] {logging_mixin.py:188} INFO - [2026-01-20T16:01:50.220+0000] {dagbag.py:545} INFO - Filling up the DagBag from /opt/airflow/dags/pipeline_scheduled.py
[2026-01-20T16:01:50.251+0000] {processor.py:840} INFO - DAG(s) 'pipeline_scheduled' retrieved from /opt/airflow/dags/pipeline_scheduled.py
[2026-01-20T16:01:50.290+0000] {logging_mixin.py:188} INFO - [2026-01-20T16:01:50.289+0000] {dag.py:3089} INFO - Sync 1 DAGs
[2026-01-20T16:01:50.316+0000] {logging_mixin.py:188} INFO - [2026-01-20T16:01:50.315+0000] {dag.py:3947} INFO - Setting next_dagrun for pipeline_scheduled to 2026-01-20 16:00:00+00:00, run_after=2026-01-20 17:00:00+00:00
[2026-01-20T16:01:50.340+0000] {processor.py:183} INFO - Processing /opt/airflow/dags/pipeline_scheduled.py took 0.132 seconds
[2026-01-20T16:02:20.613+0000] {processor.py:161} INFO - Started process (PID=23343) to work on /opt/airflow/dags/pipeline_scheduled.py
[2026-01-20T16:02:20.614+0000] {processor.py:830} INFO - Processing file /opt/airflow/dags/pipeline_scheduled.py for tasks to queue
[2026-01-20T16:02:20.617+0000] {logging_mixin.py:188} INFO - [2026-01-20T16:02:20.617+0000] {dagbag.py:545} INFO - Filling up the DagBag from /opt/airflow/dags/pipeline_scheduled.py
[2026-01-20T16:02:20.645+0000] {processor.py:840} INFO - DAG(s) 'pipeline_scheduled' retrieved from /opt/airflow/dags/pipeline_scheduled.py
[2026-01-20T16:02:20.685+0000] {logging_mixin.py:188} INFO - [2026-01-20T16:02:20.685+0000] {dag.py:3089} INFO - Sync 1 DAGs
[2026-01-20T16:02:20.712+0000] {logging_mixin.py:188} INFO - [2026-01-20T16:02:20.712+0000] {dag.py:3947} INFO - Setting next_dagrun for pipeline_scheduled to 2026-01-20 16:00:00+00:00, run_after=2026-01-20 17:00:00+00:00
[2026-01-20T16:02:20.739+0000] {processor.py:183} INFO - Processing /opt/airflow/dags/pipeline_scheduled.py took 0.133 seconds
[2026-01-20T16:02:50.863+0000] {processor.py:161} INFO - Started process (PID=23353) to work on /opt/airflow/dags/pipeline_scheduled.py
[2026-01-20T16:02:50.865+0000] {processor.py:830} INFO - Processing file /opt/airflow/dags/pipeline_scheduled.py for tasks to queue
[2026-01-20T16:02:50.867+0000] {logging_mixin.py:188} INFO - [2026-01-20T16:02:50.867+0000] {dagbag.py:545} INFO - Filling up the DagBag from /opt/airflow/dags/pipeline_scheduled.py
[2026-01-20T16:02:50.894+0000] {processor.py:840} INFO - DAG(s) 'pipeline_scheduled' retrieved from /opt/airflow/dags/pipeline_scheduled.py
[2026-01-20T16:02:50.932+0000] {logging_mixin.py:188} INFO - [2026-01-20T16:02:50.932+0000] {dag.py:3089} INFO - Sync 1 DAGs
[2026-01-20T16:02:50.957+0000] {logging_mixin.py:188} INFO - [2026-01-20T16:02:50.957+0000] {dag.py:3947} INFO - Setting next_dagrun for pipeline_scheduled to 2026-01-20 16:00:00+00:00, run_after=2026-01-20 17:00:00+00:00
[2026-01-20T16:02:50.986+0000] {processor.py:183} INFO - Processing /opt/airflow/dags/pipeline_scheduled.py took 0.129 seconds
[2026-01-20T16:03:21.255+0000] {processor.py:161} INFO - Started process (PID=23363) to work on /opt/airflow/dags/pipeline_scheduled.py
[2026-01-20T16:03:21.256+0000] {processor.py:830} INFO - Processing file /opt/airflow/dags/pipeline_scheduled.py for tasks to queue
[2026-01-20T16:03:21.258+0000] {logging_mixin.py:188} INFO - [2026-01-20T16:03:21.258+0000] {dagbag.py:545} INFO - Filling up the DagBag from /opt/airflow/dags/pipeline_scheduled.py
[2026-01-20T16:03:21.285+0000] {processor.py:840} INFO - DAG(s) 'pipeline_scheduled' retrieved from /opt/airflow/dags/pipeline_scheduled.py
[2026-01-20T16:03:21.321+0000] {logging_mixin.py:188} INFO - [2026-01-20T16:03:21.321+0000] {dag.py:3089} INFO - Sync 1 DAGs
[2026-01-20T16:03:21.345+0000] {logging_mixin.py:188} INFO - [2026-01-20T16:03:21.344+0000] {dag.py:3947} INFO - Setting next_dagrun for pipeline_scheduled to 2026-01-20 16:00:00+00:00, run_after=2026-01-20 17:00:00+00:00
[2026-01-20T16:03:21.366+0000] {processor.py:183} INFO - Processing /opt/airflow/dags/pipeline_scheduled.py took 0.118 seconds
[2026-01-20T16:03:51.635+0000] {processor.py:161} INFO - Started process (PID=23373) to work on /opt/airflow/dags/pipeline_scheduled.py
[2026-01-20T16:03:51.636+0000] {processor.py:830} INFO - Processing file /opt/airflow/dags/pipeline_scheduled.py for tasks to queue
[2026-01-20T16:03:51.639+0000] {logging_mixin.py:188} INFO - [2026-01-20T16:03:51.638+0000] {dagbag.py:545} INFO - Filling up the DagBag from /opt/airflow/dags/pipeline_scheduled.py
[2026-01-20T16:03:51.665+0000] {processor.py:840} INFO - DAG(s) 'pipeline_scheduled' retrieved from /opt/airflow/dags/pipeline_scheduled.py
[2026-01-20T16:03:51.707+0000] {logging_mixin.py:188} INFO - [2026-01-20T16:03:51.707+0000] {dag.py:3089} INFO - Sync 1 DAGs
[2026-01-20T16:03:51.735+0000] {logging_mixin.py:188} INFO - [2026-01-20T16:03:51.735+0000] {dag.py:3947} INFO - Setting next_dagrun for pipeline_scheduled to 2026-01-20 16:00:00+00:00, run_after=2026-01-20 17:00:00+00:00
[2026-01-20T16:03:51.760+0000] {processor.py:183} INFO - Processing /opt/airflow/dags/pipeline_scheduled.py took 0.131 seconds
[2026-01-20T16:04:21.934+0000] {processor.py:161} INFO - Started process (PID=23383) to work on /opt/airflow/dags/pipeline_scheduled.py
[2026-01-20T16:04:21.936+0000] {processor.py:830} INFO - Processing file /opt/airflow/dags/pipeline_scheduled.py for tasks to queue
[2026-01-20T16:04:21.938+0000] {logging_mixin.py:188} INFO - [2026-01-20T16:04:21.938+0000] {dagbag.py:545} INFO - Filling up the DagBag from /opt/airflow/dags/pipeline_scheduled.py
[2026-01-20T16:04:21.967+0000] {processor.py:840} INFO - DAG(s) 'pipeline_scheduled' retrieved from /opt/airflow/dags/pipeline_scheduled.py
[2026-01-20T16:04:22.002+0000] {logging_mixin.py:188} INFO - [2026-01-20T16:04:22.002+0000] {dag.py:3089} INFO - Sync 1 DAGs
[2026-01-20T16:04:22.025+0000] {logging_mixin.py:188} INFO - [2026-01-20T16:04:22.025+0000] {dag.py:3947} INFO - Setting next_dagrun for pipeline_scheduled to 2026-01-20 16:00:00+00:00, run_after=2026-01-20 17:00:00+00:00
[2026-01-20T16:04:22.045+0000] {processor.py:183} INFO - Processing /opt/airflow/dags/pipeline_scheduled.py took 0.118 seconds
[2026-01-20T16:04:52.302+0000] {processor.py:161} INFO - Started process (PID=23393) to work on /opt/airflow/dags/pipeline_scheduled.py
[2026-01-20T16:04:52.303+0000] {processor.py:830} INFO - Processing file /opt/airflow/dags/pipeline_scheduled.py for tasks to queue
[2026-01-20T16:04:52.306+0000] {logging_mixin.py:188} INFO - [2026-01-20T16:04:52.306+0000] {dagbag.py:545} INFO - Filling up the DagBag from /opt/airflow/dags/pipeline_scheduled.py
[2026-01-20T16:04:52.332+0000] {processor.py:840} INFO - DAG(s) 'pipeline_scheduled' retrieved from /opt/airflow/dags/pipeline_scheduled.py
[2026-01-20T16:04:52.369+0000] {logging_mixin.py:188} INFO - [2026-01-20T16:04:52.369+0000] {dag.py:3089} INFO - Sync 1 DAGs
[2026-01-20T16:04:52.393+0000] {logging_mixin.py:188} INFO - [2026-01-20T16:04:52.393+0000] {dag.py:3947} INFO - Setting next_dagrun for pipeline_scheduled to 2026-01-20 16:00:00+00:00, run_after=2026-01-20 17:00:00+00:00
[2026-01-20T16:04:52.416+0000] {processor.py:183} INFO - Processing /opt/airflow/dags/pipeline_scheduled.py took 0.120 seconds
[2026-01-20T16:05:22.685+0000] {processor.py:161} INFO - Started process (PID=23403) to work on /opt/airflow/dags/pipeline_scheduled.py
[2026-01-20T16:05:22.686+0000] {processor.py:830} INFO - Processing file /opt/airflow/dags/pipeline_scheduled.py for tasks to queue
[2026-01-20T16:05:22.689+0000] {logging_mixin.py:188} INFO - [2026-01-20T16:05:22.689+0000] {dagbag.py:545} INFO - Filling up the DagBag from /opt/airflow/dags/pipeline_scheduled.py
[2026-01-20T16:05:22.716+0000] {processor.py:840} INFO - DAG(s) 'pipeline_scheduled' retrieved from /opt/airflow/dags/pipeline_scheduled.py
[2026-01-20T16:05:22.755+0000] {logging_mixin.py:188} INFO - [2026-01-20T16:05:22.754+0000] {dag.py:3089} INFO - Sync 1 DAGs
[2026-01-20T16:05:22.779+0000] {logging_mixin.py:188} INFO - [2026-01-20T16:05:22.779+0000] {dag.py:3947} INFO - Setting next_dagrun for pipeline_scheduled to 2026-01-20 16:00:00+00:00, run_after=2026-01-20 17:00:00+00:00
[2026-01-20T16:05:22.804+0000] {processor.py:183} INFO - Processing /opt/airflow/dags/pipeline_scheduled.py took 0.125 seconds
[2026-01-20T16:05:52.929+0000] {processor.py:161} INFO - Started process (PID=23413) to work on /opt/airflow/dags/pipeline_scheduled.py
[2026-01-20T16:05:52.931+0000] {processor.py:830} INFO - Processing file /opt/airflow/dags/pipeline_scheduled.py for tasks to queue
[2026-01-20T16:05:52.934+0000] {logging_mixin.py:188} INFO - [2026-01-20T16:05:52.933+0000] {dagbag.py:545} INFO - Filling up the DagBag from /opt/airflow/dags/pipeline_scheduled.py
[2026-01-20T16:05:52.960+0000] {processor.py:840} INFO - DAG(s) 'pipeline_scheduled' retrieved from /opt/airflow/dags/pipeline_scheduled.py
[2026-01-20T16:05:52.997+0000] {logging_mixin.py:188} INFO - [2026-01-20T16:05:52.997+0000] {dag.py:3089} INFO - Sync 1 DAGs
[2026-01-20T16:05:53.021+0000] {logging_mixin.py:188} INFO - [2026-01-20T16:05:53.021+0000] {dag.py:3947} INFO - Setting next_dagrun for pipeline_scheduled to 2026-01-20 16:00:00+00:00, run_after=2026-01-20 17:00:00+00:00
[2026-01-20T16:05:53.043+0000] {processor.py:183} INFO - Processing /opt/airflow/dags/pipeline_scheduled.py took 0.120 seconds
[2026-01-20T16:06:23.306+0000] {processor.py:161} INFO - Started process (PID=23423) to work on /opt/airflow/dags/pipeline_scheduled.py
[2026-01-20T16:06:23.307+0000] {processor.py:830} INFO - Processing file /opt/airflow/dags/pipeline_scheduled.py for tasks to queue
[2026-01-20T16:06:23.310+0000] {logging_mixin.py:188} INFO - [2026-01-20T16:06:23.310+0000] {dagbag.py:545} INFO - Filling up the DagBag from /opt/airflow/dags/pipeline_scheduled.py
[2026-01-20T16:06:23.336+0000] {processor.py:840} INFO - DAG(s) 'pipeline_scheduled' retrieved from /opt/airflow/dags/pipeline_scheduled.py
[2026-01-20T16:06:23.376+0000] {logging_mixin.py:188} INFO - [2026-01-20T16:06:23.376+0000] {dag.py:3089} INFO - Sync 1 DAGs
[2026-01-20T16:06:23.403+0000] {logging_mixin.py:188} INFO - [2026-01-20T16:06:23.403+0000] {dag.py:3947} INFO - Setting next_dagrun for pipeline_scheduled to 2026-01-20 16:00:00+00:00, run_after=2026-01-20 17:00:00+00:00
[2026-01-20T16:06:23.423+0000] {processor.py:183} INFO - Processing /opt/airflow/dags/pipeline_scheduled.py took 0.123 seconds
[2026-01-20T16:06:53.693+0000] {processor.py:161} INFO - Started process (PID=23433) to work on /opt/airflow/dags/pipeline_scheduled.py
[2026-01-20T16:06:53.694+0000] {processor.py:830} INFO - Processing file /opt/airflow/dags/pipeline_scheduled.py for tasks to queue
[2026-01-20T16:06:53.698+0000] {logging_mixin.py:188} INFO - [2026-01-20T16:06:53.697+0000] {dagbag.py:545} INFO - Filling up the DagBag from /opt/airflow/dags/pipeline_scheduled.py
[2026-01-20T16:06:53.728+0000] {processor.py:840} INFO - DAG(s) 'pipeline_scheduled' retrieved from /opt/airflow/dags/pipeline_scheduled.py
[2026-01-20T16:06:53.763+0000] {logging_mixin.py:188} INFO - [2026-01-20T16:06:53.763+0000] {dag.py:3089} INFO - Sync 1 DAGs
[2026-01-20T16:06:53.788+0000] {logging_mixin.py:188} INFO - [2026-01-20T16:06:53.788+0000] {dag.py:3947} INFO - Setting next_dagrun for pipeline_scheduled to 2026-01-20 16:00:00+00:00, run_after=2026-01-20 17:00:00+00:00
[2026-01-20T16:06:53.811+0000] {processor.py:183} INFO - Processing /opt/airflow/dags/pipeline_scheduled.py took 0.125 seconds
[2026-01-20T16:07:24.084+0000] {processor.py:161} INFO - Started process (PID=23443) to work on /opt/airflow/dags/pipeline_scheduled.py
[2026-01-20T16:07:24.085+0000] {processor.py:830} INFO - Processing file /opt/airflow/dags/pipeline_scheduled.py for tasks to queue
[2026-01-20T16:07:24.088+0000] {logging_mixin.py:188} INFO - [2026-01-20T16:07:24.088+0000] {dagbag.py:545} INFO - Filling up the DagBag from /opt/airflow/dags/pipeline_scheduled.py
[2026-01-20T16:07:24.116+0000] {processor.py:840} INFO - DAG(s) 'pipeline_scheduled' retrieved from /opt/airflow/dags/pipeline_scheduled.py
[2026-01-20T16:07:24.157+0000] {logging_mixin.py:188} INFO - [2026-01-20T16:07:24.157+0000] {dag.py:3089} INFO - Sync 1 DAGs
[2026-01-20T16:07:24.183+0000] {logging_mixin.py:188} INFO - [2026-01-20T16:07:24.183+0000] {dag.py:3947} INFO - Setting next_dagrun for pipeline_scheduled to 2026-01-20 16:00:00+00:00, run_after=2026-01-20 17:00:00+00:00
[2026-01-20T16:07:24.208+0000] {processor.py:183} INFO - Processing /opt/airflow/dags/pipeline_scheduled.py took 0.131 seconds
[2026-01-20T16:07:54.333+0000] {processor.py:161} INFO - Started process (PID=23453) to work on /opt/airflow/dags/pipeline_scheduled.py
[2026-01-20T16:07:54.334+0000] {processor.py:830} INFO - Processing file /opt/airflow/dags/pipeline_scheduled.py for tasks to queue
[2026-01-20T16:07:54.337+0000] {logging_mixin.py:188} INFO - [2026-01-20T16:07:54.336+0000] {dagbag.py:545} INFO - Filling up the DagBag from /opt/airflow/dags/pipeline_scheduled.py
[2026-01-20T16:07:54.369+0000] {processor.py:840} INFO - DAG(s) 'pipeline_scheduled' retrieved from /opt/airflow/dags/pipeline_scheduled.py
[2026-01-20T16:07:54.411+0000] {logging_mixin.py:188} INFO - [2026-01-20T16:07:54.410+0000] {dag.py:3089} INFO - Sync 1 DAGs
[2026-01-20T16:07:54.441+0000] {logging_mixin.py:188} INFO - [2026-01-20T16:07:54.441+0000] {dag.py:3947} INFO - Setting next_dagrun for pipeline_scheduled to 2026-01-20 16:00:00+00:00, run_after=2026-01-20 17:00:00+00:00
[2026-01-20T16:07:54.464+0000] {processor.py:183} INFO - Processing /opt/airflow/dags/pipeline_scheduled.py took 0.138 seconds
[2026-01-20T16:08:24.732+0000] {processor.py:161} INFO - Started process (PID=23463) to work on /opt/airflow/dags/pipeline_scheduled.py
[2026-01-20T16:08:24.733+0000] {processor.py:830} INFO - Processing file /opt/airflow/dags/pipeline_scheduled.py for tasks to queue
[2026-01-20T16:08:24.735+0000] {logging_mixin.py:188} INFO - [2026-01-20T16:08:24.735+0000] {dagbag.py:545} INFO - Filling up the DagBag from /opt/airflow/dags/pipeline_scheduled.py
[2026-01-20T16:08:24.762+0000] {processor.py:840} INFO - DAG(s) 'pipeline_scheduled' retrieved from /opt/airflow/dags/pipeline_scheduled.py
[2026-01-20T16:08:24.802+0000] {logging_mixin.py:188} INFO - [2026-01-20T16:08:24.801+0000] {dag.py:3089} INFO - Sync 1 DAGs
[2026-01-20T16:08:24.826+0000] {logging_mixin.py:188} INFO - [2026-01-20T16:08:24.826+0000] {dag.py:3947} INFO - Setting next_dagrun for pipeline_scheduled to 2026-01-20 16:00:00+00:00, run_after=2026-01-20 17:00:00+00:00
[2026-01-20T16:08:24.851+0000] {processor.py:183} INFO - Processing /opt/airflow/dags/pipeline_scheduled.py took 0.126 seconds
[2026-01-20T16:08:55.125+0000] {processor.py:161} INFO - Started process (PID=23473) to work on /opt/airflow/dags/pipeline_scheduled.py
[2026-01-20T16:08:55.126+0000] {processor.py:830} INFO - Processing file /opt/airflow/dags/pipeline_scheduled.py for tasks to queue
[2026-01-20T16:08:55.129+0000] {logging_mixin.py:188} INFO - [2026-01-20T16:08:55.129+0000] {dagbag.py:545} INFO - Filling up the DagBag from /opt/airflow/dags/pipeline_scheduled.py
[2026-01-20T16:08:55.160+0000] {processor.py:840} INFO - DAG(s) 'pipeline_scheduled' retrieved from /opt/airflow/dags/pipeline_scheduled.py
[2026-01-20T16:08:55.202+0000] {logging_mixin.py:188} INFO - [2026-01-20T16:08:55.202+0000] {dag.py:3089} INFO - Sync 1 DAGs
[2026-01-20T16:08:55.233+0000] {logging_mixin.py:188} INFO - [2026-01-20T16:08:55.233+0000] {dag.py:3947} INFO - Setting next_dagrun for pipeline_scheduled to 2026-01-20 16:00:00+00:00, run_after=2026-01-20 17:00:00+00:00
[2026-01-20T16:08:55.257+0000] {processor.py:183} INFO - Processing /opt/airflow/dags/pipeline_scheduled.py took 0.139 seconds
[2026-01-20T16:09:25.577+0000] {processor.py:161} INFO - Started process (PID=23483) to work on /opt/airflow/dags/pipeline_scheduled.py
[2026-01-20T16:09:25.579+0000] {processor.py:830} INFO - Processing file /opt/airflow/dags/pipeline_scheduled.py for tasks to queue
[2026-01-20T16:09:25.581+0000] {logging_mixin.py:188} INFO - [2026-01-20T16:09:25.580+0000] {dagbag.py:545} INFO - Filling up the DagBag from /opt/airflow/dags/pipeline_scheduled.py
[2026-01-20T16:09:25.607+0000] {processor.py:840} INFO - DAG(s) 'pipeline_scheduled' retrieved from /opt/airflow/dags/pipeline_scheduled.py
[2026-01-20T16:09:25.649+0000] {logging_mixin.py:188} INFO - [2026-01-20T16:09:25.649+0000] {dag.py:3089} INFO - Sync 1 DAGs
[2026-01-20T16:09:25.673+0000] {logging_mixin.py:188} INFO - [2026-01-20T16:09:25.673+0000] {dag.py:3947} INFO - Setting next_dagrun for pipeline_scheduled to 2026-01-20 16:00:00+00:00, run_after=2026-01-20 17:00:00+00:00
[2026-01-20T16:09:25.696+0000] {processor.py:183} INFO - Processing /opt/airflow/dags/pipeline_scheduled.py took 0.125 seconds
[2026-01-20T16:09:55.821+0000] {processor.py:161} INFO - Started process (PID=23493) to work on /opt/airflow/dags/pipeline_scheduled.py
[2026-01-20T16:09:55.822+0000] {processor.py:830} INFO - Processing file /opt/airflow/dags/pipeline_scheduled.py for tasks to queue
[2026-01-20T16:09:55.824+0000] {logging_mixin.py:188} INFO - [2026-01-20T16:09:55.824+0000] {dagbag.py:545} INFO - Filling up the DagBag from /opt/airflow/dags/pipeline_scheduled.py
[2026-01-20T16:09:55.850+0000] {processor.py:840} INFO - DAG(s) 'pipeline_scheduled' retrieved from /opt/airflow/dags/pipeline_scheduled.py
[2026-01-20T16:09:55.894+0000] {logging_mixin.py:188} INFO - [2026-01-20T16:09:55.893+0000] {dag.py:3089} INFO - Sync 1 DAGs
[2026-01-20T16:09:55.922+0000] {logging_mixin.py:188} INFO - [2026-01-20T16:09:55.922+0000] {dag.py:3947} INFO - Setting next_dagrun for pipeline_scheduled to 2026-01-20 16:00:00+00:00, run_after=2026-01-20 17:00:00+00:00
[2026-01-20T16:09:55.948+0000] {processor.py:183} INFO - Processing /opt/airflow/dags/pipeline_scheduled.py took 0.134 seconds
[2026-01-20T16:10:26.212+0000] {processor.py:161} INFO - Started process (PID=23506) to work on /opt/airflow/dags/pipeline_scheduled.py
[2026-01-20T16:10:26.214+0000] {processor.py:830} INFO - Processing file /opt/airflow/dags/pipeline_scheduled.py for tasks to queue
[2026-01-20T16:10:26.217+0000] {logging_mixin.py:188} INFO - [2026-01-20T16:10:26.216+0000] {dagbag.py:545} INFO - Filling up the DagBag from /opt/airflow/dags/pipeline_scheduled.py
[2026-01-20T16:10:26.244+0000] {processor.py:840} INFO - DAG(s) 'pipeline_scheduled' retrieved from /opt/airflow/dags/pipeline_scheduled.py
[2026-01-20T16:10:26.280+0000] {logging_mixin.py:188} INFO - [2026-01-20T16:10:26.279+0000] {dag.py:3089} INFO - Sync 1 DAGs
[2026-01-20T16:10:26.308+0000] {logging_mixin.py:188} INFO - [2026-01-20T16:10:26.307+0000] {dag.py:3947} INFO - Setting next_dagrun for pipeline_scheduled to 2026-01-20 16:00:00+00:00, run_after=2026-01-20 17:00:00+00:00
[2026-01-20T16:10:26.331+0000] {processor.py:183} INFO - Processing /opt/airflow/dags/pipeline_scheduled.py took 0.127 seconds
[2026-01-20T16:10:56.610+0000] {processor.py:161} INFO - Started process (PID=23516) to work on /opt/airflow/dags/pipeline_scheduled.py
[2026-01-20T16:10:56.611+0000] {processor.py:830} INFO - Processing file /opt/airflow/dags/pipeline_scheduled.py for tasks to queue
[2026-01-20T16:10:56.614+0000] {logging_mixin.py:188} INFO - [2026-01-20T16:10:56.614+0000] {dagbag.py:545} INFO - Filling up the DagBag from /opt/airflow/dags/pipeline_scheduled.py
[2026-01-20T16:10:56.657+0000] {processor.py:840} INFO - DAG(s) 'pipeline_scheduled' retrieved from /opt/airflow/dags/pipeline_scheduled.py
[2026-01-20T16:10:56.706+0000] {logging_mixin.py:188} INFO - [2026-01-20T16:10:56.705+0000] {dag.py:3089} INFO - Sync 1 DAGs
[2026-01-20T16:10:56.733+0000] {logging_mixin.py:188} INFO - [2026-01-20T16:10:56.733+0000] {dag.py:3947} INFO - Setting next_dagrun for pipeline_scheduled to 2026-01-20 16:00:00+00:00, run_after=2026-01-20 17:00:00+00:00
[2026-01-20T16:10:56.756+0000] {processor.py:183} INFO - Processing /opt/airflow/dags/pipeline_scheduled.py took 0.156 seconds
[2026-01-20T16:11:27.037+0000] {processor.py:161} INFO - Started process (PID=23526) to work on /opt/airflow/dags/pipeline_scheduled.py
[2026-01-20T16:11:27.039+0000] {processor.py:830} INFO - Processing file /opt/airflow/dags/pipeline_scheduled.py for tasks to queue
[2026-01-20T16:11:27.042+0000] {logging_mixin.py:188} INFO - [2026-01-20T16:11:27.042+0000] {dagbag.py:545} INFO - Filling up the DagBag from /opt/airflow/dags/pipeline_scheduled.py
[2026-01-20T16:11:27.068+0000] {processor.py:840} INFO - DAG(s) 'pipeline_scheduled' retrieved from /opt/airflow/dags/pipeline_scheduled.py
[2026-01-20T16:11:27.110+0000] {logging_mixin.py:188} INFO - [2026-01-20T16:11:27.110+0000] {dag.py:3089} INFO - Sync 1 DAGs
[2026-01-20T16:11:27.139+0000] {logging_mixin.py:188} INFO - [2026-01-20T16:11:27.139+0000] {dag.py:3947} INFO - Setting next_dagrun for pipeline_scheduled to 2026-01-20 16:00:00+00:00, run_after=2026-01-20 17:00:00+00:00
[2026-01-20T16:11:27.164+0000] {processor.py:183} INFO - Processing /opt/airflow/dags/pipeline_scheduled.py took 0.135 seconds
[2026-01-20T16:11:57.270+0000] {processor.py:161} INFO - Started process (PID=23536) to work on /opt/airflow/dags/pipeline_scheduled.py
[2026-01-20T16:11:57.272+0000] {processor.py:830} INFO - Processing file /opt/airflow/dags/pipeline_scheduled.py for tasks to queue
[2026-01-20T16:11:57.274+0000] {logging_mixin.py:188} INFO - [2026-01-20T16:11:57.274+0000] {dagbag.py:545} INFO - Filling up the DagBag from /opt/airflow/dags/pipeline_scheduled.py
[2026-01-20T16:11:57.299+0000] {processor.py:840} INFO - DAG(s) 'pipeline_scheduled' retrieved from /opt/airflow/dags/pipeline_scheduled.py
[2026-01-20T16:11:57.336+0000] {logging_mixin.py:188} INFO - [2026-01-20T16:11:57.335+0000] {dag.py:3089} INFO - Sync 1 DAGs
[2026-01-20T16:11:57.361+0000] {logging_mixin.py:188} INFO - [2026-01-20T16:11:57.360+0000] {dag.py:3947} INFO - Setting next_dagrun for pipeline_scheduled to 2026-01-20 16:00:00+00:00, run_after=2026-01-20 17:00:00+00:00
[2026-01-20T16:11:57.384+0000] {processor.py:183} INFO - Processing /opt/airflow/dags/pipeline_scheduled.py took 0.120 seconds
[2026-01-20T16:12:27.651+0000] {processor.py:161} INFO - Started process (PID=23546) to work on /opt/airflow/dags/pipeline_scheduled.py
[2026-01-20T16:12:27.652+0000] {processor.py:830} INFO - Processing file /opt/airflow/dags/pipeline_scheduled.py for tasks to queue
[2026-01-20T16:12:27.656+0000] {logging_mixin.py:188} INFO - [2026-01-20T16:12:27.656+0000] {dagbag.py:545} INFO - Filling up the DagBag from /opt/airflow/dags/pipeline_scheduled.py
[2026-01-20T16:12:27.679+0000] {processor.py:840} INFO - DAG(s) 'pipeline_scheduled' retrieved from /opt/airflow/dags/pipeline_scheduled.py
[2026-01-20T16:12:27.719+0000] {logging_mixin.py:188} INFO - [2026-01-20T16:12:27.719+0000] {dag.py:3089} INFO - Sync 1 DAGs
[2026-01-20T16:12:27.743+0000] {logging_mixin.py:188} INFO - [2026-01-20T16:12:27.743+0000] {dag.py:3947} INFO - Setting next_dagrun for pipeline_scheduled to 2026-01-20 16:00:00+00:00, run_after=2026-01-20 17:00:00+00:00
[2026-01-20T16:12:27.764+0000] {processor.py:183} INFO - Processing /opt/airflow/dags/pipeline_scheduled.py took 0.121 seconds
[2026-01-20T16:12:58.029+0000] {processor.py:161} INFO - Started process (PID=23556) to work on /opt/airflow/dags/pipeline_scheduled.py
[2026-01-20T16:12:58.030+0000] {processor.py:830} INFO - Processing file /opt/airflow/dags/pipeline_scheduled.py for tasks to queue
[2026-01-20T16:12:58.033+0000] {logging_mixin.py:188} INFO - [2026-01-20T16:12:58.032+0000] {dagbag.py:545} INFO - Filling up the DagBag from /opt/airflow/dags/pipeline_scheduled.py
[2026-01-20T16:12:58.061+0000] {processor.py:840} INFO - DAG(s) 'pipeline_scheduled' retrieved from /opt/airflow/dags/pipeline_scheduled.py
[2026-01-20T16:12:58.100+0000] {logging_mixin.py:188} INFO - [2026-01-20T16:12:58.100+0000] {dag.py:3089} INFO - Sync 1 DAGs
[2026-01-20T16:12:58.130+0000] {logging_mixin.py:188} INFO - [2026-01-20T16:12:58.129+0000] {dag.py:3947} INFO - Setting next_dagrun for pipeline_scheduled to 2026-01-20 16:00:00+00:00, run_after=2026-01-20 17:00:00+00:00
[2026-01-20T16:12:58.153+0000] {processor.py:183} INFO - Processing /opt/airflow/dags/pipeline_scheduled.py took 0.131 seconds
[2026-01-20T16:13:28.423+0000] {processor.py:161} INFO - Started process (PID=23566) to work on /opt/airflow/dags/pipeline_scheduled.py
[2026-01-20T16:13:28.424+0000] {processor.py:830} INFO - Processing file /opt/airflow/dags/pipeline_scheduled.py for tasks to queue
[2026-01-20T16:13:28.427+0000] {logging_mixin.py:188} INFO - [2026-01-20T16:13:28.426+0000] {dagbag.py:545} INFO - Filling up the DagBag from /opt/airflow/dags/pipeline_scheduled.py
[2026-01-20T16:13:28.454+0000] {processor.py:840} INFO - DAG(s) 'pipeline_scheduled' retrieved from /opt/airflow/dags/pipeline_scheduled.py
[2026-01-20T16:13:28.498+0000] {logging_mixin.py:188} INFO - [2026-01-20T16:13:28.497+0000] {dag.py:3089} INFO - Sync 1 DAGs
[2026-01-20T16:13:28.526+0000] {logging_mixin.py:188} INFO - [2026-01-20T16:13:28.526+0000] {dag.py:3947} INFO - Setting next_dagrun for pipeline_scheduled to 2026-01-20 16:00:00+00:00, run_after=2026-01-20 17:00:00+00:00
[2026-01-20T16:13:28.555+0000] {processor.py:183} INFO - Processing /opt/airflow/dags/pipeline_scheduled.py took 0.138 seconds
[2026-01-20T16:13:58.666+0000] {processor.py:161} INFO - Started process (PID=23576) to work on /opt/airflow/dags/pipeline_scheduled.py
[2026-01-20T16:13:58.668+0000] {processor.py:830} INFO - Processing file /opt/airflow/dags/pipeline_scheduled.py for tasks to queue
[2026-01-20T16:13:58.671+0000] {logging_mixin.py:188} INFO - [2026-01-20T16:13:58.670+0000] {dagbag.py:545} INFO - Filling up the DagBag from /opt/airflow/dags/pipeline_scheduled.py
[2026-01-20T16:13:58.697+0000] {processor.py:840} INFO - DAG(s) 'pipeline_scheduled' retrieved from /opt/airflow/dags/pipeline_scheduled.py
[2026-01-20T16:13:58.739+0000] {logging_mixin.py:188} INFO - [2026-01-20T16:13:58.739+0000] {dag.py:3089} INFO - Sync 1 DAGs
[2026-01-20T16:13:58.768+0000] {logging_mixin.py:188} INFO - [2026-01-20T16:13:58.768+0000] {dag.py:3947} INFO - Setting next_dagrun for pipeline_scheduled to 2026-01-20 16:00:00+00:00, run_after=2026-01-20 17:00:00+00:00
[2026-01-20T16:13:58.795+0000] {processor.py:183} INFO - Processing /opt/airflow/dags/pipeline_scheduled.py took 0.136 seconds
[2026-01-20T16:14:29.113+0000] {processor.py:161} INFO - Started process (PID=23586) to work on /opt/airflow/dags/pipeline_scheduled.py
[2026-01-20T16:14:29.115+0000] {processor.py:830} INFO - Processing file /opt/airflow/dags/pipeline_scheduled.py for tasks to queue
[2026-01-20T16:14:29.118+0000] {logging_mixin.py:188} INFO - [2026-01-20T16:14:29.117+0000] {dagbag.py:545} INFO - Filling up the DagBag from /opt/airflow/dags/pipeline_scheduled.py
[2026-01-20T16:14:29.149+0000] {processor.py:840} INFO - DAG(s) 'pipeline_scheduled' retrieved from /opt/airflow/dags/pipeline_scheduled.py
[2026-01-20T16:14:29.189+0000] {logging_mixin.py:188} INFO - [2026-01-20T16:14:29.189+0000] {dag.py:3089} INFO - Sync 1 DAGs
[2026-01-20T16:14:29.218+0000] {logging_mixin.py:188} INFO - [2026-01-20T16:14:29.218+0000] {dag.py:3947} INFO - Setting next_dagrun for pipeline_scheduled to 2026-01-20 16:00:00+00:00, run_after=2026-01-20 17:00:00+00:00
[2026-01-20T16:14:29.242+0000] {processor.py:183} INFO - Processing /opt/airflow/dags/pipeline_scheduled.py took 0.134 seconds
[2026-01-20T16:14:59.361+0000] {processor.py:161} INFO - Started process (PID=23596) to work on /opt/airflow/dags/pipeline_scheduled.py
[2026-01-20T16:14:59.362+0000] {processor.py:830} INFO - Processing file /opt/airflow/dags/pipeline_scheduled.py for tasks to queue
[2026-01-20T16:14:59.365+0000] {logging_mixin.py:188} INFO - [2026-01-20T16:14:59.364+0000] {dagbag.py:545} INFO - Filling up the DagBag from /opt/airflow/dags/pipeline_scheduled.py
[2026-01-20T16:14:59.393+0000] {processor.py:840} INFO - DAG(s) 'pipeline_scheduled' retrieved from /opt/airflow/dags/pipeline_scheduled.py
[2026-01-20T16:14:59.438+0000] {logging_mixin.py:188} INFO - [2026-01-20T16:14:59.438+0000] {dag.py:3089} INFO - Sync 1 DAGs
[2026-01-20T16:14:59.469+0000] {logging_mixin.py:188} INFO - [2026-01-20T16:14:59.469+0000] {dag.py:3947} INFO - Setting next_dagrun for pipeline_scheduled to 2026-01-20 16:00:00+00:00, run_after=2026-01-20 17:00:00+00:00
[2026-01-20T16:14:59.493+0000] {processor.py:183} INFO - Processing /opt/airflow/dags/pipeline_scheduled.py took 0.140 seconds
[2026-01-20T16:15:29.771+0000] {processor.py:161} INFO - Started process (PID=23606) to work on /opt/airflow/dags/pipeline_scheduled.py
[2026-01-20T16:15:29.773+0000] {processor.py:830} INFO - Processing file /opt/airflow/dags/pipeline_scheduled.py for tasks to queue
[2026-01-20T16:15:29.776+0000] {logging_mixin.py:188} INFO - [2026-01-20T16:15:29.775+0000] {dagbag.py:545} INFO - Filling up the DagBag from /opt/airflow/dags/pipeline_scheduled.py
[2026-01-20T16:15:29.802+0000] {processor.py:840} INFO - DAG(s) 'pipeline_scheduled' retrieved from /opt/airflow/dags/pipeline_scheduled.py
[2026-01-20T16:15:29.841+0000] {logging_mixin.py:188} INFO - [2026-01-20T16:15:29.841+0000] {dag.py:3089} INFO - Sync 1 DAGs
[2026-01-20T16:15:29.865+0000] {logging_mixin.py:188} INFO - [2026-01-20T16:15:29.865+0000] {dag.py:3947} INFO - Setting next_dagrun for pipeline_scheduled to 2026-01-20 16:00:00+00:00, run_after=2026-01-20 17:00:00+00:00
[2026-01-20T16:15:29.887+0000] {processor.py:183} INFO - Processing /opt/airflow/dags/pipeline_scheduled.py took 0.124 seconds
[2026-01-20T16:16:00.154+0000] {processor.py:161} INFO - Started process (PID=23616) to work on /opt/airflow/dags/pipeline_scheduled.py
[2026-01-20T16:16:00.155+0000] {processor.py:830} INFO - Processing file /opt/airflow/dags/pipeline_scheduled.py for tasks to queue
[2026-01-20T16:16:00.158+0000] {logging_mixin.py:188} INFO - [2026-01-20T16:16:00.158+0000] {dagbag.py:545} INFO - Filling up the DagBag from /opt/airflow/dags/pipeline_scheduled.py
[2026-01-20T16:16:00.185+0000] {processor.py:840} INFO - DAG(s) 'pipeline_scheduled' retrieved from /opt/airflow/dags/pipeline_scheduled.py
[2026-01-20T16:16:00.221+0000] {logging_mixin.py:188} INFO - [2026-01-20T16:16:00.221+0000] {dag.py:3089} INFO - Sync 1 DAGs
[2026-01-20T16:16:00.246+0000] {logging_mixin.py:188} INFO - [2026-01-20T16:16:00.246+0000] {dag.py:3947} INFO - Setting next_dagrun for pipeline_scheduled to 2026-01-20 16:00:00+00:00, run_after=2026-01-20 17:00:00+00:00
[2026-01-20T16:16:00.270+0000] {processor.py:183} INFO - Processing /opt/airflow/dags/pipeline_scheduled.py took 0.122 seconds
[2026-01-20T16:16:30.534+0000] {processor.py:161} INFO - Started process (PID=23626) to work on /opt/airflow/dags/pipeline_scheduled.py
[2026-01-20T16:16:30.535+0000] {processor.py:830} INFO - Processing file /opt/airflow/dags/pipeline_scheduled.py for tasks to queue
[2026-01-20T16:16:30.537+0000] {logging_mixin.py:188} INFO - [2026-01-20T16:16:30.537+0000] {dagbag.py:545} INFO - Filling up the DagBag from /opt/airflow/dags/pipeline_scheduled.py
[2026-01-20T16:16:30.563+0000] {processor.py:840} INFO - DAG(s) 'pipeline_scheduled' retrieved from /opt/airflow/dags/pipeline_scheduled.py
[2026-01-20T16:16:30.598+0000] {logging_mixin.py:188} INFO - [2026-01-20T16:16:30.598+0000] {dag.py:3089} INFO - Sync 1 DAGs
[2026-01-20T16:16:30.622+0000] {logging_mixin.py:188} INFO - [2026-01-20T16:16:30.622+0000] {dag.py:3947} INFO - Setting next_dagrun for pipeline_scheduled to 2026-01-20 16:00:00+00:00, run_after=2026-01-20 17:00:00+00:00
[2026-01-20T16:16:30.647+0000] {processor.py:183} INFO - Processing /opt/airflow/dags/pipeline_scheduled.py took 0.119 seconds
[2026-01-20T16:17:00.773+0000] {processor.py:161} INFO - Started process (PID=23636) to work on /opt/airflow/dags/pipeline_scheduled.py
[2026-01-20T16:17:00.774+0000] {processor.py:830} INFO - Processing file /opt/airflow/dags/pipeline_scheduled.py for tasks to queue
[2026-01-20T16:17:00.777+0000] {logging_mixin.py:188} INFO - [2026-01-20T16:17:00.776+0000] {dagbag.py:545} INFO - Filling up the DagBag from /opt/airflow/dags/pipeline_scheduled.py
[2026-01-20T16:17:00.805+0000] {processor.py:840} INFO - DAG(s) 'pipeline_scheduled' retrieved from /opt/airflow/dags/pipeline_scheduled.py
[2026-01-20T16:17:00.846+0000] {logging_mixin.py:188} INFO - [2026-01-20T16:17:00.846+0000] {dag.py:3089} INFO - Sync 1 DAGs
[2026-01-20T16:17:00.873+0000] {logging_mixin.py:188} INFO - [2026-01-20T16:17:00.873+0000] {dag.py:3947} INFO - Setting next_dagrun for pipeline_scheduled to 2026-01-20 16:00:00+00:00, run_after=2026-01-20 17:00:00+00:00
[2026-01-20T16:17:00.896+0000] {processor.py:183} INFO - Processing /opt/airflow/dags/pipeline_scheduled.py took 0.130 seconds
[2026-01-20T16:17:31.162+0000] {processor.py:161} INFO - Started process (PID=23646) to work on /opt/airflow/dags/pipeline_scheduled.py
[2026-01-20T16:17:31.163+0000] {processor.py:830} INFO - Processing file /opt/airflow/dags/pipeline_scheduled.py for tasks to queue
[2026-01-20T16:17:31.166+0000] {logging_mixin.py:188} INFO - [2026-01-20T16:17:31.165+0000] {dagbag.py:545} INFO - Filling up the DagBag from /opt/airflow/dags/pipeline_scheduled.py
[2026-01-20T16:17:31.195+0000] {processor.py:840} INFO - DAG(s) 'pipeline_scheduled' retrieved from /opt/airflow/dags/pipeline_scheduled.py
[2026-01-20T16:17:31.235+0000] {logging_mixin.py:188} INFO - [2026-01-20T16:17:31.235+0000] {dag.py:3089} INFO - Sync 1 DAGs
[2026-01-20T16:17:31.262+0000] {logging_mixin.py:188} INFO - [2026-01-20T16:17:31.262+0000] {dag.py:3947} INFO - Setting next_dagrun for pipeline_scheduled to 2026-01-20 16:00:00+00:00, run_after=2026-01-20 17:00:00+00:00
[2026-01-20T16:17:31.286+0000] {processor.py:183} INFO - Processing /opt/airflow/dags/pipeline_scheduled.py took 0.132 seconds
[2026-01-20T16:18:01.553+0000] {processor.py:161} INFO - Started process (PID=23656) to work on /opt/airflow/dags/pipeline_scheduled.py
[2026-01-20T16:18:01.555+0000] {processor.py:830} INFO - Processing file /opt/airflow/dags/pipeline_scheduled.py for tasks to queue
[2026-01-20T16:18:01.557+0000] {logging_mixin.py:188} INFO - [2026-01-20T16:18:01.557+0000] {dagbag.py:545} INFO - Filling up the DagBag from /opt/airflow/dags/pipeline_scheduled.py
[2026-01-20T16:18:01.587+0000] {processor.py:840} INFO - DAG(s) 'pipeline_scheduled' retrieved from /opt/airflow/dags/pipeline_scheduled.py
[2026-01-20T16:18:01.628+0000] {logging_mixin.py:188} INFO - [2026-01-20T16:18:01.628+0000] {dag.py:3089} INFO - Sync 1 DAGs
[2026-01-20T16:18:01.656+0000] {logging_mixin.py:188} INFO - [2026-01-20T16:18:01.655+0000] {dag.py:3947} INFO - Setting next_dagrun for pipeline_scheduled to 2026-01-20 16:00:00+00:00, run_after=2026-01-20 17:00:00+00:00
[2026-01-20T16:18:01.682+0000] {processor.py:183} INFO - Processing /opt/airflow/dags/pipeline_scheduled.py took 0.136 seconds
[2026-01-20T16:18:31.807+0000] {processor.py:161} INFO - Started process (PID=23666) to work on /opt/airflow/dags/pipeline_scheduled.py
[2026-01-20T16:18:31.809+0000] {processor.py:830} INFO - Processing file /opt/airflow/dags/pipeline_scheduled.py for tasks to queue
[2026-01-20T16:18:31.812+0000] {logging_mixin.py:188} INFO - [2026-01-20T16:18:31.811+0000] {dagbag.py:545} INFO - Filling up the DagBag from /opt/airflow/dags/pipeline_scheduled.py
[2026-01-20T16:18:31.846+0000] {processor.py:840} INFO - DAG(s) 'pipeline_scheduled' retrieved from /opt/airflow/dags/pipeline_scheduled.py
[2026-01-20T16:18:31.896+0000] {logging_mixin.py:188} INFO - [2026-01-20T16:18:31.895+0000] {dag.py:3089} INFO - Sync 1 DAGs
[2026-01-20T16:18:31.931+0000] {logging_mixin.py:188} INFO - [2026-01-20T16:18:31.931+0000] {dag.py:3947} INFO - Setting next_dagrun for pipeline_scheduled to 2026-01-20 16:00:00+00:00, run_after=2026-01-20 17:00:00+00:00
[2026-01-20T16:18:31.965+0000] {processor.py:183} INFO - Processing /opt/airflow/dags/pipeline_scheduled.py took 0.166 seconds
[2026-01-20T16:19:02.240+0000] {processor.py:161} INFO - Started process (PID=23676) to work on /opt/airflow/dags/pipeline_scheduled.py
[2026-01-20T16:19:02.241+0000] {processor.py:830} INFO - Processing file /opt/airflow/dags/pipeline_scheduled.py for tasks to queue
[2026-01-20T16:19:02.244+0000] {logging_mixin.py:188} INFO - [2026-01-20T16:19:02.243+0000] {dagbag.py:545} INFO - Filling up the DagBag from /opt/airflow/dags/pipeline_scheduled.py
[2026-01-20T16:19:02.270+0000] {processor.py:840} INFO - DAG(s) 'pipeline_scheduled' retrieved from /opt/airflow/dags/pipeline_scheduled.py
[2026-01-20T16:19:02.310+0000] {logging_mixin.py:188} INFO - [2026-01-20T16:19:02.309+0000] {dag.py:3089} INFO - Sync 1 DAGs
[2026-01-20T16:19:02.333+0000] {logging_mixin.py:188} INFO - [2026-01-20T16:19:02.333+0000] {dag.py:3947} INFO - Setting next_dagrun for pipeline_scheduled to 2026-01-20 16:00:00+00:00, run_after=2026-01-20 17:00:00+00:00
[2026-01-20T16:19:02.355+0000] {processor.py:183} INFO - Processing /opt/airflow/dags/pipeline_scheduled.py took 0.122 seconds
[2026-01-20T16:19:32.676+0000] {processor.py:161} INFO - Started process (PID=23686) to work on /opt/airflow/dags/pipeline_scheduled.py
[2026-01-20T16:19:32.678+0000] {processor.py:830} INFO - Processing file /opt/airflow/dags/pipeline_scheduled.py for tasks to queue
[2026-01-20T16:19:32.682+0000] {logging_mixin.py:188} INFO - [2026-01-20T16:19:32.681+0000] {dagbag.py:545} INFO - Filling up the DagBag from /opt/airflow/dags/pipeline_scheduled.py
[2026-01-20T16:19:32.710+0000] {processor.py:840} INFO - DAG(s) 'pipeline_scheduled' retrieved from /opt/airflow/dags/pipeline_scheduled.py
[2026-01-20T16:19:32.748+0000] {logging_mixin.py:188} INFO - [2026-01-20T16:19:32.748+0000] {dag.py:3089} INFO - Sync 1 DAGs
[2026-01-20T16:19:32.772+0000] {logging_mixin.py:188} INFO - [2026-01-20T16:19:32.772+0000] {dag.py:3947} INFO - Setting next_dagrun for pipeline_scheduled to 2026-01-20 16:00:00+00:00, run_after=2026-01-20 17:00:00+00:00
[2026-01-20T16:19:32.795+0000] {processor.py:183} INFO - Processing /opt/airflow/dags/pipeline_scheduled.py took 0.129 seconds
[2026-01-20T16:20:02.910+0000] {processor.py:161} INFO - Started process (PID=23696) to work on /opt/airflow/dags/pipeline_scheduled.py
[2026-01-20T16:20:02.911+0000] {processor.py:830} INFO - Processing file /opt/airflow/dags/pipeline_scheduled.py for tasks to queue
[2026-01-20T16:20:02.913+0000] {logging_mixin.py:188} INFO - [2026-01-20T16:20:02.913+0000] {dagbag.py:545} INFO - Filling up the DagBag from /opt/airflow/dags/pipeline_scheduled.py
[2026-01-20T16:20:02.943+0000] {processor.py:840} INFO - DAG(s) 'pipeline_scheduled' retrieved from /opt/airflow/dags/pipeline_scheduled.py
[2026-01-20T16:20:02.987+0000] {logging_mixin.py:188} INFO - [2026-01-20T16:20:02.986+0000] {dag.py:3089} INFO - Sync 1 DAGs
[2026-01-20T16:20:03.016+0000] {logging_mixin.py:188} INFO - [2026-01-20T16:20:03.016+0000] {dag.py:3947} INFO - Setting next_dagrun for pipeline_scheduled to 2026-01-20 16:00:00+00:00, run_after=2026-01-20 17:00:00+00:00
[2026-01-20T16:20:03.040+0000] {processor.py:183} INFO - Processing /opt/airflow/dags/pipeline_scheduled.py took 0.137 seconds
[2026-01-20T16:20:33.312+0000] {processor.py:161} INFO - Started process (PID=23709) to work on /opt/airflow/dags/pipeline_scheduled.py
[2026-01-20T16:20:33.314+0000] {processor.py:830} INFO - Processing file /opt/airflow/dags/pipeline_scheduled.py for tasks to queue
[2026-01-20T16:20:33.316+0000] {logging_mixin.py:188} INFO - [2026-01-20T16:20:33.316+0000] {dagbag.py:545} INFO - Filling up the DagBag from /opt/airflow/dags/pipeline_scheduled.py
[2026-01-20T16:20:33.341+0000] {processor.py:840} INFO - DAG(s) 'pipeline_scheduled' retrieved from /opt/airflow/dags/pipeline_scheduled.py
[2026-01-20T16:20:33.380+0000] {logging_mixin.py:188} INFO - [2026-01-20T16:20:33.380+0000] {dag.py:3089} INFO - Sync 1 DAGs
[2026-01-20T16:20:33.409+0000] {logging_mixin.py:188} INFO - [2026-01-20T16:20:33.409+0000] {dag.py:3947} INFO - Setting next_dagrun for pipeline_scheduled to 2026-01-20 16:00:00+00:00, run_after=2026-01-20 17:00:00+00:00
[2026-01-20T16:20:33.434+0000] {processor.py:183} INFO - Processing /opt/airflow/dags/pipeline_scheduled.py took 0.129 seconds
[2026-01-20T16:21:03.701+0000] {processor.py:161} INFO - Started process (PID=23719) to work on /opt/airflow/dags/pipeline_scheduled.py
[2026-01-20T16:21:03.702+0000] {processor.py:830} INFO - Processing file /opt/airflow/dags/pipeline_scheduled.py for tasks to queue
[2026-01-20T16:21:03.706+0000] {logging_mixin.py:188} INFO - [2026-01-20T16:21:03.706+0000] {dagbag.py:545} INFO - Filling up the DagBag from /opt/airflow/dags/pipeline_scheduled.py
[2026-01-20T16:21:03.744+0000] {processor.py:840} INFO - DAG(s) 'pipeline_scheduled' retrieved from /opt/airflow/dags/pipeline_scheduled.py
[2026-01-20T16:21:03.799+0000] {logging_mixin.py:188} INFO - [2026-01-20T16:21:03.799+0000] {dag.py:3089} INFO - Sync 1 DAGs
[2026-01-20T16:21:03.827+0000] {logging_mixin.py:188} INFO - [2026-01-20T16:21:03.827+0000] {dag.py:3947} INFO - Setting next_dagrun for pipeline_scheduled to 2026-01-20 16:00:00+00:00, run_after=2026-01-20 17:00:00+00:00
[2026-01-20T16:21:03.850+0000] {processor.py:183} INFO - Processing /opt/airflow/dags/pipeline_scheduled.py took 0.160 seconds
[2026-01-20T16:21:34.119+0000] {processor.py:161} INFO - Started process (PID=23729) to work on /opt/airflow/dags/pipeline_scheduled.py
[2026-01-20T16:21:34.121+0000] {processor.py:830} INFO - Processing file /opt/airflow/dags/pipeline_scheduled.py for tasks to queue
[2026-01-20T16:21:34.124+0000] {logging_mixin.py:188} INFO - [2026-01-20T16:21:34.123+0000] {dagbag.py:545} INFO - Filling up the DagBag from /opt/airflow/dags/pipeline_scheduled.py
[2026-01-20T16:21:34.148+0000] {processor.py:840} INFO - DAG(s) 'pipeline_scheduled' retrieved from /opt/airflow/dags/pipeline_scheduled.py
[2026-01-20T16:21:34.186+0000] {logging_mixin.py:188} INFO - [2026-01-20T16:21:34.185+0000] {dag.py:3089} INFO - Sync 1 DAGs
[2026-01-20T16:21:34.213+0000] {logging_mixin.py:188} INFO - [2026-01-20T16:21:34.213+0000] {dag.py:3947} INFO - Setting next_dagrun for pipeline_scheduled to 2026-01-20 16:00:00+00:00, run_after=2026-01-20 17:00:00+00:00
[2026-01-20T16:21:34.235+0000] {processor.py:183} INFO - Processing /opt/airflow/dags/pipeline_scheduled.py took 0.122 seconds
[2026-01-20T16:22:04.496+0000] {processor.py:161} INFO - Started process (PID=23739) to work on /opt/airflow/dags/pipeline_scheduled.py
[2026-01-20T16:22:04.497+0000] {processor.py:830} INFO - Processing file /opt/airflow/dags/pipeline_scheduled.py for tasks to queue
[2026-01-20T16:22:04.500+0000] {logging_mixin.py:188} INFO - [2026-01-20T16:22:04.499+0000] {dagbag.py:545} INFO - Filling up the DagBag from /opt/airflow/dags/pipeline_scheduled.py
[2026-01-20T16:22:04.527+0000] {processor.py:840} INFO - DAG(s) 'pipeline_scheduled' retrieved from /opt/airflow/dags/pipeline_scheduled.py
[2026-01-20T16:22:04.569+0000] {logging_mixin.py:188} INFO - [2026-01-20T16:22:04.569+0000] {dag.py:3089} INFO - Sync 1 DAGs
[2026-01-20T16:22:04.595+0000] {logging_mixin.py:188} INFO - [2026-01-20T16:22:04.595+0000] {dag.py:3947} INFO - Setting next_dagrun for pipeline_scheduled to 2026-01-20 16:00:00+00:00, run_after=2026-01-20 17:00:00+00:00
[2026-01-20T16:22:04.620+0000] {processor.py:183} INFO - Processing /opt/airflow/dags/pipeline_scheduled.py took 0.132 seconds
[2026-01-20T16:22:34.893+0000] {processor.py:161} INFO - Started process (PID=23749) to work on /opt/airflow/dags/pipeline_scheduled.py
[2026-01-20T16:22:34.894+0000] {processor.py:830} INFO - Processing file /opt/airflow/dags/pipeline_scheduled.py for tasks to queue
[2026-01-20T16:22:34.897+0000] {logging_mixin.py:188} INFO - [2026-01-20T16:22:34.897+0000] {dagbag.py:545} INFO - Filling up the DagBag from /opt/airflow/dags/pipeline_scheduled.py
[2026-01-20T16:22:34.927+0000] {processor.py:840} INFO - DAG(s) 'pipeline_scheduled' retrieved from /opt/airflow/dags/pipeline_scheduled.py
[2026-01-20T16:22:34.969+0000] {logging_mixin.py:188} INFO - [2026-01-20T16:22:34.968+0000] {dag.py:3089} INFO - Sync 1 DAGs
[2026-01-20T16:22:34.998+0000] {logging_mixin.py:188} INFO - [2026-01-20T16:22:34.998+0000] {dag.py:3947} INFO - Setting next_dagrun for pipeline_scheduled to 2026-01-20 16:00:00+00:00, run_after=2026-01-20 17:00:00+00:00
[2026-01-20T16:22:35.025+0000] {processor.py:183} INFO - Processing /opt/airflow/dags/pipeline_scheduled.py took 0.140 seconds
[2026-01-20T16:23:05.131+0000] {processor.py:161} INFO - Started process (PID=23759) to work on /opt/airflow/dags/pipeline_scheduled.py
[2026-01-20T16:23:05.133+0000] {processor.py:830} INFO - Processing file /opt/airflow/dags/pipeline_scheduled.py for tasks to queue
[2026-01-20T16:23:05.136+0000] {logging_mixin.py:188} INFO - [2026-01-20T16:23:05.136+0000] {dagbag.py:545} INFO - Filling up the DagBag from /opt/airflow/dags/pipeline_scheduled.py
[2026-01-20T16:23:05.171+0000] {processor.py:840} INFO - DAG(s) 'pipeline_scheduled' retrieved from /opt/airflow/dags/pipeline_scheduled.py
[2026-01-20T16:23:05.216+0000] {logging_mixin.py:188} INFO - [2026-01-20T16:23:05.216+0000] {dag.py:3089} INFO - Sync 1 DAGs
[2026-01-20T16:23:05.250+0000] {logging_mixin.py:188} INFO - [2026-01-20T16:23:05.250+0000] {dag.py:3947} INFO - Setting next_dagrun for pipeline_scheduled to 2026-01-20 16:00:00+00:00, run_after=2026-01-20 17:00:00+00:00
[2026-01-20T16:23:05.279+0000] {processor.py:183} INFO - Processing /opt/airflow/dags/pipeline_scheduled.py took 0.157 seconds
[2026-01-20T16:23:35.550+0000] {processor.py:161} INFO - Started process (PID=23769) to work on /opt/airflow/dags/pipeline_scheduled.py
[2026-01-20T16:23:35.552+0000] {processor.py:830} INFO - Processing file /opt/airflow/dags/pipeline_scheduled.py for tasks to queue
[2026-01-20T16:23:35.555+0000] {logging_mixin.py:188} INFO - [2026-01-20T16:23:35.554+0000] {dagbag.py:545} INFO - Filling up the DagBag from /opt/airflow/dags/pipeline_scheduled.py
[2026-01-20T16:23:35.579+0000] {processor.py:840} INFO - DAG(s) 'pipeline_scheduled' retrieved from /opt/airflow/dags/pipeline_scheduled.py
[2026-01-20T16:23:35.618+0000] {logging_mixin.py:188} INFO - [2026-01-20T16:23:35.618+0000] {dag.py:3089} INFO - Sync 1 DAGs
[2026-01-20T16:23:35.643+0000] {logging_mixin.py:188} INFO - [2026-01-20T16:23:35.643+0000] {dag.py:3947} INFO - Setting next_dagrun for pipeline_scheduled to 2026-01-20 16:00:00+00:00, run_after=2026-01-20 17:00:00+00:00
[2026-01-20T16:23:35.667+0000] {processor.py:183} INFO - Processing /opt/airflow/dags/pipeline_scheduled.py took 0.123 seconds
[2026-01-20T16:24:05.935+0000] {processor.py:161} INFO - Started process (PID=23779) to work on /opt/airflow/dags/pipeline_scheduled.py
[2026-01-20T16:24:05.936+0000] {processor.py:830} INFO - Processing file /opt/airflow/dags/pipeline_scheduled.py for tasks to queue
[2026-01-20T16:24:05.938+0000] {logging_mixin.py:188} INFO - [2026-01-20T16:24:05.938+0000] {dagbag.py:545} INFO - Filling up the DagBag from /opt/airflow/dags/pipeline_scheduled.py
[2026-01-20T16:24:05.967+0000] {processor.py:840} INFO - DAG(s) 'pipeline_scheduled' retrieved from /opt/airflow/dags/pipeline_scheduled.py
[2026-01-20T16:24:06.008+0000] {logging_mixin.py:188} INFO - [2026-01-20T16:24:06.007+0000] {dag.py:3089} INFO - Sync 1 DAGs
[2026-01-20T16:24:06.034+0000] {logging_mixin.py:188} INFO - [2026-01-20T16:24:06.034+0000] {dag.py:3947} INFO - Setting next_dagrun for pipeline_scheduled to 2026-01-20 16:00:00+00:00, run_after=2026-01-20 17:00:00+00:00
[2026-01-20T16:24:06.058+0000] {processor.py:183} INFO - Processing /opt/airflow/dags/pipeline_scheduled.py took 0.133 seconds
[2026-01-20T16:24:36.370+0000] {processor.py:161} INFO - Started process (PID=23789) to work on /opt/airflow/dags/pipeline_scheduled.py
[2026-01-20T16:24:36.371+0000] {processor.py:830} INFO - Processing file /opt/airflow/dags/pipeline_scheduled.py for tasks to queue
[2026-01-20T16:24:36.374+0000] {logging_mixin.py:188} INFO - [2026-01-20T16:24:36.373+0000] {dagbag.py:545} INFO - Filling up the DagBag from /opt/airflow/dags/pipeline_scheduled.py
[2026-01-20T16:24:36.403+0000] {processor.py:840} INFO - DAG(s) 'pipeline_scheduled' retrieved from /opt/airflow/dags/pipeline_scheduled.py
[2026-01-20T16:24:36.448+0000] {logging_mixin.py:188} INFO - [2026-01-20T16:24:36.447+0000] {dag.py:3089} INFO - Sync 1 DAGs
[2026-01-20T16:24:36.479+0000] {logging_mixin.py:188} INFO - [2026-01-20T16:24:36.479+0000] {dag.py:3947} INFO - Setting next_dagrun for pipeline_scheduled to 2026-01-20 16:00:00+00:00, run_after=2026-01-20 17:00:00+00:00
[2026-01-20T16:24:36.504+0000] {processor.py:183} INFO - Processing /opt/airflow/dags/pipeline_scheduled.py took 0.141 seconds
[2026-01-20T16:25:06.611+0000] {processor.py:161} INFO - Started process (PID=23799) to work on /opt/airflow/dags/pipeline_scheduled.py
[2026-01-20T16:25:06.613+0000] {processor.py:830} INFO - Processing file /opt/airflow/dags/pipeline_scheduled.py for tasks to queue
[2026-01-20T16:25:06.615+0000] {logging_mixin.py:188} INFO - [2026-01-20T16:25:06.615+0000] {dagbag.py:545} INFO - Filling up the DagBag from /opt/airflow/dags/pipeline_scheduled.py
[2026-01-20T16:25:06.643+0000] {processor.py:840} INFO - DAG(s) 'pipeline_scheduled' retrieved from /opt/airflow/dags/pipeline_scheduled.py
[2026-01-20T16:25:06.682+0000] {logging_mixin.py:188} INFO - [2026-01-20T16:25:06.681+0000] {dag.py:3089} INFO - Sync 1 DAGs
[2026-01-20T16:25:06.706+0000] {logging_mixin.py:188} INFO - [2026-01-20T16:25:06.705+0000] {dag.py:3947} INFO - Setting next_dagrun for pipeline_scheduled to 2026-01-20 16:00:00+00:00, run_after=2026-01-20 17:00:00+00:00
[2026-01-20T16:25:06.728+0000] {processor.py:183} INFO - Processing /opt/airflow/dags/pipeline_scheduled.py took 0.124 seconds
[2026-01-20T16:25:36.991+0000] {processor.py:161} INFO - Started process (PID=23809) to work on /opt/airflow/dags/pipeline_scheduled.py
[2026-01-20T16:25:36.993+0000] {processor.py:830} INFO - Processing file /opt/airflow/dags/pipeline_scheduled.py for tasks to queue
[2026-01-20T16:25:36.995+0000] {logging_mixin.py:188} INFO - [2026-01-20T16:25:36.995+0000] {dagbag.py:545} INFO - Filling up the DagBag from /opt/airflow/dags/pipeline_scheduled.py
[2026-01-20T16:25:37.021+0000] {processor.py:840} INFO - DAG(s) 'pipeline_scheduled' retrieved from /opt/airflow/dags/pipeline_scheduled.py
[2026-01-20T16:25:37.058+0000] {logging_mixin.py:188} INFO - [2026-01-20T16:25:37.057+0000] {dag.py:3089} INFO - Sync 1 DAGs
[2026-01-20T16:25:37.083+0000] {logging_mixin.py:188} INFO - [2026-01-20T16:25:37.082+0000] {dag.py:3947} INFO - Setting next_dagrun for pipeline_scheduled to 2026-01-20 16:00:00+00:00, run_after=2026-01-20 17:00:00+00:00
[2026-01-20T16:25:37.109+0000] {processor.py:183} INFO - Processing /opt/airflow/dags/pipeline_scheduled.py took 0.125 seconds
[2026-01-20T16:26:07.377+0000] {processor.py:161} INFO - Started process (PID=23819) to work on /opt/airflow/dags/pipeline_scheduled.py
[2026-01-20T16:26:07.379+0000] {processor.py:830} INFO - Processing file /opt/airflow/dags/pipeline_scheduled.py for tasks to queue
[2026-01-20T16:26:07.382+0000] {logging_mixin.py:188} INFO - [2026-01-20T16:26:07.381+0000] {dagbag.py:545} INFO - Filling up the DagBag from /opt/airflow/dags/pipeline_scheduled.py
[2026-01-20T16:26:07.406+0000] {processor.py:840} INFO - DAG(s) 'pipeline_scheduled' retrieved from /opt/airflow/dags/pipeline_scheduled.py
[2026-01-20T16:26:07.444+0000] {logging_mixin.py:188} INFO - [2026-01-20T16:26:07.443+0000] {dag.py:3089} INFO - Sync 1 DAGs
[2026-01-20T16:26:07.470+0000] {logging_mixin.py:188} INFO - [2026-01-20T16:26:07.469+0000] {dag.py:3947} INFO - Setting next_dagrun for pipeline_scheduled to 2026-01-20 16:00:00+00:00, run_after=2026-01-20 17:00:00+00:00
[2026-01-20T16:26:07.494+0000] {processor.py:183} INFO - Processing /opt/airflow/dags/pipeline_scheduled.py took 0.123 seconds
[2026-01-20T16:26:37.771+0000] {processor.py:161} INFO - Started process (PID=23829) to work on /opt/airflow/dags/pipeline_scheduled.py
[2026-01-20T16:26:37.773+0000] {processor.py:830} INFO - Processing file /opt/airflow/dags/pipeline_scheduled.py for tasks to queue
[2026-01-20T16:26:37.777+0000] {logging_mixin.py:188} INFO - [2026-01-20T16:26:37.777+0000] {dagbag.py:545} INFO - Filling up the DagBag from /opt/airflow/dags/pipeline_scheduled.py
[2026-01-20T16:26:37.808+0000] {processor.py:840} INFO - DAG(s) 'pipeline_scheduled' retrieved from /opt/airflow/dags/pipeline_scheduled.py
[2026-01-20T16:26:37.853+0000] {logging_mixin.py:188} INFO - [2026-01-20T16:26:37.852+0000] {dag.py:3089} INFO - Sync 1 DAGs
[2026-01-20T16:26:37.882+0000] {logging_mixin.py:188} INFO - [2026-01-20T16:26:37.882+0000] {dag.py:3947} INFO - Setting next_dagrun for pipeline_scheduled to 2026-01-20 16:00:00+00:00, run_after=2026-01-20 17:00:00+00:00
[2026-01-20T16:26:37.910+0000] {processor.py:183} INFO - Processing /opt/airflow/dags/pipeline_scheduled.py took 0.146 seconds
[2026-01-20T16:27:08.012+0000] {processor.py:161} INFO - Started process (PID=23839) to work on /opt/airflow/dags/pipeline_scheduled.py
[2026-01-20T16:27:08.013+0000] {processor.py:830} INFO - Processing file /opt/airflow/dags/pipeline_scheduled.py for tasks to queue
[2026-01-20T16:27:08.016+0000] {logging_mixin.py:188} INFO - [2026-01-20T16:27:08.016+0000] {dagbag.py:545} INFO - Filling up the DagBag from /opt/airflow/dags/pipeline_scheduled.py
[2026-01-20T16:27:08.043+0000] {processor.py:840} INFO - DAG(s) 'pipeline_scheduled' retrieved from /opt/airflow/dags/pipeline_scheduled.py
[2026-01-20T16:27:08.086+0000] {logging_mixin.py:188} INFO - [2026-01-20T16:27:08.086+0000] {dag.py:3089} INFO - Sync 1 DAGs
[2026-01-20T16:27:08.112+0000] {logging_mixin.py:188} INFO - [2026-01-20T16:27:08.112+0000] {dag.py:3947} INFO - Setting next_dagrun for pipeline_scheduled to 2026-01-20 16:00:00+00:00, run_after=2026-01-20 17:00:00+00:00
[2026-01-20T16:27:08.138+0000] {processor.py:183} INFO - Processing /opt/airflow/dags/pipeline_scheduled.py took 0.133 seconds
[2026-01-20T16:27:38.401+0000] {processor.py:161} INFO - Started process (PID=23849) to work on /opt/airflow/dags/pipeline_scheduled.py
[2026-01-20T16:27:38.402+0000] {processor.py:830} INFO - Processing file /opt/airflow/dags/pipeline_scheduled.py for tasks to queue
[2026-01-20T16:27:38.405+0000] {logging_mixin.py:188} INFO - [2026-01-20T16:27:38.405+0000] {dagbag.py:545} INFO - Filling up the DagBag from /opt/airflow/dags/pipeline_scheduled.py
[2026-01-20T16:27:38.431+0000] {processor.py:840} INFO - DAG(s) 'pipeline_scheduled' retrieved from /opt/airflow/dags/pipeline_scheduled.py
[2026-01-20T16:27:38.470+0000] {logging_mixin.py:188} INFO - [2026-01-20T16:27:38.470+0000] {dag.py:3089} INFO - Sync 1 DAGs
[2026-01-20T16:27:38.496+0000] {logging_mixin.py:188} INFO - [2026-01-20T16:27:38.496+0000] {dag.py:3947} INFO - Setting next_dagrun for pipeline_scheduled to 2026-01-20 16:00:00+00:00, run_after=2026-01-20 17:00:00+00:00
[2026-01-20T16:27:38.523+0000] {processor.py:183} INFO - Processing /opt/airflow/dags/pipeline_scheduled.py took 0.128 seconds
[2026-01-20T16:28:08.797+0000] {processor.py:161} INFO - Started process (PID=23859) to work on /opt/airflow/dags/pipeline_scheduled.py
[2026-01-20T16:28:08.798+0000] {processor.py:830} INFO - Processing file /opt/airflow/dags/pipeline_scheduled.py for tasks to queue
[2026-01-20T16:28:08.801+0000] {logging_mixin.py:188} INFO - [2026-01-20T16:28:08.801+0000] {dagbag.py:545} INFO - Filling up the DagBag from /opt/airflow/dags/pipeline_scheduled.py
[2026-01-20T16:28:08.826+0000] {processor.py:840} INFO - DAG(s) 'pipeline_scheduled' retrieved from /opt/airflow/dags/pipeline_scheduled.py
[2026-01-20T16:28:08.864+0000] {logging_mixin.py:188} INFO - [2026-01-20T16:28:08.863+0000] {dag.py:3089} INFO - Sync 1 DAGs
[2026-01-20T16:28:08.889+0000] {logging_mixin.py:188} INFO - [2026-01-20T16:28:08.889+0000] {dag.py:3947} INFO - Setting next_dagrun for pipeline_scheduled to 2026-01-20 16:00:00+00:00, run_after=2026-01-20 17:00:00+00:00
[2026-01-20T16:28:08.917+0000] {processor.py:183} INFO - Processing /opt/airflow/dags/pipeline_scheduled.py took 0.128 seconds
