[2026-01-20T00:00:29.058+0000] {processor.py:161} INFO - Started process (PID=16216) to work on /opt/airflow/dags/pipeline_one_off.py
[2026-01-20T00:00:29.060+0000] {processor.py:830} INFO - Processing file /opt/airflow/dags/pipeline_one_off.py for tasks to queue
[2026-01-20T00:00:29.063+0000] {logging_mixin.py:188} INFO - [2026-01-20T00:00:29.062+0000] {dagbag.py:545} INFO - Filling up the DagBag from /opt/airflow/dags/pipeline_one_off.py
[2026-01-20T00:00:29.090+0000] {processor.py:840} INFO - DAG(s) 'pipeline_one_off' retrieved from /opt/airflow/dags/pipeline_one_off.py
[2026-01-20T00:00:29.132+0000] {logging_mixin.py:188} INFO - [2026-01-20T00:00:29.132+0000] {dag.py:3089} INFO - Sync 1 DAGs
[2026-01-20T00:00:29.148+0000] {logging_mixin.py:188} INFO - [2026-01-20T00:00:29.147+0000] {dag.py:3947} INFO - Setting next_dagrun for pipeline_one_off to None, run_after=None
[2026-01-20T00:00:29.175+0000] {processor.py:183} INFO - Processing /opt/airflow/dags/pipeline_one_off.py took 0.126 seconds
[2026-01-20T00:00:59.475+0000] {processor.py:161} INFO - Started process (PID=16226) to work on /opt/airflow/dags/pipeline_one_off.py
[2026-01-20T00:00:59.476+0000] {processor.py:830} INFO - Processing file /opt/airflow/dags/pipeline_one_off.py for tasks to queue
[2026-01-20T00:00:59.479+0000] {logging_mixin.py:188} INFO - [2026-01-20T00:00:59.479+0000] {dagbag.py:545} INFO - Filling up the DagBag from /opt/airflow/dags/pipeline_one_off.py
[2026-01-20T00:00:59.506+0000] {processor.py:840} INFO - DAG(s) 'pipeline_one_off' retrieved from /opt/airflow/dags/pipeline_one_off.py
[2026-01-20T00:00:59.548+0000] {logging_mixin.py:188} INFO - [2026-01-20T00:00:59.548+0000] {dag.py:3089} INFO - Sync 1 DAGs
[2026-01-20T00:00:59.564+0000] {logging_mixin.py:188} INFO - [2026-01-20T00:00:59.564+0000] {dag.py:3947} INFO - Setting next_dagrun for pipeline_one_off to None, run_after=None
[2026-01-20T00:00:59.589+0000] {processor.py:183} INFO - Processing /opt/airflow/dags/pipeline_one_off.py took 0.122 seconds
[2026-01-20T00:01:29.874+0000] {processor.py:161} INFO - Started process (PID=16236) to work on /opt/airflow/dags/pipeline_one_off.py
[2026-01-20T00:01:29.875+0000] {processor.py:830} INFO - Processing file /opt/airflow/dags/pipeline_one_off.py for tasks to queue
[2026-01-20T00:01:29.878+0000] {logging_mixin.py:188} INFO - [2026-01-20T00:01:29.877+0000] {dagbag.py:545} INFO - Filling up the DagBag from /opt/airflow/dags/pipeline_one_off.py
[2026-01-20T00:01:29.903+0000] {processor.py:840} INFO - DAG(s) 'pipeline_one_off' retrieved from /opt/airflow/dags/pipeline_one_off.py
[2026-01-20T00:01:29.945+0000] {logging_mixin.py:188} INFO - [2026-01-20T00:01:29.945+0000] {dag.py:3089} INFO - Sync 1 DAGs
[2026-01-20T00:01:29.961+0000] {logging_mixin.py:188} INFO - [2026-01-20T00:01:29.961+0000] {dag.py:3947} INFO - Setting next_dagrun for pipeline_one_off to None, run_after=None
[2026-01-20T00:01:29.988+0000] {processor.py:183} INFO - Processing /opt/airflow/dags/pipeline_one_off.py took 0.122 seconds
[2026-01-20T00:02:00.286+0000] {processor.py:161} INFO - Started process (PID=16246) to work on /opt/airflow/dags/pipeline_one_off.py
[2026-01-20T00:02:00.287+0000] {processor.py:830} INFO - Processing file /opt/airflow/dags/pipeline_one_off.py for tasks to queue
[2026-01-20T00:02:00.290+0000] {logging_mixin.py:188} INFO - [2026-01-20T00:02:00.290+0000] {dagbag.py:545} INFO - Filling up the DagBag from /opt/airflow/dags/pipeline_one_off.py
[2026-01-20T00:02:00.315+0000] {processor.py:840} INFO - DAG(s) 'pipeline_one_off' retrieved from /opt/airflow/dags/pipeline_one_off.py
[2026-01-20T00:02:00.357+0000] {logging_mixin.py:188} INFO - [2026-01-20T00:02:00.356+0000] {dag.py:3089} INFO - Sync 1 DAGs
[2026-01-20T00:02:00.372+0000] {logging_mixin.py:188} INFO - [2026-01-20T00:02:00.372+0000] {dag.py:3947} INFO - Setting next_dagrun for pipeline_one_off to None, run_after=None
[2026-01-20T00:02:00.396+0000] {processor.py:183} INFO - Processing /opt/airflow/dags/pipeline_one_off.py took 0.118 seconds
[2026-01-20T00:02:30.692+0000] {processor.py:161} INFO - Started process (PID=16256) to work on /opt/airflow/dags/pipeline_one_off.py
[2026-01-20T00:02:30.694+0000] {processor.py:830} INFO - Processing file /opt/airflow/dags/pipeline_one_off.py for tasks to queue
[2026-01-20T00:02:30.697+0000] {logging_mixin.py:188} INFO - [2026-01-20T00:02:30.696+0000] {dagbag.py:545} INFO - Filling up the DagBag from /opt/airflow/dags/pipeline_one_off.py
[2026-01-20T00:02:30.722+0000] {processor.py:840} INFO - DAG(s) 'pipeline_one_off' retrieved from /opt/airflow/dags/pipeline_one_off.py
[2026-01-20T00:02:30.763+0000] {logging_mixin.py:188} INFO - [2026-01-20T00:02:30.763+0000] {dag.py:3089} INFO - Sync 1 DAGs
[2026-01-20T00:02:30.778+0000] {logging_mixin.py:188} INFO - [2026-01-20T00:02:30.778+0000] {dag.py:3947} INFO - Setting next_dagrun for pipeline_one_off to None, run_after=None
[2026-01-20T00:02:30.802+0000] {processor.py:183} INFO - Processing /opt/airflow/dags/pipeline_one_off.py took 0.118 seconds
[2026-01-20T00:03:01.098+0000] {processor.py:161} INFO - Started process (PID=16266) to work on /opt/airflow/dags/pipeline_one_off.py
[2026-01-20T00:03:01.099+0000] {processor.py:830} INFO - Processing file /opt/airflow/dags/pipeline_one_off.py for tasks to queue
[2026-01-20T00:03:01.101+0000] {logging_mixin.py:188} INFO - [2026-01-20T00:03:01.101+0000] {dagbag.py:545} INFO - Filling up the DagBag from /opt/airflow/dags/pipeline_one_off.py
[2026-01-20T00:03:01.127+0000] {processor.py:840} INFO - DAG(s) 'pipeline_one_off' retrieved from /opt/airflow/dags/pipeline_one_off.py
[2026-01-20T00:03:01.168+0000] {logging_mixin.py:188} INFO - [2026-01-20T00:03:01.168+0000] {dag.py:3089} INFO - Sync 1 DAGs
[2026-01-20T00:03:01.185+0000] {logging_mixin.py:188} INFO - [2026-01-20T00:03:01.185+0000] {dag.py:3947} INFO - Setting next_dagrun for pipeline_one_off to None, run_after=None
[2026-01-20T00:03:01.209+0000] {processor.py:183} INFO - Processing /opt/airflow/dags/pipeline_one_off.py took 0.120 seconds
[2026-01-20T00:03:31.551+0000] {processor.py:161} INFO - Started process (PID=16276) to work on /opt/airflow/dags/pipeline_one_off.py
[2026-01-20T00:03:31.552+0000] {processor.py:830} INFO - Processing file /opt/airflow/dags/pipeline_one_off.py for tasks to queue
[2026-01-20T00:03:31.556+0000] {logging_mixin.py:188} INFO - [2026-01-20T00:03:31.556+0000] {dagbag.py:545} INFO - Filling up the DagBag from /opt/airflow/dags/pipeline_one_off.py
[2026-01-20T00:03:31.580+0000] {processor.py:840} INFO - DAG(s) 'pipeline_one_off' retrieved from /opt/airflow/dags/pipeline_one_off.py
[2026-01-20T00:03:31.619+0000] {logging_mixin.py:188} INFO - [2026-01-20T00:03:31.619+0000] {dag.py:3089} INFO - Sync 1 DAGs
[2026-01-20T00:03:31.634+0000] {logging_mixin.py:188} INFO - [2026-01-20T00:03:31.634+0000] {dag.py:3947} INFO - Setting next_dagrun for pipeline_one_off to None, run_after=None
[2026-01-20T00:03:31.661+0000] {processor.py:183} INFO - Processing /opt/airflow/dags/pipeline_one_off.py took 0.117 seconds
[2026-01-20T00:04:01.953+0000] {processor.py:161} INFO - Started process (PID=16286) to work on /opt/airflow/dags/pipeline_one_off.py
[2026-01-20T00:04:01.955+0000] {processor.py:830} INFO - Processing file /opt/airflow/dags/pipeline_one_off.py for tasks to queue
[2026-01-20T00:04:01.959+0000] {logging_mixin.py:188} INFO - [2026-01-20T00:04:01.958+0000] {dagbag.py:545} INFO - Filling up the DagBag from /opt/airflow/dags/pipeline_one_off.py
[2026-01-20T00:04:01.983+0000] {processor.py:840} INFO - DAG(s) 'pipeline_one_off' retrieved from /opt/airflow/dags/pipeline_one_off.py
[2026-01-20T00:04:02.023+0000] {logging_mixin.py:188} INFO - [2026-01-20T00:04:02.022+0000] {dag.py:3089} INFO - Sync 1 DAGs
[2026-01-20T00:04:02.038+0000] {logging_mixin.py:188} INFO - [2026-01-20T00:04:02.038+0000] {dag.py:3947} INFO - Setting next_dagrun for pipeline_one_off to None, run_after=None
[2026-01-20T00:04:02.061+0000] {processor.py:183} INFO - Processing /opt/airflow/dags/pipeline_one_off.py took 0.116 seconds
[2026-01-20T00:04:32.349+0000] {processor.py:161} INFO - Started process (PID=16296) to work on /opt/airflow/dags/pipeline_one_off.py
[2026-01-20T00:04:32.350+0000] {processor.py:830} INFO - Processing file /opt/airflow/dags/pipeline_one_off.py for tasks to queue
[2026-01-20T00:04:32.353+0000] {logging_mixin.py:188} INFO - [2026-01-20T00:04:32.352+0000] {dagbag.py:545} INFO - Filling up the DagBag from /opt/airflow/dags/pipeline_one_off.py
[2026-01-20T00:04:32.380+0000] {processor.py:840} INFO - DAG(s) 'pipeline_one_off' retrieved from /opt/airflow/dags/pipeline_one_off.py
[2026-01-20T00:04:32.422+0000] {logging_mixin.py:188} INFO - [2026-01-20T00:04:32.421+0000] {dag.py:3089} INFO - Sync 1 DAGs
[2026-01-20T00:04:32.439+0000] {logging_mixin.py:188} INFO - [2026-01-20T00:04:32.438+0000] {dag.py:3947} INFO - Setting next_dagrun for pipeline_one_off to None, run_after=None
[2026-01-20T00:04:32.470+0000] {processor.py:183} INFO - Processing /opt/airflow/dags/pipeline_one_off.py took 0.130 seconds
[2026-01-20T00:05:02.765+0000] {processor.py:161} INFO - Started process (PID=16306) to work on /opt/airflow/dags/pipeline_one_off.py
[2026-01-20T00:05:02.767+0000] {processor.py:830} INFO - Processing file /opt/airflow/dags/pipeline_one_off.py for tasks to queue
[2026-01-20T00:05:02.770+0000] {logging_mixin.py:188} INFO - [2026-01-20T00:05:02.769+0000] {dagbag.py:545} INFO - Filling up the DagBag from /opt/airflow/dags/pipeline_one_off.py
[2026-01-20T00:05:02.797+0000] {processor.py:840} INFO - DAG(s) 'pipeline_one_off' retrieved from /opt/airflow/dags/pipeline_one_off.py
[2026-01-20T00:05:02.839+0000] {logging_mixin.py:188} INFO - [2026-01-20T00:05:02.838+0000] {dag.py:3089} INFO - Sync 1 DAGs
[2026-01-20T00:05:02.853+0000] {logging_mixin.py:188} INFO - [2026-01-20T00:05:02.853+0000] {dag.py:3947} INFO - Setting next_dagrun for pipeline_one_off to None, run_after=None
[2026-01-20T00:05:02.879+0000] {processor.py:183} INFO - Processing /opt/airflow/dags/pipeline_one_off.py took 0.123 seconds
[2026-01-20T00:05:33.167+0000] {processor.py:161} INFO - Started process (PID=16316) to work on /opt/airflow/dags/pipeline_one_off.py
[2026-01-20T00:05:33.168+0000] {processor.py:830} INFO - Processing file /opt/airflow/dags/pipeline_one_off.py for tasks to queue
[2026-01-20T00:05:33.170+0000] {logging_mixin.py:188} INFO - [2026-01-20T00:05:33.170+0000] {dagbag.py:545} INFO - Filling up the DagBag from /opt/airflow/dags/pipeline_one_off.py
[2026-01-20T00:05:33.193+0000] {processor.py:840} INFO - DAG(s) 'pipeline_one_off' retrieved from /opt/airflow/dags/pipeline_one_off.py
[2026-01-20T00:05:33.230+0000] {logging_mixin.py:188} INFO - [2026-01-20T00:05:33.230+0000] {dag.py:3089} INFO - Sync 1 DAGs
[2026-01-20T00:05:33.244+0000] {logging_mixin.py:188} INFO - [2026-01-20T00:05:33.243+0000] {dag.py:3947} INFO - Setting next_dagrun for pipeline_one_off to None, run_after=None
[2026-01-20T00:05:33.266+0000] {processor.py:183} INFO - Processing /opt/airflow/dags/pipeline_one_off.py took 0.106 seconds
[2026-01-20T00:06:03.566+0000] {processor.py:161} INFO - Started process (PID=16326) to work on /opt/airflow/dags/pipeline_one_off.py
[2026-01-20T00:06:03.567+0000] {processor.py:830} INFO - Processing file /opt/airflow/dags/pipeline_one_off.py for tasks to queue
[2026-01-20T00:06:03.569+0000] {logging_mixin.py:188} INFO - [2026-01-20T00:06:03.569+0000] {dagbag.py:545} INFO - Filling up the DagBag from /opt/airflow/dags/pipeline_one_off.py
[2026-01-20T00:06:03.595+0000] {processor.py:840} INFO - DAG(s) 'pipeline_one_off' retrieved from /opt/airflow/dags/pipeline_one_off.py
[2026-01-20T00:06:03.637+0000] {logging_mixin.py:188} INFO - [2026-01-20T00:06:03.636+0000] {dag.py:3089} INFO - Sync 1 DAGs
[2026-01-20T00:06:03.651+0000] {logging_mixin.py:188} INFO - [2026-01-20T00:06:03.651+0000] {dag.py:3947} INFO - Setting next_dagrun for pipeline_one_off to None, run_after=None
[2026-01-20T00:06:03.674+0000] {processor.py:183} INFO - Processing /opt/airflow/dags/pipeline_one_off.py took 0.117 seconds
[2026-01-20T00:06:33.970+0000] {processor.py:161} INFO - Started process (PID=16336) to work on /opt/airflow/dags/pipeline_one_off.py
[2026-01-20T00:06:33.972+0000] {processor.py:830} INFO - Processing file /opt/airflow/dags/pipeline_one_off.py for tasks to queue
[2026-01-20T00:06:33.975+0000] {logging_mixin.py:188} INFO - [2026-01-20T00:06:33.974+0000] {dagbag.py:545} INFO - Filling up the DagBag from /opt/airflow/dags/pipeline_one_off.py
[2026-01-20T00:06:34.000+0000] {processor.py:840} INFO - DAG(s) 'pipeline_one_off' retrieved from /opt/airflow/dags/pipeline_one_off.py
[2026-01-20T00:06:34.042+0000] {logging_mixin.py:188} INFO - [2026-01-20T00:06:34.042+0000] {dag.py:3089} INFO - Sync 1 DAGs
[2026-01-20T00:06:34.058+0000] {logging_mixin.py:188} INFO - [2026-01-20T00:06:34.057+0000] {dag.py:3947} INFO - Setting next_dagrun for pipeline_one_off to None, run_after=None
[2026-01-20T00:06:34.084+0000] {processor.py:183} INFO - Processing /opt/airflow/dags/pipeline_one_off.py took 0.123 seconds
[2026-01-20T00:07:04.381+0000] {processor.py:161} INFO - Started process (PID=16346) to work on /opt/airflow/dags/pipeline_one_off.py
[2026-01-20T00:07:04.382+0000] {processor.py:830} INFO - Processing file /opt/airflow/dags/pipeline_one_off.py for tasks to queue
[2026-01-20T00:07:04.385+0000] {logging_mixin.py:188} INFO - [2026-01-20T00:07:04.384+0000] {dagbag.py:545} INFO - Filling up the DagBag from /opt/airflow/dags/pipeline_one_off.py
[2026-01-20T00:07:04.409+0000] {processor.py:840} INFO - DAG(s) 'pipeline_one_off' retrieved from /opt/airflow/dags/pipeline_one_off.py
[2026-01-20T00:07:04.452+0000] {logging_mixin.py:188} INFO - [2026-01-20T00:07:04.452+0000] {dag.py:3089} INFO - Sync 1 DAGs
[2026-01-20T00:07:04.466+0000] {logging_mixin.py:188} INFO - [2026-01-20T00:07:04.466+0000] {dag.py:3947} INFO - Setting next_dagrun for pipeline_one_off to None, run_after=None
[2026-01-20T00:07:04.490+0000] {processor.py:183} INFO - Processing /opt/airflow/dags/pipeline_one_off.py took 0.117 seconds
[2026-01-20T00:07:34.786+0000] {processor.py:161} INFO - Started process (PID=16356) to work on /opt/airflow/dags/pipeline_one_off.py
[2026-01-20T00:07:34.787+0000] {processor.py:830} INFO - Processing file /opt/airflow/dags/pipeline_one_off.py for tasks to queue
[2026-01-20T00:07:34.789+0000] {logging_mixin.py:188} INFO - [2026-01-20T00:07:34.789+0000] {dagbag.py:545} INFO - Filling up the DagBag from /opt/airflow/dags/pipeline_one_off.py
[2026-01-20T00:07:34.819+0000] {processor.py:840} INFO - DAG(s) 'pipeline_one_off' retrieved from /opt/airflow/dags/pipeline_one_off.py
[2026-01-20T00:07:34.858+0000] {logging_mixin.py:188} INFO - [2026-01-20T00:07:34.858+0000] {dag.py:3089} INFO - Sync 1 DAGs
[2026-01-20T00:07:34.873+0000] {logging_mixin.py:188} INFO - [2026-01-20T00:07:34.873+0000] {dag.py:3947} INFO - Setting next_dagrun for pipeline_one_off to None, run_after=None
[2026-01-20T00:07:34.899+0000] {processor.py:183} INFO - Processing /opt/airflow/dags/pipeline_one_off.py took 0.121 seconds
[2026-01-20T00:08:05.173+0000] {processor.py:161} INFO - Started process (PID=16366) to work on /opt/airflow/dags/pipeline_one_off.py
[2026-01-20T00:08:05.174+0000] {processor.py:830} INFO - Processing file /opt/airflow/dags/pipeline_one_off.py for tasks to queue
[2026-01-20T00:08:05.178+0000] {logging_mixin.py:188} INFO - [2026-01-20T00:08:05.177+0000] {dagbag.py:545} INFO - Filling up the DagBag from /opt/airflow/dags/pipeline_one_off.py
[2026-01-20T00:08:05.203+0000] {processor.py:840} INFO - DAG(s) 'pipeline_one_off' retrieved from /opt/airflow/dags/pipeline_one_off.py
[2026-01-20T00:08:05.244+0000] {logging_mixin.py:188} INFO - [2026-01-20T00:08:05.243+0000] {dag.py:3089} INFO - Sync 1 DAGs
[2026-01-20T00:08:05.261+0000] {logging_mixin.py:188} INFO - [2026-01-20T00:08:05.261+0000] {dag.py:3947} INFO - Setting next_dagrun for pipeline_one_off to None, run_after=None
[2026-01-20T00:08:05.283+0000] {processor.py:183} INFO - Processing /opt/airflow/dags/pipeline_one_off.py took 0.118 seconds
[2026-01-20T00:08:35.618+0000] {processor.py:161} INFO - Started process (PID=16376) to work on /opt/airflow/dags/pipeline_one_off.py
[2026-01-20T00:08:35.619+0000] {processor.py:830} INFO - Processing file /opt/airflow/dags/pipeline_one_off.py for tasks to queue
[2026-01-20T00:08:35.623+0000] {logging_mixin.py:188} INFO - [2026-01-20T00:08:35.623+0000] {dagbag.py:545} INFO - Filling up the DagBag from /opt/airflow/dags/pipeline_one_off.py
[2026-01-20T00:08:35.648+0000] {processor.py:840} INFO - DAG(s) 'pipeline_one_off' retrieved from /opt/airflow/dags/pipeline_one_off.py
[2026-01-20T00:08:35.688+0000] {logging_mixin.py:188} INFO - [2026-01-20T00:08:35.688+0000] {dag.py:3089} INFO - Sync 1 DAGs
[2026-01-20T00:08:35.703+0000] {logging_mixin.py:188} INFO - [2026-01-20T00:08:35.702+0000] {dag.py:3947} INFO - Setting next_dagrun for pipeline_one_off to None, run_after=None
[2026-01-20T00:08:35.727+0000] {processor.py:183} INFO - Processing /opt/airflow/dags/pipeline_one_off.py took 0.118 seconds
[2026-01-20T00:09:06.023+0000] {processor.py:161} INFO - Started process (PID=16386) to work on /opt/airflow/dags/pipeline_one_off.py
[2026-01-20T00:09:06.025+0000] {processor.py:830} INFO - Processing file /opt/airflow/dags/pipeline_one_off.py for tasks to queue
[2026-01-20T00:09:06.028+0000] {logging_mixin.py:188} INFO - [2026-01-20T00:09:06.028+0000] {dagbag.py:545} INFO - Filling up the DagBag from /opt/airflow/dags/pipeline_one_off.py
[2026-01-20T00:09:06.054+0000] {processor.py:840} INFO - DAG(s) 'pipeline_one_off' retrieved from /opt/airflow/dags/pipeline_one_off.py
[2026-01-20T00:09:06.093+0000] {logging_mixin.py:188} INFO - [2026-01-20T00:09:06.093+0000] {dag.py:3089} INFO - Sync 1 DAGs
[2026-01-20T00:09:06.108+0000] {logging_mixin.py:188} INFO - [2026-01-20T00:09:06.108+0000] {dag.py:3947} INFO - Setting next_dagrun for pipeline_one_off to None, run_after=None
[2026-01-20T00:09:06.132+0000] {processor.py:183} INFO - Processing /opt/airflow/dags/pipeline_one_off.py took 0.117 seconds
[2026-01-20T00:09:36.431+0000] {processor.py:161} INFO - Started process (PID=16396) to work on /opt/airflow/dags/pipeline_one_off.py
[2026-01-20T00:09:36.433+0000] {processor.py:830} INFO - Processing file /opt/airflow/dags/pipeline_one_off.py for tasks to queue
[2026-01-20T00:09:36.437+0000] {logging_mixin.py:188} INFO - [2026-01-20T00:09:36.436+0000] {dagbag.py:545} INFO - Filling up the DagBag from /opt/airflow/dags/pipeline_one_off.py
[2026-01-20T00:09:36.463+0000] {processor.py:840} INFO - DAG(s) 'pipeline_one_off' retrieved from /opt/airflow/dags/pipeline_one_off.py
[2026-01-20T00:09:36.504+0000] {logging_mixin.py:188} INFO - [2026-01-20T00:09:36.504+0000] {dag.py:3089} INFO - Sync 1 DAGs
[2026-01-20T00:09:36.520+0000] {logging_mixin.py:188} INFO - [2026-01-20T00:09:36.520+0000] {dag.py:3947} INFO - Setting next_dagrun for pipeline_one_off to None, run_after=None
[2026-01-20T00:09:36.545+0000] {processor.py:183} INFO - Processing /opt/airflow/dags/pipeline_one_off.py took 0.123 seconds
[2026-01-20T00:10:06.841+0000] {processor.py:161} INFO - Started process (PID=16409) to work on /opt/airflow/dags/pipeline_one_off.py
[2026-01-20T00:10:06.843+0000] {processor.py:830} INFO - Processing file /opt/airflow/dags/pipeline_one_off.py for tasks to queue
[2026-01-20T00:10:06.846+0000] {logging_mixin.py:188} INFO - [2026-01-20T00:10:06.845+0000] {dagbag.py:545} INFO - Filling up the DagBag from /opt/airflow/dags/pipeline_one_off.py
[2026-01-20T00:10:06.870+0000] {processor.py:840} INFO - DAG(s) 'pipeline_one_off' retrieved from /opt/airflow/dags/pipeline_one_off.py
[2026-01-20T00:10:06.914+0000] {logging_mixin.py:188} INFO - [2026-01-20T00:10:06.913+0000] {dag.py:3089} INFO - Sync 1 DAGs
[2026-01-20T00:10:06.931+0000] {logging_mixin.py:188} INFO - [2026-01-20T00:10:06.931+0000] {dag.py:3947} INFO - Setting next_dagrun for pipeline_one_off to None, run_after=None
[2026-01-20T00:10:06.957+0000] {processor.py:183} INFO - Processing /opt/airflow/dags/pipeline_one_off.py took 0.125 seconds
[2026-01-20T00:10:37.257+0000] {processor.py:161} INFO - Started process (PID=16419) to work on /opt/airflow/dags/pipeline_one_off.py
[2026-01-20T00:10:37.258+0000] {processor.py:830} INFO - Processing file /opt/airflow/dags/pipeline_one_off.py for tasks to queue
[2026-01-20T00:10:37.260+0000] {logging_mixin.py:188} INFO - [2026-01-20T00:10:37.260+0000] {dagbag.py:545} INFO - Filling up the DagBag from /opt/airflow/dags/pipeline_one_off.py
[2026-01-20T00:10:37.286+0000] {processor.py:840} INFO - DAG(s) 'pipeline_one_off' retrieved from /opt/airflow/dags/pipeline_one_off.py
[2026-01-20T00:10:37.326+0000] {logging_mixin.py:188} INFO - [2026-01-20T00:10:37.326+0000] {dag.py:3089} INFO - Sync 1 DAGs
[2026-01-20T00:10:37.341+0000] {logging_mixin.py:188} INFO - [2026-01-20T00:10:37.341+0000] {dag.py:3947} INFO - Setting next_dagrun for pipeline_one_off to None, run_after=None
[2026-01-20T00:10:37.365+0000] {processor.py:183} INFO - Processing /opt/airflow/dags/pipeline_one_off.py took 0.117 seconds
[2026-01-20T00:11:07.666+0000] {processor.py:161} INFO - Started process (PID=16429) to work on /opt/airflow/dags/pipeline_one_off.py
[2026-01-20T00:11:07.667+0000] {processor.py:830} INFO - Processing file /opt/airflow/dags/pipeline_one_off.py for tasks to queue
[2026-01-20T00:11:07.670+0000] {logging_mixin.py:188} INFO - [2026-01-20T00:11:07.670+0000] {dagbag.py:545} INFO - Filling up the DagBag from /opt/airflow/dags/pipeline_one_off.py
[2026-01-20T00:11:07.695+0000] {processor.py:840} INFO - DAG(s) 'pipeline_one_off' retrieved from /opt/airflow/dags/pipeline_one_off.py
[2026-01-20T00:11:07.736+0000] {logging_mixin.py:188} INFO - [2026-01-20T00:11:07.736+0000] {dag.py:3089} INFO - Sync 1 DAGs
[2026-01-20T00:11:07.751+0000] {logging_mixin.py:188} INFO - [2026-01-20T00:11:07.751+0000] {dag.py:3947} INFO - Setting next_dagrun for pipeline_one_off to None, run_after=None
[2026-01-20T00:11:07.774+0000] {processor.py:183} INFO - Processing /opt/airflow/dags/pipeline_one_off.py took 0.117 seconds
[2026-01-20T00:11:38.074+0000] {processor.py:161} INFO - Started process (PID=16439) to work on /opt/airflow/dags/pipeline_one_off.py
[2026-01-20T00:11:38.076+0000] {processor.py:830} INFO - Processing file /opt/airflow/dags/pipeline_one_off.py for tasks to queue
[2026-01-20T00:11:38.079+0000] {logging_mixin.py:188} INFO - [2026-01-20T00:11:38.078+0000] {dagbag.py:545} INFO - Filling up the DagBag from /opt/airflow/dags/pipeline_one_off.py
[2026-01-20T00:11:38.106+0000] {processor.py:840} INFO - DAG(s) 'pipeline_one_off' retrieved from /opt/airflow/dags/pipeline_one_off.py
[2026-01-20T00:11:38.146+0000] {logging_mixin.py:188} INFO - [2026-01-20T00:11:38.146+0000] {dag.py:3089} INFO - Sync 1 DAGs
[2026-01-20T00:11:38.160+0000] {logging_mixin.py:188} INFO - [2026-01-20T00:11:38.159+0000] {dag.py:3947} INFO - Setting next_dagrun for pipeline_one_off to None, run_after=None
[2026-01-20T00:11:38.183+0000] {processor.py:183} INFO - Processing /opt/airflow/dags/pipeline_one_off.py took 0.117 seconds
[2026-01-20T00:12:08.470+0000] {processor.py:161} INFO - Started process (PID=16449) to work on /opt/airflow/dags/pipeline_one_off.py
[2026-01-20T00:12:08.471+0000] {processor.py:830} INFO - Processing file /opt/airflow/dags/pipeline_one_off.py for tasks to queue
[2026-01-20T00:12:08.474+0000] {logging_mixin.py:188} INFO - [2026-01-20T00:12:08.473+0000] {dagbag.py:545} INFO - Filling up the DagBag from /opt/airflow/dags/pipeline_one_off.py
[2026-01-20T00:12:08.499+0000] {processor.py:840} INFO - DAG(s) 'pipeline_one_off' retrieved from /opt/airflow/dags/pipeline_one_off.py
[2026-01-20T00:12:08.539+0000] {logging_mixin.py:188} INFO - [2026-01-20T00:12:08.539+0000] {dag.py:3089} INFO - Sync 1 DAGs
[2026-01-20T00:12:08.554+0000] {logging_mixin.py:188} INFO - [2026-01-20T00:12:08.553+0000] {dag.py:3947} INFO - Setting next_dagrun for pipeline_one_off to None, run_after=None
[2026-01-20T00:12:08.576+0000] {processor.py:183} INFO - Processing /opt/airflow/dags/pipeline_one_off.py took 0.114 seconds
[2026-01-20T00:12:38.874+0000] {processor.py:161} INFO - Started process (PID=16459) to work on /opt/airflow/dags/pipeline_one_off.py
[2026-01-20T00:12:38.875+0000] {processor.py:830} INFO - Processing file /opt/airflow/dags/pipeline_one_off.py for tasks to queue
[2026-01-20T00:12:38.878+0000] {logging_mixin.py:188} INFO - [2026-01-20T00:12:38.878+0000] {dagbag.py:545} INFO - Filling up the DagBag from /opt/airflow/dags/pipeline_one_off.py
[2026-01-20T00:12:38.903+0000] {processor.py:840} INFO - DAG(s) 'pipeline_one_off' retrieved from /opt/airflow/dags/pipeline_one_off.py
[2026-01-20T00:12:38.944+0000] {logging_mixin.py:188} INFO - [2026-01-20T00:12:38.944+0000] {dag.py:3089} INFO - Sync 1 DAGs
[2026-01-20T00:12:38.960+0000] {logging_mixin.py:188} INFO - [2026-01-20T00:12:38.960+0000] {dag.py:3947} INFO - Setting next_dagrun for pipeline_one_off to None, run_after=None
[2026-01-20T00:12:38.984+0000] {processor.py:183} INFO - Processing /opt/airflow/dags/pipeline_one_off.py took 0.119 seconds
[2026-01-20T00:13:09.267+0000] {processor.py:161} INFO - Started process (PID=16469) to work on /opt/airflow/dags/pipeline_one_off.py
[2026-01-20T00:13:09.268+0000] {processor.py:830} INFO - Processing file /opt/airflow/dags/pipeline_one_off.py for tasks to queue
[2026-01-20T00:13:09.271+0000] {logging_mixin.py:188} INFO - [2026-01-20T00:13:09.271+0000] {dagbag.py:545} INFO - Filling up the DagBag from /opt/airflow/dags/pipeline_one_off.py
[2026-01-20T00:13:09.298+0000] {processor.py:840} INFO - DAG(s) 'pipeline_one_off' retrieved from /opt/airflow/dags/pipeline_one_off.py
[2026-01-20T00:13:09.338+0000] {logging_mixin.py:188} INFO - [2026-01-20T00:13:09.337+0000] {dag.py:3089} INFO - Sync 1 DAGs
[2026-01-20T00:13:09.353+0000] {logging_mixin.py:188} INFO - [2026-01-20T00:13:09.353+0000] {dag.py:3947} INFO - Setting next_dagrun for pipeline_one_off to None, run_after=None
[2026-01-20T00:13:09.377+0000] {processor.py:183} INFO - Processing /opt/airflow/dags/pipeline_one_off.py took 0.118 seconds
[2026-01-20T00:13:39.705+0000] {processor.py:161} INFO - Started process (PID=16479) to work on /opt/airflow/dags/pipeline_one_off.py
[2026-01-20T00:13:39.707+0000] {processor.py:830} INFO - Processing file /opt/airflow/dags/pipeline_one_off.py for tasks to queue
[2026-01-20T00:13:39.710+0000] {logging_mixin.py:188} INFO - [2026-01-20T00:13:39.710+0000] {dagbag.py:545} INFO - Filling up the DagBag from /opt/airflow/dags/pipeline_one_off.py
[2026-01-20T00:13:39.735+0000] {processor.py:840} INFO - DAG(s) 'pipeline_one_off' retrieved from /opt/airflow/dags/pipeline_one_off.py
[2026-01-20T00:13:39.771+0000] {logging_mixin.py:188} INFO - [2026-01-20T00:13:39.771+0000] {dag.py:3089} INFO - Sync 1 DAGs
[2026-01-20T00:13:39.785+0000] {logging_mixin.py:188} INFO - [2026-01-20T00:13:39.785+0000] {dag.py:3947} INFO - Setting next_dagrun for pipeline_one_off to None, run_after=None
[2026-01-20T00:13:39.808+0000] {processor.py:183} INFO - Processing /opt/airflow/dags/pipeline_one_off.py took 0.110 seconds
[2026-01-20T00:14:10.094+0000] {processor.py:161} INFO - Started process (PID=16489) to work on /opt/airflow/dags/pipeline_one_off.py
[2026-01-20T00:14:10.095+0000] {processor.py:830} INFO - Processing file /opt/airflow/dags/pipeline_one_off.py for tasks to queue
[2026-01-20T00:14:10.098+0000] {logging_mixin.py:188} INFO - [2026-01-20T00:14:10.097+0000] {dagbag.py:545} INFO - Filling up the DagBag from /opt/airflow/dags/pipeline_one_off.py
[2026-01-20T00:14:10.122+0000] {processor.py:840} INFO - DAG(s) 'pipeline_one_off' retrieved from /opt/airflow/dags/pipeline_one_off.py
[2026-01-20T00:14:10.160+0000] {logging_mixin.py:188} INFO - [2026-01-20T00:14:10.160+0000] {dag.py:3089} INFO - Sync 1 DAGs
[2026-01-20T00:14:10.175+0000] {logging_mixin.py:188} INFO - [2026-01-20T00:14:10.174+0000] {dag.py:3947} INFO - Setting next_dagrun for pipeline_one_off to None, run_after=None
[2026-01-20T00:14:10.200+0000] {processor.py:183} INFO - Processing /opt/airflow/dags/pipeline_one_off.py took 0.113 seconds
[2026-01-20T00:14:40.497+0000] {processor.py:161} INFO - Started process (PID=16499) to work on /opt/airflow/dags/pipeline_one_off.py
[2026-01-20T00:14:40.499+0000] {processor.py:830} INFO - Processing file /opt/airflow/dags/pipeline_one_off.py for tasks to queue
[2026-01-20T00:14:40.503+0000] {logging_mixin.py:188} INFO - [2026-01-20T00:14:40.502+0000] {dagbag.py:545} INFO - Filling up the DagBag from /opt/airflow/dags/pipeline_one_off.py
[2026-01-20T00:14:40.530+0000] {processor.py:840} INFO - DAG(s) 'pipeline_one_off' retrieved from /opt/airflow/dags/pipeline_one_off.py
[2026-01-20T00:14:40.572+0000] {logging_mixin.py:188} INFO - [2026-01-20T00:14:40.571+0000] {dag.py:3089} INFO - Sync 1 DAGs
[2026-01-20T00:14:40.587+0000] {logging_mixin.py:188} INFO - [2026-01-20T00:14:40.587+0000] {dag.py:3947} INFO - Setting next_dagrun for pipeline_one_off to None, run_after=None
[2026-01-20T00:14:40.612+0000] {processor.py:183} INFO - Processing /opt/airflow/dags/pipeline_one_off.py took 0.124 seconds
[2026-01-20T00:15:10.903+0000] {processor.py:161} INFO - Started process (PID=16509) to work on /opt/airflow/dags/pipeline_one_off.py
[2026-01-20T00:15:10.904+0000] {processor.py:830} INFO - Processing file /opt/airflow/dags/pipeline_one_off.py for tasks to queue
[2026-01-20T00:15:10.907+0000] {logging_mixin.py:188} INFO - [2026-01-20T00:15:10.906+0000] {dagbag.py:545} INFO - Filling up the DagBag from /opt/airflow/dags/pipeline_one_off.py
[2026-01-20T00:15:10.931+0000] {processor.py:840} INFO - DAG(s) 'pipeline_one_off' retrieved from /opt/airflow/dags/pipeline_one_off.py
[2026-01-20T00:15:10.973+0000] {logging_mixin.py:188} INFO - [2026-01-20T00:15:10.973+0000] {dag.py:3089} INFO - Sync 1 DAGs
[2026-01-20T00:15:10.988+0000] {logging_mixin.py:188} INFO - [2026-01-20T00:15:10.988+0000] {dag.py:3947} INFO - Setting next_dagrun for pipeline_one_off to None, run_after=None
[2026-01-20T00:15:11.013+0000] {processor.py:183} INFO - Processing /opt/airflow/dags/pipeline_one_off.py took 0.118 seconds
[2026-01-20T00:15:41.310+0000] {processor.py:161} INFO - Started process (PID=16519) to work on /opt/airflow/dags/pipeline_one_off.py
[2026-01-20T00:15:41.311+0000] {processor.py:830} INFO - Processing file /opt/airflow/dags/pipeline_one_off.py for tasks to queue
[2026-01-20T00:15:41.313+0000] {logging_mixin.py:188} INFO - [2026-01-20T00:15:41.313+0000] {dagbag.py:545} INFO - Filling up the DagBag from /opt/airflow/dags/pipeline_one_off.py
[2026-01-20T00:15:41.338+0000] {processor.py:840} INFO - DAG(s) 'pipeline_one_off' retrieved from /opt/airflow/dags/pipeline_one_off.py
[2026-01-20T00:15:41.378+0000] {logging_mixin.py:188} INFO - [2026-01-20T00:15:41.378+0000] {dag.py:3089} INFO - Sync 1 DAGs
[2026-01-20T00:15:41.393+0000] {logging_mixin.py:188} INFO - [2026-01-20T00:15:41.393+0000] {dag.py:3947} INFO - Setting next_dagrun for pipeline_one_off to None, run_after=None
[2026-01-20T00:15:41.416+0000] {processor.py:183} INFO - Processing /opt/airflow/dags/pipeline_one_off.py took 0.113 seconds
[2026-01-20T00:16:11.707+0000] {processor.py:161} INFO - Started process (PID=16529) to work on /opt/airflow/dags/pipeline_one_off.py
[2026-01-20T00:16:11.708+0000] {processor.py:830} INFO - Processing file /opt/airflow/dags/pipeline_one_off.py for tasks to queue
[2026-01-20T00:16:11.711+0000] {logging_mixin.py:188} INFO - [2026-01-20T00:16:11.711+0000] {dagbag.py:545} INFO - Filling up the DagBag from /opt/airflow/dags/pipeline_one_off.py
[2026-01-20T00:16:11.737+0000] {processor.py:840} INFO - DAG(s) 'pipeline_one_off' retrieved from /opt/airflow/dags/pipeline_one_off.py
[2026-01-20T00:16:11.778+0000] {logging_mixin.py:188} INFO - [2026-01-20T00:16:11.778+0000] {dag.py:3089} INFO - Sync 1 DAGs
[2026-01-20T00:16:11.794+0000] {logging_mixin.py:188} INFO - [2026-01-20T00:16:11.794+0000] {dag.py:3947} INFO - Setting next_dagrun for pipeline_one_off to None, run_after=None
[2026-01-20T00:16:11.817+0000] {processor.py:183} INFO - Processing /opt/airflow/dags/pipeline_one_off.py took 0.118 seconds
[2026-01-20T00:16:42.104+0000] {processor.py:161} INFO - Started process (PID=16539) to work on /opt/airflow/dags/pipeline_one_off.py
[2026-01-20T00:16:42.106+0000] {processor.py:830} INFO - Processing file /opt/airflow/dags/pipeline_one_off.py for tasks to queue
[2026-01-20T00:16:42.108+0000] {logging_mixin.py:188} INFO - [2026-01-20T00:16:42.108+0000] {dagbag.py:545} INFO - Filling up the DagBag from /opt/airflow/dags/pipeline_one_off.py
[2026-01-20T00:16:42.134+0000] {processor.py:840} INFO - DAG(s) 'pipeline_one_off' retrieved from /opt/airflow/dags/pipeline_one_off.py
[2026-01-20T00:16:42.176+0000] {logging_mixin.py:188} INFO - [2026-01-20T00:16:42.176+0000] {dag.py:3089} INFO - Sync 1 DAGs
[2026-01-20T00:16:42.190+0000] {logging_mixin.py:188} INFO - [2026-01-20T00:16:42.190+0000] {dag.py:3947} INFO - Setting next_dagrun for pipeline_one_off to None, run_after=None
[2026-01-20T00:16:42.214+0000] {processor.py:183} INFO - Processing /opt/airflow/dags/pipeline_one_off.py took 0.117 seconds
[2026-01-20T00:17:12.516+0000] {processor.py:161} INFO - Started process (PID=16549) to work on /opt/airflow/dags/pipeline_one_off.py
[2026-01-20T00:17:12.518+0000] {processor.py:830} INFO - Processing file /opt/airflow/dags/pipeline_one_off.py for tasks to queue
[2026-01-20T00:17:12.520+0000] {logging_mixin.py:188} INFO - [2026-01-20T00:17:12.519+0000] {dagbag.py:545} INFO - Filling up the DagBag from /opt/airflow/dags/pipeline_one_off.py
[2026-01-20T00:17:12.545+0000] {processor.py:840} INFO - DAG(s) 'pipeline_one_off' retrieved from /opt/airflow/dags/pipeline_one_off.py
[2026-01-20T00:17:12.587+0000] {logging_mixin.py:188} INFO - [2026-01-20T00:17:12.586+0000] {dag.py:3089} INFO - Sync 1 DAGs
[2026-01-20T00:17:12.602+0000] {logging_mixin.py:188} INFO - [2026-01-20T00:17:12.601+0000] {dag.py:3947} INFO - Setting next_dagrun for pipeline_one_off to None, run_after=None
[2026-01-20T00:17:12.629+0000] {processor.py:183} INFO - Processing /opt/airflow/dags/pipeline_one_off.py took 0.119 seconds
[2026-01-20T00:17:42.925+0000] {processor.py:161} INFO - Started process (PID=16559) to work on /opt/airflow/dags/pipeline_one_off.py
[2026-01-20T00:17:42.927+0000] {processor.py:830} INFO - Processing file /opt/airflow/dags/pipeline_one_off.py for tasks to queue
[2026-01-20T00:17:42.929+0000] {logging_mixin.py:188} INFO - [2026-01-20T00:17:42.929+0000] {dagbag.py:545} INFO - Filling up the DagBag from /opt/airflow/dags/pipeline_one_off.py
[2026-01-20T00:17:42.960+0000] {processor.py:840} INFO - DAG(s) 'pipeline_one_off' retrieved from /opt/airflow/dags/pipeline_one_off.py
[2026-01-20T00:17:43.001+0000] {logging_mixin.py:188} INFO - [2026-01-20T00:17:43.000+0000] {dag.py:3089} INFO - Sync 1 DAGs
[2026-01-20T00:17:43.016+0000] {logging_mixin.py:188} INFO - [2026-01-20T00:17:43.015+0000] {dag.py:3947} INFO - Setting next_dagrun for pipeline_one_off to None, run_after=None
[2026-01-20T00:17:43.042+0000] {processor.py:183} INFO - Processing /opt/airflow/dags/pipeline_one_off.py took 0.125 seconds
[2026-01-20T00:18:13.329+0000] {processor.py:161} INFO - Started process (PID=16569) to work on /opt/airflow/dags/pipeline_one_off.py
[2026-01-20T00:18:13.331+0000] {processor.py:830} INFO - Processing file /opt/airflow/dags/pipeline_one_off.py for tasks to queue
[2026-01-20T00:18:13.333+0000] {logging_mixin.py:188} INFO - [2026-01-20T00:18:13.333+0000] {dagbag.py:545} INFO - Filling up the DagBag from /opt/airflow/dags/pipeline_one_off.py
[2026-01-20T00:18:13.358+0000] {processor.py:840} INFO - DAG(s) 'pipeline_one_off' retrieved from /opt/airflow/dags/pipeline_one_off.py
[2026-01-20T00:18:13.398+0000] {logging_mixin.py:188} INFO - [2026-01-20T00:18:13.397+0000] {dag.py:3089} INFO - Sync 1 DAGs
[2026-01-20T00:18:13.413+0000] {logging_mixin.py:188} INFO - [2026-01-20T00:18:13.413+0000] {dag.py:3947} INFO - Setting next_dagrun for pipeline_one_off to None, run_after=None
[2026-01-20T00:18:13.437+0000] {processor.py:183} INFO - Processing /opt/airflow/dags/pipeline_one_off.py took 0.115 seconds
[2026-01-20T00:18:43.783+0000] {processor.py:161} INFO - Started process (PID=16579) to work on /opt/airflow/dags/pipeline_one_off.py
[2026-01-20T00:18:43.784+0000] {processor.py:830} INFO - Processing file /opt/airflow/dags/pipeline_one_off.py for tasks to queue
[2026-01-20T00:18:43.786+0000] {logging_mixin.py:188} INFO - [2026-01-20T00:18:43.786+0000] {dagbag.py:545} INFO - Filling up the DagBag from /opt/airflow/dags/pipeline_one_off.py
[2026-01-20T00:18:43.812+0000] {processor.py:840} INFO - DAG(s) 'pipeline_one_off' retrieved from /opt/airflow/dags/pipeline_one_off.py
[2026-01-20T00:18:43.854+0000] {logging_mixin.py:188} INFO - [2026-01-20T00:18:43.854+0000] {dag.py:3089} INFO - Sync 1 DAGs
[2026-01-20T00:18:43.869+0000] {logging_mixin.py:188} INFO - [2026-01-20T00:18:43.868+0000] {dag.py:3947} INFO - Setting next_dagrun for pipeline_one_off to None, run_after=None
[2026-01-20T00:18:43.894+0000] {processor.py:183} INFO - Processing /opt/airflow/dags/pipeline_one_off.py took 0.120 seconds
[2026-01-20T00:19:14.183+0000] {processor.py:161} INFO - Started process (PID=16589) to work on /opt/airflow/dags/pipeline_one_off.py
[2026-01-20T00:19:14.184+0000] {processor.py:830} INFO - Processing file /opt/airflow/dags/pipeline_one_off.py for tasks to queue
[2026-01-20T00:19:14.188+0000] {logging_mixin.py:188} INFO - [2026-01-20T00:19:14.188+0000] {dagbag.py:545} INFO - Filling up the DagBag from /opt/airflow/dags/pipeline_one_off.py
[2026-01-20T00:19:14.212+0000] {processor.py:840} INFO - DAG(s) 'pipeline_one_off' retrieved from /opt/airflow/dags/pipeline_one_off.py
[2026-01-20T00:19:14.253+0000] {logging_mixin.py:188} INFO - [2026-01-20T00:19:14.253+0000] {dag.py:3089} INFO - Sync 1 DAGs
[2026-01-20T00:19:14.268+0000] {logging_mixin.py:188} INFO - [2026-01-20T00:19:14.268+0000] {dag.py:3947} INFO - Setting next_dagrun for pipeline_one_off to None, run_after=None
[2026-01-20T00:19:14.294+0000] {processor.py:183} INFO - Processing /opt/airflow/dags/pipeline_one_off.py took 0.118 seconds
[2026-01-20T00:19:44.585+0000] {processor.py:161} INFO - Started process (PID=16599) to work on /opt/airflow/dags/pipeline_one_off.py
[2026-01-20T00:19:44.587+0000] {processor.py:830} INFO - Processing file /opt/airflow/dags/pipeline_one_off.py for tasks to queue
[2026-01-20T00:19:44.590+0000] {logging_mixin.py:188} INFO - [2026-01-20T00:19:44.589+0000] {dagbag.py:545} INFO - Filling up the DagBag from /opt/airflow/dags/pipeline_one_off.py
[2026-01-20T00:19:44.615+0000] {processor.py:840} INFO - DAG(s) 'pipeline_one_off' retrieved from /opt/airflow/dags/pipeline_one_off.py
[2026-01-20T00:19:44.656+0000] {logging_mixin.py:188} INFO - [2026-01-20T00:19:44.655+0000] {dag.py:3089} INFO - Sync 1 DAGs
[2026-01-20T00:19:44.670+0000] {logging_mixin.py:188} INFO - [2026-01-20T00:19:44.670+0000] {dag.py:3947} INFO - Setting next_dagrun for pipeline_one_off to None, run_after=None
[2026-01-20T00:19:44.692+0000] {processor.py:183} INFO - Processing /opt/airflow/dags/pipeline_one_off.py took 0.115 seconds
[2026-01-20T00:20:14.989+0000] {processor.py:161} INFO - Started process (PID=16612) to work on /opt/airflow/dags/pipeline_one_off.py
[2026-01-20T00:20:14.990+0000] {processor.py:830} INFO - Processing file /opt/airflow/dags/pipeline_one_off.py for tasks to queue
[2026-01-20T00:20:14.993+0000] {logging_mixin.py:188} INFO - [2026-01-20T00:20:14.992+0000] {dagbag.py:545} INFO - Filling up the DagBag from /opt/airflow/dags/pipeline_one_off.py
[2026-01-20T00:20:15.019+0000] {processor.py:840} INFO - DAG(s) 'pipeline_one_off' retrieved from /opt/airflow/dags/pipeline_one_off.py
[2026-01-20T00:20:15.061+0000] {logging_mixin.py:188} INFO - [2026-01-20T00:20:15.061+0000] {dag.py:3089} INFO - Sync 1 DAGs
[2026-01-20T00:20:15.077+0000] {logging_mixin.py:188} INFO - [2026-01-20T00:20:15.076+0000] {dag.py:3947} INFO - Setting next_dagrun for pipeline_one_off to None, run_after=None
[2026-01-20T00:20:15.103+0000] {processor.py:183} INFO - Processing /opt/airflow/dags/pipeline_one_off.py took 0.123 seconds
[2026-01-20T00:20:45.403+0000] {processor.py:161} INFO - Started process (PID=16622) to work on /opt/airflow/dags/pipeline_one_off.py
[2026-01-20T00:20:45.404+0000] {processor.py:830} INFO - Processing file /opt/airflow/dags/pipeline_one_off.py for tasks to queue
[2026-01-20T00:20:45.407+0000] {logging_mixin.py:188} INFO - [2026-01-20T00:20:45.406+0000] {dagbag.py:545} INFO - Filling up the DagBag from /opt/airflow/dags/pipeline_one_off.py
[2026-01-20T00:20:45.432+0000] {processor.py:840} INFO - DAG(s) 'pipeline_one_off' retrieved from /opt/airflow/dags/pipeline_one_off.py
[2026-01-20T00:20:45.474+0000] {logging_mixin.py:188} INFO - [2026-01-20T00:20:45.474+0000] {dag.py:3089} INFO - Sync 1 DAGs
[2026-01-20T00:20:45.489+0000] {logging_mixin.py:188} INFO - [2026-01-20T00:20:45.488+0000] {dag.py:3947} INFO - Setting next_dagrun for pipeline_one_off to None, run_after=None
[2026-01-20T00:20:45.513+0000] {processor.py:183} INFO - Processing /opt/airflow/dags/pipeline_one_off.py took 0.118 seconds
[2026-01-20T00:21:15.820+0000] {processor.py:161} INFO - Started process (PID=16632) to work on /opt/airflow/dags/pipeline_one_off.py
[2026-01-20T00:21:15.821+0000] {processor.py:830} INFO - Processing file /opt/airflow/dags/pipeline_one_off.py for tasks to queue
[2026-01-20T00:21:15.824+0000] {logging_mixin.py:188} INFO - [2026-01-20T00:21:15.823+0000] {dagbag.py:545} INFO - Filling up the DagBag from /opt/airflow/dags/pipeline_one_off.py
[2026-01-20T00:21:15.849+0000] {processor.py:840} INFO - DAG(s) 'pipeline_one_off' retrieved from /opt/airflow/dags/pipeline_one_off.py
[2026-01-20T00:21:15.891+0000] {logging_mixin.py:188} INFO - [2026-01-20T00:21:15.891+0000] {dag.py:3089} INFO - Sync 1 DAGs
[2026-01-20T00:21:15.906+0000] {logging_mixin.py:188} INFO - [2026-01-20T00:21:15.906+0000] {dag.py:3947} INFO - Setting next_dagrun for pipeline_one_off to None, run_after=None
[2026-01-20T00:21:15.930+0000] {processor.py:183} INFO - Processing /opt/airflow/dags/pipeline_one_off.py took 0.119 seconds
[2026-01-20T00:21:46.220+0000] {processor.py:161} INFO - Started process (PID=16642) to work on /opt/airflow/dags/pipeline_one_off.py
[2026-01-20T00:21:46.222+0000] {processor.py:830} INFO - Processing file /opt/airflow/dags/pipeline_one_off.py for tasks to queue
[2026-01-20T00:21:46.224+0000] {logging_mixin.py:188} INFO - [2026-01-20T00:21:46.223+0000] {dagbag.py:545} INFO - Filling up the DagBag from /opt/airflow/dags/pipeline_one_off.py
[2026-01-20T00:21:46.248+0000] {processor.py:840} INFO - DAG(s) 'pipeline_one_off' retrieved from /opt/airflow/dags/pipeline_one_off.py
[2026-01-20T00:21:46.286+0000] {logging_mixin.py:188} INFO - [2026-01-20T00:21:46.286+0000] {dag.py:3089} INFO - Sync 1 DAGs
[2026-01-20T00:21:46.298+0000] {logging_mixin.py:188} INFO - [2026-01-20T00:21:46.298+0000] {dag.py:3947} INFO - Setting next_dagrun for pipeline_one_off to None, run_after=None
[2026-01-20T00:21:46.321+0000] {processor.py:183} INFO - Processing /opt/airflow/dags/pipeline_one_off.py took 0.108 seconds
[2026-01-20T00:22:16.613+0000] {processor.py:161} INFO - Started process (PID=16652) to work on /opt/airflow/dags/pipeline_one_off.py
[2026-01-20T00:22:16.615+0000] {processor.py:830} INFO - Processing file /opt/airflow/dags/pipeline_one_off.py for tasks to queue
[2026-01-20T00:22:16.617+0000] {logging_mixin.py:188} INFO - [2026-01-20T00:22:16.617+0000] {dagbag.py:545} INFO - Filling up the DagBag from /opt/airflow/dags/pipeline_one_off.py
[2026-01-20T00:22:16.643+0000] {processor.py:840} INFO - DAG(s) 'pipeline_one_off' retrieved from /opt/airflow/dags/pipeline_one_off.py
[2026-01-20T00:22:16.683+0000] {logging_mixin.py:188} INFO - [2026-01-20T00:22:16.683+0000] {dag.py:3089} INFO - Sync 1 DAGs
[2026-01-20T00:22:16.698+0000] {logging_mixin.py:188} INFO - [2026-01-20T00:22:16.698+0000] {dag.py:3947} INFO - Setting next_dagrun for pipeline_one_off to None, run_after=None
[2026-01-20T00:22:16.720+0000] {processor.py:183} INFO - Processing /opt/airflow/dags/pipeline_one_off.py took 0.115 seconds
[2026-01-20T00:22:47.016+0000] {processor.py:161} INFO - Started process (PID=16662) to work on /opt/airflow/dags/pipeline_one_off.py
[2026-01-20T00:22:47.017+0000] {processor.py:830} INFO - Processing file /opt/airflow/dags/pipeline_one_off.py for tasks to queue
[2026-01-20T00:22:47.019+0000] {logging_mixin.py:188} INFO - [2026-01-20T00:22:47.019+0000] {dagbag.py:545} INFO - Filling up the DagBag from /opt/airflow/dags/pipeline_one_off.py
[2026-01-20T00:22:47.045+0000] {processor.py:840} INFO - DAG(s) 'pipeline_one_off' retrieved from /opt/airflow/dags/pipeline_one_off.py
[2026-01-20T00:22:47.086+0000] {logging_mixin.py:188} INFO - [2026-01-20T00:22:47.086+0000] {dag.py:3089} INFO - Sync 1 DAGs
[2026-01-20T00:22:47.100+0000] {logging_mixin.py:188} INFO - [2026-01-20T00:22:47.100+0000] {dag.py:3947} INFO - Setting next_dagrun for pipeline_one_off to None, run_after=None
[2026-01-20T00:22:47.124+0000] {processor.py:183} INFO - Processing /opt/airflow/dags/pipeline_one_off.py took 0.115 seconds
[2026-01-20T00:23:17.401+0000] {processor.py:161} INFO - Started process (PID=16672) to work on /opt/airflow/dags/pipeline_one_off.py
[2026-01-20T00:23:17.403+0000] {processor.py:830} INFO - Processing file /opt/airflow/dags/pipeline_one_off.py for tasks to queue
[2026-01-20T00:23:17.405+0000] {logging_mixin.py:188} INFO - [2026-01-20T00:23:17.405+0000] {dagbag.py:545} INFO - Filling up the DagBag from /opt/airflow/dags/pipeline_one_off.py
[2026-01-20T00:23:17.430+0000] {processor.py:840} INFO - DAG(s) 'pipeline_one_off' retrieved from /opt/airflow/dags/pipeline_one_off.py
[2026-01-20T00:23:17.472+0000] {logging_mixin.py:188} INFO - [2026-01-20T00:23:17.472+0000] {dag.py:3089} INFO - Sync 1 DAGs
[2026-01-20T00:23:17.487+0000] {logging_mixin.py:188} INFO - [2026-01-20T00:23:17.486+0000] {dag.py:3947} INFO - Setting next_dagrun for pipeline_one_off to None, run_after=None
[2026-01-20T00:23:17.509+0000] {processor.py:183} INFO - Processing /opt/airflow/dags/pipeline_one_off.py took 0.115 seconds
[2026-01-20T00:23:47.829+0000] {processor.py:161} INFO - Started process (PID=16682) to work on /opt/airflow/dags/pipeline_one_off.py
[2026-01-20T00:23:47.831+0000] {processor.py:830} INFO - Processing file /opt/airflow/dags/pipeline_one_off.py for tasks to queue
[2026-01-20T00:23:47.834+0000] {logging_mixin.py:188} INFO - [2026-01-20T00:23:47.833+0000] {dagbag.py:545} INFO - Filling up the DagBag from /opt/airflow/dags/pipeline_one_off.py
[2026-01-20T00:23:47.861+0000] {processor.py:840} INFO - DAG(s) 'pipeline_one_off' retrieved from /opt/airflow/dags/pipeline_one_off.py
[2026-01-20T00:23:47.905+0000] {logging_mixin.py:188} INFO - [2026-01-20T00:23:47.904+0000] {dag.py:3089} INFO - Sync 1 DAGs
[2026-01-20T00:23:47.921+0000] {logging_mixin.py:188} INFO - [2026-01-20T00:23:47.921+0000] {dag.py:3947} INFO - Setting next_dagrun for pipeline_one_off to None, run_after=None
[2026-01-20T00:23:47.946+0000] {processor.py:183} INFO - Processing /opt/airflow/dags/pipeline_one_off.py took 0.126 seconds
[2026-01-20T00:24:18.230+0000] {processor.py:161} INFO - Started process (PID=16692) to work on /opt/airflow/dags/pipeline_one_off.py
[2026-01-20T00:24:18.231+0000] {processor.py:830} INFO - Processing file /opt/airflow/dags/pipeline_one_off.py for tasks to queue
[2026-01-20T00:24:18.235+0000] {logging_mixin.py:188} INFO - [2026-01-20T00:24:18.235+0000] {dagbag.py:545} INFO - Filling up the DagBag from /opt/airflow/dags/pipeline_one_off.py
[2026-01-20T00:24:18.259+0000] {processor.py:840} INFO - DAG(s) 'pipeline_one_off' retrieved from /opt/airflow/dags/pipeline_one_off.py
[2026-01-20T00:24:18.298+0000] {logging_mixin.py:188} INFO - [2026-01-20T00:24:18.298+0000] {dag.py:3089} INFO - Sync 1 DAGs
[2026-01-20T00:24:18.314+0000] {logging_mixin.py:188} INFO - [2026-01-20T00:24:18.313+0000] {dag.py:3947} INFO - Setting next_dagrun for pipeline_one_off to None, run_after=None
[2026-01-20T00:24:18.339+0000] {processor.py:183} INFO - Processing /opt/airflow/dags/pipeline_one_off.py took 0.117 seconds
[2026-01-20T00:24:48.639+0000] {processor.py:161} INFO - Started process (PID=16702) to work on /opt/airflow/dags/pipeline_one_off.py
[2026-01-20T00:24:48.640+0000] {processor.py:830} INFO - Processing file /opt/airflow/dags/pipeline_one_off.py for tasks to queue
[2026-01-20T00:24:48.643+0000] {logging_mixin.py:188} INFO - [2026-01-20T00:24:48.643+0000] {dagbag.py:545} INFO - Filling up the DagBag from /opt/airflow/dags/pipeline_one_off.py
[2026-01-20T00:24:48.668+0000] {processor.py:840} INFO - DAG(s) 'pipeline_one_off' retrieved from /opt/airflow/dags/pipeline_one_off.py
[2026-01-20T00:24:48.710+0000] {logging_mixin.py:188} INFO - [2026-01-20T00:24:48.709+0000] {dag.py:3089} INFO - Sync 1 DAGs
[2026-01-20T00:24:48.727+0000] {logging_mixin.py:188} INFO - [2026-01-20T00:24:48.727+0000] {dag.py:3947} INFO - Setting next_dagrun for pipeline_one_off to None, run_after=None
[2026-01-20T00:24:48.752+0000] {processor.py:183} INFO - Processing /opt/airflow/dags/pipeline_one_off.py took 0.121 seconds
[2026-01-20T00:25:19.037+0000] {processor.py:161} INFO - Started process (PID=16712) to work on /opt/airflow/dags/pipeline_one_off.py
[2026-01-20T00:25:19.039+0000] {processor.py:830} INFO - Processing file /opt/airflow/dags/pipeline_one_off.py for tasks to queue
[2026-01-20T00:25:19.041+0000] {logging_mixin.py:188} INFO - [2026-01-20T00:25:19.041+0000] {dagbag.py:545} INFO - Filling up the DagBag from /opt/airflow/dags/pipeline_one_off.py
[2026-01-20T00:25:19.067+0000] {processor.py:840} INFO - DAG(s) 'pipeline_one_off' retrieved from /opt/airflow/dags/pipeline_one_off.py
[2026-01-20T00:25:19.111+0000] {logging_mixin.py:188} INFO - [2026-01-20T00:25:19.110+0000] {dag.py:3089} INFO - Sync 1 DAGs
[2026-01-20T00:25:19.125+0000] {logging_mixin.py:188} INFO - [2026-01-20T00:25:19.125+0000] {dag.py:3947} INFO - Setting next_dagrun for pipeline_one_off to None, run_after=None
[2026-01-20T00:25:19.152+0000] {processor.py:183} INFO - Processing /opt/airflow/dags/pipeline_one_off.py took 0.123 seconds
[2026-01-20T00:25:49.464+0000] {processor.py:161} INFO - Started process (PID=16722) to work on /opt/airflow/dags/pipeline_one_off.py
[2026-01-20T00:25:49.466+0000] {processor.py:830} INFO - Processing file /opt/airflow/dags/pipeline_one_off.py for tasks to queue
[2026-01-20T00:25:49.469+0000] {logging_mixin.py:188} INFO - [2026-01-20T00:25:49.469+0000] {dagbag.py:545} INFO - Filling up the DagBag from /opt/airflow/dags/pipeline_one_off.py
[2026-01-20T00:25:49.496+0000] {processor.py:840} INFO - DAG(s) 'pipeline_one_off' retrieved from /opt/airflow/dags/pipeline_one_off.py
[2026-01-20T00:25:49.538+0000] {logging_mixin.py:188} INFO - [2026-01-20T00:25:49.537+0000] {dag.py:3089} INFO - Sync 1 DAGs
[2026-01-20T00:25:49.554+0000] {logging_mixin.py:188} INFO - [2026-01-20T00:25:49.553+0000] {dag.py:3947} INFO - Setting next_dagrun for pipeline_one_off to None, run_after=None
[2026-01-20T00:25:49.578+0000] {processor.py:183} INFO - Processing /opt/airflow/dags/pipeline_one_off.py took 0.124 seconds
[2026-01-20T00:26:19.872+0000] {processor.py:161} INFO - Started process (PID=16732) to work on /opt/airflow/dags/pipeline_one_off.py
[2026-01-20T00:26:19.873+0000] {processor.py:830} INFO - Processing file /opt/airflow/dags/pipeline_one_off.py for tasks to queue
[2026-01-20T00:26:19.876+0000] {logging_mixin.py:188} INFO - [2026-01-20T00:26:19.875+0000] {dagbag.py:545} INFO - Filling up the DagBag from /opt/airflow/dags/pipeline_one_off.py
[2026-01-20T00:26:19.901+0000] {processor.py:840} INFO - DAG(s) 'pipeline_one_off' retrieved from /opt/airflow/dags/pipeline_one_off.py
[2026-01-20T00:26:19.942+0000] {logging_mixin.py:188} INFO - [2026-01-20T00:26:19.942+0000] {dag.py:3089} INFO - Sync 1 DAGs
[2026-01-20T00:26:19.958+0000] {logging_mixin.py:188} INFO - [2026-01-20T00:26:19.958+0000] {dag.py:3947} INFO - Setting next_dagrun for pipeline_one_off to None, run_after=None
[2026-01-20T00:26:19.981+0000] {processor.py:183} INFO - Processing /opt/airflow/dags/pipeline_one_off.py took 0.116 seconds
[2026-01-20T00:26:50.282+0000] {processor.py:161} INFO - Started process (PID=16742) to work on /opt/airflow/dags/pipeline_one_off.py
[2026-01-20T00:26:50.283+0000] {processor.py:830} INFO - Processing file /opt/airflow/dags/pipeline_one_off.py for tasks to queue
[2026-01-20T00:26:50.286+0000] {logging_mixin.py:188} INFO - [2026-01-20T00:26:50.285+0000] {dagbag.py:545} INFO - Filling up the DagBag from /opt/airflow/dags/pipeline_one_off.py
[2026-01-20T00:26:50.311+0000] {processor.py:840} INFO - DAG(s) 'pipeline_one_off' retrieved from /opt/airflow/dags/pipeline_one_off.py
[2026-01-20T00:26:50.352+0000] {logging_mixin.py:188} INFO - [2026-01-20T00:26:50.352+0000] {dag.py:3089} INFO - Sync 1 DAGs
[2026-01-20T00:26:50.367+0000] {logging_mixin.py:188} INFO - [2026-01-20T00:26:50.367+0000] {dag.py:3947} INFO - Setting next_dagrun for pipeline_one_off to None, run_after=None
[2026-01-20T00:26:50.389+0000] {processor.py:183} INFO - Processing /opt/airflow/dags/pipeline_one_off.py took 0.115 seconds
[2026-01-20T00:27:20.678+0000] {processor.py:161} INFO - Started process (PID=16752) to work on /opt/airflow/dags/pipeline_one_off.py
[2026-01-20T00:27:20.680+0000] {processor.py:830} INFO - Processing file /opt/airflow/dags/pipeline_one_off.py for tasks to queue
[2026-01-20T00:27:20.682+0000] {logging_mixin.py:188} INFO - [2026-01-20T00:27:20.682+0000] {dagbag.py:545} INFO - Filling up the DagBag from /opt/airflow/dags/pipeline_one_off.py
[2026-01-20T00:27:20.708+0000] {processor.py:840} INFO - DAG(s) 'pipeline_one_off' retrieved from /opt/airflow/dags/pipeline_one_off.py
[2026-01-20T00:27:20.750+0000] {logging_mixin.py:188} INFO - [2026-01-20T00:27:20.750+0000] {dag.py:3089} INFO - Sync 1 DAGs
[2026-01-20T00:27:20.765+0000] {logging_mixin.py:188} INFO - [2026-01-20T00:27:20.765+0000] {dag.py:3947} INFO - Setting next_dagrun for pipeline_one_off to None, run_after=None
[2026-01-20T00:27:20.787+0000] {processor.py:183} INFO - Processing /opt/airflow/dags/pipeline_one_off.py took 0.117 seconds
[2026-01-20T00:27:51.080+0000] {processor.py:161} INFO - Started process (PID=16762) to work on /opt/airflow/dags/pipeline_one_off.py
[2026-01-20T00:27:51.081+0000] {processor.py:830} INFO - Processing file /opt/airflow/dags/pipeline_one_off.py for tasks to queue
[2026-01-20T00:27:51.083+0000] {logging_mixin.py:188} INFO - [2026-01-20T00:27:51.083+0000] {dagbag.py:545} INFO - Filling up the DagBag from /opt/airflow/dags/pipeline_one_off.py
[2026-01-20T00:27:51.110+0000] {processor.py:840} INFO - DAG(s) 'pipeline_one_off' retrieved from /opt/airflow/dags/pipeline_one_off.py
[2026-01-20T00:27:51.150+0000] {logging_mixin.py:188} INFO - [2026-01-20T00:27:51.149+0000] {dag.py:3089} INFO - Sync 1 DAGs
[2026-01-20T00:27:51.165+0000] {logging_mixin.py:188} INFO - [2026-01-20T00:27:51.165+0000] {dag.py:3947} INFO - Setting next_dagrun for pipeline_one_off to None, run_after=None
[2026-01-20T00:27:51.189+0000] {processor.py:183} INFO - Processing /opt/airflow/dags/pipeline_one_off.py took 0.117 seconds
[2026-01-20T00:28:21.475+0000] {processor.py:161} INFO - Started process (PID=16772) to work on /opt/airflow/dags/pipeline_one_off.py
[2026-01-20T00:28:21.476+0000] {processor.py:830} INFO - Processing file /opt/airflow/dags/pipeline_one_off.py for tasks to queue
[2026-01-20T00:28:21.479+0000] {logging_mixin.py:188} INFO - [2026-01-20T00:28:21.478+0000] {dagbag.py:545} INFO - Filling up the DagBag from /opt/airflow/dags/pipeline_one_off.py
[2026-01-20T00:28:21.504+0000] {processor.py:840} INFO - DAG(s) 'pipeline_one_off' retrieved from /opt/airflow/dags/pipeline_one_off.py
[2026-01-20T00:28:21.544+0000] {logging_mixin.py:188} INFO - [2026-01-20T00:28:21.544+0000] {dag.py:3089} INFO - Sync 1 DAGs
[2026-01-20T00:28:21.560+0000] {logging_mixin.py:188} INFO - [2026-01-20T00:28:21.560+0000] {dag.py:3947} INFO - Setting next_dagrun for pipeline_one_off to None, run_after=None
[2026-01-20T00:28:21.586+0000] {processor.py:183} INFO - Processing /opt/airflow/dags/pipeline_one_off.py took 0.118 seconds
[2026-01-20T00:28:51.931+0000] {processor.py:161} INFO - Started process (PID=16782) to work on /opt/airflow/dags/pipeline_one_off.py
[2026-01-20T00:28:51.932+0000] {processor.py:830} INFO - Processing file /opt/airflow/dags/pipeline_one_off.py for tasks to queue
[2026-01-20T00:28:51.935+0000] {logging_mixin.py:188} INFO - [2026-01-20T00:28:51.935+0000] {dagbag.py:545} INFO - Filling up the DagBag from /opt/airflow/dags/pipeline_one_off.py
[2026-01-20T00:28:51.961+0000] {processor.py:840} INFO - DAG(s) 'pipeline_one_off' retrieved from /opt/airflow/dags/pipeline_one_off.py
[2026-01-20T00:28:52.006+0000] {logging_mixin.py:188} INFO - [2026-01-20T00:28:52.006+0000] {dag.py:3089} INFO - Sync 1 DAGs
[2026-01-20T00:28:52.022+0000] {logging_mixin.py:188} INFO - [2026-01-20T00:28:52.022+0000] {dag.py:3947} INFO - Setting next_dagrun for pipeline_one_off to None, run_after=None
[2026-01-20T00:28:52.045+0000] {processor.py:183} INFO - Processing /opt/airflow/dags/pipeline_one_off.py took 0.123 seconds
[2026-01-20T00:29:22.328+0000] {processor.py:161} INFO - Started process (PID=16792) to work on /opt/airflow/dags/pipeline_one_off.py
[2026-01-20T00:29:22.330+0000] {processor.py:830} INFO - Processing file /opt/airflow/dags/pipeline_one_off.py for tasks to queue
[2026-01-20T00:29:22.333+0000] {logging_mixin.py:188} INFO - [2026-01-20T00:29:22.333+0000] {dagbag.py:545} INFO - Filling up the DagBag from /opt/airflow/dags/pipeline_one_off.py
[2026-01-20T00:29:22.358+0000] {processor.py:840} INFO - DAG(s) 'pipeline_one_off' retrieved from /opt/airflow/dags/pipeline_one_off.py
[2026-01-20T00:29:22.397+0000] {logging_mixin.py:188} INFO - [2026-01-20T00:29:22.397+0000] {dag.py:3089} INFO - Sync 1 DAGs
[2026-01-20T00:29:22.410+0000] {logging_mixin.py:188} INFO - [2026-01-20T00:29:22.410+0000] {dag.py:3947} INFO - Setting next_dagrun for pipeline_one_off to None, run_after=None
[2026-01-20T00:29:22.434+0000] {processor.py:183} INFO - Processing /opt/airflow/dags/pipeline_one_off.py took 0.114 seconds
[2026-01-20T00:29:52.737+0000] {processor.py:161} INFO - Started process (PID=16802) to work on /opt/airflow/dags/pipeline_one_off.py
[2026-01-20T00:29:52.738+0000] {processor.py:830} INFO - Processing file /opt/airflow/dags/pipeline_one_off.py for tasks to queue
[2026-01-20T00:29:52.742+0000] {logging_mixin.py:188} INFO - [2026-01-20T00:29:52.741+0000] {dagbag.py:545} INFO - Filling up the DagBag from /opt/airflow/dags/pipeline_one_off.py
[2026-01-20T00:29:52.766+0000] {processor.py:840} INFO - DAG(s) 'pipeline_one_off' retrieved from /opt/airflow/dags/pipeline_one_off.py
[2026-01-20T00:29:52.808+0000] {logging_mixin.py:188} INFO - [2026-01-20T00:29:52.808+0000] {dag.py:3089} INFO - Sync 1 DAGs
[2026-01-20T00:29:52.822+0000] {logging_mixin.py:188} INFO - [2026-01-20T00:29:52.822+0000] {dag.py:3947} INFO - Setting next_dagrun for pipeline_one_off to None, run_after=None
[2026-01-20T00:29:52.845+0000] {processor.py:183} INFO - Processing /opt/airflow/dags/pipeline_one_off.py took 0.118 seconds
[2026-01-20T00:30:23.134+0000] {processor.py:161} INFO - Started process (PID=16815) to work on /opt/airflow/dags/pipeline_one_off.py
[2026-01-20T00:30:23.135+0000] {processor.py:830} INFO - Processing file /opt/airflow/dags/pipeline_one_off.py for tasks to queue
[2026-01-20T00:30:23.138+0000] {logging_mixin.py:188} INFO - [2026-01-20T00:30:23.137+0000] {dagbag.py:545} INFO - Filling up the DagBag from /opt/airflow/dags/pipeline_one_off.py
[2026-01-20T00:30:23.165+0000] {processor.py:840} INFO - DAG(s) 'pipeline_one_off' retrieved from /opt/airflow/dags/pipeline_one_off.py
[2026-01-20T00:30:23.209+0000] {logging_mixin.py:188} INFO - [2026-01-20T00:30:23.208+0000] {dag.py:3089} INFO - Sync 1 DAGs
[2026-01-20T00:30:23.224+0000] {logging_mixin.py:188} INFO - [2026-01-20T00:30:23.224+0000] {dag.py:3947} INFO - Setting next_dagrun for pipeline_one_off to None, run_after=None
[2026-01-20T00:30:23.251+0000] {processor.py:183} INFO - Processing /opt/airflow/dags/pipeline_one_off.py took 0.126 seconds
[2026-01-20T00:30:53.546+0000] {processor.py:161} INFO - Started process (PID=16825) to work on /opt/airflow/dags/pipeline_one_off.py
[2026-01-20T00:30:53.547+0000] {processor.py:830} INFO - Processing file /opt/airflow/dags/pipeline_one_off.py for tasks to queue
[2026-01-20T00:30:53.550+0000] {logging_mixin.py:188} INFO - [2026-01-20T00:30:53.550+0000] {dagbag.py:545} INFO - Filling up the DagBag from /opt/airflow/dags/pipeline_one_off.py
[2026-01-20T00:30:53.574+0000] {processor.py:840} INFO - DAG(s) 'pipeline_one_off' retrieved from /opt/airflow/dags/pipeline_one_off.py
[2026-01-20T00:30:53.616+0000] {logging_mixin.py:188} INFO - [2026-01-20T00:30:53.616+0000] {dag.py:3089} INFO - Sync 1 DAGs
[2026-01-20T00:30:53.631+0000] {logging_mixin.py:188} INFO - [2026-01-20T00:30:53.631+0000] {dag.py:3947} INFO - Setting next_dagrun for pipeline_one_off to None, run_after=None
[2026-01-20T00:30:53.655+0000] {processor.py:183} INFO - Processing /opt/airflow/dags/pipeline_one_off.py took 0.118 seconds
[2026-01-20T00:31:23.952+0000] {processor.py:161} INFO - Started process (PID=16835) to work on /opt/airflow/dags/pipeline_one_off.py
[2026-01-20T00:31:23.954+0000] {processor.py:830} INFO - Processing file /opt/airflow/dags/pipeline_one_off.py for tasks to queue
[2026-01-20T00:31:23.956+0000] {logging_mixin.py:188} INFO - [2026-01-20T00:31:23.956+0000] {dagbag.py:545} INFO - Filling up the DagBag from /opt/airflow/dags/pipeline_one_off.py
[2026-01-20T00:31:23.984+0000] {processor.py:840} INFO - DAG(s) 'pipeline_one_off' retrieved from /opt/airflow/dags/pipeline_one_off.py
[2026-01-20T00:31:24.024+0000] {logging_mixin.py:188} INFO - [2026-01-20T00:31:24.024+0000] {dag.py:3089} INFO - Sync 1 DAGs
[2026-01-20T00:31:24.039+0000] {logging_mixin.py:188} INFO - [2026-01-20T00:31:24.039+0000] {dag.py:3947} INFO - Setting next_dagrun for pipeline_one_off to None, run_after=None
[2026-01-20T00:31:24.065+0000] {processor.py:183} INFO - Processing /opt/airflow/dags/pipeline_one_off.py took 0.120 seconds
[2026-01-20T00:31:54.368+0000] {processor.py:161} INFO - Started process (PID=16845) to work on /opt/airflow/dags/pipeline_one_off.py
[2026-01-20T00:31:54.369+0000] {processor.py:830} INFO - Processing file /opt/airflow/dags/pipeline_one_off.py for tasks to queue
[2026-01-20T00:31:54.371+0000] {logging_mixin.py:188} INFO - [2026-01-20T00:31:54.371+0000] {dagbag.py:545} INFO - Filling up the DagBag from /opt/airflow/dags/pipeline_one_off.py
[2026-01-20T00:31:54.395+0000] {processor.py:840} INFO - DAG(s) 'pipeline_one_off' retrieved from /opt/airflow/dags/pipeline_one_off.py
[2026-01-20T00:31:54.435+0000] {logging_mixin.py:188} INFO - [2026-01-20T00:31:54.434+0000] {dag.py:3089} INFO - Sync 1 DAGs
[2026-01-20T00:31:54.450+0000] {logging_mixin.py:188} INFO - [2026-01-20T00:31:54.449+0000] {dag.py:3947} INFO - Setting next_dagrun for pipeline_one_off to None, run_after=None
[2026-01-20T00:31:54.472+0000] {processor.py:183} INFO - Processing /opt/airflow/dags/pipeline_one_off.py took 0.111 seconds
[2026-01-20T00:32:24.774+0000] {processor.py:161} INFO - Started process (PID=16855) to work on /opt/airflow/dags/pipeline_one_off.py
[2026-01-20T00:32:24.776+0000] {processor.py:830} INFO - Processing file /opt/airflow/dags/pipeline_one_off.py for tasks to queue
[2026-01-20T00:32:24.779+0000] {logging_mixin.py:188} INFO - [2026-01-20T00:32:24.778+0000] {dagbag.py:545} INFO - Filling up the DagBag from /opt/airflow/dags/pipeline_one_off.py
[2026-01-20T00:32:24.804+0000] {processor.py:840} INFO - DAG(s) 'pipeline_one_off' retrieved from /opt/airflow/dags/pipeline_one_off.py
[2026-01-20T00:32:24.844+0000] {logging_mixin.py:188} INFO - [2026-01-20T00:32:24.844+0000] {dag.py:3089} INFO - Sync 1 DAGs
[2026-01-20T00:32:24.859+0000] {logging_mixin.py:188} INFO - [2026-01-20T00:32:24.858+0000] {dag.py:3947} INFO - Setting next_dagrun for pipeline_one_off to None, run_after=None
[2026-01-20T00:32:24.882+0000] {processor.py:183} INFO - Processing /opt/airflow/dags/pipeline_one_off.py took 0.116 seconds
[2026-01-20T00:32:55.193+0000] {processor.py:161} INFO - Started process (PID=16865) to work on /opt/airflow/dags/pipeline_one_off.py
[2026-01-20T00:32:55.195+0000] {processor.py:830} INFO - Processing file /opt/airflow/dags/pipeline_one_off.py for tasks to queue
[2026-01-20T00:32:55.198+0000] {logging_mixin.py:188} INFO - [2026-01-20T00:32:55.197+0000] {dagbag.py:545} INFO - Filling up the DagBag from /opt/airflow/dags/pipeline_one_off.py
[2026-01-20T00:32:55.221+0000] {processor.py:840} INFO - DAG(s) 'pipeline_one_off' retrieved from /opt/airflow/dags/pipeline_one_off.py
[2026-01-20T00:32:55.260+0000] {logging_mixin.py:188} INFO - [2026-01-20T00:32:55.260+0000] {dag.py:3089} INFO - Sync 1 DAGs
[2026-01-20T00:32:55.275+0000] {logging_mixin.py:188} INFO - [2026-01-20T00:32:55.275+0000] {dag.py:3947} INFO - Setting next_dagrun for pipeline_one_off to None, run_after=None
[2026-01-20T00:32:55.297+0000] {processor.py:183} INFO - Processing /opt/airflow/dags/pipeline_one_off.py took 0.112 seconds
[2026-01-20T00:33:25.609+0000] {processor.py:161} INFO - Started process (PID=16875) to work on /opt/airflow/dags/pipeline_one_off.py
[2026-01-20T00:33:25.611+0000] {processor.py:830} INFO - Processing file /opt/airflow/dags/pipeline_one_off.py for tasks to queue
[2026-01-20T00:33:25.613+0000] {logging_mixin.py:188} INFO - [2026-01-20T00:33:25.613+0000] {dagbag.py:545} INFO - Filling up the DagBag from /opt/airflow/dags/pipeline_one_off.py
[2026-01-20T00:33:25.637+0000] {processor.py:840} INFO - DAG(s) 'pipeline_one_off' retrieved from /opt/airflow/dags/pipeline_one_off.py
[2026-01-20T00:33:25.677+0000] {logging_mixin.py:188} INFO - [2026-01-20T00:33:25.676+0000] {dag.py:3089} INFO - Sync 1 DAGs
[2026-01-20T00:33:25.691+0000] {logging_mixin.py:188} INFO - [2026-01-20T00:33:25.690+0000] {dag.py:3947} INFO - Setting next_dagrun for pipeline_one_off to None, run_after=None
[2026-01-20T00:33:25.713+0000] {processor.py:183} INFO - Processing /opt/airflow/dags/pipeline_one_off.py took 0.110 seconds
[2026-01-20T00:33:56.052+0000] {processor.py:161} INFO - Started process (PID=16885) to work on /opt/airflow/dags/pipeline_one_off.py
[2026-01-20T00:33:56.053+0000] {processor.py:830} INFO - Processing file /opt/airflow/dags/pipeline_one_off.py for tasks to queue
[2026-01-20T00:33:56.055+0000] {logging_mixin.py:188} INFO - [2026-01-20T00:33:56.055+0000] {dagbag.py:545} INFO - Filling up the DagBag from /opt/airflow/dags/pipeline_one_off.py
[2026-01-20T00:33:56.080+0000] {processor.py:840} INFO - DAG(s) 'pipeline_one_off' retrieved from /opt/airflow/dags/pipeline_one_off.py
[2026-01-20T00:33:56.120+0000] {logging_mixin.py:188} INFO - [2026-01-20T00:33:56.120+0000] {dag.py:3089} INFO - Sync 1 DAGs
[2026-01-20T00:33:56.135+0000] {logging_mixin.py:188} INFO - [2026-01-20T00:33:56.135+0000] {dag.py:3947} INFO - Setting next_dagrun for pipeline_one_off to None, run_after=None
[2026-01-20T00:33:56.160+0000] {processor.py:183} INFO - Processing /opt/airflow/dags/pipeline_one_off.py took 0.116 seconds
[2026-01-20T00:34:26.469+0000] {processor.py:161} INFO - Started process (PID=16895) to work on /opt/airflow/dags/pipeline_one_off.py
[2026-01-20T00:34:26.470+0000] {processor.py:830} INFO - Processing file /opt/airflow/dags/pipeline_one_off.py for tasks to queue
[2026-01-20T00:34:26.473+0000] {logging_mixin.py:188} INFO - [2026-01-20T00:34:26.473+0000] {dagbag.py:545} INFO - Filling up the DagBag from /opt/airflow/dags/pipeline_one_off.py
[2026-01-20T00:34:26.498+0000] {processor.py:840} INFO - DAG(s) 'pipeline_one_off' retrieved from /opt/airflow/dags/pipeline_one_off.py
[2026-01-20T00:34:26.538+0000] {logging_mixin.py:188} INFO - [2026-01-20T00:34:26.537+0000] {dag.py:3089} INFO - Sync 1 DAGs
[2026-01-20T00:34:26.552+0000] {logging_mixin.py:188} INFO - [2026-01-20T00:34:26.552+0000] {dag.py:3947} INFO - Setting next_dagrun for pipeline_one_off to None, run_after=None
[2026-01-20T00:34:26.577+0000] {processor.py:183} INFO - Processing /opt/airflow/dags/pipeline_one_off.py took 0.115 seconds
[2026-01-20T00:34:56.890+0000] {processor.py:161} INFO - Started process (PID=16905) to work on /opt/airflow/dags/pipeline_one_off.py
[2026-01-20T00:34:56.891+0000] {processor.py:830} INFO - Processing file /opt/airflow/dags/pipeline_one_off.py for tasks to queue
[2026-01-20T00:34:56.895+0000] {logging_mixin.py:188} INFO - [2026-01-20T00:34:56.894+0000] {dagbag.py:545} INFO - Filling up the DagBag from /opt/airflow/dags/pipeline_one_off.py
[2026-01-20T00:34:56.919+0000] {processor.py:840} INFO - DAG(s) 'pipeline_one_off' retrieved from /opt/airflow/dags/pipeline_one_off.py
[2026-01-20T00:34:56.957+0000] {logging_mixin.py:188} INFO - [2026-01-20T00:34:56.957+0000] {dag.py:3089} INFO - Sync 1 DAGs
[2026-01-20T00:34:56.973+0000] {logging_mixin.py:188} INFO - [2026-01-20T00:34:56.972+0000] {dag.py:3947} INFO - Setting next_dagrun for pipeline_one_off to None, run_after=None
[2026-01-20T00:34:56.997+0000] {processor.py:183} INFO - Processing /opt/airflow/dags/pipeline_one_off.py took 0.115 seconds
[2026-01-20T00:35:27.318+0000] {processor.py:161} INFO - Started process (PID=16915) to work on /opt/airflow/dags/pipeline_one_off.py
[2026-01-20T00:35:27.320+0000] {processor.py:830} INFO - Processing file /opt/airflow/dags/pipeline_one_off.py for tasks to queue
[2026-01-20T00:35:27.324+0000] {logging_mixin.py:188} INFO - [2026-01-20T00:35:27.323+0000] {dagbag.py:545} INFO - Filling up the DagBag from /opt/airflow/dags/pipeline_one_off.py
[2026-01-20T00:35:27.356+0000] {processor.py:840} INFO - DAG(s) 'pipeline_one_off' retrieved from /opt/airflow/dags/pipeline_one_off.py
[2026-01-20T00:35:27.420+0000] {logging_mixin.py:188} INFO - [2026-01-20T00:35:27.420+0000] {dag.py:3089} INFO - Sync 1 DAGs
[2026-01-20T00:35:27.442+0000] {logging_mixin.py:188} INFO - [2026-01-20T00:35:27.441+0000] {dag.py:3947} INFO - Setting next_dagrun for pipeline_one_off to None, run_after=None
[2026-01-20T00:35:27.472+0000] {processor.py:183} INFO - Processing /opt/airflow/dags/pipeline_one_off.py took 0.167 seconds
[2026-01-20T00:35:57.759+0000] {processor.py:161} INFO - Started process (PID=16925) to work on /opt/airflow/dags/pipeline_one_off.py
[2026-01-20T00:35:57.761+0000] {processor.py:830} INFO - Processing file /opt/airflow/dags/pipeline_one_off.py for tasks to queue
[2026-01-20T00:35:57.764+0000] {logging_mixin.py:188} INFO - [2026-01-20T00:35:57.764+0000] {dagbag.py:545} INFO - Filling up the DagBag from /opt/airflow/dags/pipeline_one_off.py
[2026-01-20T00:35:57.788+0000] {processor.py:840} INFO - DAG(s) 'pipeline_one_off' retrieved from /opt/airflow/dags/pipeline_one_off.py
[2026-01-20T00:35:57.829+0000] {logging_mixin.py:188} INFO - [2026-01-20T00:35:57.829+0000] {dag.py:3089} INFO - Sync 1 DAGs
[2026-01-20T00:35:57.845+0000] {logging_mixin.py:188} INFO - [2026-01-20T00:35:57.844+0000] {dag.py:3947} INFO - Setting next_dagrun for pipeline_one_off to None, run_after=None
[2026-01-20T00:35:57.870+0000] {processor.py:183} INFO - Processing /opt/airflow/dags/pipeline_one_off.py took 0.120 seconds
[2026-01-20T00:36:28.149+0000] {processor.py:161} INFO - Started process (PID=16935) to work on /opt/airflow/dags/pipeline_one_off.py
[2026-01-20T00:36:28.151+0000] {processor.py:830} INFO - Processing file /opt/airflow/dags/pipeline_one_off.py for tasks to queue
[2026-01-20T00:36:28.153+0000] {logging_mixin.py:188} INFO - [2026-01-20T00:36:28.153+0000] {dagbag.py:545} INFO - Filling up the DagBag from /opt/airflow/dags/pipeline_one_off.py
[2026-01-20T00:36:28.178+0000] {processor.py:840} INFO - DAG(s) 'pipeline_one_off' retrieved from /opt/airflow/dags/pipeline_one_off.py
[2026-01-20T00:36:28.218+0000] {logging_mixin.py:188} INFO - [2026-01-20T00:36:28.218+0000] {dag.py:3089} INFO - Sync 1 DAGs
[2026-01-20T00:36:28.234+0000] {logging_mixin.py:188} INFO - [2026-01-20T00:36:28.234+0000] {dag.py:3947} INFO - Setting next_dagrun for pipeline_one_off to None, run_after=None
[2026-01-20T00:36:28.257+0000] {processor.py:183} INFO - Processing /opt/airflow/dags/pipeline_one_off.py took 0.117 seconds
[2026-01-20T00:36:58.543+0000] {processor.py:161} INFO - Started process (PID=16945) to work on /opt/airflow/dags/pipeline_one_off.py
[2026-01-20T00:36:58.545+0000] {processor.py:830} INFO - Processing file /opt/airflow/dags/pipeline_one_off.py for tasks to queue
[2026-01-20T00:36:58.547+0000] {logging_mixin.py:188} INFO - [2026-01-20T00:36:58.547+0000] {dagbag.py:545} INFO - Filling up the DagBag from /opt/airflow/dags/pipeline_one_off.py
[2026-01-20T00:36:58.574+0000] {processor.py:840} INFO - DAG(s) 'pipeline_one_off' retrieved from /opt/airflow/dags/pipeline_one_off.py
[2026-01-20T00:36:58.616+0000] {logging_mixin.py:188} INFO - [2026-01-20T00:36:58.616+0000] {dag.py:3089} INFO - Sync 1 DAGs
[2026-01-20T00:36:58.630+0000] {logging_mixin.py:188} INFO - [2026-01-20T00:36:58.630+0000] {dag.py:3947} INFO - Setting next_dagrun for pipeline_one_off to None, run_after=None
[2026-01-20T00:36:58.652+0000] {processor.py:183} INFO - Processing /opt/airflow/dags/pipeline_one_off.py took 0.116 seconds
[2026-01-20T00:37:28.940+0000] {processor.py:161} INFO - Started process (PID=16955) to work on /opt/airflow/dags/pipeline_one_off.py
[2026-01-20T00:37:28.941+0000] {processor.py:830} INFO - Processing file /opt/airflow/dags/pipeline_one_off.py for tasks to queue
[2026-01-20T00:37:28.944+0000] {logging_mixin.py:188} INFO - [2026-01-20T00:37:28.943+0000] {dagbag.py:545} INFO - Filling up the DagBag from /opt/airflow/dags/pipeline_one_off.py
[2026-01-20T00:37:28.970+0000] {processor.py:840} INFO - DAG(s) 'pipeline_one_off' retrieved from /opt/airflow/dags/pipeline_one_off.py
[2026-01-20T00:37:29.011+0000] {logging_mixin.py:188} INFO - [2026-01-20T00:37:29.011+0000] {dag.py:3089} INFO - Sync 1 DAGs
[2026-01-20T00:37:29.027+0000] {logging_mixin.py:188} INFO - [2026-01-20T00:37:29.026+0000] {dag.py:3947} INFO - Setting next_dagrun for pipeline_one_off to None, run_after=None
[2026-01-20T00:37:29.051+0000] {processor.py:183} INFO - Processing /opt/airflow/dags/pipeline_one_off.py took 0.119 seconds
[2026-01-20T00:37:59.330+0000] {processor.py:161} INFO - Started process (PID=16965) to work on /opt/airflow/dags/pipeline_one_off.py
[2026-01-20T00:37:59.332+0000] {processor.py:830} INFO - Processing file /opt/airflow/dags/pipeline_one_off.py for tasks to queue
[2026-01-20T00:37:59.334+0000] {logging_mixin.py:188} INFO - [2026-01-20T00:37:59.333+0000] {dagbag.py:545} INFO - Filling up the DagBag from /opt/airflow/dags/pipeline_one_off.py
[2026-01-20T00:37:59.357+0000] {processor.py:840} INFO - DAG(s) 'pipeline_one_off' retrieved from /opt/airflow/dags/pipeline_one_off.py
[2026-01-20T00:37:59.389+0000] {logging_mixin.py:188} INFO - [2026-01-20T00:37:59.389+0000] {dag.py:3089} INFO - Sync 1 DAGs
[2026-01-20T00:37:59.402+0000] {logging_mixin.py:188} INFO - [2026-01-20T00:37:59.402+0000] {dag.py:3947} INFO - Setting next_dagrun for pipeline_one_off to None, run_after=None
[2026-01-20T00:37:59.423+0000] {processor.py:183} INFO - Processing /opt/airflow/dags/pipeline_one_off.py took 0.100 seconds
[2026-01-20T00:38:29.751+0000] {processor.py:161} INFO - Started process (PID=16975) to work on /opt/airflow/dags/pipeline_one_off.py
[2026-01-20T00:38:29.752+0000] {processor.py:830} INFO - Processing file /opt/airflow/dags/pipeline_one_off.py for tasks to queue
[2026-01-20T00:38:29.754+0000] {logging_mixin.py:188} INFO - [2026-01-20T00:38:29.754+0000] {dagbag.py:545} INFO - Filling up the DagBag from /opt/airflow/dags/pipeline_one_off.py
[2026-01-20T00:38:29.778+0000] {processor.py:840} INFO - DAG(s) 'pipeline_one_off' retrieved from /opt/airflow/dags/pipeline_one_off.py
[2026-01-20T00:38:29.820+0000] {logging_mixin.py:188} INFO - [2026-01-20T00:38:29.820+0000] {dag.py:3089} INFO - Sync 1 DAGs
[2026-01-20T00:38:29.837+0000] {logging_mixin.py:188} INFO - [2026-01-20T00:38:29.836+0000] {dag.py:3947} INFO - Setting next_dagrun for pipeline_one_off to None, run_after=None
[2026-01-20T00:38:29.868+0000] {processor.py:183} INFO - Processing /opt/airflow/dags/pipeline_one_off.py took 0.125 seconds
[2026-01-20T00:39:00.172+0000] {processor.py:161} INFO - Started process (PID=16985) to work on /opt/airflow/dags/pipeline_one_off.py
[2026-01-20T00:39:00.173+0000] {processor.py:830} INFO - Processing file /opt/airflow/dags/pipeline_one_off.py for tasks to queue
[2026-01-20T00:39:00.176+0000] {logging_mixin.py:188} INFO - [2026-01-20T00:39:00.176+0000] {dagbag.py:545} INFO - Filling up the DagBag from /opt/airflow/dags/pipeline_one_off.py
[2026-01-20T00:39:00.204+0000] {processor.py:840} INFO - DAG(s) 'pipeline_one_off' retrieved from /opt/airflow/dags/pipeline_one_off.py
[2026-01-20T00:39:00.244+0000] {logging_mixin.py:188} INFO - [2026-01-20T00:39:00.244+0000] {dag.py:3089} INFO - Sync 1 DAGs
[2026-01-20T00:39:00.257+0000] {logging_mixin.py:188} INFO - [2026-01-20T00:39:00.257+0000] {dag.py:3947} INFO - Setting next_dagrun for pipeline_one_off to None, run_after=None
[2026-01-20T00:39:00.282+0000] {processor.py:183} INFO - Processing /opt/airflow/dags/pipeline_one_off.py took 0.117 seconds
[2026-01-20T00:39:30.583+0000] {processor.py:161} INFO - Started process (PID=16995) to work on /opt/airflow/dags/pipeline_one_off.py
[2026-01-20T00:39:30.584+0000] {processor.py:830} INFO - Processing file /opt/airflow/dags/pipeline_one_off.py for tasks to queue
[2026-01-20T00:39:30.587+0000] {logging_mixin.py:188} INFO - [2026-01-20T00:39:30.587+0000] {dagbag.py:545} INFO - Filling up the DagBag from /opt/airflow/dags/pipeline_one_off.py
[2026-01-20T00:39:30.612+0000] {processor.py:840} INFO - DAG(s) 'pipeline_one_off' retrieved from /opt/airflow/dags/pipeline_one_off.py
[2026-01-20T00:39:30.651+0000] {logging_mixin.py:188} INFO - [2026-01-20T00:39:30.651+0000] {dag.py:3089} INFO - Sync 1 DAGs
[2026-01-20T00:39:30.668+0000] {logging_mixin.py:188} INFO - [2026-01-20T00:39:30.667+0000] {dag.py:3947} INFO - Setting next_dagrun for pipeline_one_off to None, run_after=None
[2026-01-20T00:39:30.690+0000] {processor.py:183} INFO - Processing /opt/airflow/dags/pipeline_one_off.py took 0.115 seconds
[2026-01-20T00:40:00.994+0000] {processor.py:161} INFO - Started process (PID=17005) to work on /opt/airflow/dags/pipeline_one_off.py
[2026-01-20T00:40:00.995+0000] {processor.py:830} INFO - Processing file /opt/airflow/dags/pipeline_one_off.py for tasks to queue
[2026-01-20T00:40:00.998+0000] {logging_mixin.py:188} INFO - [2026-01-20T00:40:00.998+0000] {dagbag.py:545} INFO - Filling up the DagBag from /opt/airflow/dags/pipeline_one_off.py
[2026-01-20T00:40:01.023+0000] {processor.py:840} INFO - DAG(s) 'pipeline_one_off' retrieved from /opt/airflow/dags/pipeline_one_off.py
[2026-01-20T00:40:01.063+0000] {logging_mixin.py:188} INFO - [2026-01-20T00:40:01.063+0000] {dag.py:3089} INFO - Sync 1 DAGs
[2026-01-20T00:40:01.077+0000] {logging_mixin.py:188} INFO - [2026-01-20T00:40:01.077+0000] {dag.py:3947} INFO - Setting next_dagrun for pipeline_one_off to None, run_after=None
[2026-01-20T00:40:01.098+0000] {processor.py:183} INFO - Processing /opt/airflow/dags/pipeline_one_off.py took 0.112 seconds
[2026-01-20T00:40:31.396+0000] {processor.py:161} INFO - Started process (PID=17015) to work on /opt/airflow/dags/pipeline_one_off.py
[2026-01-20T00:40:31.397+0000] {processor.py:830} INFO - Processing file /opt/airflow/dags/pipeline_one_off.py for tasks to queue
[2026-01-20T00:40:31.401+0000] {logging_mixin.py:188} INFO - [2026-01-20T00:40:31.400+0000] {dagbag.py:545} INFO - Filling up the DagBag from /opt/airflow/dags/pipeline_one_off.py
[2026-01-20T00:40:31.428+0000] {processor.py:840} INFO - DAG(s) 'pipeline_one_off' retrieved from /opt/airflow/dags/pipeline_one_off.py
[2026-01-20T00:40:31.469+0000] {logging_mixin.py:188} INFO - [2026-01-20T00:40:31.469+0000] {dag.py:3089} INFO - Sync 1 DAGs
[2026-01-20T00:40:31.484+0000] {logging_mixin.py:188} INFO - [2026-01-20T00:40:31.484+0000] {dag.py:3947} INFO - Setting next_dagrun for pipeline_one_off to None, run_after=None
[2026-01-20T00:40:31.510+0000] {processor.py:183} INFO - Processing /opt/airflow/dags/pipeline_one_off.py took 0.122 seconds
[2026-01-20T00:41:01.795+0000] {processor.py:161} INFO - Started process (PID=17025) to work on /opt/airflow/dags/pipeline_one_off.py
[2026-01-20T00:41:01.797+0000] {processor.py:830} INFO - Processing file /opt/airflow/dags/pipeline_one_off.py for tasks to queue
[2026-01-20T00:41:01.800+0000] {logging_mixin.py:188} INFO - [2026-01-20T00:41:01.800+0000] {dagbag.py:545} INFO - Filling up the DagBag from /opt/airflow/dags/pipeline_one_off.py
[2026-01-20T00:41:01.826+0000] {processor.py:840} INFO - DAG(s) 'pipeline_one_off' retrieved from /opt/airflow/dags/pipeline_one_off.py
[2026-01-20T00:41:01.867+0000] {logging_mixin.py:188} INFO - [2026-01-20T00:41:01.867+0000] {dag.py:3089} INFO - Sync 1 DAGs
[2026-01-20T00:41:01.882+0000] {logging_mixin.py:188} INFO - [2026-01-20T00:41:01.882+0000] {dag.py:3947} INFO - Setting next_dagrun for pipeline_one_off to None, run_after=None
[2026-01-20T00:41:01.908+0000] {processor.py:183} INFO - Processing /opt/airflow/dags/pipeline_one_off.py took 0.121 seconds
[2026-01-20T00:41:32.191+0000] {processor.py:161} INFO - Started process (PID=17035) to work on /opt/airflow/dags/pipeline_one_off.py
[2026-01-20T00:41:32.193+0000] {processor.py:830} INFO - Processing file /opt/airflow/dags/pipeline_one_off.py for tasks to queue
[2026-01-20T00:41:32.197+0000] {logging_mixin.py:188} INFO - [2026-01-20T00:41:32.196+0000] {dagbag.py:545} INFO - Filling up the DagBag from /opt/airflow/dags/pipeline_one_off.py
[2026-01-20T00:41:32.222+0000] {processor.py:840} INFO - DAG(s) 'pipeline_one_off' retrieved from /opt/airflow/dags/pipeline_one_off.py
[2026-01-20T00:41:32.262+0000] {logging_mixin.py:188} INFO - [2026-01-20T00:41:32.262+0000] {dag.py:3089} INFO - Sync 1 DAGs
[2026-01-20T00:41:32.277+0000] {logging_mixin.py:188} INFO - [2026-01-20T00:41:32.277+0000] {dag.py:3947} INFO - Setting next_dagrun for pipeline_one_off to None, run_after=None
[2026-01-20T00:41:32.302+0000] {processor.py:183} INFO - Processing /opt/airflow/dags/pipeline_one_off.py took 0.119 seconds
[2026-01-20T00:42:02.602+0000] {processor.py:161} INFO - Started process (PID=17045) to work on /opt/airflow/dags/pipeline_one_off.py
[2026-01-20T00:42:02.603+0000] {processor.py:830} INFO - Processing file /opt/airflow/dags/pipeline_one_off.py for tasks to queue
[2026-01-20T00:42:02.606+0000] {logging_mixin.py:188} INFO - [2026-01-20T00:42:02.606+0000] {dagbag.py:545} INFO - Filling up the DagBag from /opt/airflow/dags/pipeline_one_off.py
[2026-01-20T00:42:02.630+0000] {processor.py:840} INFO - DAG(s) 'pipeline_one_off' retrieved from /opt/airflow/dags/pipeline_one_off.py
[2026-01-20T00:42:02.671+0000] {logging_mixin.py:188} INFO - [2026-01-20T00:42:02.671+0000] {dag.py:3089} INFO - Sync 1 DAGs
[2026-01-20T00:42:02.685+0000] {logging_mixin.py:188} INFO - [2026-01-20T00:42:02.685+0000] {dag.py:3947} INFO - Setting next_dagrun for pipeline_one_off to None, run_after=None
[2026-01-20T00:42:02.709+0000] {processor.py:183} INFO - Processing /opt/airflow/dags/pipeline_one_off.py took 0.118 seconds
[2026-01-20T00:42:32.996+0000] {processor.py:161} INFO - Started process (PID=17055) to work on /opt/airflow/dags/pipeline_one_off.py
[2026-01-20T00:42:32.998+0000] {processor.py:830} INFO - Processing file /opt/airflow/dags/pipeline_one_off.py for tasks to queue
[2026-01-20T00:42:33.000+0000] {logging_mixin.py:188} INFO - [2026-01-20T00:42:33.000+0000] {dagbag.py:545} INFO - Filling up the DagBag from /opt/airflow/dags/pipeline_one_off.py
[2026-01-20T00:42:33.027+0000] {processor.py:840} INFO - DAG(s) 'pipeline_one_off' retrieved from /opt/airflow/dags/pipeline_one_off.py
[2026-01-20T00:42:33.071+0000] {logging_mixin.py:188} INFO - [2026-01-20T00:42:33.070+0000] {dag.py:3089} INFO - Sync 1 DAGs
[2026-01-20T00:42:33.088+0000] {logging_mixin.py:188} INFO - [2026-01-20T00:42:33.087+0000] {dag.py:3947} INFO - Setting next_dagrun for pipeline_one_off to None, run_after=None
[2026-01-20T00:42:33.113+0000] {processor.py:183} INFO - Processing /opt/airflow/dags/pipeline_one_off.py took 0.125 seconds
[2026-01-20T00:43:03.412+0000] {processor.py:161} INFO - Started process (PID=17065) to work on /opt/airflow/dags/pipeline_one_off.py
[2026-01-20T00:43:03.414+0000] {processor.py:830} INFO - Processing file /opt/airflow/dags/pipeline_one_off.py for tasks to queue
[2026-01-20T00:43:03.416+0000] {logging_mixin.py:188} INFO - [2026-01-20T00:43:03.415+0000] {dagbag.py:545} INFO - Filling up the DagBag from /opt/airflow/dags/pipeline_one_off.py
[2026-01-20T00:43:03.440+0000] {processor.py:840} INFO - DAG(s) 'pipeline_one_off' retrieved from /opt/airflow/dags/pipeline_one_off.py
[2026-01-20T00:43:03.481+0000] {logging_mixin.py:188} INFO - [2026-01-20T00:43:03.481+0000] {dag.py:3089} INFO - Sync 1 DAGs
[2026-01-20T00:43:03.495+0000] {logging_mixin.py:188} INFO - [2026-01-20T00:43:03.495+0000] {dag.py:3947} INFO - Setting next_dagrun for pipeline_one_off to None, run_after=None
[2026-01-20T00:43:03.515+0000] {processor.py:183} INFO - Processing /opt/airflow/dags/pipeline_one_off.py took 0.110 seconds
[2026-01-20T00:43:33.883+0000] {processor.py:161} INFO - Started process (PID=17075) to work on /opt/airflow/dags/pipeline_one_off.py
[2026-01-20T00:43:33.884+0000] {processor.py:830} INFO - Processing file /opt/airflow/dags/pipeline_one_off.py for tasks to queue
[2026-01-20T00:43:33.887+0000] {logging_mixin.py:188} INFO - [2026-01-20T00:43:33.886+0000] {dagbag.py:545} INFO - Filling up the DagBag from /opt/airflow/dags/pipeline_one_off.py
[2026-01-20T00:43:33.913+0000] {processor.py:840} INFO - DAG(s) 'pipeline_one_off' retrieved from /opt/airflow/dags/pipeline_one_off.py
[2026-01-20T00:43:33.954+0000] {logging_mixin.py:188} INFO - [2026-01-20T00:43:33.954+0000] {dag.py:3089} INFO - Sync 1 DAGs
[2026-01-20T00:43:33.969+0000] {logging_mixin.py:188} INFO - [2026-01-20T00:43:33.969+0000] {dag.py:3947} INFO - Setting next_dagrun for pipeline_one_off to None, run_after=None
[2026-01-20T00:43:33.993+0000] {processor.py:183} INFO - Processing /opt/airflow/dags/pipeline_one_off.py took 0.120 seconds
[2026-01-20T00:44:04.289+0000] {processor.py:161} INFO - Started process (PID=17085) to work on /opt/airflow/dags/pipeline_one_off.py
[2026-01-20T00:44:04.290+0000] {processor.py:830} INFO - Processing file /opt/airflow/dags/pipeline_one_off.py for tasks to queue
[2026-01-20T00:44:04.292+0000] {logging_mixin.py:188} INFO - [2026-01-20T00:44:04.292+0000] {dagbag.py:545} INFO - Filling up the DagBag from /opt/airflow/dags/pipeline_one_off.py
[2026-01-20T00:44:04.317+0000] {processor.py:840} INFO - DAG(s) 'pipeline_one_off' retrieved from /opt/airflow/dags/pipeline_one_off.py
[2026-01-20T00:44:04.357+0000] {logging_mixin.py:188} INFO - [2026-01-20T00:44:04.357+0000] {dag.py:3089} INFO - Sync 1 DAGs
[2026-01-20T00:44:04.372+0000] {logging_mixin.py:188} INFO - [2026-01-20T00:44:04.372+0000] {dag.py:3947} INFO - Setting next_dagrun for pipeline_one_off to None, run_after=None
[2026-01-20T00:44:04.394+0000] {processor.py:183} INFO - Processing /opt/airflow/dags/pipeline_one_off.py took 0.113 seconds
[2026-01-20T00:44:34.684+0000] {processor.py:161} INFO - Started process (PID=17095) to work on /opt/airflow/dags/pipeline_one_off.py
[2026-01-20T00:44:34.686+0000] {processor.py:830} INFO - Processing file /opt/airflow/dags/pipeline_one_off.py for tasks to queue
[2026-01-20T00:44:34.688+0000] {logging_mixin.py:188} INFO - [2026-01-20T00:44:34.688+0000] {dagbag.py:545} INFO - Filling up the DagBag from /opt/airflow/dags/pipeline_one_off.py
[2026-01-20T00:44:34.716+0000] {processor.py:840} INFO - DAG(s) 'pipeline_one_off' retrieved from /opt/airflow/dags/pipeline_one_off.py
[2026-01-20T00:44:34.759+0000] {logging_mixin.py:188} INFO - [2026-01-20T00:44:34.759+0000] {dag.py:3089} INFO - Sync 1 DAGs
[2026-01-20T00:44:34.775+0000] {logging_mixin.py:188} INFO - [2026-01-20T00:44:34.775+0000] {dag.py:3947} INFO - Setting next_dagrun for pipeline_one_off to None, run_after=None
[2026-01-20T00:44:34.799+0000] {processor.py:183} INFO - Processing /opt/airflow/dags/pipeline_one_off.py took 0.125 seconds
[2026-01-20T00:45:05.086+0000] {processor.py:161} INFO - Started process (PID=17105) to work on /opt/airflow/dags/pipeline_one_off.py
[2026-01-20T00:45:05.088+0000] {processor.py:830} INFO - Processing file /opt/airflow/dags/pipeline_one_off.py for tasks to queue
[2026-01-20T00:45:05.091+0000] {logging_mixin.py:188} INFO - [2026-01-20T00:45:05.090+0000] {dagbag.py:545} INFO - Filling up the DagBag from /opt/airflow/dags/pipeline_one_off.py
[2026-01-20T00:45:05.116+0000] {processor.py:840} INFO - DAG(s) 'pipeline_one_off' retrieved from /opt/airflow/dags/pipeline_one_off.py
[2026-01-20T00:45:05.157+0000] {logging_mixin.py:188} INFO - [2026-01-20T00:45:05.156+0000] {dag.py:3089} INFO - Sync 1 DAGs
[2026-01-20T00:45:05.171+0000] {logging_mixin.py:188} INFO - [2026-01-20T00:45:05.171+0000] {dag.py:3947} INFO - Setting next_dagrun for pipeline_one_off to None, run_after=None
[2026-01-20T00:45:05.194+0000] {processor.py:183} INFO - Processing /opt/airflow/dags/pipeline_one_off.py took 0.116 seconds
[2026-01-20T00:45:35.481+0000] {processor.py:161} INFO - Started process (PID=17115) to work on /opt/airflow/dags/pipeline_one_off.py
[2026-01-20T00:45:35.482+0000] {processor.py:830} INFO - Processing file /opt/airflow/dags/pipeline_one_off.py for tasks to queue
[2026-01-20T00:45:35.486+0000] {logging_mixin.py:188} INFO - [2026-01-20T00:45:35.486+0000] {dagbag.py:545} INFO - Filling up the DagBag from /opt/airflow/dags/pipeline_one_off.py
[2026-01-20T00:45:35.513+0000] {processor.py:840} INFO - DAG(s) 'pipeline_one_off' retrieved from /opt/airflow/dags/pipeline_one_off.py
[2026-01-20T00:45:35.553+0000] {logging_mixin.py:188} INFO - [2026-01-20T00:45:35.553+0000] {dag.py:3089} INFO - Sync 1 DAGs
[2026-01-20T00:45:35.570+0000] {logging_mixin.py:188} INFO - [2026-01-20T00:45:35.570+0000] {dag.py:3947} INFO - Setting next_dagrun for pipeline_one_off to None, run_after=None
[2026-01-20T00:45:35.593+0000] {processor.py:183} INFO - Processing /opt/airflow/dags/pipeline_one_off.py took 0.121 seconds
[2026-01-20T00:46:05.879+0000] {processor.py:161} INFO - Started process (PID=17125) to work on /opt/airflow/dags/pipeline_one_off.py
[2026-01-20T00:46:05.881+0000] {processor.py:830} INFO - Processing file /opt/airflow/dags/pipeline_one_off.py for tasks to queue
[2026-01-20T00:46:05.884+0000] {logging_mixin.py:188} INFO - [2026-01-20T00:46:05.884+0000] {dagbag.py:545} INFO - Filling up the DagBag from /opt/airflow/dags/pipeline_one_off.py
[2026-01-20T00:46:05.908+0000] {processor.py:840} INFO - DAG(s) 'pipeline_one_off' retrieved from /opt/airflow/dags/pipeline_one_off.py
[2026-01-20T00:46:05.947+0000] {logging_mixin.py:188} INFO - [2026-01-20T00:46:05.947+0000] {dag.py:3089} INFO - Sync 1 DAGs
[2026-01-20T00:46:05.962+0000] {logging_mixin.py:188} INFO - [2026-01-20T00:46:05.962+0000] {dag.py:3947} INFO - Setting next_dagrun for pipeline_one_off to None, run_after=None
[2026-01-20T00:46:05.987+0000] {processor.py:183} INFO - Processing /opt/airflow/dags/pipeline_one_off.py took 0.115 seconds
[2026-01-20T00:46:36.280+0000] {processor.py:161} INFO - Started process (PID=17135) to work on /opt/airflow/dags/pipeline_one_off.py
[2026-01-20T00:46:36.281+0000] {processor.py:830} INFO - Processing file /opt/airflow/dags/pipeline_one_off.py for tasks to queue
[2026-01-20T00:46:36.284+0000] {logging_mixin.py:188} INFO - [2026-01-20T00:46:36.284+0000] {dagbag.py:545} INFO - Filling up the DagBag from /opt/airflow/dags/pipeline_one_off.py
[2026-01-20T00:46:36.308+0000] {processor.py:840} INFO - DAG(s) 'pipeline_one_off' retrieved from /opt/airflow/dags/pipeline_one_off.py
[2026-01-20T00:46:36.348+0000] {logging_mixin.py:188} INFO - [2026-01-20T00:46:36.347+0000] {dag.py:3089} INFO - Sync 1 DAGs
[2026-01-20T00:46:36.364+0000] {logging_mixin.py:188} INFO - [2026-01-20T00:46:36.363+0000] {dag.py:3947} INFO - Setting next_dagrun for pipeline_one_off to None, run_after=None
[2026-01-20T00:46:36.385+0000] {processor.py:183} INFO - Processing /opt/airflow/dags/pipeline_one_off.py took 0.113 seconds
[2026-01-20T00:47:06.687+0000] {processor.py:161} INFO - Started process (PID=17145) to work on /opt/airflow/dags/pipeline_one_off.py
[2026-01-20T00:47:06.689+0000] {processor.py:830} INFO - Processing file /opt/airflow/dags/pipeline_one_off.py for tasks to queue
[2026-01-20T00:47:06.692+0000] {logging_mixin.py:188} INFO - [2026-01-20T00:47:06.691+0000] {dagbag.py:545} INFO - Filling up the DagBag from /opt/airflow/dags/pipeline_one_off.py
[2026-01-20T00:47:06.716+0000] {processor.py:840} INFO - DAG(s) 'pipeline_one_off' retrieved from /opt/airflow/dags/pipeline_one_off.py
[2026-01-20T00:47:06.757+0000] {logging_mixin.py:188} INFO - [2026-01-20T00:47:06.756+0000] {dag.py:3089} INFO - Sync 1 DAGs
[2026-01-20T00:47:06.771+0000] {logging_mixin.py:188} INFO - [2026-01-20T00:47:06.770+0000] {dag.py:3947} INFO - Setting next_dagrun for pipeline_one_off to None, run_after=None
[2026-01-20T00:47:06.794+0000] {processor.py:183} INFO - Processing /opt/airflow/dags/pipeline_one_off.py took 0.114 seconds
[2026-01-20T00:47:37.085+0000] {processor.py:161} INFO - Started process (PID=17155) to work on /opt/airflow/dags/pipeline_one_off.py
[2026-01-20T00:47:37.086+0000] {processor.py:830} INFO - Processing file /opt/airflow/dags/pipeline_one_off.py for tasks to queue
[2026-01-20T00:47:37.089+0000] {logging_mixin.py:188} INFO - [2026-01-20T00:47:37.089+0000] {dagbag.py:545} INFO - Filling up the DagBag from /opt/airflow/dags/pipeline_one_off.py
[2026-01-20T00:47:37.112+0000] {processor.py:840} INFO - DAG(s) 'pipeline_one_off' retrieved from /opt/airflow/dags/pipeline_one_off.py
[2026-01-20T00:47:37.148+0000] {logging_mixin.py:188} INFO - [2026-01-20T00:47:37.148+0000] {dag.py:3089} INFO - Sync 1 DAGs
[2026-01-20T00:47:37.162+0000] {logging_mixin.py:188} INFO - [2026-01-20T00:47:37.161+0000] {dag.py:3947} INFO - Setting next_dagrun for pipeline_one_off to None, run_after=None
[2026-01-20T00:47:37.184+0000] {processor.py:183} INFO - Processing /opt/airflow/dags/pipeline_one_off.py took 0.106 seconds
[2026-01-20T00:48:07.477+0000] {processor.py:161} INFO - Started process (PID=17165) to work on /opt/airflow/dags/pipeline_one_off.py
[2026-01-20T00:48:07.478+0000] {processor.py:830} INFO - Processing file /opt/airflow/dags/pipeline_one_off.py for tasks to queue
[2026-01-20T00:48:07.480+0000] {logging_mixin.py:188} INFO - [2026-01-20T00:48:07.480+0000] {dagbag.py:545} INFO - Filling up the DagBag from /opt/airflow/dags/pipeline_one_off.py
[2026-01-20T00:48:07.504+0000] {processor.py:840} INFO - DAG(s) 'pipeline_one_off' retrieved from /opt/airflow/dags/pipeline_one_off.py
[2026-01-20T00:48:07.544+0000] {logging_mixin.py:188} INFO - [2026-01-20T00:48:07.544+0000] {dag.py:3089} INFO - Sync 1 DAGs
[2026-01-20T00:48:07.559+0000] {logging_mixin.py:188} INFO - [2026-01-20T00:48:07.559+0000] {dag.py:3947} INFO - Setting next_dagrun for pipeline_one_off to None, run_after=None
[2026-01-20T00:48:07.581+0000] {processor.py:183} INFO - Processing /opt/airflow/dags/pipeline_one_off.py took 0.112 seconds
[2026-01-20T00:48:37.911+0000] {processor.py:161} INFO - Started process (PID=17175) to work on /opt/airflow/dags/pipeline_one_off.py
[2026-01-20T00:48:37.912+0000] {processor.py:830} INFO - Processing file /opt/airflow/dags/pipeline_one_off.py for tasks to queue
[2026-01-20T00:48:37.914+0000] {logging_mixin.py:188} INFO - [2026-01-20T00:48:37.914+0000] {dagbag.py:545} INFO - Filling up the DagBag from /opt/airflow/dags/pipeline_one_off.py
[2026-01-20T00:48:37.939+0000] {processor.py:840} INFO - DAG(s) 'pipeline_one_off' retrieved from /opt/airflow/dags/pipeline_one_off.py
[2026-01-20T00:48:37.980+0000] {logging_mixin.py:188} INFO - [2026-01-20T00:48:37.980+0000] {dag.py:3089} INFO - Sync 1 DAGs
[2026-01-20T00:48:37.995+0000] {logging_mixin.py:188} INFO - [2026-01-20T00:48:37.994+0000] {dag.py:3947} INFO - Setting next_dagrun for pipeline_one_off to None, run_after=None
[2026-01-20T00:48:38.020+0000] {processor.py:183} INFO - Processing /opt/airflow/dags/pipeline_one_off.py took 0.116 seconds
[2026-01-20T00:49:08.313+0000] {processor.py:161} INFO - Started process (PID=17185) to work on /opt/airflow/dags/pipeline_one_off.py
[2026-01-20T00:49:08.314+0000] {processor.py:830} INFO - Processing file /opt/airflow/dags/pipeline_one_off.py for tasks to queue
[2026-01-20T00:49:08.317+0000] {logging_mixin.py:188} INFO - [2026-01-20T00:49:08.316+0000] {dagbag.py:545} INFO - Filling up the DagBag from /opt/airflow/dags/pipeline_one_off.py
[2026-01-20T00:49:08.342+0000] {processor.py:840} INFO - DAG(s) 'pipeline_one_off' retrieved from /opt/airflow/dags/pipeline_one_off.py
[2026-01-20T00:49:08.378+0000] {logging_mixin.py:188} INFO - [2026-01-20T00:49:08.377+0000] {dag.py:3089} INFO - Sync 1 DAGs
[2026-01-20T00:49:08.391+0000] {logging_mixin.py:188} INFO - [2026-01-20T00:49:08.391+0000] {dag.py:3947} INFO - Setting next_dagrun for pipeline_one_off to None, run_after=None
[2026-01-20T00:49:08.415+0000] {processor.py:183} INFO - Processing /opt/airflow/dags/pipeline_one_off.py took 0.109 seconds
[2026-01-20T00:49:38.695+0000] {processor.py:161} INFO - Started process (PID=17195) to work on /opt/airflow/dags/pipeline_one_off.py
[2026-01-20T00:49:38.697+0000] {processor.py:830} INFO - Processing file /opt/airflow/dags/pipeline_one_off.py for tasks to queue
[2026-01-20T00:49:38.700+0000] {logging_mixin.py:188} INFO - [2026-01-20T00:49:38.700+0000] {dagbag.py:545} INFO - Filling up the DagBag from /opt/airflow/dags/pipeline_one_off.py
[2026-01-20T00:49:38.729+0000] {processor.py:840} INFO - DAG(s) 'pipeline_one_off' retrieved from /opt/airflow/dags/pipeline_one_off.py
[2026-01-20T00:49:38.774+0000] {logging_mixin.py:188} INFO - [2026-01-20T00:49:38.774+0000] {dag.py:3089} INFO - Sync 1 DAGs
[2026-01-20T00:49:38.790+0000] {logging_mixin.py:188} INFO - [2026-01-20T00:49:38.790+0000] {dag.py:3947} INFO - Setting next_dagrun for pipeline_one_off to None, run_after=None
[2026-01-20T00:49:38.815+0000] {processor.py:183} INFO - Processing /opt/airflow/dags/pipeline_one_off.py took 0.130 seconds
[2026-01-20T00:50:09.083+0000] {processor.py:161} INFO - Started process (PID=17205) to work on /opt/airflow/dags/pipeline_one_off.py
[2026-01-20T00:50:09.084+0000] {processor.py:830} INFO - Processing file /opt/airflow/dags/pipeline_one_off.py for tasks to queue
[2026-01-20T00:50:09.087+0000] {logging_mixin.py:188} INFO - [2026-01-20T00:50:09.086+0000] {dagbag.py:545} INFO - Filling up the DagBag from /opt/airflow/dags/pipeline_one_off.py
[2026-01-20T00:50:09.114+0000] {processor.py:840} INFO - DAG(s) 'pipeline_one_off' retrieved from /opt/airflow/dags/pipeline_one_off.py
[2026-01-20T00:50:09.152+0000] {logging_mixin.py:188} INFO - [2026-01-20T00:50:09.152+0000] {dag.py:3089} INFO - Sync 1 DAGs
[2026-01-20T00:50:09.167+0000] {logging_mixin.py:188} INFO - [2026-01-20T00:50:09.167+0000] {dag.py:3947} INFO - Setting next_dagrun for pipeline_one_off to None, run_after=None
[2026-01-20T00:50:09.190+0000] {processor.py:183} INFO - Processing /opt/airflow/dags/pipeline_one_off.py took 0.115 seconds
[2026-01-20T00:50:39.472+0000] {processor.py:161} INFO - Started process (PID=17215) to work on /opt/airflow/dags/pipeline_one_off.py
[2026-01-20T00:50:39.473+0000] {processor.py:830} INFO - Processing file /opt/airflow/dags/pipeline_one_off.py for tasks to queue
[2026-01-20T00:50:39.475+0000] {logging_mixin.py:188} INFO - [2026-01-20T00:50:39.475+0000] {dagbag.py:545} INFO - Filling up the DagBag from /opt/airflow/dags/pipeline_one_off.py
[2026-01-20T00:50:39.500+0000] {processor.py:840} INFO - DAG(s) 'pipeline_one_off' retrieved from /opt/airflow/dags/pipeline_one_off.py
[2026-01-20T00:50:39.538+0000] {logging_mixin.py:188} INFO - [2026-01-20T00:50:39.538+0000] {dag.py:3089} INFO - Sync 1 DAGs
[2026-01-20T00:50:39.551+0000] {logging_mixin.py:188} INFO - [2026-01-20T00:50:39.551+0000] {dag.py:3947} INFO - Setting next_dagrun for pipeline_one_off to None, run_after=None
[2026-01-20T00:50:39.578+0000] {processor.py:183} INFO - Processing /opt/airflow/dags/pipeline_one_off.py took 0.113 seconds
[2026-01-20T00:51:09.843+0000] {processor.py:161} INFO - Started process (PID=17225) to work on /opt/airflow/dags/pipeline_one_off.py
[2026-01-20T00:51:09.844+0000] {processor.py:830} INFO - Processing file /opt/airflow/dags/pipeline_one_off.py for tasks to queue
[2026-01-20T00:51:09.846+0000] {logging_mixin.py:188} INFO - [2026-01-20T00:51:09.846+0000] {dagbag.py:545} INFO - Filling up the DagBag from /opt/airflow/dags/pipeline_one_off.py
[2026-01-20T00:51:09.871+0000] {processor.py:840} INFO - DAG(s) 'pipeline_one_off' retrieved from /opt/airflow/dags/pipeline_one_off.py
[2026-01-20T00:51:09.909+0000] {logging_mixin.py:188} INFO - [2026-01-20T00:51:09.909+0000] {dag.py:3089} INFO - Sync 1 DAGs
[2026-01-20T00:51:09.924+0000] {logging_mixin.py:188} INFO - [2026-01-20T00:51:09.924+0000] {dag.py:3947} INFO - Setting next_dagrun for pipeline_one_off to None, run_after=None
[2026-01-20T00:51:09.947+0000] {processor.py:183} INFO - Processing /opt/airflow/dags/pipeline_one_off.py took 0.111 seconds
[2026-01-20T00:51:40.199+0000] {processor.py:161} INFO - Started process (PID=17235) to work on /opt/airflow/dags/pipeline_one_off.py
[2026-01-20T00:51:40.200+0000] {processor.py:830} INFO - Processing file /opt/airflow/dags/pipeline_one_off.py for tasks to queue
[2026-01-20T00:51:40.203+0000] {logging_mixin.py:188} INFO - [2026-01-20T00:51:40.202+0000] {dagbag.py:545} INFO - Filling up the DagBag from /opt/airflow/dags/pipeline_one_off.py
[2026-01-20T00:51:40.227+0000] {processor.py:840} INFO - DAG(s) 'pipeline_one_off' retrieved from /opt/airflow/dags/pipeline_one_off.py
[2026-01-20T00:51:40.265+0000] {logging_mixin.py:188} INFO - [2026-01-20T00:51:40.265+0000] {dag.py:3089} INFO - Sync 1 DAGs
[2026-01-20T00:51:40.278+0000] {logging_mixin.py:188} INFO - [2026-01-20T00:51:40.278+0000] {dag.py:3947} INFO - Setting next_dagrun for pipeline_one_off to None, run_after=None
[2026-01-20T00:51:40.300+0000] {processor.py:183} INFO - Processing /opt/airflow/dags/pipeline_one_off.py took 0.107 seconds
[2026-01-20T00:52:10.550+0000] {processor.py:161} INFO - Started process (PID=17245) to work on /opt/airflow/dags/pipeline_one_off.py
[2026-01-20T00:52:10.551+0000] {processor.py:830} INFO - Processing file /opt/airflow/dags/pipeline_one_off.py for tasks to queue
[2026-01-20T00:52:10.555+0000] {logging_mixin.py:188} INFO - [2026-01-20T00:52:10.554+0000] {dagbag.py:545} INFO - Filling up the DagBag from /opt/airflow/dags/pipeline_one_off.py
[2026-01-20T00:52:10.579+0000] {processor.py:840} INFO - DAG(s) 'pipeline_one_off' retrieved from /opt/airflow/dags/pipeline_one_off.py
[2026-01-20T00:52:10.620+0000] {logging_mixin.py:188} INFO - [2026-01-20T00:52:10.620+0000] {dag.py:3089} INFO - Sync 1 DAGs
[2026-01-20T00:52:10.635+0000] {logging_mixin.py:188} INFO - [2026-01-20T00:52:10.634+0000] {dag.py:3947} INFO - Setting next_dagrun for pipeline_one_off to None, run_after=None
[2026-01-20T00:52:10.657+0000] {processor.py:183} INFO - Processing /opt/airflow/dags/pipeline_one_off.py took 0.114 seconds
[2026-01-20T00:52:40.921+0000] {processor.py:161} INFO - Started process (PID=17255) to work on /opt/airflow/dags/pipeline_one_off.py
[2026-01-20T00:52:40.923+0000] {processor.py:830} INFO - Processing file /opt/airflow/dags/pipeline_one_off.py for tasks to queue
[2026-01-20T00:52:40.926+0000] {logging_mixin.py:188} INFO - [2026-01-20T00:52:40.925+0000] {dagbag.py:545} INFO - Filling up the DagBag from /opt/airflow/dags/pipeline_one_off.py
[2026-01-20T00:52:40.952+0000] {processor.py:840} INFO - DAG(s) 'pipeline_one_off' retrieved from /opt/airflow/dags/pipeline_one_off.py
[2026-01-20T00:52:40.992+0000] {logging_mixin.py:188} INFO - [2026-01-20T00:52:40.991+0000] {dag.py:3089} INFO - Sync 1 DAGs
[2026-01-20T00:52:41.007+0000] {logging_mixin.py:188} INFO - [2026-01-20T00:52:41.007+0000] {dag.py:3947} INFO - Setting next_dagrun for pipeline_one_off to None, run_after=None
[2026-01-20T00:52:41.029+0000] {processor.py:183} INFO - Processing /opt/airflow/dags/pipeline_one_off.py took 0.116 seconds
[2026-01-20T00:53:11.335+0000] {processor.py:161} INFO - Started process (PID=17265) to work on /opt/airflow/dags/pipeline_one_off.py
[2026-01-20T00:53:11.336+0000] {processor.py:830} INFO - Processing file /opt/airflow/dags/pipeline_one_off.py for tasks to queue
[2026-01-20T00:53:11.339+0000] {logging_mixin.py:188} INFO - [2026-01-20T00:53:11.338+0000] {dagbag.py:545} INFO - Filling up the DagBag from /opt/airflow/dags/pipeline_one_off.py
[2026-01-20T00:53:11.364+0000] {processor.py:840} INFO - DAG(s) 'pipeline_one_off' retrieved from /opt/airflow/dags/pipeline_one_off.py
[2026-01-20T00:53:11.405+0000] {logging_mixin.py:188} INFO - [2026-01-20T00:53:11.404+0000] {dag.py:3089} INFO - Sync 1 DAGs
[2026-01-20T00:53:11.419+0000] {logging_mixin.py:188} INFO - [2026-01-20T00:53:11.419+0000] {dag.py:3947} INFO - Setting next_dagrun for pipeline_one_off to None, run_after=None
[2026-01-20T00:53:11.442+0000] {processor.py:183} INFO - Processing /opt/airflow/dags/pipeline_one_off.py took 0.116 seconds
[2026-01-20T00:53:41.792+0000] {processor.py:161} INFO - Started process (PID=17275) to work on /opt/airflow/dags/pipeline_one_off.py
[2026-01-20T00:53:41.793+0000] {processor.py:830} INFO - Processing file /opt/airflow/dags/pipeline_one_off.py for tasks to queue
[2026-01-20T00:53:41.795+0000] {logging_mixin.py:188} INFO - [2026-01-20T00:53:41.795+0000] {dagbag.py:545} INFO - Filling up the DagBag from /opt/airflow/dags/pipeline_one_off.py
[2026-01-20T00:53:41.820+0000] {processor.py:840} INFO - DAG(s) 'pipeline_one_off' retrieved from /opt/airflow/dags/pipeline_one_off.py
[2026-01-20T00:53:41.854+0000] {logging_mixin.py:188} INFO - [2026-01-20T00:53:41.854+0000] {dag.py:3089} INFO - Sync 1 DAGs
[2026-01-20T00:53:41.866+0000] {logging_mixin.py:188} INFO - [2026-01-20T00:53:41.866+0000] {dag.py:3947} INFO - Setting next_dagrun for pipeline_one_off to None, run_after=None
[2026-01-20T00:53:41.888+0000] {processor.py:183} INFO - Processing /opt/airflow/dags/pipeline_one_off.py took 0.103 seconds
[2026-01-20T00:54:12.168+0000] {processor.py:161} INFO - Started process (PID=17285) to work on /opt/airflow/dags/pipeline_one_off.py
[2026-01-20T00:54:12.169+0000] {processor.py:830} INFO - Processing file /opt/airflow/dags/pipeline_one_off.py for tasks to queue
[2026-01-20T00:54:12.172+0000] {logging_mixin.py:188} INFO - [2026-01-20T00:54:12.171+0000] {dagbag.py:545} INFO - Filling up the DagBag from /opt/airflow/dags/pipeline_one_off.py
[2026-01-20T00:54:12.195+0000] {processor.py:840} INFO - DAG(s) 'pipeline_one_off' retrieved from /opt/airflow/dags/pipeline_one_off.py
[2026-01-20T00:54:12.230+0000] {logging_mixin.py:188} INFO - [2026-01-20T00:54:12.229+0000] {dag.py:3089} INFO - Sync 1 DAGs
[2026-01-20T00:54:12.242+0000] {logging_mixin.py:188} INFO - [2026-01-20T00:54:12.242+0000] {dag.py:3947} INFO - Setting next_dagrun for pipeline_one_off to None, run_after=None
[2026-01-20T00:54:12.265+0000] {processor.py:183} INFO - Processing /opt/airflow/dags/pipeline_one_off.py took 0.105 seconds
[2026-01-20T00:54:42.553+0000] {processor.py:161} INFO - Started process (PID=17295) to work on /opt/airflow/dags/pipeline_one_off.py
[2026-01-20T00:54:42.554+0000] {processor.py:830} INFO - Processing file /opt/airflow/dags/pipeline_one_off.py for tasks to queue
[2026-01-20T00:54:42.556+0000] {logging_mixin.py:188} INFO - [2026-01-20T00:54:42.556+0000] {dagbag.py:545} INFO - Filling up the DagBag from /opt/airflow/dags/pipeline_one_off.py
[2026-01-20T00:54:42.581+0000] {processor.py:840} INFO - DAG(s) 'pipeline_one_off' retrieved from /opt/airflow/dags/pipeline_one_off.py
[2026-01-20T00:54:42.620+0000] {logging_mixin.py:188} INFO - [2026-01-20T00:54:42.620+0000] {dag.py:3089} INFO - Sync 1 DAGs
[2026-01-20T00:54:42.636+0000] {logging_mixin.py:188} INFO - [2026-01-20T00:54:42.635+0000] {dag.py:3947} INFO - Setting next_dagrun for pipeline_one_off to None, run_after=None
[2026-01-20T00:54:42.661+0000] {processor.py:183} INFO - Processing /opt/airflow/dags/pipeline_one_off.py took 0.115 seconds
[2026-01-20T00:55:12.962+0000] {processor.py:161} INFO - Started process (PID=17305) to work on /opt/airflow/dags/pipeline_one_off.py
[2026-01-20T00:55:12.963+0000] {processor.py:830} INFO - Processing file /opt/airflow/dags/pipeline_one_off.py for tasks to queue
[2026-01-20T00:55:12.966+0000] {logging_mixin.py:188} INFO - [2026-01-20T00:55:12.965+0000] {dagbag.py:545} INFO - Filling up the DagBag from /opt/airflow/dags/pipeline_one_off.py
[2026-01-20T00:55:12.990+0000] {processor.py:840} INFO - DAG(s) 'pipeline_one_off' retrieved from /opt/airflow/dags/pipeline_one_off.py
[2026-01-20T00:55:13.031+0000] {logging_mixin.py:188} INFO - [2026-01-20T00:55:13.031+0000] {dag.py:3089} INFO - Sync 1 DAGs
[2026-01-20T00:55:13.047+0000] {logging_mixin.py:188} INFO - [2026-01-20T00:55:13.046+0000] {dag.py:3947} INFO - Setting next_dagrun for pipeline_one_off to None, run_after=None
[2026-01-20T00:55:13.068+0000] {processor.py:183} INFO - Processing /opt/airflow/dags/pipeline_one_off.py took 0.113 seconds
[2026-01-20T00:55:43.354+0000] {processor.py:161} INFO - Started process (PID=17315) to work on /opt/airflow/dags/pipeline_one_off.py
[2026-01-20T00:55:43.355+0000] {processor.py:830} INFO - Processing file /opt/airflow/dags/pipeline_one_off.py for tasks to queue
[2026-01-20T00:55:43.358+0000] {logging_mixin.py:188} INFO - [2026-01-20T00:55:43.357+0000] {dagbag.py:545} INFO - Filling up the DagBag from /opt/airflow/dags/pipeline_one_off.py
[2026-01-20T00:55:43.385+0000] {processor.py:840} INFO - DAG(s) 'pipeline_one_off' retrieved from /opt/airflow/dags/pipeline_one_off.py
[2026-01-20T00:55:43.425+0000] {logging_mixin.py:188} INFO - [2026-01-20T00:55:43.425+0000] {dag.py:3089} INFO - Sync 1 DAGs
[2026-01-20T00:55:43.440+0000] {logging_mixin.py:188} INFO - [2026-01-20T00:55:43.440+0000] {dag.py:3947} INFO - Setting next_dagrun for pipeline_one_off to None, run_after=None
[2026-01-20T00:55:43.464+0000] {processor.py:183} INFO - Processing /opt/airflow/dags/pipeline_one_off.py took 0.117 seconds
[2026-01-20T00:56:13.765+0000] {processor.py:161} INFO - Started process (PID=17325) to work on /opt/airflow/dags/pipeline_one_off.py
[2026-01-20T00:56:13.766+0000] {processor.py:830} INFO - Processing file /opt/airflow/dags/pipeline_one_off.py for tasks to queue
[2026-01-20T00:56:13.769+0000] {logging_mixin.py:188} INFO - [2026-01-20T00:56:13.768+0000] {dagbag.py:545} INFO - Filling up the DagBag from /opt/airflow/dags/pipeline_one_off.py
[2026-01-20T00:56:13.795+0000] {processor.py:840} INFO - DAG(s) 'pipeline_one_off' retrieved from /opt/airflow/dags/pipeline_one_off.py
[2026-01-20T00:56:13.837+0000] {logging_mixin.py:188} INFO - [2026-01-20T00:56:13.837+0000] {dag.py:3089} INFO - Sync 1 DAGs
[2026-01-20T00:56:13.852+0000] {logging_mixin.py:188} INFO - [2026-01-20T00:56:13.852+0000] {dag.py:3947} INFO - Setting next_dagrun for pipeline_one_off to None, run_after=None
[2026-01-20T00:56:13.876+0000] {processor.py:183} INFO - Processing /opt/airflow/dags/pipeline_one_off.py took 0.118 seconds
[2026-01-20T00:56:44.164+0000] {processor.py:161} INFO - Started process (PID=17335) to work on /opt/airflow/dags/pipeline_one_off.py
[2026-01-20T00:56:44.165+0000] {processor.py:830} INFO - Processing file /opt/airflow/dags/pipeline_one_off.py for tasks to queue
[2026-01-20T00:56:44.168+0000] {logging_mixin.py:188} INFO - [2026-01-20T00:56:44.167+0000] {dagbag.py:545} INFO - Filling up the DagBag from /opt/airflow/dags/pipeline_one_off.py
[2026-01-20T00:56:44.192+0000] {processor.py:840} INFO - DAG(s) 'pipeline_one_off' retrieved from /opt/airflow/dags/pipeline_one_off.py
[2026-01-20T00:56:44.232+0000] {logging_mixin.py:188} INFO - [2026-01-20T00:56:44.232+0000] {dag.py:3089} INFO - Sync 1 DAGs
[2026-01-20T00:56:44.248+0000] {logging_mixin.py:188} INFO - [2026-01-20T00:56:44.248+0000] {dag.py:3947} INFO - Setting next_dagrun for pipeline_one_off to None, run_after=None
[2026-01-20T00:56:44.272+0000] {processor.py:183} INFO - Processing /opt/airflow/dags/pipeline_one_off.py took 0.115 seconds
[2026-01-20T00:57:14.574+0000] {processor.py:161} INFO - Started process (PID=17345) to work on /opt/airflow/dags/pipeline_one_off.py
[2026-01-20T00:57:14.575+0000] {processor.py:830} INFO - Processing file /opt/airflow/dags/pipeline_one_off.py for tasks to queue
[2026-01-20T00:57:14.578+0000] {logging_mixin.py:188} INFO - [2026-01-20T00:57:14.578+0000] {dagbag.py:545} INFO - Filling up the DagBag from /opt/airflow/dags/pipeline_one_off.py
[2026-01-20T00:57:14.602+0000] {processor.py:840} INFO - DAG(s) 'pipeline_one_off' retrieved from /opt/airflow/dags/pipeline_one_off.py
[2026-01-20T00:57:14.642+0000] {logging_mixin.py:188} INFO - [2026-01-20T00:57:14.642+0000] {dag.py:3089} INFO - Sync 1 DAGs
[2026-01-20T00:57:14.657+0000] {logging_mixin.py:188} INFO - [2026-01-20T00:57:14.657+0000] {dag.py:3947} INFO - Setting next_dagrun for pipeline_one_off to None, run_after=None
[2026-01-20T00:57:14.681+0000] {processor.py:183} INFO - Processing /opt/airflow/dags/pipeline_one_off.py took 0.115 seconds
[2026-01-20T00:57:44.980+0000] {processor.py:161} INFO - Started process (PID=17355) to work on /opt/airflow/dags/pipeline_one_off.py
[2026-01-20T00:57:44.981+0000] {processor.py:830} INFO - Processing file /opt/airflow/dags/pipeline_one_off.py for tasks to queue
[2026-01-20T00:57:44.984+0000] {logging_mixin.py:188} INFO - [2026-01-20T00:57:44.983+0000] {dagbag.py:545} INFO - Filling up the DagBag from /opt/airflow/dags/pipeline_one_off.py
[2026-01-20T00:57:45.007+0000] {processor.py:840} INFO - DAG(s) 'pipeline_one_off' retrieved from /opt/airflow/dags/pipeline_one_off.py
[2026-01-20T00:57:45.047+0000] {logging_mixin.py:188} INFO - [2026-01-20T00:57:45.046+0000] {dag.py:3089} INFO - Sync 1 DAGs
[2026-01-20T00:57:45.061+0000] {logging_mixin.py:188} INFO - [2026-01-20T00:57:45.061+0000] {dag.py:3947} INFO - Setting next_dagrun for pipeline_one_off to None, run_after=None
[2026-01-20T00:57:45.086+0000] {processor.py:183} INFO - Processing /opt/airflow/dags/pipeline_one_off.py took 0.115 seconds
[2026-01-20T00:58:15.385+0000] {processor.py:161} INFO - Started process (PID=17365) to work on /opt/airflow/dags/pipeline_one_off.py
[2026-01-20T00:58:15.386+0000] {processor.py:830} INFO - Processing file /opt/airflow/dags/pipeline_one_off.py for tasks to queue
[2026-01-20T00:58:15.388+0000] {logging_mixin.py:188} INFO - [2026-01-20T00:58:15.388+0000] {dagbag.py:545} INFO - Filling up the DagBag from /opt/airflow/dags/pipeline_one_off.py
[2026-01-20T00:58:15.412+0000] {processor.py:840} INFO - DAG(s) 'pipeline_one_off' retrieved from /opt/airflow/dags/pipeline_one_off.py
[2026-01-20T00:58:15.453+0000] {logging_mixin.py:188} INFO - [2026-01-20T00:58:15.453+0000] {dag.py:3089} INFO - Sync 1 DAGs
[2026-01-20T00:58:15.468+0000] {logging_mixin.py:188} INFO - [2026-01-20T00:58:15.468+0000] {dag.py:3947} INFO - Setting next_dagrun for pipeline_one_off to None, run_after=None
[2026-01-20T00:58:15.491+0000] {processor.py:183} INFO - Processing /opt/airflow/dags/pipeline_one_off.py took 0.113 seconds
[2026-01-20T00:58:45.831+0000] {processor.py:161} INFO - Started process (PID=17375) to work on /opt/airflow/dags/pipeline_one_off.py
[2026-01-20T00:58:45.833+0000] {processor.py:830} INFO - Processing file /opt/airflow/dags/pipeline_one_off.py for tasks to queue
[2026-01-20T00:58:45.836+0000] {logging_mixin.py:188} INFO - [2026-01-20T00:58:45.835+0000] {dagbag.py:545} INFO - Filling up the DagBag from /opt/airflow/dags/pipeline_one_off.py
[2026-01-20T00:58:45.863+0000] {processor.py:840} INFO - DAG(s) 'pipeline_one_off' retrieved from /opt/airflow/dags/pipeline_one_off.py
[2026-01-20T00:58:45.903+0000] {logging_mixin.py:188} INFO - [2026-01-20T00:58:45.902+0000] {dag.py:3089} INFO - Sync 1 DAGs
[2026-01-20T00:58:45.917+0000] {logging_mixin.py:188} INFO - [2026-01-20T00:58:45.917+0000] {dag.py:3947} INFO - Setting next_dagrun for pipeline_one_off to None, run_after=None
[2026-01-20T00:58:45.941+0000] {processor.py:183} INFO - Processing /opt/airflow/dags/pipeline_one_off.py took 0.118 seconds
[2026-01-20T00:59:16.239+0000] {processor.py:161} INFO - Started process (PID=17385) to work on /opt/airflow/dags/pipeline_one_off.py
[2026-01-20T00:59:16.240+0000] {processor.py:830} INFO - Processing file /opt/airflow/dags/pipeline_one_off.py for tasks to queue
[2026-01-20T00:59:16.243+0000] {logging_mixin.py:188} INFO - [2026-01-20T00:59:16.242+0000] {dagbag.py:545} INFO - Filling up the DagBag from /opt/airflow/dags/pipeline_one_off.py
[2026-01-20T00:59:16.269+0000] {processor.py:840} INFO - DAG(s) 'pipeline_one_off' retrieved from /opt/airflow/dags/pipeline_one_off.py
[2026-01-20T00:59:16.309+0000] {logging_mixin.py:188} INFO - [2026-01-20T00:59:16.308+0000] {dag.py:3089} INFO - Sync 1 DAGs
[2026-01-20T00:59:16.323+0000] {logging_mixin.py:188} INFO - [2026-01-20T00:59:16.323+0000] {dag.py:3947} INFO - Setting next_dagrun for pipeline_one_off to None, run_after=None
[2026-01-20T00:59:16.345+0000] {processor.py:183} INFO - Processing /opt/airflow/dags/pipeline_one_off.py took 0.114 seconds
[2026-01-20T00:59:46.640+0000] {processor.py:161} INFO - Started process (PID=17395) to work on /opt/airflow/dags/pipeline_one_off.py
[2026-01-20T00:59:46.641+0000] {processor.py:830} INFO - Processing file /opt/airflow/dags/pipeline_one_off.py for tasks to queue
[2026-01-20T00:59:46.643+0000] {logging_mixin.py:188} INFO - [2026-01-20T00:59:46.643+0000] {dagbag.py:545} INFO - Filling up the DagBag from /opt/airflow/dags/pipeline_one_off.py
[2026-01-20T00:59:46.669+0000] {processor.py:840} INFO - DAG(s) 'pipeline_one_off' retrieved from /opt/airflow/dags/pipeline_one_off.py
[2026-01-20T00:59:46.707+0000] {logging_mixin.py:188} INFO - [2026-01-20T00:59:46.707+0000] {dag.py:3089} INFO - Sync 1 DAGs
[2026-01-20T00:59:46.723+0000] {logging_mixin.py:188} INFO - [2026-01-20T00:59:46.722+0000] {dag.py:3947} INFO - Setting next_dagrun for pipeline_one_off to None, run_after=None
[2026-01-20T00:59:46.745+0000] {processor.py:183} INFO - Processing /opt/airflow/dags/pipeline_one_off.py took 0.112 seconds
[2026-01-20T01:00:17.036+0000] {processor.py:161} INFO - Started process (PID=17408) to work on /opt/airflow/dags/pipeline_one_off.py
[2026-01-20T01:00:17.037+0000] {processor.py:830} INFO - Processing file /opt/airflow/dags/pipeline_one_off.py for tasks to queue
[2026-01-20T01:00:17.039+0000] {logging_mixin.py:188} INFO - [2026-01-20T01:00:17.039+0000] {dagbag.py:545} INFO - Filling up the DagBag from /opt/airflow/dags/pipeline_one_off.py
[2026-01-20T01:00:17.065+0000] {processor.py:840} INFO - DAG(s) 'pipeline_one_off' retrieved from /opt/airflow/dags/pipeline_one_off.py
[2026-01-20T01:00:17.105+0000] {logging_mixin.py:188} INFO - [2026-01-20T01:00:17.105+0000] {dag.py:3089} INFO - Sync 1 DAGs
[2026-01-20T01:00:17.120+0000] {logging_mixin.py:188} INFO - [2026-01-20T01:00:17.119+0000] {dag.py:3947} INFO - Setting next_dagrun for pipeline_one_off to None, run_after=None
[2026-01-20T01:00:17.141+0000] {processor.py:183} INFO - Processing /opt/airflow/dags/pipeline_one_off.py took 0.112 seconds
[2026-01-20T01:00:47.435+0000] {processor.py:161} INFO - Started process (PID=17418) to work on /opt/airflow/dags/pipeline_one_off.py
[2026-01-20T01:00:47.436+0000] {processor.py:830} INFO - Processing file /opt/airflow/dags/pipeline_one_off.py for tasks to queue
[2026-01-20T01:00:47.440+0000] {logging_mixin.py:188} INFO - [2026-01-20T01:00:47.439+0000] {dagbag.py:545} INFO - Filling up the DagBag from /opt/airflow/dags/pipeline_one_off.py
[2026-01-20T01:00:47.463+0000] {processor.py:840} INFO - DAG(s) 'pipeline_one_off' retrieved from /opt/airflow/dags/pipeline_one_off.py
[2026-01-20T01:00:47.503+0000] {logging_mixin.py:188} INFO - [2026-01-20T01:00:47.503+0000] {dag.py:3089} INFO - Sync 1 DAGs
[2026-01-20T01:00:47.519+0000] {logging_mixin.py:188} INFO - [2026-01-20T01:00:47.518+0000] {dag.py:3947} INFO - Setting next_dagrun for pipeline_one_off to None, run_after=None
[2026-01-20T01:00:47.541+0000] {processor.py:183} INFO - Processing /opt/airflow/dags/pipeline_one_off.py took 0.114 seconds
[2026-01-20T01:01:17.837+0000] {processor.py:161} INFO - Started process (PID=17428) to work on /opt/airflow/dags/pipeline_one_off.py
[2026-01-20T01:01:17.838+0000] {processor.py:830} INFO - Processing file /opt/airflow/dags/pipeline_one_off.py for tasks to queue
[2026-01-20T01:01:17.842+0000] {logging_mixin.py:188} INFO - [2026-01-20T01:01:17.841+0000] {dagbag.py:545} INFO - Filling up the DagBag from /opt/airflow/dags/pipeline_one_off.py
[2026-01-20T01:01:17.867+0000] {processor.py:840} INFO - DAG(s) 'pipeline_one_off' retrieved from /opt/airflow/dags/pipeline_one_off.py
[2026-01-20T01:01:17.906+0000] {logging_mixin.py:188} INFO - [2026-01-20T01:01:17.906+0000] {dag.py:3089} INFO - Sync 1 DAGs
[2026-01-20T01:01:17.922+0000] {logging_mixin.py:188} INFO - [2026-01-20T01:01:17.922+0000] {dag.py:3947} INFO - Setting next_dagrun for pipeline_one_off to None, run_after=None
[2026-01-20T01:01:17.946+0000] {processor.py:183} INFO - Processing /opt/airflow/dags/pipeline_one_off.py took 0.117 seconds
[2026-01-20T01:01:48.245+0000] {processor.py:161} INFO - Started process (PID=17438) to work on /opt/airflow/dags/pipeline_one_off.py
[2026-01-20T01:01:48.246+0000] {processor.py:830} INFO - Processing file /opt/airflow/dags/pipeline_one_off.py for tasks to queue
[2026-01-20T01:01:48.249+0000] {logging_mixin.py:188} INFO - [2026-01-20T01:01:48.249+0000] {dagbag.py:545} INFO - Filling up the DagBag from /opt/airflow/dags/pipeline_one_off.py
[2026-01-20T01:01:48.276+0000] {processor.py:840} INFO - DAG(s) 'pipeline_one_off' retrieved from /opt/airflow/dags/pipeline_one_off.py
[2026-01-20T01:01:48.320+0000] {logging_mixin.py:188} INFO - [2026-01-20T01:01:48.320+0000] {dag.py:3089} INFO - Sync 1 DAGs
[2026-01-20T01:01:48.336+0000] {logging_mixin.py:188} INFO - [2026-01-20T01:01:48.335+0000] {dag.py:3947} INFO - Setting next_dagrun for pipeline_one_off to None, run_after=None
[2026-01-20T01:01:48.361+0000] {processor.py:183} INFO - Processing /opt/airflow/dags/pipeline_one_off.py took 0.124 seconds
[2026-01-20T01:02:18.659+0000] {processor.py:161} INFO - Started process (PID=17448) to work on /opt/airflow/dags/pipeline_one_off.py
[2026-01-20T01:02:18.661+0000] {processor.py:830} INFO - Processing file /opt/airflow/dags/pipeline_one_off.py for tasks to queue
[2026-01-20T01:02:18.664+0000] {logging_mixin.py:188} INFO - [2026-01-20T01:02:18.663+0000] {dagbag.py:545} INFO - Filling up the DagBag from /opt/airflow/dags/pipeline_one_off.py
[2026-01-20T01:02:18.687+0000] {processor.py:840} INFO - DAG(s) 'pipeline_one_off' retrieved from /opt/airflow/dags/pipeline_one_off.py
[2026-01-20T01:02:18.727+0000] {logging_mixin.py:188} INFO - [2026-01-20T01:02:18.727+0000] {dag.py:3089} INFO - Sync 1 DAGs
[2026-01-20T01:02:18.742+0000] {logging_mixin.py:188} INFO - [2026-01-20T01:02:18.741+0000] {dag.py:3947} INFO - Setting next_dagrun for pipeline_one_off to None, run_after=None
[2026-01-20T01:02:18.765+0000] {processor.py:183} INFO - Processing /opt/airflow/dags/pipeline_one_off.py took 0.114 seconds
[2026-01-20T01:02:49.052+0000] {processor.py:161} INFO - Started process (PID=17458) to work on /opt/airflow/dags/pipeline_one_off.py
[2026-01-20T01:02:49.053+0000] {processor.py:830} INFO - Processing file /opt/airflow/dags/pipeline_one_off.py for tasks to queue
[2026-01-20T01:02:49.056+0000] {logging_mixin.py:188} INFO - [2026-01-20T01:02:49.056+0000] {dagbag.py:545} INFO - Filling up the DagBag from /opt/airflow/dags/pipeline_one_off.py
[2026-01-20T01:02:49.084+0000] {processor.py:840} INFO - DAG(s) 'pipeline_one_off' retrieved from /opt/airflow/dags/pipeline_one_off.py
[2026-01-20T01:02:49.123+0000] {logging_mixin.py:188} INFO - [2026-01-20T01:02:49.123+0000] {dag.py:3089} INFO - Sync 1 DAGs
[2026-01-20T01:02:49.136+0000] {logging_mixin.py:188} INFO - [2026-01-20T01:02:49.136+0000] {dag.py:3947} INFO - Setting next_dagrun for pipeline_one_off to None, run_after=None
[2026-01-20T01:02:49.159+0000] {processor.py:183} INFO - Processing /opt/airflow/dags/pipeline_one_off.py took 0.114 seconds
[2026-01-20T01:03:19.333+0000] {processor.py:161} INFO - Started process (PID=17468) to work on /opt/airflow/dags/pipeline_one_off.py
[2026-01-20T01:03:19.335+0000] {processor.py:830} INFO - Processing file /opt/airflow/dags/pipeline_one_off.py for tasks to queue
[2026-01-20T01:03:19.337+0000] {logging_mixin.py:188} INFO - [2026-01-20T01:03:19.337+0000] {dagbag.py:545} INFO - Filling up the DagBag from /opt/airflow/dags/pipeline_one_off.py
[2026-01-20T01:03:19.362+0000] {processor.py:840} INFO - DAG(s) 'pipeline_one_off' retrieved from /opt/airflow/dags/pipeline_one_off.py
[2026-01-20T01:03:19.402+0000] {logging_mixin.py:188} INFO - [2026-01-20T01:03:19.402+0000] {dag.py:3089} INFO - Sync 1 DAGs
[2026-01-20T01:03:19.416+0000] {logging_mixin.py:188} INFO - [2026-01-20T01:03:19.416+0000] {dag.py:3947} INFO - Setting next_dagrun for pipeline_one_off to None, run_after=None
[2026-01-20T01:03:19.439+0000] {processor.py:183} INFO - Processing /opt/airflow/dags/pipeline_one_off.py took 0.113 seconds
[2026-01-20T01:03:49.778+0000] {processor.py:161} INFO - Started process (PID=17478) to work on /opt/airflow/dags/pipeline_one_off.py
[2026-01-20T01:03:49.779+0000] {processor.py:830} INFO - Processing file /opt/airflow/dags/pipeline_one_off.py for tasks to queue
[2026-01-20T01:03:49.783+0000] {logging_mixin.py:188} INFO - [2026-01-20T01:03:49.782+0000] {dagbag.py:545} INFO - Filling up the DagBag from /opt/airflow/dags/pipeline_one_off.py
[2026-01-20T01:03:49.810+0000] {processor.py:840} INFO - DAG(s) 'pipeline_one_off' retrieved from /opt/airflow/dags/pipeline_one_off.py
[2026-01-20T01:03:49.857+0000] {logging_mixin.py:188} INFO - [2026-01-20T01:03:49.857+0000] {dag.py:3089} INFO - Sync 1 DAGs
[2026-01-20T01:03:49.871+0000] {logging_mixin.py:188} INFO - [2026-01-20T01:03:49.871+0000] {dag.py:3947} INFO - Setting next_dagrun for pipeline_one_off to None, run_after=None
[2026-01-20T01:03:49.900+0000] {processor.py:183} INFO - Processing /opt/airflow/dags/pipeline_one_off.py took 0.130 seconds
[2026-01-20T01:04:20.169+0000] {processor.py:161} INFO - Started process (PID=17488) to work on /opt/airflow/dags/pipeline_one_off.py
[2026-01-20T01:04:20.171+0000] {processor.py:830} INFO - Processing file /opt/airflow/dags/pipeline_one_off.py for tasks to queue
[2026-01-20T01:04:20.173+0000] {logging_mixin.py:188} INFO - [2026-01-20T01:04:20.173+0000] {dagbag.py:545} INFO - Filling up the DagBag from /opt/airflow/dags/pipeline_one_off.py
[2026-01-20T01:04:20.196+0000] {processor.py:840} INFO - DAG(s) 'pipeline_one_off' retrieved from /opt/airflow/dags/pipeline_one_off.py
[2026-01-20T01:04:20.233+0000] {logging_mixin.py:188} INFO - [2026-01-20T01:04:20.233+0000] {dag.py:3089} INFO - Sync 1 DAGs
[2026-01-20T01:04:20.246+0000] {logging_mixin.py:188} INFO - [2026-01-20T01:04:20.246+0000] {dag.py:3947} INFO - Setting next_dagrun for pipeline_one_off to None, run_after=None
[2026-01-20T01:04:20.265+0000] {processor.py:183} INFO - Processing /opt/airflow/dags/pipeline_one_off.py took 0.103 seconds
[2026-01-20T01:04:50.542+0000] {processor.py:161} INFO - Started process (PID=17498) to work on /opt/airflow/dags/pipeline_one_off.py
[2026-01-20T01:04:50.543+0000] {processor.py:830} INFO - Processing file /opt/airflow/dags/pipeline_one_off.py for tasks to queue
[2026-01-20T01:04:50.546+0000] {logging_mixin.py:188} INFO - [2026-01-20T01:04:50.545+0000] {dagbag.py:545} INFO - Filling up the DagBag from /opt/airflow/dags/pipeline_one_off.py
[2026-01-20T01:04:50.573+0000] {processor.py:840} INFO - DAG(s) 'pipeline_one_off' retrieved from /opt/airflow/dags/pipeline_one_off.py
[2026-01-20T01:04:50.614+0000] {logging_mixin.py:188} INFO - [2026-01-20T01:04:50.613+0000] {dag.py:3089} INFO - Sync 1 DAGs
[2026-01-20T01:04:50.628+0000] {logging_mixin.py:188} INFO - [2026-01-20T01:04:50.627+0000] {dag.py:3947} INFO - Setting next_dagrun for pipeline_one_off to None, run_after=None
[2026-01-20T01:04:50.652+0000] {processor.py:183} INFO - Processing /opt/airflow/dags/pipeline_one_off.py took 0.118 seconds
[2026-01-20T01:05:20.935+0000] {processor.py:161} INFO - Started process (PID=17508) to work on /opt/airflow/dags/pipeline_one_off.py
[2026-01-20T01:05:20.936+0000] {processor.py:830} INFO - Processing file /opt/airflow/dags/pipeline_one_off.py for tasks to queue
[2026-01-20T01:05:20.939+0000] {logging_mixin.py:188} INFO - [2026-01-20T01:05:20.938+0000] {dagbag.py:545} INFO - Filling up the DagBag from /opt/airflow/dags/pipeline_one_off.py
[2026-01-20T01:05:20.965+0000] {processor.py:840} INFO - DAG(s) 'pipeline_one_off' retrieved from /opt/airflow/dags/pipeline_one_off.py
[2026-01-20T01:05:21.005+0000] {logging_mixin.py:188} INFO - [2026-01-20T01:05:21.005+0000] {dag.py:3089} INFO - Sync 1 DAGs
[2026-01-20T01:05:21.020+0000] {logging_mixin.py:188} INFO - [2026-01-20T01:05:21.020+0000] {dag.py:3947} INFO - Setting next_dagrun for pipeline_one_off to None, run_after=None
[2026-01-20T01:05:21.045+0000] {processor.py:183} INFO - Processing /opt/airflow/dags/pipeline_one_off.py took 0.119 seconds
[2026-01-20T01:05:51.326+0000] {processor.py:161} INFO - Started process (PID=17518) to work on /opt/airflow/dags/pipeline_one_off.py
[2026-01-20T01:05:51.327+0000] {processor.py:830} INFO - Processing file /opt/airflow/dags/pipeline_one_off.py for tasks to queue
[2026-01-20T01:05:51.329+0000] {logging_mixin.py:188} INFO - [2026-01-20T01:05:51.329+0000] {dagbag.py:545} INFO - Filling up the DagBag from /opt/airflow/dags/pipeline_one_off.py
[2026-01-20T01:05:51.355+0000] {processor.py:840} INFO - DAG(s) 'pipeline_one_off' retrieved from /opt/airflow/dags/pipeline_one_off.py
[2026-01-20T01:05:51.395+0000] {logging_mixin.py:188} INFO - [2026-01-20T01:05:51.395+0000] {dag.py:3089} INFO - Sync 1 DAGs
[2026-01-20T01:05:51.411+0000] {logging_mixin.py:188} INFO - [2026-01-20T01:05:51.411+0000] {dag.py:3947} INFO - Setting next_dagrun for pipeline_one_off to None, run_after=None
[2026-01-20T01:05:51.436+0000] {processor.py:183} INFO - Processing /opt/airflow/dags/pipeline_one_off.py took 0.118 seconds
[2026-01-20T01:06:21.715+0000] {processor.py:161} INFO - Started process (PID=17528) to work on /opt/airflow/dags/pipeline_one_off.py
[2026-01-20T01:06:21.717+0000] {processor.py:830} INFO - Processing file /opt/airflow/dags/pipeline_one_off.py for tasks to queue
[2026-01-20T01:06:21.720+0000] {logging_mixin.py:188} INFO - [2026-01-20T01:06:21.720+0000] {dagbag.py:545} INFO - Filling up the DagBag from /opt/airflow/dags/pipeline_one_off.py
[2026-01-20T01:06:21.746+0000] {processor.py:840} INFO - DAG(s) 'pipeline_one_off' retrieved from /opt/airflow/dags/pipeline_one_off.py
[2026-01-20T01:06:21.788+0000] {logging_mixin.py:188} INFO - [2026-01-20T01:06:21.787+0000] {dag.py:3089} INFO - Sync 1 DAGs
[2026-01-20T01:06:21.803+0000] {logging_mixin.py:188} INFO - [2026-01-20T01:06:21.802+0000] {dag.py:3947} INFO - Setting next_dagrun for pipeline_one_off to None, run_after=None
[2026-01-20T01:06:21.828+0000] {processor.py:183} INFO - Processing /opt/airflow/dags/pipeline_one_off.py took 0.121 seconds
[2026-01-20T01:06:52.104+0000] {processor.py:161} INFO - Started process (PID=17538) to work on /opt/airflow/dags/pipeline_one_off.py
[2026-01-20T01:06:52.105+0000] {processor.py:830} INFO - Processing file /opt/airflow/dags/pipeline_one_off.py for tasks to queue
[2026-01-20T01:06:52.109+0000] {logging_mixin.py:188} INFO - [2026-01-20T01:06:52.109+0000] {dagbag.py:545} INFO - Filling up the DagBag from /opt/airflow/dags/pipeline_one_off.py
[2026-01-20T01:06:52.135+0000] {processor.py:840} INFO - DAG(s) 'pipeline_one_off' retrieved from /opt/airflow/dags/pipeline_one_off.py
[2026-01-20T01:06:52.179+0000] {logging_mixin.py:188} INFO - [2026-01-20T01:06:52.179+0000] {dag.py:3089} INFO - Sync 1 DAGs
[2026-01-20T01:06:52.195+0000] {logging_mixin.py:188} INFO - [2026-01-20T01:06:52.194+0000] {dag.py:3947} INFO - Setting next_dagrun for pipeline_one_off to None, run_after=None
[2026-01-20T01:06:52.219+0000] {processor.py:183} INFO - Processing /opt/airflow/dags/pipeline_one_off.py took 0.123 seconds
[2026-01-20T01:07:22.504+0000] {processor.py:161} INFO - Started process (PID=17548) to work on /opt/airflow/dags/pipeline_one_off.py
[2026-01-20T01:07:22.505+0000] {processor.py:830} INFO - Processing file /opt/airflow/dags/pipeline_one_off.py for tasks to queue
[2026-01-20T01:07:22.508+0000] {logging_mixin.py:188} INFO - [2026-01-20T01:07:22.507+0000] {dagbag.py:545} INFO - Filling up the DagBag from /opt/airflow/dags/pipeline_one_off.py
[2026-01-20T01:07:22.534+0000] {processor.py:840} INFO - DAG(s) 'pipeline_one_off' retrieved from /opt/airflow/dags/pipeline_one_off.py
[2026-01-20T01:07:22.574+0000] {logging_mixin.py:188} INFO - [2026-01-20T01:07:22.574+0000] {dag.py:3089} INFO - Sync 1 DAGs
[2026-01-20T01:07:22.588+0000] {logging_mixin.py:188} INFO - [2026-01-20T01:07:22.588+0000] {dag.py:3947} INFO - Setting next_dagrun for pipeline_one_off to None, run_after=None
[2026-01-20T01:07:22.613+0000] {processor.py:183} INFO - Processing /opt/airflow/dags/pipeline_one_off.py took 0.117 seconds
[2026-01-20T01:07:52.891+0000] {processor.py:161} INFO - Started process (PID=17558) to work on /opt/airflow/dags/pipeline_one_off.py
[2026-01-20T01:07:52.892+0000] {processor.py:830} INFO - Processing file /opt/airflow/dags/pipeline_one_off.py for tasks to queue
[2026-01-20T01:07:52.895+0000] {logging_mixin.py:188} INFO - [2026-01-20T01:07:52.895+0000] {dagbag.py:545} INFO - Filling up the DagBag from /opt/airflow/dags/pipeline_one_off.py
[2026-01-20T01:07:52.922+0000] {processor.py:840} INFO - DAG(s) 'pipeline_one_off' retrieved from /opt/airflow/dags/pipeline_one_off.py
[2026-01-20T01:07:52.965+0000] {logging_mixin.py:188} INFO - [2026-01-20T01:07:52.964+0000] {dag.py:3089} INFO - Sync 1 DAGs
[2026-01-20T01:07:52.982+0000] {logging_mixin.py:188} INFO - [2026-01-20T01:07:52.981+0000] {dag.py:3947} INFO - Setting next_dagrun for pipeline_one_off to None, run_after=None
[2026-01-20T01:07:53.006+0000] {processor.py:183} INFO - Processing /opt/airflow/dags/pipeline_one_off.py took 0.123 seconds
[2026-01-20T01:08:23.282+0000] {processor.py:161} INFO - Started process (PID=17568) to work on /opt/airflow/dags/pipeline_one_off.py
[2026-01-20T01:08:23.283+0000] {processor.py:830} INFO - Processing file /opt/airflow/dags/pipeline_one_off.py for tasks to queue
[2026-01-20T01:08:23.286+0000] {logging_mixin.py:188} INFO - [2026-01-20T01:08:23.286+0000] {dagbag.py:545} INFO - Filling up the DagBag from /opt/airflow/dags/pipeline_one_off.py
[2026-01-20T01:08:23.311+0000] {processor.py:840} INFO - DAG(s) 'pipeline_one_off' retrieved from /opt/airflow/dags/pipeline_one_off.py
[2026-01-20T01:08:23.359+0000] {logging_mixin.py:188} INFO - [2026-01-20T01:08:23.358+0000] {dag.py:3089} INFO - Sync 1 DAGs
[2026-01-20T01:08:23.375+0000] {logging_mixin.py:188} INFO - [2026-01-20T01:08:23.375+0000] {dag.py:3947} INFO - Setting next_dagrun for pipeline_one_off to None, run_after=None
[2026-01-20T01:08:23.402+0000] {processor.py:183} INFO - Processing /opt/airflow/dags/pipeline_one_off.py took 0.127 seconds
[2026-01-20T01:08:53.720+0000] {processor.py:161} INFO - Started process (PID=17578) to work on /opt/airflow/dags/pipeline_one_off.py
[2026-01-20T01:08:53.721+0000] {processor.py:830} INFO - Processing file /opt/airflow/dags/pipeline_one_off.py for tasks to queue
[2026-01-20T01:08:53.724+0000] {logging_mixin.py:188} INFO - [2026-01-20T01:08:53.723+0000] {dagbag.py:545} INFO - Filling up the DagBag from /opt/airflow/dags/pipeline_one_off.py
[2026-01-20T01:08:53.750+0000] {processor.py:840} INFO - DAG(s) 'pipeline_one_off' retrieved from /opt/airflow/dags/pipeline_one_off.py
[2026-01-20T01:08:53.794+0000] {logging_mixin.py:188} INFO - [2026-01-20T01:08:53.793+0000] {dag.py:3089} INFO - Sync 1 DAGs
[2026-01-20T01:08:53.808+0000] {logging_mixin.py:188} INFO - [2026-01-20T01:08:53.808+0000] {dag.py:3947} INFO - Setting next_dagrun for pipeline_one_off to None, run_after=None
[2026-01-20T01:08:53.833+0000] {processor.py:183} INFO - Processing /opt/airflow/dags/pipeline_one_off.py took 0.121 seconds
[2026-01-20T01:09:24.111+0000] {processor.py:161} INFO - Started process (PID=17588) to work on /opt/airflow/dags/pipeline_one_off.py
[2026-01-20T01:09:24.113+0000] {processor.py:830} INFO - Processing file /opt/airflow/dags/pipeline_one_off.py for tasks to queue
[2026-01-20T01:09:24.116+0000] {logging_mixin.py:188} INFO - [2026-01-20T01:09:24.115+0000] {dagbag.py:545} INFO - Filling up the DagBag from /opt/airflow/dags/pipeline_one_off.py
[2026-01-20T01:09:24.143+0000] {processor.py:840} INFO - DAG(s) 'pipeline_one_off' retrieved from /opt/airflow/dags/pipeline_one_off.py
[2026-01-20T01:09:24.184+0000] {logging_mixin.py:188} INFO - [2026-01-20T01:09:24.183+0000] {dag.py:3089} INFO - Sync 1 DAGs
[2026-01-20T01:09:24.197+0000] {logging_mixin.py:188} INFO - [2026-01-20T01:09:24.197+0000] {dag.py:3947} INFO - Setting next_dagrun for pipeline_one_off to None, run_after=None
[2026-01-20T01:09:24.222+0000] {processor.py:183} INFO - Processing /opt/airflow/dags/pipeline_one_off.py took 0.120 seconds
[2026-01-20T01:09:54.497+0000] {processor.py:161} INFO - Started process (PID=17598) to work on /opt/airflow/dags/pipeline_one_off.py
[2026-01-20T01:09:54.498+0000] {processor.py:830} INFO - Processing file /opt/airflow/dags/pipeline_one_off.py for tasks to queue
[2026-01-20T01:09:54.501+0000] {logging_mixin.py:188} INFO - [2026-01-20T01:09:54.501+0000] {dagbag.py:545} INFO - Filling up the DagBag from /opt/airflow/dags/pipeline_one_off.py
[2026-01-20T01:09:54.527+0000] {processor.py:840} INFO - DAG(s) 'pipeline_one_off' retrieved from /opt/airflow/dags/pipeline_one_off.py
[2026-01-20T01:09:54.569+0000] {logging_mixin.py:188} INFO - [2026-01-20T01:09:54.569+0000] {dag.py:3089} INFO - Sync 1 DAGs
[2026-01-20T01:09:54.585+0000] {logging_mixin.py:188} INFO - [2026-01-20T01:09:54.584+0000] {dag.py:3947} INFO - Setting next_dagrun for pipeline_one_off to None, run_after=None
[2026-01-20T01:09:54.609+0000] {processor.py:183} INFO - Processing /opt/airflow/dags/pipeline_one_off.py took 0.120 seconds
[2026-01-20T01:10:24.878+0000] {processor.py:161} INFO - Started process (PID=17611) to work on /opt/airflow/dags/pipeline_one_off.py
[2026-01-20T01:10:24.879+0000] {processor.py:830} INFO - Processing file /opt/airflow/dags/pipeline_one_off.py for tasks to queue
[2026-01-20T01:10:24.882+0000] {logging_mixin.py:188} INFO - [2026-01-20T01:10:24.881+0000] {dagbag.py:545} INFO - Filling up the DagBag from /opt/airflow/dags/pipeline_one_off.py
[2026-01-20T01:10:24.909+0000] {processor.py:840} INFO - DAG(s) 'pipeline_one_off' retrieved from /opt/airflow/dags/pipeline_one_off.py
[2026-01-20T01:10:24.954+0000] {logging_mixin.py:188} INFO - [2026-01-20T01:10:24.953+0000] {dag.py:3089} INFO - Sync 1 DAGs
[2026-01-20T01:10:24.969+0000] {logging_mixin.py:188} INFO - [2026-01-20T01:10:24.968+0000] {dag.py:3947} INFO - Setting next_dagrun for pipeline_one_off to None, run_after=None
[2026-01-20T01:10:24.995+0000] {processor.py:183} INFO - Processing /opt/airflow/dags/pipeline_one_off.py took 0.124 seconds
[2026-01-20T01:10:55.273+0000] {processor.py:161} INFO - Started process (PID=17621) to work on /opt/airflow/dags/pipeline_one_off.py
[2026-01-20T01:10:55.274+0000] {processor.py:830} INFO - Processing file /opt/airflow/dags/pipeline_one_off.py for tasks to queue
[2026-01-20T01:10:55.277+0000] {logging_mixin.py:188} INFO - [2026-01-20T01:10:55.277+0000] {dagbag.py:545} INFO - Filling up the DagBag from /opt/airflow/dags/pipeline_one_off.py
[2026-01-20T01:10:55.305+0000] {processor.py:840} INFO - DAG(s) 'pipeline_one_off' retrieved from /opt/airflow/dags/pipeline_one_off.py
[2026-01-20T01:10:55.349+0000] {logging_mixin.py:188} INFO - [2026-01-20T01:10:55.349+0000] {dag.py:3089} INFO - Sync 1 DAGs
[2026-01-20T01:10:55.366+0000] {logging_mixin.py:188} INFO - [2026-01-20T01:10:55.366+0000] {dag.py:3947} INFO - Setting next_dagrun for pipeline_one_off to None, run_after=None
[2026-01-20T01:10:55.393+0000] {processor.py:183} INFO - Processing /opt/airflow/dags/pipeline_one_off.py took 0.128 seconds
[2026-01-20T01:11:25.671+0000] {processor.py:161} INFO - Started process (PID=17631) to work on /opt/airflow/dags/pipeline_one_off.py
[2026-01-20T01:11:25.672+0000] {processor.py:830} INFO - Processing file /opt/airflow/dags/pipeline_one_off.py for tasks to queue
[2026-01-20T01:11:25.675+0000] {logging_mixin.py:188} INFO - [2026-01-20T01:11:25.674+0000] {dagbag.py:545} INFO - Filling up the DagBag from /opt/airflow/dags/pipeline_one_off.py
[2026-01-20T01:11:25.702+0000] {processor.py:840} INFO - DAG(s) 'pipeline_one_off' retrieved from /opt/airflow/dags/pipeline_one_off.py
[2026-01-20T01:11:25.745+0000] {logging_mixin.py:188} INFO - [2026-01-20T01:11:25.745+0000] {dag.py:3089} INFO - Sync 1 DAGs
[2026-01-20T01:11:25.761+0000] {logging_mixin.py:188} INFO - [2026-01-20T01:11:25.761+0000] {dag.py:3947} INFO - Setting next_dagrun for pipeline_one_off to None, run_after=None
[2026-01-20T01:11:25.791+0000] {processor.py:183} INFO - Processing /opt/airflow/dags/pipeline_one_off.py took 0.129 seconds
[2026-01-20T01:11:56.065+0000] {processor.py:161} INFO - Started process (PID=17641) to work on /opt/airflow/dags/pipeline_one_off.py
[2026-01-20T01:11:56.066+0000] {processor.py:830} INFO - Processing file /opt/airflow/dags/pipeline_one_off.py for tasks to queue
[2026-01-20T01:11:56.069+0000] {logging_mixin.py:188} INFO - [2026-01-20T01:11:56.068+0000] {dagbag.py:545} INFO - Filling up the DagBag from /opt/airflow/dags/pipeline_one_off.py
[2026-01-20T01:11:56.096+0000] {processor.py:840} INFO - DAG(s) 'pipeline_one_off' retrieved from /opt/airflow/dags/pipeline_one_off.py
[2026-01-20T01:11:56.139+0000] {logging_mixin.py:188} INFO - [2026-01-20T01:11:56.138+0000] {dag.py:3089} INFO - Sync 1 DAGs
[2026-01-20T01:11:56.155+0000] {logging_mixin.py:188} INFO - [2026-01-20T01:11:56.154+0000] {dag.py:3947} INFO - Setting next_dagrun for pipeline_one_off to None, run_after=None
[2026-01-20T01:11:56.179+0000] {processor.py:183} INFO - Processing /opt/airflow/dags/pipeline_one_off.py took 0.123 seconds
[2026-01-20T01:12:26.461+0000] {processor.py:161} INFO - Started process (PID=17651) to work on /opt/airflow/dags/pipeline_one_off.py
[2026-01-20T01:12:26.463+0000] {processor.py:830} INFO - Processing file /opt/airflow/dags/pipeline_one_off.py for tasks to queue
[2026-01-20T01:12:26.466+0000] {logging_mixin.py:188} INFO - [2026-01-20T01:12:26.465+0000] {dagbag.py:545} INFO - Filling up the DagBag from /opt/airflow/dags/pipeline_one_off.py
[2026-01-20T01:12:26.494+0000] {processor.py:840} INFO - DAG(s) 'pipeline_one_off' retrieved from /opt/airflow/dags/pipeline_one_off.py
[2026-01-20T01:12:26.538+0000] {logging_mixin.py:188} INFO - [2026-01-20T01:12:26.538+0000] {dag.py:3089} INFO - Sync 1 DAGs
[2026-01-20T01:12:26.555+0000] {logging_mixin.py:188} INFO - [2026-01-20T01:12:26.554+0000] {dag.py:3947} INFO - Setting next_dagrun for pipeline_one_off to None, run_after=None
[2026-01-20T01:12:26.582+0000] {processor.py:183} INFO - Processing /opt/airflow/dags/pipeline_one_off.py took 0.128 seconds
[2026-01-20T01:12:56.857+0000] {processor.py:161} INFO - Started process (PID=17661) to work on /opt/airflow/dags/pipeline_one_off.py
[2026-01-20T01:12:56.858+0000] {processor.py:830} INFO - Processing file /opt/airflow/dags/pipeline_one_off.py for tasks to queue
[2026-01-20T01:12:56.861+0000] {logging_mixin.py:188} INFO - [2026-01-20T01:12:56.860+0000] {dagbag.py:545} INFO - Filling up the DagBag from /opt/airflow/dags/pipeline_one_off.py
[2026-01-20T01:12:56.887+0000] {processor.py:840} INFO - DAG(s) 'pipeline_one_off' retrieved from /opt/airflow/dags/pipeline_one_off.py
[2026-01-20T01:12:56.929+0000] {logging_mixin.py:188} INFO - [2026-01-20T01:12:56.929+0000] {dag.py:3089} INFO - Sync 1 DAGs
[2026-01-20T01:12:56.945+0000] {logging_mixin.py:188} INFO - [2026-01-20T01:12:56.945+0000] {dag.py:3947} INFO - Setting next_dagrun for pipeline_one_off to None, run_after=None
[2026-01-20T01:12:56.971+0000] {processor.py:183} INFO - Processing /opt/airflow/dags/pipeline_one_off.py took 0.123 seconds
[2026-01-20T01:13:27.255+0000] {processor.py:161} INFO - Started process (PID=17671) to work on /opt/airflow/dags/pipeline_one_off.py
[2026-01-20T01:13:27.256+0000] {processor.py:830} INFO - Processing file /opt/airflow/dags/pipeline_one_off.py for tasks to queue
[2026-01-20T01:13:27.259+0000] {logging_mixin.py:188} INFO - [2026-01-20T01:13:27.258+0000] {dagbag.py:545} INFO - Filling up the DagBag from /opt/airflow/dags/pipeline_one_off.py
[2026-01-20T01:13:27.286+0000] {processor.py:840} INFO - DAG(s) 'pipeline_one_off' retrieved from /opt/airflow/dags/pipeline_one_off.py
[2026-01-20T01:13:27.328+0000] {logging_mixin.py:188} INFO - [2026-01-20T01:13:27.328+0000] {dag.py:3089} INFO - Sync 1 DAGs
[2026-01-20T01:13:27.343+0000] {logging_mixin.py:188} INFO - [2026-01-20T01:13:27.343+0000] {dag.py:3947} INFO - Setting next_dagrun for pipeline_one_off to None, run_after=None
[2026-01-20T01:13:27.372+0000] {processor.py:183} INFO - Processing /opt/airflow/dags/pipeline_one_off.py took 0.127 seconds
[2026-01-20T01:13:57.691+0000] {processor.py:161} INFO - Started process (PID=17681) to work on /opt/airflow/dags/pipeline_one_off.py
[2026-01-20T01:13:57.693+0000] {processor.py:830} INFO - Processing file /opt/airflow/dags/pipeline_one_off.py for tasks to queue
[2026-01-20T01:13:57.697+0000] {logging_mixin.py:188} INFO - [2026-01-20T01:13:57.696+0000] {dagbag.py:545} INFO - Filling up the DagBag from /opt/airflow/dags/pipeline_one_off.py
[2026-01-20T01:13:57.724+0000] {processor.py:840} INFO - DAG(s) 'pipeline_one_off' retrieved from /opt/airflow/dags/pipeline_one_off.py
[2026-01-20T01:13:57.766+0000] {logging_mixin.py:188} INFO - [2026-01-20T01:13:57.766+0000] {dag.py:3089} INFO - Sync 1 DAGs
[2026-01-20T01:13:57.782+0000] {logging_mixin.py:188} INFO - [2026-01-20T01:13:57.781+0000] {dag.py:3947} INFO - Setting next_dagrun for pipeline_one_off to None, run_after=None
[2026-01-20T01:13:57.807+0000] {processor.py:183} INFO - Processing /opt/airflow/dags/pipeline_one_off.py took 0.125 seconds
[2026-01-20T01:14:28.084+0000] {processor.py:161} INFO - Started process (PID=17691) to work on /opt/airflow/dags/pipeline_one_off.py
[2026-01-20T01:14:28.085+0000] {processor.py:830} INFO - Processing file /opt/airflow/dags/pipeline_one_off.py for tasks to queue
[2026-01-20T01:14:28.089+0000] {logging_mixin.py:188} INFO - [2026-01-20T01:14:28.089+0000] {dagbag.py:545} INFO - Filling up the DagBag from /opt/airflow/dags/pipeline_one_off.py
[2026-01-20T01:14:28.117+0000] {processor.py:840} INFO - DAG(s) 'pipeline_one_off' retrieved from /opt/airflow/dags/pipeline_one_off.py
[2026-01-20T01:14:28.161+0000] {logging_mixin.py:188} INFO - [2026-01-20T01:14:28.160+0000] {dag.py:3089} INFO - Sync 1 DAGs
[2026-01-20T01:14:28.178+0000] {logging_mixin.py:188} INFO - [2026-01-20T01:14:28.178+0000] {dag.py:3947} INFO - Setting next_dagrun for pipeline_one_off to None, run_after=None
[2026-01-20T01:14:28.208+0000] {processor.py:183} INFO - Processing /opt/airflow/dags/pipeline_one_off.py took 0.133 seconds
[2026-01-20T01:14:58.542+0000] {processor.py:161} INFO - Started process (PID=17701) to work on /opt/airflow/dags/pipeline_one_off.py
[2026-01-20T01:14:58.544+0000] {processor.py:830} INFO - Processing file /opt/airflow/dags/pipeline_one_off.py for tasks to queue
[2026-01-20T01:14:58.547+0000] {logging_mixin.py:188} INFO - [2026-01-20T01:14:58.546+0000] {dagbag.py:545} INFO - Filling up the DagBag from /opt/airflow/dags/pipeline_one_off.py
[2026-01-20T01:14:58.591+0000] {processor.py:840} INFO - DAG(s) 'pipeline_one_off' retrieved from /opt/airflow/dags/pipeline_one_off.py
[2026-01-20T01:14:58.637+0000] {logging_mixin.py:188} INFO - [2026-01-20T01:14:58.636+0000] {dag.py:3089} INFO - Sync 1 DAGs
[2026-01-20T01:14:58.652+0000] {logging_mixin.py:188} INFO - [2026-01-20T01:14:58.651+0000] {dag.py:3947} INFO - Setting next_dagrun for pipeline_one_off to None, run_after=None
[2026-01-20T01:14:58.676+0000] {processor.py:183} INFO - Processing /opt/airflow/dags/pipeline_one_off.py took 0.144 seconds
[2026-01-20T01:15:28.956+0000] {processor.py:161} INFO - Started process (PID=17711) to work on /opt/airflow/dags/pipeline_one_off.py
[2026-01-20T01:15:28.957+0000] {processor.py:830} INFO - Processing file /opt/airflow/dags/pipeline_one_off.py for tasks to queue
[2026-01-20T01:15:28.960+0000] {logging_mixin.py:188} INFO - [2026-01-20T01:15:28.960+0000] {dagbag.py:545} INFO - Filling up the DagBag from /opt/airflow/dags/pipeline_one_off.py
[2026-01-20T01:15:28.986+0000] {processor.py:840} INFO - DAG(s) 'pipeline_one_off' retrieved from /opt/airflow/dags/pipeline_one_off.py
[2026-01-20T01:15:29.029+0000] {logging_mixin.py:188} INFO - [2026-01-20T01:15:29.028+0000] {dag.py:3089} INFO - Sync 1 DAGs
[2026-01-20T01:15:29.044+0000] {logging_mixin.py:188} INFO - [2026-01-20T01:15:29.044+0000] {dag.py:3947} INFO - Setting next_dagrun for pipeline_one_off to None, run_after=None
[2026-01-20T01:15:29.068+0000] {processor.py:183} INFO - Processing /opt/airflow/dags/pipeline_one_off.py took 0.121 seconds
[2026-01-20T01:15:59.344+0000] {processor.py:161} INFO - Started process (PID=17721) to work on /opt/airflow/dags/pipeline_one_off.py
[2026-01-20T01:15:59.346+0000] {processor.py:830} INFO - Processing file /opt/airflow/dags/pipeline_one_off.py for tasks to queue
[2026-01-20T01:15:59.348+0000] {logging_mixin.py:188} INFO - [2026-01-20T01:15:59.348+0000] {dagbag.py:545} INFO - Filling up the DagBag from /opt/airflow/dags/pipeline_one_off.py
[2026-01-20T01:15:59.374+0000] {processor.py:840} INFO - DAG(s) 'pipeline_one_off' retrieved from /opt/airflow/dags/pipeline_one_off.py
[2026-01-20T01:15:59.417+0000] {logging_mixin.py:188} INFO - [2026-01-20T01:15:59.417+0000] {dag.py:3089} INFO - Sync 1 DAGs
[2026-01-20T01:15:59.432+0000] {logging_mixin.py:188} INFO - [2026-01-20T01:15:59.432+0000] {dag.py:3947} INFO - Setting next_dagrun for pipeline_one_off to None, run_after=None
[2026-01-20T01:15:59.456+0000] {processor.py:183} INFO - Processing /opt/airflow/dags/pipeline_one_off.py took 0.120 seconds
[2026-01-20T01:16:29.734+0000] {processor.py:161} INFO - Started process (PID=17731) to work on /opt/airflow/dags/pipeline_one_off.py
[2026-01-20T01:16:29.735+0000] {processor.py:830} INFO - Processing file /opt/airflow/dags/pipeline_one_off.py for tasks to queue
[2026-01-20T01:16:29.738+0000] {logging_mixin.py:188} INFO - [2026-01-20T01:16:29.738+0000] {dagbag.py:545} INFO - Filling up the DagBag from /opt/airflow/dags/pipeline_one_off.py
[2026-01-20T01:16:29.765+0000] {processor.py:840} INFO - DAG(s) 'pipeline_one_off' retrieved from /opt/airflow/dags/pipeline_one_off.py
[2026-01-20T01:16:29.807+0000] {logging_mixin.py:188} INFO - [2026-01-20T01:16:29.807+0000] {dag.py:3089} INFO - Sync 1 DAGs
[2026-01-20T01:16:29.822+0000] {logging_mixin.py:188} INFO - [2026-01-20T01:16:29.822+0000] {dag.py:3947} INFO - Setting next_dagrun for pipeline_one_off to None, run_after=None
[2026-01-20T01:16:29.847+0000] {processor.py:183} INFO - Processing /opt/airflow/dags/pipeline_one_off.py took 0.122 seconds
[2026-01-20T01:17:00.123+0000] {processor.py:161} INFO - Started process (PID=17741) to work on /opt/airflow/dags/pipeline_one_off.py
[2026-01-20T01:17:00.124+0000] {processor.py:830} INFO - Processing file /opt/airflow/dags/pipeline_one_off.py for tasks to queue
[2026-01-20T01:17:00.127+0000] {logging_mixin.py:188} INFO - [2026-01-20T01:17:00.126+0000] {dagbag.py:545} INFO - Filling up the DagBag from /opt/airflow/dags/pipeline_one_off.py
[2026-01-20T01:17:00.151+0000] {processor.py:840} INFO - DAG(s) 'pipeline_one_off' retrieved from /opt/airflow/dags/pipeline_one_off.py
[2026-01-20T01:17:00.189+0000] {logging_mixin.py:188} INFO - [2026-01-20T01:17:00.188+0000] {dag.py:3089} INFO - Sync 1 DAGs
[2026-01-20T01:17:00.203+0000] {logging_mixin.py:188} INFO - [2026-01-20T01:17:00.203+0000] {dag.py:3947} INFO - Setting next_dagrun for pipeline_one_off to None, run_after=None
[2026-01-20T01:17:00.227+0000] {processor.py:183} INFO - Processing /opt/airflow/dags/pipeline_one_off.py took 0.112 seconds
[2026-01-20T01:17:30.503+0000] {processor.py:161} INFO - Started process (PID=17751) to work on /opt/airflow/dags/pipeline_one_off.py
[2026-01-20T01:17:30.505+0000] {processor.py:830} INFO - Processing file /opt/airflow/dags/pipeline_one_off.py for tasks to queue
[2026-01-20T01:17:30.508+0000] {logging_mixin.py:188} INFO - [2026-01-20T01:17:30.507+0000] {dagbag.py:545} INFO - Filling up the DagBag from /opt/airflow/dags/pipeline_one_off.py
[2026-01-20T01:17:30.536+0000] {processor.py:840} INFO - DAG(s) 'pipeline_one_off' retrieved from /opt/airflow/dags/pipeline_one_off.py
[2026-01-20T01:17:30.579+0000] {logging_mixin.py:188} INFO - [2026-01-20T01:17:30.579+0000] {dag.py:3089} INFO - Sync 1 DAGs
[2026-01-20T01:17:30.596+0000] {logging_mixin.py:188} INFO - [2026-01-20T01:17:30.595+0000] {dag.py:3947} INFO - Setting next_dagrun for pipeline_one_off to None, run_after=None
[2026-01-20T01:17:30.621+0000] {processor.py:183} INFO - Processing /opt/airflow/dags/pipeline_one_off.py took 0.128 seconds
[2026-01-20T01:18:00.764+0000] {processor.py:161} INFO - Started process (PID=17761) to work on /opt/airflow/dags/pipeline_one_off.py
[2026-01-20T01:18:00.765+0000] {processor.py:830} INFO - Processing file /opt/airflow/dags/pipeline_one_off.py for tasks to queue
[2026-01-20T01:18:00.767+0000] {logging_mixin.py:188} INFO - [2026-01-20T01:18:00.767+0000] {dagbag.py:545} INFO - Filling up the DagBag from /opt/airflow/dags/pipeline_one_off.py
[2026-01-20T01:18:00.793+0000] {processor.py:840} INFO - DAG(s) 'pipeline_one_off' retrieved from /opt/airflow/dags/pipeline_one_off.py
[2026-01-20T01:18:00.834+0000] {logging_mixin.py:188} INFO - [2026-01-20T01:18:00.833+0000] {dag.py:3089} INFO - Sync 1 DAGs
[2026-01-20T01:18:00.848+0000] {logging_mixin.py:188} INFO - [2026-01-20T01:18:00.848+0000] {dag.py:3947} INFO - Setting next_dagrun for pipeline_one_off to None, run_after=None
[2026-01-20T01:18:00.872+0000] {processor.py:183} INFO - Processing /opt/airflow/dags/pipeline_one_off.py took 0.116 seconds
[2026-01-20T01:18:31.153+0000] {processor.py:161} INFO - Started process (PID=17771) to work on /opt/airflow/dags/pipeline_one_off.py
[2026-01-20T01:18:31.154+0000] {processor.py:830} INFO - Processing file /opt/airflow/dags/pipeline_one_off.py for tasks to queue
[2026-01-20T01:18:31.157+0000] {logging_mixin.py:188} INFO - [2026-01-20T01:18:31.157+0000] {dagbag.py:545} INFO - Filling up the DagBag from /opt/airflow/dags/pipeline_one_off.py
[2026-01-20T01:18:31.184+0000] {processor.py:840} INFO - DAG(s) 'pipeline_one_off' retrieved from /opt/airflow/dags/pipeline_one_off.py
[2026-01-20T01:18:31.227+0000] {logging_mixin.py:188} INFO - [2026-01-20T01:18:31.226+0000] {dag.py:3089} INFO - Sync 1 DAGs
[2026-01-20T01:18:31.242+0000] {logging_mixin.py:188} INFO - [2026-01-20T01:18:31.242+0000] {dag.py:3947} INFO - Setting next_dagrun for pipeline_one_off to None, run_after=None
[2026-01-20T01:18:31.267+0000] {processor.py:183} INFO - Processing /opt/airflow/dags/pipeline_one_off.py took 0.121 seconds
[2026-01-20T01:19:01.593+0000] {processor.py:161} INFO - Started process (PID=17781) to work on /opt/airflow/dags/pipeline_one_off.py
[2026-01-20T01:19:01.594+0000] {processor.py:830} INFO - Processing file /opt/airflow/dags/pipeline_one_off.py for tasks to queue
[2026-01-20T01:19:01.597+0000] {logging_mixin.py:188} INFO - [2026-01-20T01:19:01.597+0000] {dagbag.py:545} INFO - Filling up the DagBag from /opt/airflow/dags/pipeline_one_off.py
[2026-01-20T01:19:01.624+0000] {processor.py:840} INFO - DAG(s) 'pipeline_one_off' retrieved from /opt/airflow/dags/pipeline_one_off.py
[2026-01-20T01:19:01.667+0000] {logging_mixin.py:188} INFO - [2026-01-20T01:19:01.666+0000] {dag.py:3089} INFO - Sync 1 DAGs
[2026-01-20T01:19:01.684+0000] {logging_mixin.py:188} INFO - [2026-01-20T01:19:01.683+0000] {dag.py:3947} INFO - Setting next_dagrun for pipeline_one_off to None, run_after=None
[2026-01-20T01:19:01.707+0000] {processor.py:183} INFO - Processing /opt/airflow/dags/pipeline_one_off.py took 0.122 seconds
[2026-01-20T01:19:31.981+0000] {processor.py:161} INFO - Started process (PID=17791) to work on /opt/airflow/dags/pipeline_one_off.py
[2026-01-20T01:19:31.983+0000] {processor.py:830} INFO - Processing file /opt/airflow/dags/pipeline_one_off.py for tasks to queue
[2026-01-20T01:19:31.986+0000] {logging_mixin.py:188} INFO - [2026-01-20T01:19:31.986+0000] {dagbag.py:545} INFO - Filling up the DagBag from /opt/airflow/dags/pipeline_one_off.py
[2026-01-20T01:19:32.012+0000] {processor.py:840} INFO - DAG(s) 'pipeline_one_off' retrieved from /opt/airflow/dags/pipeline_one_off.py
[2026-01-20T01:19:32.055+0000] {logging_mixin.py:188} INFO - [2026-01-20T01:19:32.054+0000] {dag.py:3089} INFO - Sync 1 DAGs
[2026-01-20T01:19:32.074+0000] {logging_mixin.py:188} INFO - [2026-01-20T01:19:32.074+0000] {dag.py:3947} INFO - Setting next_dagrun for pipeline_one_off to None, run_after=None
[2026-01-20T01:19:32.098+0000] {processor.py:183} INFO - Processing /opt/airflow/dags/pipeline_one_off.py took 0.125 seconds
[2026-01-20T01:20:02.379+0000] {processor.py:161} INFO - Started process (PID=17801) to work on /opt/airflow/dags/pipeline_one_off.py
[2026-01-20T01:20:02.380+0000] {processor.py:830} INFO - Processing file /opt/airflow/dags/pipeline_one_off.py for tasks to queue
[2026-01-20T01:20:02.383+0000] {logging_mixin.py:188} INFO - [2026-01-20T01:20:02.383+0000] {dagbag.py:545} INFO - Filling up the DagBag from /opt/airflow/dags/pipeline_one_off.py
[2026-01-20T01:20:02.408+0000] {processor.py:840} INFO - DAG(s) 'pipeline_one_off' retrieved from /opt/airflow/dags/pipeline_one_off.py
[2026-01-20T01:20:02.451+0000] {logging_mixin.py:188} INFO - [2026-01-20T01:20:02.451+0000] {dag.py:3089} INFO - Sync 1 DAGs
[2026-01-20T01:20:02.468+0000] {logging_mixin.py:188} INFO - [2026-01-20T01:20:02.468+0000] {dag.py:3947} INFO - Setting next_dagrun for pipeline_one_off to None, run_after=None
[2026-01-20T01:20:02.492+0000] {processor.py:183} INFO - Processing /opt/airflow/dags/pipeline_one_off.py took 0.121 seconds
[2026-01-20T01:20:32.765+0000] {processor.py:161} INFO - Started process (PID=17814) to work on /opt/airflow/dags/pipeline_one_off.py
[2026-01-20T01:20:32.766+0000] {processor.py:830} INFO - Processing file /opt/airflow/dags/pipeline_one_off.py for tasks to queue
[2026-01-20T01:20:32.768+0000] {logging_mixin.py:188} INFO - [2026-01-20T01:20:32.768+0000] {dagbag.py:545} INFO - Filling up the DagBag from /opt/airflow/dags/pipeline_one_off.py
[2026-01-20T01:20:32.795+0000] {processor.py:840} INFO - DAG(s) 'pipeline_one_off' retrieved from /opt/airflow/dags/pipeline_one_off.py
[2026-01-20T01:20:32.840+0000] {logging_mixin.py:188} INFO - [2026-01-20T01:20:32.839+0000] {dag.py:3089} INFO - Sync 1 DAGs
[2026-01-20T01:20:32.855+0000] {logging_mixin.py:188} INFO - [2026-01-20T01:20:32.855+0000] {dag.py:3947} INFO - Setting next_dagrun for pipeline_one_off to None, run_after=None
[2026-01-20T01:20:32.882+0000] {processor.py:183} INFO - Processing /opt/airflow/dags/pipeline_one_off.py took 0.126 seconds
[2026-01-20T01:21:03.176+0000] {processor.py:161} INFO - Started process (PID=17824) to work on /opt/airflow/dags/pipeline_one_off.py
[2026-01-20T01:21:03.177+0000] {processor.py:830} INFO - Processing file /opt/airflow/dags/pipeline_one_off.py for tasks to queue
[2026-01-20T01:21:03.180+0000] {logging_mixin.py:188} INFO - [2026-01-20T01:21:03.180+0000] {dagbag.py:545} INFO - Filling up the DagBag from /opt/airflow/dags/pipeline_one_off.py
[2026-01-20T01:21:03.206+0000] {processor.py:840} INFO - DAG(s) 'pipeline_one_off' retrieved from /opt/airflow/dags/pipeline_one_off.py
[2026-01-20T01:21:03.249+0000] {logging_mixin.py:188} INFO - [2026-01-20T01:21:03.249+0000] {dag.py:3089} INFO - Sync 1 DAGs
[2026-01-20T01:21:03.264+0000] {logging_mixin.py:188} INFO - [2026-01-20T01:21:03.264+0000] {dag.py:3947} INFO - Setting next_dagrun for pipeline_one_off to None, run_after=None
[2026-01-20T01:21:03.288+0000] {processor.py:183} INFO - Processing /opt/airflow/dags/pipeline_one_off.py took 0.119 seconds
[2026-01-20T01:21:33.570+0000] {processor.py:161} INFO - Started process (PID=17834) to work on /opt/airflow/dags/pipeline_one_off.py
[2026-01-20T01:21:33.571+0000] {processor.py:830} INFO - Processing file /opt/airflow/dags/pipeline_one_off.py for tasks to queue
[2026-01-20T01:21:33.574+0000] {logging_mixin.py:188} INFO - [2026-01-20T01:21:33.574+0000] {dagbag.py:545} INFO - Filling up the DagBag from /opt/airflow/dags/pipeline_one_off.py
[2026-01-20T01:21:33.603+0000] {processor.py:840} INFO - DAG(s) 'pipeline_one_off' retrieved from /opt/airflow/dags/pipeline_one_off.py
[2026-01-20T01:21:33.649+0000] {logging_mixin.py:188} INFO - [2026-01-20T01:21:33.648+0000] {dag.py:3089} INFO - Sync 1 DAGs
[2026-01-20T01:21:33.664+0000] {logging_mixin.py:188} INFO - [2026-01-20T01:21:33.663+0000] {dag.py:3947} INFO - Setting next_dagrun for pipeline_one_off to None, run_after=None
[2026-01-20T01:21:33.690+0000] {processor.py:183} INFO - Processing /opt/airflow/dags/pipeline_one_off.py took 0.129 seconds
[2026-01-20T01:22:03.976+0000] {processor.py:161} INFO - Started process (PID=17844) to work on /opt/airflow/dags/pipeline_one_off.py
[2026-01-20T01:22:03.977+0000] {processor.py:830} INFO - Processing file /opt/airflow/dags/pipeline_one_off.py for tasks to queue
[2026-01-20T01:22:03.980+0000] {logging_mixin.py:188} INFO - [2026-01-20T01:22:03.979+0000] {dagbag.py:545} INFO - Filling up the DagBag from /opt/airflow/dags/pipeline_one_off.py
[2026-01-20T01:22:04.008+0000] {processor.py:840} INFO - DAG(s) 'pipeline_one_off' retrieved from /opt/airflow/dags/pipeline_one_off.py
[2026-01-20T01:22:04.053+0000] {logging_mixin.py:188} INFO - [2026-01-20T01:22:04.053+0000] {dag.py:3089} INFO - Sync 1 DAGs
[2026-01-20T01:22:04.068+0000] {logging_mixin.py:188} INFO - [2026-01-20T01:22:04.068+0000] {dag.py:3947} INFO - Setting next_dagrun for pipeline_one_off to None, run_after=None
[2026-01-20T01:22:04.095+0000] {processor.py:183} INFO - Processing /opt/airflow/dags/pipeline_one_off.py took 0.128 seconds
[2026-01-20T01:22:34.376+0000] {processor.py:161} INFO - Started process (PID=17854) to work on /opt/airflow/dags/pipeline_one_off.py
[2026-01-20T01:22:34.378+0000] {processor.py:830} INFO - Processing file /opt/airflow/dags/pipeline_one_off.py for tasks to queue
[2026-01-20T01:22:34.380+0000] {logging_mixin.py:188} INFO - [2026-01-20T01:22:34.380+0000] {dagbag.py:545} INFO - Filling up the DagBag from /opt/airflow/dags/pipeline_one_off.py
[2026-01-20T01:22:34.406+0000] {processor.py:840} INFO - DAG(s) 'pipeline_one_off' retrieved from /opt/airflow/dags/pipeline_one_off.py
[2026-01-20T01:22:34.447+0000] {logging_mixin.py:188} INFO - [2026-01-20T01:22:34.447+0000] {dag.py:3089} INFO - Sync 1 DAGs
[2026-01-20T01:22:34.463+0000] {logging_mixin.py:188} INFO - [2026-01-20T01:22:34.463+0000] {dag.py:3947} INFO - Setting next_dagrun for pipeline_one_off to None, run_after=None
[2026-01-20T01:22:34.486+0000] {processor.py:183} INFO - Processing /opt/airflow/dags/pipeline_one_off.py took 0.118 seconds
[2026-01-20T01:23:04.766+0000] {processor.py:161} INFO - Started process (PID=17864) to work on /opt/airflow/dags/pipeline_one_off.py
[2026-01-20T01:23:04.767+0000] {processor.py:830} INFO - Processing file /opt/airflow/dags/pipeline_one_off.py for tasks to queue
[2026-01-20T01:23:04.770+0000] {logging_mixin.py:188} INFO - [2026-01-20T01:23:04.770+0000] {dagbag.py:545} INFO - Filling up the DagBag from /opt/airflow/dags/pipeline_one_off.py
[2026-01-20T01:23:04.797+0000] {processor.py:840} INFO - DAG(s) 'pipeline_one_off' retrieved from /opt/airflow/dags/pipeline_one_off.py
[2026-01-20T01:23:04.839+0000] {logging_mixin.py:188} INFO - [2026-01-20T01:23:04.838+0000] {dag.py:3089} INFO - Sync 1 DAGs
[2026-01-20T01:23:04.854+0000] {logging_mixin.py:188} INFO - [2026-01-20T01:23:04.854+0000] {dag.py:3947} INFO - Setting next_dagrun for pipeline_one_off to None, run_after=None
[2026-01-20T01:23:04.880+0000] {processor.py:183} INFO - Processing /opt/airflow/dags/pipeline_one_off.py took 0.122 seconds
[2026-01-20T01:23:35.209+0000] {processor.py:161} INFO - Started process (PID=17874) to work on /opt/airflow/dags/pipeline_one_off.py
[2026-01-20T01:23:35.211+0000] {processor.py:830} INFO - Processing file /opt/airflow/dags/pipeline_one_off.py for tasks to queue
[2026-01-20T01:23:35.214+0000] {logging_mixin.py:188} INFO - [2026-01-20T01:23:35.214+0000] {dagbag.py:545} INFO - Filling up the DagBag from /opt/airflow/dags/pipeline_one_off.py
[2026-01-20T01:23:35.241+0000] {processor.py:840} INFO - DAG(s) 'pipeline_one_off' retrieved from /opt/airflow/dags/pipeline_one_off.py
[2026-01-20T01:23:35.295+0000] {logging_mixin.py:188} INFO - [2026-01-20T01:23:35.294+0000] {dag.py:3089} INFO - Sync 1 DAGs
[2026-01-20T01:23:35.318+0000] {logging_mixin.py:188} INFO - [2026-01-20T01:23:35.317+0000] {dag.py:3947} INFO - Setting next_dagrun for pipeline_one_off to None, run_after=None
[2026-01-20T01:23:35.349+0000] {processor.py:183} INFO - Processing /opt/airflow/dags/pipeline_one_off.py took 0.147 seconds
[2026-01-20T01:24:05.624+0000] {processor.py:161} INFO - Started process (PID=17884) to work on /opt/airflow/dags/pipeline_one_off.py
[2026-01-20T01:24:05.625+0000] {processor.py:830} INFO - Processing file /opt/airflow/dags/pipeline_one_off.py for tasks to queue
[2026-01-20T01:24:05.629+0000] {logging_mixin.py:188} INFO - [2026-01-20T01:24:05.628+0000] {dagbag.py:545} INFO - Filling up the DagBag from /opt/airflow/dags/pipeline_one_off.py
[2026-01-20T01:24:05.654+0000] {processor.py:840} INFO - DAG(s) 'pipeline_one_off' retrieved from /opt/airflow/dags/pipeline_one_off.py
[2026-01-20T01:24:05.695+0000] {logging_mixin.py:188} INFO - [2026-01-20T01:24:05.695+0000] {dag.py:3089} INFO - Sync 1 DAGs
[2026-01-20T01:24:05.710+0000] {logging_mixin.py:188} INFO - [2026-01-20T01:24:05.710+0000] {dag.py:3947} INFO - Setting next_dagrun for pipeline_one_off to None, run_after=None
[2026-01-20T01:24:05.735+0000] {processor.py:183} INFO - Processing /opt/airflow/dags/pipeline_one_off.py took 0.119 seconds
[2026-01-20T01:24:36.012+0000] {processor.py:161} INFO - Started process (PID=17894) to work on /opt/airflow/dags/pipeline_one_off.py
[2026-01-20T01:24:36.014+0000] {processor.py:830} INFO - Processing file /opt/airflow/dags/pipeline_one_off.py for tasks to queue
[2026-01-20T01:24:36.017+0000] {logging_mixin.py:188} INFO - [2026-01-20T01:24:36.017+0000] {dagbag.py:545} INFO - Filling up the DagBag from /opt/airflow/dags/pipeline_one_off.py
[2026-01-20T01:24:36.043+0000] {processor.py:840} INFO - DAG(s) 'pipeline_one_off' retrieved from /opt/airflow/dags/pipeline_one_off.py
[2026-01-20T01:24:36.083+0000] {logging_mixin.py:188} INFO - [2026-01-20T01:24:36.083+0000] {dag.py:3089} INFO - Sync 1 DAGs
[2026-01-20T01:24:36.098+0000] {logging_mixin.py:188} INFO - [2026-01-20T01:24:36.098+0000] {dag.py:3947} INFO - Setting next_dagrun for pipeline_one_off to None, run_after=None
[2026-01-20T01:24:36.126+0000] {processor.py:183} INFO - Processing /opt/airflow/dags/pipeline_one_off.py took 0.121 seconds
[2026-01-20T01:25:06.412+0000] {processor.py:161} INFO - Started process (PID=17904) to work on /opt/airflow/dags/pipeline_one_off.py
[2026-01-20T01:25:06.414+0000] {processor.py:830} INFO - Processing file /opt/airflow/dags/pipeline_one_off.py for tasks to queue
[2026-01-20T01:25:06.416+0000] {logging_mixin.py:188} INFO - [2026-01-20T01:25:06.416+0000] {dagbag.py:545} INFO - Filling up the DagBag from /opt/airflow/dags/pipeline_one_off.py
[2026-01-20T01:25:06.444+0000] {processor.py:840} INFO - DAG(s) 'pipeline_one_off' retrieved from /opt/airflow/dags/pipeline_one_off.py
[2026-01-20T01:25:06.489+0000] {logging_mixin.py:188} INFO - [2026-01-20T01:25:06.488+0000] {dag.py:3089} INFO - Sync 1 DAGs
[2026-01-20T01:25:06.505+0000] {logging_mixin.py:188} INFO - [2026-01-20T01:25:06.504+0000] {dag.py:3947} INFO - Setting next_dagrun for pipeline_one_off to None, run_after=None
[2026-01-20T01:25:06.529+0000] {processor.py:183} INFO - Processing /opt/airflow/dags/pipeline_one_off.py took 0.125 seconds
[2026-01-20T01:25:36.811+0000] {processor.py:161} INFO - Started process (PID=17914) to work on /opt/airflow/dags/pipeline_one_off.py
[2026-01-20T01:25:36.813+0000] {processor.py:830} INFO - Processing file /opt/airflow/dags/pipeline_one_off.py for tasks to queue
[2026-01-20T01:25:36.815+0000] {logging_mixin.py:188} INFO - [2026-01-20T01:25:36.815+0000] {dagbag.py:545} INFO - Filling up the DagBag from /opt/airflow/dags/pipeline_one_off.py
[2026-01-20T01:25:36.841+0000] {processor.py:840} INFO - DAG(s) 'pipeline_one_off' retrieved from /opt/airflow/dags/pipeline_one_off.py
[2026-01-20T01:25:36.883+0000] {logging_mixin.py:188} INFO - [2026-01-20T01:25:36.883+0000] {dag.py:3089} INFO - Sync 1 DAGs
[2026-01-20T01:25:36.898+0000] {logging_mixin.py:188} INFO - [2026-01-20T01:25:36.898+0000] {dag.py:3947} INFO - Setting next_dagrun for pipeline_one_off to None, run_after=None
[2026-01-20T01:25:36.924+0000] {processor.py:183} INFO - Processing /opt/airflow/dags/pipeline_one_off.py took 0.121 seconds
[2026-01-20T01:26:07.204+0000] {processor.py:161} INFO - Started process (PID=17924) to work on /opt/airflow/dags/pipeline_one_off.py
[2026-01-20T01:26:07.205+0000] {processor.py:830} INFO - Processing file /opt/airflow/dags/pipeline_one_off.py for tasks to queue
[2026-01-20T01:26:07.208+0000] {logging_mixin.py:188} INFO - [2026-01-20T01:26:07.207+0000] {dagbag.py:545} INFO - Filling up the DagBag from /opt/airflow/dags/pipeline_one_off.py
[2026-01-20T01:26:07.233+0000] {processor.py:840} INFO - DAG(s) 'pipeline_one_off' retrieved from /opt/airflow/dags/pipeline_one_off.py
[2026-01-20T01:26:07.274+0000] {logging_mixin.py:188} INFO - [2026-01-20T01:26:07.274+0000] {dag.py:3089} INFO - Sync 1 DAGs
[2026-01-20T01:26:07.291+0000] {logging_mixin.py:188} INFO - [2026-01-20T01:26:07.290+0000] {dag.py:3947} INFO - Setting next_dagrun for pipeline_one_off to None, run_after=None
[2026-01-20T01:26:07.317+0000] {processor.py:183} INFO - Processing /opt/airflow/dags/pipeline_one_off.py took 0.120 seconds
[2026-01-20T01:26:37.615+0000] {processor.py:161} INFO - Started process (PID=17934) to work on /opt/airflow/dags/pipeline_one_off.py
[2026-01-20T01:26:37.616+0000] {processor.py:830} INFO - Processing file /opt/airflow/dags/pipeline_one_off.py for tasks to queue
[2026-01-20T01:26:37.619+0000] {logging_mixin.py:188} INFO - [2026-01-20T01:26:37.618+0000] {dagbag.py:545} INFO - Filling up the DagBag from /opt/airflow/dags/pipeline_one_off.py
[2026-01-20T01:26:37.645+0000] {processor.py:840} INFO - DAG(s) 'pipeline_one_off' retrieved from /opt/airflow/dags/pipeline_one_off.py
[2026-01-20T01:26:37.685+0000] {logging_mixin.py:188} INFO - [2026-01-20T01:26:37.684+0000] {dag.py:3089} INFO - Sync 1 DAGs
[2026-01-20T01:26:37.699+0000] {logging_mixin.py:188} INFO - [2026-01-20T01:26:37.698+0000] {dag.py:3947} INFO - Setting next_dagrun for pipeline_one_off to None, run_after=None
[2026-01-20T01:26:37.722+0000] {processor.py:183} INFO - Processing /opt/airflow/dags/pipeline_one_off.py took 0.115 seconds
[2026-01-20T01:27:08.012+0000] {processor.py:161} INFO - Started process (PID=17944) to work on /opt/airflow/dags/pipeline_one_off.py
[2026-01-20T01:27:08.013+0000] {processor.py:830} INFO - Processing file /opt/airflow/dags/pipeline_one_off.py for tasks to queue
[2026-01-20T01:27:08.016+0000] {logging_mixin.py:188} INFO - [2026-01-20T01:27:08.016+0000] {dagbag.py:545} INFO - Filling up the DagBag from /opt/airflow/dags/pipeline_one_off.py
[2026-01-20T01:27:08.041+0000] {processor.py:840} INFO - DAG(s) 'pipeline_one_off' retrieved from /opt/airflow/dags/pipeline_one_off.py
[2026-01-20T01:27:08.081+0000] {logging_mixin.py:188} INFO - [2026-01-20T01:27:08.081+0000] {dag.py:3089} INFO - Sync 1 DAGs
[2026-01-20T01:27:08.095+0000] {logging_mixin.py:188} INFO - [2026-01-20T01:27:08.095+0000] {dag.py:3947} INFO - Setting next_dagrun for pipeline_one_off to None, run_after=None
[2026-01-20T01:27:08.121+0000] {processor.py:183} INFO - Processing /opt/airflow/dags/pipeline_one_off.py took 0.116 seconds
[2026-01-20T01:27:38.413+0000] {processor.py:161} INFO - Started process (PID=17954) to work on /opt/airflow/dags/pipeline_one_off.py
[2026-01-20T01:27:38.415+0000] {processor.py:830} INFO - Processing file /opt/airflow/dags/pipeline_one_off.py for tasks to queue
[2026-01-20T01:27:38.417+0000] {logging_mixin.py:188} INFO - [2026-01-20T01:27:38.417+0000] {dagbag.py:545} INFO - Filling up the DagBag from /opt/airflow/dags/pipeline_one_off.py
[2026-01-20T01:27:38.443+0000] {processor.py:840} INFO - DAG(s) 'pipeline_one_off' retrieved from /opt/airflow/dags/pipeline_one_off.py
[2026-01-20T01:27:38.483+0000] {logging_mixin.py:188} INFO - [2026-01-20T01:27:38.482+0000] {dag.py:3089} INFO - Sync 1 DAGs
[2026-01-20T01:27:38.497+0000] {logging_mixin.py:188} INFO - [2026-01-20T01:27:38.497+0000] {dag.py:3947} INFO - Setting next_dagrun for pipeline_one_off to None, run_after=None
[2026-01-20T01:27:38.521+0000] {processor.py:183} INFO - Processing /opt/airflow/dags/pipeline_one_off.py took 0.116 seconds
[2026-01-20T01:28:08.835+0000] {processor.py:161} INFO - Started process (PID=17964) to work on /opt/airflow/dags/pipeline_one_off.py
[2026-01-20T01:28:08.836+0000] {processor.py:830} INFO - Processing file /opt/airflow/dags/pipeline_one_off.py for tasks to queue
[2026-01-20T01:28:08.839+0000] {logging_mixin.py:188} INFO - [2026-01-20T01:28:08.839+0000] {dagbag.py:545} INFO - Filling up the DagBag from /opt/airflow/dags/pipeline_one_off.py
[2026-01-20T01:28:08.864+0000] {processor.py:840} INFO - DAG(s) 'pipeline_one_off' retrieved from /opt/airflow/dags/pipeline_one_off.py
[2026-01-20T01:28:08.903+0000] {logging_mixin.py:188} INFO - [2026-01-20T01:28:08.903+0000] {dag.py:3089} INFO - Sync 1 DAGs
[2026-01-20T01:28:08.916+0000] {logging_mixin.py:188} INFO - [2026-01-20T01:28:08.916+0000] {dag.py:3947} INFO - Setting next_dagrun for pipeline_one_off to None, run_after=None
[2026-01-20T01:28:08.939+0000] {processor.py:183} INFO - Processing /opt/airflow/dags/pipeline_one_off.py took 0.112 seconds
[2026-01-20T01:28:39.294+0000] {processor.py:161} INFO - Started process (PID=17974) to work on /opt/airflow/dags/pipeline_one_off.py
[2026-01-20T01:28:39.295+0000] {processor.py:830} INFO - Processing file /opt/airflow/dags/pipeline_one_off.py for tasks to queue
[2026-01-20T01:28:39.298+0000] {logging_mixin.py:188} INFO - [2026-01-20T01:28:39.297+0000] {dagbag.py:545} INFO - Filling up the DagBag from /opt/airflow/dags/pipeline_one_off.py
[2026-01-20T01:28:39.324+0000] {processor.py:840} INFO - DAG(s) 'pipeline_one_off' retrieved from /opt/airflow/dags/pipeline_one_off.py
[2026-01-20T01:28:39.362+0000] {logging_mixin.py:188} INFO - [2026-01-20T01:28:39.362+0000] {dag.py:3089} INFO - Sync 1 DAGs
[2026-01-20T01:28:39.378+0000] {logging_mixin.py:188} INFO - [2026-01-20T01:28:39.378+0000] {dag.py:3947} INFO - Setting next_dagrun for pipeline_one_off to None, run_after=None
[2026-01-20T01:28:39.402+0000] {processor.py:183} INFO - Processing /opt/airflow/dags/pipeline_one_off.py took 0.116 seconds
[2026-01-20T01:29:09.717+0000] {processor.py:161} INFO - Started process (PID=17984) to work on /opt/airflow/dags/pipeline_one_off.py
[2026-01-20T01:29:09.719+0000] {processor.py:830} INFO - Processing file /opt/airflow/dags/pipeline_one_off.py for tasks to queue
[2026-01-20T01:29:09.722+0000] {logging_mixin.py:188} INFO - [2026-01-20T01:29:09.722+0000] {dagbag.py:545} INFO - Filling up the DagBag from /opt/airflow/dags/pipeline_one_off.py
[2026-01-20T01:29:09.746+0000] {processor.py:840} INFO - DAG(s) 'pipeline_one_off' retrieved from /opt/airflow/dags/pipeline_one_off.py
[2026-01-20T01:29:09.785+0000] {logging_mixin.py:188} INFO - [2026-01-20T01:29:09.785+0000] {dag.py:3089} INFO - Sync 1 DAGs
[2026-01-20T01:29:09.800+0000] {logging_mixin.py:188} INFO - [2026-01-20T01:29:09.800+0000] {dag.py:3947} INFO - Setting next_dagrun for pipeline_one_off to None, run_after=None
[2026-01-20T01:29:09.823+0000] {processor.py:183} INFO - Processing /opt/airflow/dags/pipeline_one_off.py took 0.113 seconds
[2026-01-20T01:29:40.153+0000] {processor.py:161} INFO - Started process (PID=17994) to work on /opt/airflow/dags/pipeline_one_off.py
[2026-01-20T01:29:40.154+0000] {processor.py:830} INFO - Processing file /opt/airflow/dags/pipeline_one_off.py for tasks to queue
[2026-01-20T01:29:40.157+0000] {logging_mixin.py:188} INFO - [2026-01-20T01:29:40.157+0000] {dagbag.py:545} INFO - Filling up the DagBag from /opt/airflow/dags/pipeline_one_off.py
[2026-01-20T01:29:40.180+0000] {processor.py:840} INFO - DAG(s) 'pipeline_one_off' retrieved from /opt/airflow/dags/pipeline_one_off.py
[2026-01-20T01:29:40.220+0000] {logging_mixin.py:188} INFO - [2026-01-20T01:29:40.220+0000] {dag.py:3089} INFO - Sync 1 DAGs
[2026-01-20T01:29:40.235+0000] {logging_mixin.py:188} INFO - [2026-01-20T01:29:40.234+0000] {dag.py:3947} INFO - Setting next_dagrun for pipeline_one_off to None, run_after=None
[2026-01-20T01:29:40.258+0000] {processor.py:183} INFO - Processing /opt/airflow/dags/pipeline_one_off.py took 0.113 seconds
[2026-01-20T01:30:10.547+0000] {processor.py:161} INFO - Started process (PID=18007) to work on /opt/airflow/dags/pipeline_one_off.py
[2026-01-20T01:30:10.548+0000] {processor.py:830} INFO - Processing file /opt/airflow/dags/pipeline_one_off.py for tasks to queue
[2026-01-20T01:30:10.550+0000] {logging_mixin.py:188} INFO - [2026-01-20T01:30:10.550+0000] {dagbag.py:545} INFO - Filling up the DagBag from /opt/airflow/dags/pipeline_one_off.py
[2026-01-20T01:30:10.574+0000] {processor.py:840} INFO - DAG(s) 'pipeline_one_off' retrieved from /opt/airflow/dags/pipeline_one_off.py
[2026-01-20T01:30:10.616+0000] {logging_mixin.py:188} INFO - [2026-01-20T01:30:10.616+0000] {dag.py:3089} INFO - Sync 1 DAGs
[2026-01-20T01:30:10.632+0000] {logging_mixin.py:188} INFO - [2026-01-20T01:30:10.631+0000] {dag.py:3947} INFO - Setting next_dagrun for pipeline_one_off to None, run_after=None
[2026-01-20T01:30:10.655+0000] {processor.py:183} INFO - Processing /opt/airflow/dags/pipeline_one_off.py took 0.115 seconds
[2026-01-20T01:30:40.979+0000] {processor.py:161} INFO - Started process (PID=18017) to work on /opt/airflow/dags/pipeline_one_off.py
[2026-01-20T01:30:40.980+0000] {processor.py:830} INFO - Processing file /opt/airflow/dags/pipeline_one_off.py for tasks to queue
[2026-01-20T01:30:40.983+0000] {logging_mixin.py:188} INFO - [2026-01-20T01:30:40.982+0000] {dagbag.py:545} INFO - Filling up the DagBag from /opt/airflow/dags/pipeline_one_off.py
[2026-01-20T01:30:41.009+0000] {processor.py:840} INFO - DAG(s) 'pipeline_one_off' retrieved from /opt/airflow/dags/pipeline_one_off.py
[2026-01-20T01:30:41.050+0000] {logging_mixin.py:188} INFO - [2026-01-20T01:30:41.050+0000] {dag.py:3089} INFO - Sync 1 DAGs
[2026-01-20T01:30:41.064+0000] {logging_mixin.py:188} INFO - [2026-01-20T01:30:41.064+0000] {dag.py:3947} INFO - Setting next_dagrun for pipeline_one_off to None, run_after=None
[2026-01-20T01:30:41.085+0000] {processor.py:183} INFO - Processing /opt/airflow/dags/pipeline_one_off.py took 0.114 seconds
[2026-01-20T01:31:11.405+0000] {processor.py:161} INFO - Started process (PID=18027) to work on /opt/airflow/dags/pipeline_one_off.py
[2026-01-20T01:31:11.407+0000] {processor.py:830} INFO - Processing file /opt/airflow/dags/pipeline_one_off.py for tasks to queue
[2026-01-20T01:31:11.409+0000] {logging_mixin.py:188} INFO - [2026-01-20T01:31:11.409+0000] {dagbag.py:545} INFO - Filling up the DagBag from /opt/airflow/dags/pipeline_one_off.py
[2026-01-20T01:31:11.433+0000] {processor.py:840} INFO - DAG(s) 'pipeline_one_off' retrieved from /opt/airflow/dags/pipeline_one_off.py
[2026-01-20T01:31:11.472+0000] {logging_mixin.py:188} INFO - [2026-01-20T01:31:11.472+0000] {dag.py:3089} INFO - Sync 1 DAGs
[2026-01-20T01:31:11.486+0000] {logging_mixin.py:188} INFO - [2026-01-20T01:31:11.486+0000] {dag.py:3947} INFO - Setting next_dagrun for pipeline_one_off to None, run_after=None
[2026-01-20T01:31:11.509+0000] {processor.py:183} INFO - Processing /opt/airflow/dags/pipeline_one_off.py took 0.111 seconds
[2026-01-20T01:31:41.825+0000] {processor.py:161} INFO - Started process (PID=18037) to work on /opt/airflow/dags/pipeline_one_off.py
[2026-01-20T01:31:41.826+0000] {processor.py:830} INFO - Processing file /opt/airflow/dags/pipeline_one_off.py for tasks to queue
[2026-01-20T01:31:41.829+0000] {logging_mixin.py:188} INFO - [2026-01-20T01:31:41.828+0000] {dagbag.py:545} INFO - Filling up the DagBag from /opt/airflow/dags/pipeline_one_off.py
[2026-01-20T01:31:41.855+0000] {processor.py:840} INFO - DAG(s) 'pipeline_one_off' retrieved from /opt/airflow/dags/pipeline_one_off.py
[2026-01-20T01:31:41.887+0000] {logging_mixin.py:188} INFO - [2026-01-20T01:31:41.887+0000] {dag.py:3089} INFO - Sync 1 DAGs
[2026-01-20T01:31:41.901+0000] {logging_mixin.py:188} INFO - [2026-01-20T01:31:41.901+0000] {dag.py:3947} INFO - Setting next_dagrun for pipeline_one_off to None, run_after=None
[2026-01-20T01:31:41.921+0000] {processor.py:183} INFO - Processing /opt/airflow/dags/pipeline_one_off.py took 0.102 seconds
[2026-01-20T01:32:12.232+0000] {processor.py:161} INFO - Started process (PID=18047) to work on /opt/airflow/dags/pipeline_one_off.py
[2026-01-20T01:32:12.234+0000] {processor.py:830} INFO - Processing file /opt/airflow/dags/pipeline_one_off.py for tasks to queue
[2026-01-20T01:32:12.236+0000] {logging_mixin.py:188} INFO - [2026-01-20T01:32:12.236+0000] {dagbag.py:545} INFO - Filling up the DagBag from /opt/airflow/dags/pipeline_one_off.py
[2026-01-20T01:32:12.263+0000] {processor.py:840} INFO - DAG(s) 'pipeline_one_off' retrieved from /opt/airflow/dags/pipeline_one_off.py
[2026-01-20T01:32:12.306+0000] {logging_mixin.py:188} INFO - [2026-01-20T01:32:12.306+0000] {dag.py:3089} INFO - Sync 1 DAGs
[2026-01-20T01:32:12.321+0000] {logging_mixin.py:188} INFO - [2026-01-20T01:32:12.321+0000] {dag.py:3947} INFO - Setting next_dagrun for pipeline_one_off to None, run_after=None
[2026-01-20T01:32:12.343+0000] {processor.py:183} INFO - Processing /opt/airflow/dags/pipeline_one_off.py took 0.118 seconds
[2026-01-20T01:32:42.634+0000] {processor.py:161} INFO - Started process (PID=18057) to work on /opt/airflow/dags/pipeline_one_off.py
[2026-01-20T01:32:42.635+0000] {processor.py:830} INFO - Processing file /opt/airflow/dags/pipeline_one_off.py for tasks to queue
[2026-01-20T01:32:42.638+0000] {logging_mixin.py:188} INFO - [2026-01-20T01:32:42.637+0000] {dagbag.py:545} INFO - Filling up the DagBag from /opt/airflow/dags/pipeline_one_off.py
[2026-01-20T01:32:42.662+0000] {processor.py:840} INFO - DAG(s) 'pipeline_one_off' retrieved from /opt/airflow/dags/pipeline_one_off.py
[2026-01-20T01:32:42.694+0000] {logging_mixin.py:188} INFO - [2026-01-20T01:32:42.694+0000] {dag.py:3089} INFO - Sync 1 DAGs
[2026-01-20T01:32:42.706+0000] {logging_mixin.py:188} INFO - [2026-01-20T01:32:42.706+0000] {dag.py:3947} INFO - Setting next_dagrun for pipeline_one_off to None, run_after=None
[2026-01-20T01:32:42.725+0000] {processor.py:183} INFO - Processing /opt/airflow/dags/pipeline_one_off.py took 0.098 seconds
[2026-01-20T01:33:12.982+0000] {processor.py:161} INFO - Started process (PID=18067) to work on /opt/airflow/dags/pipeline_one_off.py
[2026-01-20T01:33:12.983+0000] {processor.py:830} INFO - Processing file /opt/airflow/dags/pipeline_one_off.py for tasks to queue
[2026-01-20T01:33:12.986+0000] {logging_mixin.py:188} INFO - [2026-01-20T01:33:12.985+0000] {dagbag.py:545} INFO - Filling up the DagBag from /opt/airflow/dags/pipeline_one_off.py
[2026-01-20T01:33:13.009+0000] {processor.py:840} INFO - DAG(s) 'pipeline_one_off' retrieved from /opt/airflow/dags/pipeline_one_off.py
[2026-01-20T01:33:13.042+0000] {logging_mixin.py:188} INFO - [2026-01-20T01:33:13.041+0000] {dag.py:3089} INFO - Sync 1 DAGs
[2026-01-20T01:33:13.054+0000] {logging_mixin.py:188} INFO - [2026-01-20T01:33:13.054+0000] {dag.py:3947} INFO - Setting next_dagrun for pipeline_one_off to None, run_after=None
[2026-01-20T01:33:13.072+0000] {processor.py:183} INFO - Processing /opt/airflow/dags/pipeline_one_off.py took 0.096 seconds
[2026-01-20T01:33:43.394+0000] {processor.py:161} INFO - Started process (PID=18077) to work on /opt/airflow/dags/pipeline_one_off.py
[2026-01-20T01:33:43.395+0000] {processor.py:830} INFO - Processing file /opt/airflow/dags/pipeline_one_off.py for tasks to queue
[2026-01-20T01:33:43.397+0000] {logging_mixin.py:188} INFO - [2026-01-20T01:33:43.397+0000] {dagbag.py:545} INFO - Filling up the DagBag from /opt/airflow/dags/pipeline_one_off.py
[2026-01-20T01:33:43.423+0000] {processor.py:840} INFO - DAG(s) 'pipeline_one_off' retrieved from /opt/airflow/dags/pipeline_one_off.py
[2026-01-20T01:33:43.465+0000] {logging_mixin.py:188} INFO - [2026-01-20T01:33:43.465+0000] {dag.py:3089} INFO - Sync 1 DAGs
[2026-01-20T01:33:43.478+0000] {logging_mixin.py:188} INFO - [2026-01-20T01:33:43.478+0000] {dag.py:3947} INFO - Setting next_dagrun for pipeline_one_off to None, run_after=None
[2026-01-20T01:33:43.500+0000] {processor.py:183} INFO - Processing /opt/airflow/dags/pipeline_one_off.py took 0.114 seconds
[2026-01-20T01:34:13.806+0000] {processor.py:161} INFO - Started process (PID=18087) to work on /opt/airflow/dags/pipeline_one_off.py
[2026-01-20T01:34:13.807+0000] {processor.py:830} INFO - Processing file /opt/airflow/dags/pipeline_one_off.py for tasks to queue
[2026-01-20T01:34:13.810+0000] {logging_mixin.py:188} INFO - [2026-01-20T01:34:13.810+0000] {dagbag.py:545} INFO - Filling up the DagBag from /opt/airflow/dags/pipeline_one_off.py
[2026-01-20T01:34:13.833+0000] {processor.py:840} INFO - DAG(s) 'pipeline_one_off' retrieved from /opt/airflow/dags/pipeline_one_off.py
[2026-01-20T01:34:13.869+0000] {logging_mixin.py:188} INFO - [2026-01-20T01:34:13.868+0000] {dag.py:3089} INFO - Sync 1 DAGs
[2026-01-20T01:34:13.882+0000] {logging_mixin.py:188} INFO - [2026-01-20T01:34:13.882+0000] {dag.py:3947} INFO - Setting next_dagrun for pipeline_one_off to None, run_after=None
[2026-01-20T01:34:13.906+0000] {processor.py:183} INFO - Processing /opt/airflow/dags/pipeline_one_off.py took 0.106 seconds
[2026-01-20T01:34:44.218+0000] {processor.py:161} INFO - Started process (PID=18097) to work on /opt/airflow/dags/pipeline_one_off.py
[2026-01-20T01:34:44.219+0000] {processor.py:830} INFO - Processing file /opt/airflow/dags/pipeline_one_off.py for tasks to queue
[2026-01-20T01:34:44.223+0000] {logging_mixin.py:188} INFO - [2026-01-20T01:34:44.222+0000] {dagbag.py:545} INFO - Filling up the DagBag from /opt/airflow/dags/pipeline_one_off.py
[2026-01-20T01:34:44.249+0000] {processor.py:840} INFO - DAG(s) 'pipeline_one_off' retrieved from /opt/airflow/dags/pipeline_one_off.py
[2026-01-20T01:34:44.290+0000] {logging_mixin.py:188} INFO - [2026-01-20T01:34:44.290+0000] {dag.py:3089} INFO - Sync 1 DAGs
[2026-01-20T01:34:44.305+0000] {logging_mixin.py:188} INFO - [2026-01-20T01:34:44.304+0000] {dag.py:3947} INFO - Setting next_dagrun for pipeline_one_off to None, run_after=None
[2026-01-20T01:34:44.327+0000] {processor.py:183} INFO - Processing /opt/airflow/dags/pipeline_one_off.py took 0.117 seconds
[2026-01-20T01:35:14.654+0000] {processor.py:161} INFO - Started process (PID=18107) to work on /opt/airflow/dags/pipeline_one_off.py
[2026-01-20T01:35:14.655+0000] {processor.py:830} INFO - Processing file /opt/airflow/dags/pipeline_one_off.py for tasks to queue
[2026-01-20T01:35:14.657+0000] {logging_mixin.py:188} INFO - [2026-01-20T01:35:14.657+0000] {dagbag.py:545} INFO - Filling up the DagBag from /opt/airflow/dags/pipeline_one_off.py
[2026-01-20T01:35:14.684+0000] {processor.py:840} INFO - DAG(s) 'pipeline_one_off' retrieved from /opt/airflow/dags/pipeline_one_off.py
[2026-01-20T01:35:14.723+0000] {logging_mixin.py:188} INFO - [2026-01-20T01:35:14.723+0000] {dag.py:3089} INFO - Sync 1 DAGs
[2026-01-20T01:35:14.739+0000] {logging_mixin.py:188} INFO - [2026-01-20T01:35:14.739+0000] {dag.py:3947} INFO - Setting next_dagrun for pipeline_one_off to None, run_after=None
[2026-01-20T01:35:14.762+0000] {processor.py:183} INFO - Processing /opt/airflow/dags/pipeline_one_off.py took 0.116 seconds
[2026-01-20T01:35:45.062+0000] {processor.py:161} INFO - Started process (PID=18117) to work on /opt/airflow/dags/pipeline_one_off.py
[2026-01-20T01:35:45.063+0000] {processor.py:830} INFO - Processing file /opt/airflow/dags/pipeline_one_off.py for tasks to queue
[2026-01-20T01:35:45.066+0000] {logging_mixin.py:188} INFO - [2026-01-20T01:35:45.066+0000] {dagbag.py:545} INFO - Filling up the DagBag from /opt/airflow/dags/pipeline_one_off.py
[2026-01-20T01:35:45.092+0000] {processor.py:840} INFO - DAG(s) 'pipeline_one_off' retrieved from /opt/airflow/dags/pipeline_one_off.py
[2026-01-20T01:35:45.131+0000] {logging_mixin.py:188} INFO - [2026-01-20T01:35:45.131+0000] {dag.py:3089} INFO - Sync 1 DAGs
[2026-01-20T01:35:45.145+0000] {logging_mixin.py:188} INFO - [2026-01-20T01:35:45.145+0000] {dag.py:3947} INFO - Setting next_dagrun for pipeline_one_off to None, run_after=None
[2026-01-20T01:35:45.167+0000] {processor.py:183} INFO - Processing /opt/airflow/dags/pipeline_one_off.py took 0.112 seconds
[2026-01-20T01:36:15.477+0000] {processor.py:161} INFO - Started process (PID=18127) to work on /opt/airflow/dags/pipeline_one_off.py
[2026-01-20T01:36:15.478+0000] {processor.py:830} INFO - Processing file /opt/airflow/dags/pipeline_one_off.py for tasks to queue
[2026-01-20T01:36:15.481+0000] {logging_mixin.py:188} INFO - [2026-01-20T01:36:15.480+0000] {dagbag.py:545} INFO - Filling up the DagBag from /opt/airflow/dags/pipeline_one_off.py
[2026-01-20T01:36:15.505+0000] {processor.py:840} INFO - DAG(s) 'pipeline_one_off' retrieved from /opt/airflow/dags/pipeline_one_off.py
[2026-01-20T01:36:15.544+0000] {logging_mixin.py:188} INFO - [2026-01-20T01:36:15.544+0000] {dag.py:3089} INFO - Sync 1 DAGs
[2026-01-20T01:36:15.560+0000] {logging_mixin.py:188} INFO - [2026-01-20T01:36:15.559+0000] {dag.py:3947} INFO - Setting next_dagrun for pipeline_one_off to None, run_after=None
[2026-01-20T01:36:15.583+0000] {processor.py:183} INFO - Processing /opt/airflow/dags/pipeline_one_off.py took 0.114 seconds
[2026-01-20T01:36:45.894+0000] {processor.py:161} INFO - Started process (PID=18137) to work on /opt/airflow/dags/pipeline_one_off.py
[2026-01-20T01:36:45.896+0000] {processor.py:830} INFO - Processing file /opt/airflow/dags/pipeline_one_off.py for tasks to queue
[2026-01-20T01:36:45.899+0000] {logging_mixin.py:188} INFO - [2026-01-20T01:36:45.898+0000] {dagbag.py:545} INFO - Filling up the DagBag from /opt/airflow/dags/pipeline_one_off.py
[2026-01-20T01:36:45.924+0000] {processor.py:840} INFO - DAG(s) 'pipeline_one_off' retrieved from /opt/airflow/dags/pipeline_one_off.py
[2026-01-20T01:36:45.962+0000] {logging_mixin.py:188} INFO - [2026-01-20T01:36:45.962+0000] {dag.py:3089} INFO - Sync 1 DAGs
[2026-01-20T01:36:45.977+0000] {logging_mixin.py:188} INFO - [2026-01-20T01:36:45.976+0000] {dag.py:3947} INFO - Setting next_dagrun for pipeline_one_off to None, run_after=None
[2026-01-20T01:36:45.999+0000] {processor.py:183} INFO - Processing /opt/airflow/dags/pipeline_one_off.py took 0.113 seconds
[2026-01-20T01:37:16.322+0000] {processor.py:161} INFO - Started process (PID=18147) to work on /opt/airflow/dags/pipeline_one_off.py
[2026-01-20T01:37:16.324+0000] {processor.py:830} INFO - Processing file /opt/airflow/dags/pipeline_one_off.py for tasks to queue
[2026-01-20T01:37:16.327+0000] {logging_mixin.py:188} INFO - [2026-01-20T01:37:16.326+0000] {dagbag.py:545} INFO - Filling up the DagBag from /opt/airflow/dags/pipeline_one_off.py
[2026-01-20T01:37:16.352+0000] {processor.py:840} INFO - DAG(s) 'pipeline_one_off' retrieved from /opt/airflow/dags/pipeline_one_off.py
[2026-01-20T01:37:16.392+0000] {logging_mixin.py:188} INFO - [2026-01-20T01:37:16.392+0000] {dag.py:3089} INFO - Sync 1 DAGs
[2026-01-20T01:37:16.406+0000] {logging_mixin.py:188} INFO - [2026-01-20T01:37:16.406+0000] {dag.py:3947} INFO - Setting next_dagrun for pipeline_one_off to None, run_after=None
[2026-01-20T01:37:16.431+0000] {processor.py:183} INFO - Processing /opt/airflow/dags/pipeline_one_off.py took 0.116 seconds
[2026-01-20T01:37:46.746+0000] {processor.py:161} INFO - Started process (PID=18157) to work on /opt/airflow/dags/pipeline_one_off.py
[2026-01-20T01:37:46.748+0000] {processor.py:830} INFO - Processing file /opt/airflow/dags/pipeline_one_off.py for tasks to queue
[2026-01-20T01:37:46.750+0000] {logging_mixin.py:188} INFO - [2026-01-20T01:37:46.750+0000] {dagbag.py:545} INFO - Filling up the DagBag from /opt/airflow/dags/pipeline_one_off.py
[2026-01-20T01:37:46.774+0000] {processor.py:840} INFO - DAG(s) 'pipeline_one_off' retrieved from /opt/airflow/dags/pipeline_one_off.py
[2026-01-20T01:37:46.815+0000] {logging_mixin.py:188} INFO - [2026-01-20T01:37:46.814+0000] {dag.py:3089} INFO - Sync 1 DAGs
[2026-01-20T01:37:46.829+0000] {logging_mixin.py:188} INFO - [2026-01-20T01:37:46.829+0000] {dag.py:3947} INFO - Setting next_dagrun for pipeline_one_off to None, run_after=None
[2026-01-20T01:37:46.853+0000] {processor.py:183} INFO - Processing /opt/airflow/dags/pipeline_one_off.py took 0.115 seconds
[2026-01-20T01:38:17.163+0000] {processor.py:161} INFO - Started process (PID=18167) to work on /opt/airflow/dags/pipeline_one_off.py
[2026-01-20T01:38:17.165+0000] {processor.py:830} INFO - Processing file /opt/airflow/dags/pipeline_one_off.py for tasks to queue
[2026-01-20T01:38:17.167+0000] {logging_mixin.py:188} INFO - [2026-01-20T01:38:17.167+0000] {dagbag.py:545} INFO - Filling up the DagBag from /opt/airflow/dags/pipeline_one_off.py
[2026-01-20T01:38:17.191+0000] {processor.py:840} INFO - DAG(s) 'pipeline_one_off' retrieved from /opt/airflow/dags/pipeline_one_off.py
[2026-01-20T01:38:17.232+0000] {logging_mixin.py:188} INFO - [2026-01-20T01:38:17.232+0000] {dag.py:3089} INFO - Sync 1 DAGs
[2026-01-20T01:38:17.247+0000] {logging_mixin.py:188} INFO - [2026-01-20T01:38:17.247+0000] {dag.py:3947} INFO - Setting next_dagrun for pipeline_one_off to None, run_after=None
[2026-01-20T01:38:17.270+0000] {processor.py:183} INFO - Processing /opt/airflow/dags/pipeline_one_off.py took 0.115 seconds
[2026-01-20T01:38:47.624+0000] {processor.py:161} INFO - Started process (PID=18177) to work on /opt/airflow/dags/pipeline_one_off.py
[2026-01-20T01:38:47.625+0000] {processor.py:830} INFO - Processing file /opt/airflow/dags/pipeline_one_off.py for tasks to queue
[2026-01-20T01:38:47.630+0000] {logging_mixin.py:188} INFO - [2026-01-20T01:38:47.629+0000] {dagbag.py:545} INFO - Filling up the DagBag from /opt/airflow/dags/pipeline_one_off.py
[2026-01-20T01:38:47.655+0000] {processor.py:840} INFO - DAG(s) 'pipeline_one_off' retrieved from /opt/airflow/dags/pipeline_one_off.py
[2026-01-20T01:38:47.696+0000] {logging_mixin.py:188} INFO - [2026-01-20T01:38:47.695+0000] {dag.py:3089} INFO - Sync 1 DAGs
[2026-01-20T01:38:47.710+0000] {logging_mixin.py:188} INFO - [2026-01-20T01:38:47.710+0000] {dag.py:3947} INFO - Setting next_dagrun for pipeline_one_off to None, run_after=None
[2026-01-20T01:38:47.734+0000] {processor.py:183} INFO - Processing /opt/airflow/dags/pipeline_one_off.py took 0.118 seconds
[2026-01-20T01:39:18.040+0000] {processor.py:161} INFO - Started process (PID=18187) to work on /opt/airflow/dags/pipeline_one_off.py
[2026-01-20T01:39:18.041+0000] {processor.py:830} INFO - Processing file /opt/airflow/dags/pipeline_one_off.py for tasks to queue
[2026-01-20T01:39:18.044+0000] {logging_mixin.py:188} INFO - [2026-01-20T01:39:18.044+0000] {dagbag.py:545} INFO - Filling up the DagBag from /opt/airflow/dags/pipeline_one_off.py
[2026-01-20T01:39:18.068+0000] {processor.py:840} INFO - DAG(s) 'pipeline_one_off' retrieved from /opt/airflow/dags/pipeline_one_off.py
[2026-01-20T01:39:18.107+0000] {logging_mixin.py:188} INFO - [2026-01-20T01:39:18.107+0000] {dag.py:3089} INFO - Sync 1 DAGs
[2026-01-20T01:39:18.123+0000] {logging_mixin.py:188} INFO - [2026-01-20T01:39:18.122+0000] {dag.py:3947} INFO - Setting next_dagrun for pipeline_one_off to None, run_after=None
[2026-01-20T01:39:18.146+0000] {processor.py:183} INFO - Processing /opt/airflow/dags/pipeline_one_off.py took 0.114 seconds
[2026-01-20T01:39:48.471+0000] {processor.py:161} INFO - Started process (PID=18197) to work on /opt/airflow/dags/pipeline_one_off.py
[2026-01-20T01:39:48.473+0000] {processor.py:830} INFO - Processing file /opt/airflow/dags/pipeline_one_off.py for tasks to queue
[2026-01-20T01:39:48.476+0000] {logging_mixin.py:188} INFO - [2026-01-20T01:39:48.476+0000] {dagbag.py:545} INFO - Filling up the DagBag from /opt/airflow/dags/pipeline_one_off.py
[2026-01-20T01:39:48.501+0000] {processor.py:840} INFO - DAG(s) 'pipeline_one_off' retrieved from /opt/airflow/dags/pipeline_one_off.py
[2026-01-20T01:39:48.539+0000] {logging_mixin.py:188} INFO - [2026-01-20T01:39:48.539+0000] {dag.py:3089} INFO - Sync 1 DAGs
[2026-01-20T01:39:48.554+0000] {logging_mixin.py:188} INFO - [2026-01-20T01:39:48.554+0000] {dag.py:3947} INFO - Setting next_dagrun for pipeline_one_off to None, run_after=None
[2026-01-20T01:39:48.577+0000] {processor.py:183} INFO - Processing /opt/airflow/dags/pipeline_one_off.py took 0.113 seconds
[2026-01-20T01:40:18.895+0000] {processor.py:161} INFO - Started process (PID=18207) to work on /opt/airflow/dags/pipeline_one_off.py
[2026-01-20T01:40:18.897+0000] {processor.py:830} INFO - Processing file /opt/airflow/dags/pipeline_one_off.py for tasks to queue
[2026-01-20T01:40:18.899+0000] {logging_mixin.py:188} INFO - [2026-01-20T01:40:18.899+0000] {dagbag.py:545} INFO - Filling up the DagBag from /opt/airflow/dags/pipeline_one_off.py
[2026-01-20T01:40:18.923+0000] {processor.py:840} INFO - DAG(s) 'pipeline_one_off' retrieved from /opt/airflow/dags/pipeline_one_off.py
[2026-01-20T01:40:18.966+0000] {logging_mixin.py:188} INFO - [2026-01-20T01:40:18.966+0000] {dag.py:3089} INFO - Sync 1 DAGs
[2026-01-20T01:40:18.982+0000] {logging_mixin.py:188} INFO - [2026-01-20T01:40:18.982+0000] {dag.py:3947} INFO - Setting next_dagrun for pipeline_one_off to None, run_after=None
[2026-01-20T01:40:19.005+0000] {processor.py:183} INFO - Processing /opt/airflow/dags/pipeline_one_off.py took 0.118 seconds
[2026-01-20T01:40:49.308+0000] {processor.py:161} INFO - Started process (PID=18217) to work on /opt/airflow/dags/pipeline_one_off.py
[2026-01-20T01:40:49.309+0000] {processor.py:830} INFO - Processing file /opt/airflow/dags/pipeline_one_off.py for tasks to queue
[2026-01-20T01:40:49.311+0000] {logging_mixin.py:188} INFO - [2026-01-20T01:40:49.311+0000] {dagbag.py:545} INFO - Filling up the DagBag from /opt/airflow/dags/pipeline_one_off.py
[2026-01-20T01:40:49.337+0000] {processor.py:840} INFO - DAG(s) 'pipeline_one_off' retrieved from /opt/airflow/dags/pipeline_one_off.py
[2026-01-20T01:40:49.378+0000] {logging_mixin.py:188} INFO - [2026-01-20T01:40:49.378+0000] {dag.py:3089} INFO - Sync 1 DAGs
[2026-01-20T01:40:49.393+0000] {logging_mixin.py:188} INFO - [2026-01-20T01:40:49.392+0000] {dag.py:3947} INFO - Setting next_dagrun for pipeline_one_off to None, run_after=None
[2026-01-20T01:40:49.415+0000] {processor.py:183} INFO - Processing /opt/airflow/dags/pipeline_one_off.py took 0.114 seconds
[2026-01-20T01:41:19.730+0000] {processor.py:161} INFO - Started process (PID=18227) to work on /opt/airflow/dags/pipeline_one_off.py
[2026-01-20T01:41:19.731+0000] {processor.py:830} INFO - Processing file /opt/airflow/dags/pipeline_one_off.py for tasks to queue
[2026-01-20T01:41:19.734+0000] {logging_mixin.py:188} INFO - [2026-01-20T01:41:19.733+0000] {dagbag.py:545} INFO - Filling up the DagBag from /opt/airflow/dags/pipeline_one_off.py
[2026-01-20T01:41:19.758+0000] {processor.py:840} INFO - DAG(s) 'pipeline_one_off' retrieved from /opt/airflow/dags/pipeline_one_off.py
[2026-01-20T01:41:19.798+0000] {logging_mixin.py:188} INFO - [2026-01-20T01:41:19.798+0000] {dag.py:3089} INFO - Sync 1 DAGs
[2026-01-20T01:41:19.813+0000] {logging_mixin.py:188} INFO - [2026-01-20T01:41:19.812+0000] {dag.py:3947} INFO - Setting next_dagrun for pipeline_one_off to None, run_after=None
[2026-01-20T01:41:19.835+0000] {processor.py:183} INFO - Processing /opt/airflow/dags/pipeline_one_off.py took 0.114 seconds
[2026-01-20T01:41:50.154+0000] {processor.py:161} INFO - Started process (PID=18237) to work on /opt/airflow/dags/pipeline_one_off.py
[2026-01-20T01:41:50.156+0000] {processor.py:830} INFO - Processing file /opt/airflow/dags/pipeline_one_off.py for tasks to queue
[2026-01-20T01:41:50.159+0000] {logging_mixin.py:188} INFO - [2026-01-20T01:41:50.159+0000] {dagbag.py:545} INFO - Filling up the DagBag from /opt/airflow/dags/pipeline_one_off.py
[2026-01-20T01:41:50.184+0000] {processor.py:840} INFO - DAG(s) 'pipeline_one_off' retrieved from /opt/airflow/dags/pipeline_one_off.py
[2026-01-20T01:41:50.224+0000] {logging_mixin.py:188} INFO - [2026-01-20T01:41:50.224+0000] {dag.py:3089} INFO - Sync 1 DAGs
[2026-01-20T01:41:50.241+0000] {logging_mixin.py:188} INFO - [2026-01-20T01:41:50.241+0000] {dag.py:3947} INFO - Setting next_dagrun for pipeline_one_off to None, run_after=None
[2026-01-20T01:41:50.264+0000] {processor.py:183} INFO - Processing /opt/airflow/dags/pipeline_one_off.py took 0.117 seconds
[2026-01-20T01:42:20.572+0000] {processor.py:161} INFO - Started process (PID=18247) to work on /opt/airflow/dags/pipeline_one_off.py
[2026-01-20T01:42:20.573+0000] {processor.py:830} INFO - Processing file /opt/airflow/dags/pipeline_one_off.py for tasks to queue
[2026-01-20T01:42:20.575+0000] {logging_mixin.py:188} INFO - [2026-01-20T01:42:20.575+0000] {dagbag.py:545} INFO - Filling up the DagBag from /opt/airflow/dags/pipeline_one_off.py
[2026-01-20T01:42:20.600+0000] {processor.py:840} INFO - DAG(s) 'pipeline_one_off' retrieved from /opt/airflow/dags/pipeline_one_off.py
[2026-01-20T01:42:20.640+0000] {logging_mixin.py:188} INFO - [2026-01-20T01:42:20.639+0000] {dag.py:3089} INFO - Sync 1 DAGs
[2026-01-20T01:42:20.655+0000] {logging_mixin.py:188} INFO - [2026-01-20T01:42:20.655+0000] {dag.py:3947} INFO - Setting next_dagrun for pipeline_one_off to None, run_after=None
[2026-01-20T01:42:20.679+0000] {processor.py:183} INFO - Processing /opt/airflow/dags/pipeline_one_off.py took 0.116 seconds
[2026-01-20T01:42:50.994+0000] {processor.py:161} INFO - Started process (PID=18257) to work on /opt/airflow/dags/pipeline_one_off.py
[2026-01-20T01:42:50.996+0000] {processor.py:830} INFO - Processing file /opt/airflow/dags/pipeline_one_off.py for tasks to queue
[2026-01-20T01:42:50.998+0000] {logging_mixin.py:188} INFO - [2026-01-20T01:42:50.998+0000] {dagbag.py:545} INFO - Filling up the DagBag from /opt/airflow/dags/pipeline_one_off.py
[2026-01-20T01:42:51.023+0000] {processor.py:840} INFO - DAG(s) 'pipeline_one_off' retrieved from /opt/airflow/dags/pipeline_one_off.py
[2026-01-20T01:42:51.063+0000] {logging_mixin.py:188} INFO - [2026-01-20T01:42:51.063+0000] {dag.py:3089} INFO - Sync 1 DAGs
[2026-01-20T01:42:51.078+0000] {logging_mixin.py:188} INFO - [2026-01-20T01:42:51.078+0000] {dag.py:3947} INFO - Setting next_dagrun for pipeline_one_off to None, run_after=None
[2026-01-20T01:42:51.102+0000] {processor.py:183} INFO - Processing /opt/airflow/dags/pipeline_one_off.py took 0.115 seconds
[2026-01-20T01:43:21.396+0000] {processor.py:161} INFO - Started process (PID=18267) to work on /opt/airflow/dags/pipeline_one_off.py
[2026-01-20T01:43:21.398+0000] {processor.py:830} INFO - Processing file /opt/airflow/dags/pipeline_one_off.py for tasks to queue
[2026-01-20T01:43:21.400+0000] {logging_mixin.py:188} INFO - [2026-01-20T01:43:21.400+0000] {dagbag.py:545} INFO - Filling up the DagBag from /opt/airflow/dags/pipeline_one_off.py
[2026-01-20T01:43:21.426+0000] {processor.py:840} INFO - DAG(s) 'pipeline_one_off' retrieved from /opt/airflow/dags/pipeline_one_off.py
[2026-01-20T01:43:21.467+0000] {logging_mixin.py:188} INFO - [2026-01-20T01:43:21.467+0000] {dag.py:3089} INFO - Sync 1 DAGs
[2026-01-20T01:43:21.484+0000] {logging_mixin.py:188} INFO - [2026-01-20T01:43:21.483+0000] {dag.py:3947} INFO - Setting next_dagrun for pipeline_one_off to None, run_after=None
[2026-01-20T01:43:21.505+0000] {processor.py:183} INFO - Processing /opt/airflow/dags/pipeline_one_off.py took 0.117 seconds
[2026-01-20T01:43:51.861+0000] {processor.py:161} INFO - Started process (PID=18277) to work on /opt/airflow/dags/pipeline_one_off.py
[2026-01-20T01:43:51.863+0000] {processor.py:830} INFO - Processing file /opt/airflow/dags/pipeline_one_off.py for tasks to queue
[2026-01-20T01:43:51.865+0000] {logging_mixin.py:188} INFO - [2026-01-20T01:43:51.865+0000] {dagbag.py:545} INFO - Filling up the DagBag from /opt/airflow/dags/pipeline_one_off.py
[2026-01-20T01:43:51.889+0000] {processor.py:840} INFO - DAG(s) 'pipeline_one_off' retrieved from /opt/airflow/dags/pipeline_one_off.py
[2026-01-20T01:43:51.929+0000] {logging_mixin.py:188} INFO - [2026-01-20T01:43:51.929+0000] {dag.py:3089} INFO - Sync 1 DAGs
[2026-01-20T01:43:51.945+0000] {logging_mixin.py:188} INFO - [2026-01-20T01:43:51.945+0000] {dag.py:3947} INFO - Setting next_dagrun for pipeline_one_off to None, run_after=None
[2026-01-20T01:43:51.970+0000] {processor.py:183} INFO - Processing /opt/airflow/dags/pipeline_one_off.py took 0.116 seconds
[2026-01-20T01:44:22.286+0000] {processor.py:161} INFO - Started process (PID=18287) to work on /opt/airflow/dags/pipeline_one_off.py
[2026-01-20T01:44:22.288+0000] {processor.py:830} INFO - Processing file /opt/airflow/dags/pipeline_one_off.py for tasks to queue
[2026-01-20T01:44:22.290+0000] {logging_mixin.py:188} INFO - [2026-01-20T01:44:22.290+0000] {dagbag.py:545} INFO - Filling up the DagBag from /opt/airflow/dags/pipeline_one_off.py
[2026-01-20T01:44:22.315+0000] {processor.py:840} INFO - DAG(s) 'pipeline_one_off' retrieved from /opt/airflow/dags/pipeline_one_off.py
[2026-01-20T01:44:22.354+0000] {logging_mixin.py:188} INFO - [2026-01-20T01:44:22.354+0000] {dag.py:3089} INFO - Sync 1 DAGs
[2026-01-20T01:44:22.368+0000] {logging_mixin.py:188} INFO - [2026-01-20T01:44:22.368+0000] {dag.py:3947} INFO - Setting next_dagrun for pipeline_one_off to None, run_after=None
[2026-01-20T01:44:22.391+0000] {processor.py:183} INFO - Processing /opt/airflow/dags/pipeline_one_off.py took 0.113 seconds
[2026-01-20T01:44:52.701+0000] {processor.py:161} INFO - Started process (PID=18297) to work on /opt/airflow/dags/pipeline_one_off.py
[2026-01-20T01:44:52.702+0000] {processor.py:830} INFO - Processing file /opt/airflow/dags/pipeline_one_off.py for tasks to queue
[2026-01-20T01:44:52.705+0000] {logging_mixin.py:188} INFO - [2026-01-20T01:44:52.704+0000] {dagbag.py:545} INFO - Filling up the DagBag from /opt/airflow/dags/pipeline_one_off.py
[2026-01-20T01:44:52.730+0000] {processor.py:840} INFO - DAG(s) 'pipeline_one_off' retrieved from /opt/airflow/dags/pipeline_one_off.py
[2026-01-20T01:44:52.770+0000] {logging_mixin.py:188} INFO - [2026-01-20T01:44:52.770+0000] {dag.py:3089} INFO - Sync 1 DAGs
[2026-01-20T01:44:52.786+0000] {logging_mixin.py:188} INFO - [2026-01-20T01:44:52.785+0000] {dag.py:3947} INFO - Setting next_dagrun for pipeline_one_off to None, run_after=None
[2026-01-20T01:44:52.809+0000] {processor.py:183} INFO - Processing /opt/airflow/dags/pipeline_one_off.py took 0.116 seconds
[2026-01-20T01:45:23.124+0000] {processor.py:161} INFO - Started process (PID=18307) to work on /opt/airflow/dags/pipeline_one_off.py
[2026-01-20T01:45:23.126+0000] {processor.py:830} INFO - Processing file /opt/airflow/dags/pipeline_one_off.py for tasks to queue
[2026-01-20T01:45:23.128+0000] {logging_mixin.py:188} INFO - [2026-01-20T01:45:23.128+0000] {dagbag.py:545} INFO - Filling up the DagBag from /opt/airflow/dags/pipeline_one_off.py
[2026-01-20T01:45:23.152+0000] {processor.py:840} INFO - DAG(s) 'pipeline_one_off' retrieved from /opt/airflow/dags/pipeline_one_off.py
[2026-01-20T01:45:23.192+0000] {logging_mixin.py:188} INFO - [2026-01-20T01:45:23.192+0000] {dag.py:3089} INFO - Sync 1 DAGs
[2026-01-20T01:45:23.209+0000] {logging_mixin.py:188} INFO - [2026-01-20T01:45:23.209+0000] {dag.py:3947} INFO - Setting next_dagrun for pipeline_one_off to None, run_after=None
[2026-01-20T01:45:23.233+0000] {processor.py:183} INFO - Processing /opt/airflow/dags/pipeline_one_off.py took 0.118 seconds
[2026-01-20T01:45:53.540+0000] {processor.py:161} INFO - Started process (PID=18317) to work on /opt/airflow/dags/pipeline_one_off.py
[2026-01-20T01:45:53.542+0000] {processor.py:830} INFO - Processing file /opt/airflow/dags/pipeline_one_off.py for tasks to queue
[2026-01-20T01:45:53.543+0000] {logging_mixin.py:188} INFO - [2026-01-20T01:45:53.543+0000] {dagbag.py:545} INFO - Filling up the DagBag from /opt/airflow/dags/pipeline_one_off.py
[2026-01-20T01:45:53.565+0000] {processor.py:840} INFO - DAG(s) 'pipeline_one_off' retrieved from /opt/airflow/dags/pipeline_one_off.py
[2026-01-20T01:45:53.598+0000] {logging_mixin.py:188} INFO - [2026-01-20T01:45:53.598+0000] {dag.py:3089} INFO - Sync 1 DAGs
[2026-01-20T01:45:53.612+0000] {logging_mixin.py:188} INFO - [2026-01-20T01:45:53.612+0000] {dag.py:3947} INFO - Setting next_dagrun for pipeline_one_off to None, run_after=None
[2026-01-20T01:45:53.633+0000] {processor.py:183} INFO - Processing /opt/airflow/dags/pipeline_one_off.py took 0.099 seconds
[2026-01-20T01:46:23.935+0000] {processor.py:161} INFO - Started process (PID=18327) to work on /opt/airflow/dags/pipeline_one_off.py
[2026-01-20T01:46:23.936+0000] {processor.py:830} INFO - Processing file /opt/airflow/dags/pipeline_one_off.py for tasks to queue
[2026-01-20T01:46:23.939+0000] {logging_mixin.py:188} INFO - [2026-01-20T01:46:23.938+0000] {dagbag.py:545} INFO - Filling up the DagBag from /opt/airflow/dags/pipeline_one_off.py
[2026-01-20T01:46:23.963+0000] {processor.py:840} INFO - DAG(s) 'pipeline_one_off' retrieved from /opt/airflow/dags/pipeline_one_off.py
[2026-01-20T01:46:24.006+0000] {logging_mixin.py:188} INFO - [2026-01-20T01:46:24.006+0000] {dag.py:3089} INFO - Sync 1 DAGs
[2026-01-20T01:46:24.021+0000] {logging_mixin.py:188} INFO - [2026-01-20T01:46:24.020+0000] {dag.py:3947} INFO - Setting next_dagrun for pipeline_one_off to None, run_after=None
[2026-01-20T01:46:24.043+0000] {processor.py:183} INFO - Processing /opt/airflow/dags/pipeline_one_off.py took 0.115 seconds
[2026-01-20T01:46:54.373+0000] {processor.py:161} INFO - Started process (PID=18337) to work on /opt/airflow/dags/pipeline_one_off.py
[2026-01-20T01:46:54.374+0000] {processor.py:830} INFO - Processing file /opt/airflow/dags/pipeline_one_off.py for tasks to queue
[2026-01-20T01:46:54.377+0000] {logging_mixin.py:188} INFO - [2026-01-20T01:46:54.377+0000] {dagbag.py:545} INFO - Filling up the DagBag from /opt/airflow/dags/pipeline_one_off.py
[2026-01-20T01:46:54.401+0000] {processor.py:840} INFO - DAG(s) 'pipeline_one_off' retrieved from /opt/airflow/dags/pipeline_one_off.py
[2026-01-20T01:46:54.441+0000] {logging_mixin.py:188} INFO - [2026-01-20T01:46:54.441+0000] {dag.py:3089} INFO - Sync 1 DAGs
[2026-01-20T01:46:54.456+0000] {logging_mixin.py:188} INFO - [2026-01-20T01:46:54.456+0000] {dag.py:3947} INFO - Setting next_dagrun for pipeline_one_off to None, run_after=None
[2026-01-20T01:46:54.481+0000] {processor.py:183} INFO - Processing /opt/airflow/dags/pipeline_one_off.py took 0.116 seconds
[2026-01-20T01:47:24.795+0000] {processor.py:161} INFO - Started process (PID=18347) to work on /opt/airflow/dags/pipeline_one_off.py
[2026-01-20T01:47:24.796+0000] {processor.py:830} INFO - Processing file /opt/airflow/dags/pipeline_one_off.py for tasks to queue
[2026-01-20T01:47:24.799+0000] {logging_mixin.py:188} INFO - [2026-01-20T01:47:24.798+0000] {dagbag.py:545} INFO - Filling up the DagBag from /opt/airflow/dags/pipeline_one_off.py
[2026-01-20T01:47:24.823+0000] {processor.py:840} INFO - DAG(s) 'pipeline_one_off' retrieved from /opt/airflow/dags/pipeline_one_off.py
[2026-01-20T01:47:24.862+0000] {logging_mixin.py:188} INFO - [2026-01-20T01:47:24.862+0000] {dag.py:3089} INFO - Sync 1 DAGs
[2026-01-20T01:47:24.877+0000] {logging_mixin.py:188} INFO - [2026-01-20T01:47:24.876+0000] {dag.py:3947} INFO - Setting next_dagrun for pipeline_one_off to None, run_after=None
[2026-01-20T01:47:24.899+0000] {processor.py:183} INFO - Processing /opt/airflow/dags/pipeline_one_off.py took 0.113 seconds
[2026-01-20T01:47:55.213+0000] {processor.py:161} INFO - Started process (PID=18357) to work on /opt/airflow/dags/pipeline_one_off.py
[2026-01-20T01:47:55.214+0000] {processor.py:830} INFO - Processing file /opt/airflow/dags/pipeline_one_off.py for tasks to queue
[2026-01-20T01:47:55.217+0000] {logging_mixin.py:188} INFO - [2026-01-20T01:47:55.217+0000] {dagbag.py:545} INFO - Filling up the DagBag from /opt/airflow/dags/pipeline_one_off.py
[2026-01-20T01:47:55.241+0000] {processor.py:840} INFO - DAG(s) 'pipeline_one_off' retrieved from /opt/airflow/dags/pipeline_one_off.py
[2026-01-20T01:47:55.281+0000] {logging_mixin.py:188} INFO - [2026-01-20T01:47:55.280+0000] {dag.py:3089} INFO - Sync 1 DAGs
[2026-01-20T01:47:55.294+0000] {logging_mixin.py:188} INFO - [2026-01-20T01:47:55.294+0000] {dag.py:3947} INFO - Setting next_dagrun for pipeline_one_off to None, run_after=None
[2026-01-20T01:47:55.315+0000] {processor.py:183} INFO - Processing /opt/airflow/dags/pipeline_one_off.py took 0.109 seconds
[2026-01-20T01:48:25.621+0000] {processor.py:161} INFO - Started process (PID=18367) to work on /opt/airflow/dags/pipeline_one_off.py
[2026-01-20T01:48:25.622+0000] {processor.py:830} INFO - Processing file /opt/airflow/dags/pipeline_one_off.py for tasks to queue
[2026-01-20T01:48:25.625+0000] {logging_mixin.py:188} INFO - [2026-01-20T01:48:25.624+0000] {dagbag.py:545} INFO - Filling up the DagBag from /opt/airflow/dags/pipeline_one_off.py
[2026-01-20T01:48:25.649+0000] {processor.py:840} INFO - DAG(s) 'pipeline_one_off' retrieved from /opt/airflow/dags/pipeline_one_off.py
[2026-01-20T01:48:25.688+0000] {logging_mixin.py:188} INFO - [2026-01-20T01:48:25.688+0000] {dag.py:3089} INFO - Sync 1 DAGs
[2026-01-20T01:48:25.703+0000] {logging_mixin.py:188} INFO - [2026-01-20T01:48:25.703+0000] {dag.py:3947} INFO - Setting next_dagrun for pipeline_one_off to None, run_after=None
[2026-01-20T01:48:25.728+0000] {processor.py:183} INFO - Processing /opt/airflow/dags/pipeline_one_off.py took 0.116 seconds
[2026-01-20T01:48:56.088+0000] {processor.py:161} INFO - Started process (PID=18377) to work on /opt/airflow/dags/pipeline_one_off.py
[2026-01-20T01:48:56.090+0000] {processor.py:830} INFO - Processing file /opt/airflow/dags/pipeline_one_off.py for tasks to queue
[2026-01-20T01:48:56.093+0000] {logging_mixin.py:188} INFO - [2026-01-20T01:48:56.092+0000] {dagbag.py:545} INFO - Filling up the DagBag from /opt/airflow/dags/pipeline_one_off.py
[2026-01-20T01:48:56.118+0000] {processor.py:840} INFO - DAG(s) 'pipeline_one_off' retrieved from /opt/airflow/dags/pipeline_one_off.py
[2026-01-20T01:48:56.159+0000] {logging_mixin.py:188} INFO - [2026-01-20T01:48:56.158+0000] {dag.py:3089} INFO - Sync 1 DAGs
[2026-01-20T01:48:56.172+0000] {logging_mixin.py:188} INFO - [2026-01-20T01:48:56.172+0000] {dag.py:3947} INFO - Setting next_dagrun for pipeline_one_off to None, run_after=None
[2026-01-20T01:48:56.197+0000] {processor.py:183} INFO - Processing /opt/airflow/dags/pipeline_one_off.py took 0.116 seconds
[2026-01-20T01:49:26.496+0000] {processor.py:161} INFO - Started process (PID=18387) to work on /opt/airflow/dags/pipeline_one_off.py
[2026-01-20T01:49:26.497+0000] {processor.py:830} INFO - Processing file /opt/airflow/dags/pipeline_one_off.py for tasks to queue
[2026-01-20T01:49:26.501+0000] {logging_mixin.py:188} INFO - [2026-01-20T01:49:26.500+0000] {dagbag.py:545} INFO - Filling up the DagBag from /opt/airflow/dags/pipeline_one_off.py
[2026-01-20T01:49:26.525+0000] {processor.py:840} INFO - DAG(s) 'pipeline_one_off' retrieved from /opt/airflow/dags/pipeline_one_off.py
[2026-01-20T01:49:26.563+0000] {logging_mixin.py:188} INFO - [2026-01-20T01:49:26.563+0000] {dag.py:3089} INFO - Sync 1 DAGs
[2026-01-20T01:49:26.578+0000] {logging_mixin.py:188} INFO - [2026-01-20T01:49:26.578+0000] {dag.py:3947} INFO - Setting next_dagrun for pipeline_one_off to None, run_after=None
[2026-01-20T01:49:26.600+0000] {processor.py:183} INFO - Processing /opt/airflow/dags/pipeline_one_off.py took 0.112 seconds
[2026-01-20T01:49:56.912+0000] {processor.py:161} INFO - Started process (PID=18397) to work on /opt/airflow/dags/pipeline_one_off.py
[2026-01-20T01:49:56.914+0000] {processor.py:830} INFO - Processing file /opt/airflow/dags/pipeline_one_off.py for tasks to queue
[2026-01-20T01:49:56.916+0000] {logging_mixin.py:188} INFO - [2026-01-20T01:49:56.916+0000] {dagbag.py:545} INFO - Filling up the DagBag from /opt/airflow/dags/pipeline_one_off.py
[2026-01-20T01:49:56.941+0000] {processor.py:840} INFO - DAG(s) 'pipeline_one_off' retrieved from /opt/airflow/dags/pipeline_one_off.py
[2026-01-20T01:49:56.980+0000] {logging_mixin.py:188} INFO - [2026-01-20T01:49:56.980+0000] {dag.py:3089} INFO - Sync 1 DAGs
[2026-01-20T01:49:56.995+0000] {logging_mixin.py:188} INFO - [2026-01-20T01:49:56.995+0000] {dag.py:3947} INFO - Setting next_dagrun for pipeline_one_off to None, run_after=None
[2026-01-20T01:49:57.020+0000] {processor.py:183} INFO - Processing /opt/airflow/dags/pipeline_one_off.py took 0.116 seconds
[2026-01-20T01:50:27.328+0000] {processor.py:161} INFO - Started process (PID=18407) to work on /opt/airflow/dags/pipeline_one_off.py
[2026-01-20T01:50:27.330+0000] {processor.py:830} INFO - Processing file /opt/airflow/dags/pipeline_one_off.py for tasks to queue
[2026-01-20T01:50:27.333+0000] {logging_mixin.py:188} INFO - [2026-01-20T01:50:27.332+0000] {dagbag.py:545} INFO - Filling up the DagBag from /opt/airflow/dags/pipeline_one_off.py
[2026-01-20T01:50:27.358+0000] {processor.py:840} INFO - DAG(s) 'pipeline_one_off' retrieved from /opt/airflow/dags/pipeline_one_off.py
[2026-01-20T01:50:27.399+0000] {logging_mixin.py:188} INFO - [2026-01-20T01:50:27.399+0000] {dag.py:3089} INFO - Sync 1 DAGs
[2026-01-20T01:50:27.414+0000] {logging_mixin.py:188} INFO - [2026-01-20T01:50:27.414+0000] {dag.py:3947} INFO - Setting next_dagrun for pipeline_one_off to None, run_after=None
[2026-01-20T01:50:27.437+0000] {processor.py:183} INFO - Processing /opt/airflow/dags/pipeline_one_off.py took 0.116 seconds
[2026-01-20T01:50:57.761+0000] {processor.py:161} INFO - Started process (PID=18417) to work on /opt/airflow/dags/pipeline_one_off.py
[2026-01-20T01:50:57.763+0000] {processor.py:830} INFO - Processing file /opt/airflow/dags/pipeline_one_off.py for tasks to queue
[2026-01-20T01:50:57.765+0000] {logging_mixin.py:188} INFO - [2026-01-20T01:50:57.765+0000] {dagbag.py:545} INFO - Filling up the DagBag from /opt/airflow/dags/pipeline_one_off.py
[2026-01-20T01:50:57.789+0000] {processor.py:840} INFO - DAG(s) 'pipeline_one_off' retrieved from /opt/airflow/dags/pipeline_one_off.py
[2026-01-20T01:50:57.829+0000] {logging_mixin.py:188} INFO - [2026-01-20T01:50:57.829+0000] {dag.py:3089} INFO - Sync 1 DAGs
[2026-01-20T01:50:57.843+0000] {logging_mixin.py:188} INFO - [2026-01-20T01:50:57.843+0000] {dag.py:3947} INFO - Setting next_dagrun for pipeline_one_off to None, run_after=None
[2026-01-20T01:50:57.864+0000] {processor.py:183} INFO - Processing /opt/airflow/dags/pipeline_one_off.py took 0.111 seconds
[2026-01-20T01:51:28.164+0000] {processor.py:161} INFO - Started process (PID=18427) to work on /opt/airflow/dags/pipeline_one_off.py
[2026-01-20T01:51:28.166+0000] {processor.py:830} INFO - Processing file /opt/airflow/dags/pipeline_one_off.py for tasks to queue
[2026-01-20T01:51:28.168+0000] {logging_mixin.py:188} INFO - [2026-01-20T01:51:28.168+0000] {dagbag.py:545} INFO - Filling up the DagBag from /opt/airflow/dags/pipeline_one_off.py
[2026-01-20T01:51:28.193+0000] {processor.py:840} INFO - DAG(s) 'pipeline_one_off' retrieved from /opt/airflow/dags/pipeline_one_off.py
[2026-01-20T01:51:28.235+0000] {logging_mixin.py:188} INFO - [2026-01-20T01:51:28.234+0000] {dag.py:3089} INFO - Sync 1 DAGs
[2026-01-20T01:51:28.249+0000] {logging_mixin.py:188} INFO - [2026-01-20T01:51:28.248+0000] {dag.py:3947} INFO - Setting next_dagrun for pipeline_one_off to None, run_after=None
[2026-01-20T01:51:28.271+0000] {processor.py:183} INFO - Processing /opt/airflow/dags/pipeline_one_off.py took 0.115 seconds
[2026-01-20T01:51:58.581+0000] {processor.py:161} INFO - Started process (PID=18437) to work on /opt/airflow/dags/pipeline_one_off.py
[2026-01-20T01:51:58.582+0000] {processor.py:830} INFO - Processing file /opt/airflow/dags/pipeline_one_off.py for tasks to queue
[2026-01-20T01:51:58.584+0000] {logging_mixin.py:188} INFO - [2026-01-20T01:51:58.584+0000] {dagbag.py:545} INFO - Filling up the DagBag from /opt/airflow/dags/pipeline_one_off.py
[2026-01-20T01:51:58.608+0000] {processor.py:840} INFO - DAG(s) 'pipeline_one_off' retrieved from /opt/airflow/dags/pipeline_one_off.py
[2026-01-20T01:51:58.648+0000] {logging_mixin.py:188} INFO - [2026-01-20T01:51:58.648+0000] {dag.py:3089} INFO - Sync 1 DAGs
[2026-01-20T01:51:58.663+0000] {logging_mixin.py:188} INFO - [2026-01-20T01:51:58.663+0000] {dag.py:3947} INFO - Setting next_dagrun for pipeline_one_off to None, run_after=None
[2026-01-20T01:51:58.687+0000] {processor.py:183} INFO - Processing /opt/airflow/dags/pipeline_one_off.py took 0.115 seconds
[2026-01-20T01:52:29.004+0000] {processor.py:161} INFO - Started process (PID=18447) to work on /opt/airflow/dags/pipeline_one_off.py
[2026-01-20T01:52:29.005+0000] {processor.py:830} INFO - Processing file /opt/airflow/dags/pipeline_one_off.py for tasks to queue
[2026-01-20T01:52:29.008+0000] {logging_mixin.py:188} INFO - [2026-01-20T01:52:29.007+0000] {dagbag.py:545} INFO - Filling up the DagBag from /opt/airflow/dags/pipeline_one_off.py
[2026-01-20T01:52:29.032+0000] {processor.py:840} INFO - DAG(s) 'pipeline_one_off' retrieved from /opt/airflow/dags/pipeline_one_off.py
[2026-01-20T01:52:29.073+0000] {logging_mixin.py:188} INFO - [2026-01-20T01:52:29.073+0000] {dag.py:3089} INFO - Sync 1 DAGs
[2026-01-20T01:52:29.087+0000] {logging_mixin.py:188} INFO - [2026-01-20T01:52:29.087+0000] {dag.py:3947} INFO - Setting next_dagrun for pipeline_one_off to None, run_after=None
[2026-01-20T01:52:29.110+0000] {processor.py:183} INFO - Processing /opt/airflow/dags/pipeline_one_off.py took 0.113 seconds
[2026-01-20T01:52:59.427+0000] {processor.py:161} INFO - Started process (PID=18457) to work on /opt/airflow/dags/pipeline_one_off.py
[2026-01-20T01:52:59.429+0000] {processor.py:830} INFO - Processing file /opt/airflow/dags/pipeline_one_off.py for tasks to queue
[2026-01-20T01:52:59.431+0000] {logging_mixin.py:188} INFO - [2026-01-20T01:52:59.431+0000] {dagbag.py:545} INFO - Filling up the DagBag from /opt/airflow/dags/pipeline_one_off.py
[2026-01-20T01:52:59.456+0000] {processor.py:840} INFO - DAG(s) 'pipeline_one_off' retrieved from /opt/airflow/dags/pipeline_one_off.py
[2026-01-20T01:52:59.495+0000] {logging_mixin.py:188} INFO - [2026-01-20T01:52:59.494+0000] {dag.py:3089} INFO - Sync 1 DAGs
[2026-01-20T01:52:59.509+0000] {logging_mixin.py:188} INFO - [2026-01-20T01:52:59.509+0000] {dag.py:3947} INFO - Setting next_dagrun for pipeline_one_off to None, run_after=None
[2026-01-20T01:52:59.532+0000] {processor.py:183} INFO - Processing /opt/airflow/dags/pipeline_one_off.py took 0.111 seconds
[2026-01-20T01:53:29.835+0000] {processor.py:161} INFO - Started process (PID=18467) to work on /opt/airflow/dags/pipeline_one_off.py
[2026-01-20T01:53:29.837+0000] {processor.py:830} INFO - Processing file /opt/airflow/dags/pipeline_one_off.py for tasks to queue
[2026-01-20T01:53:29.839+0000] {logging_mixin.py:188} INFO - [2026-01-20T01:53:29.839+0000] {dagbag.py:545} INFO - Filling up the DagBag from /opt/airflow/dags/pipeline_one_off.py
[2026-01-20T01:53:29.864+0000] {processor.py:840} INFO - DAG(s) 'pipeline_one_off' retrieved from /opt/airflow/dags/pipeline_one_off.py
[2026-01-20T01:53:29.903+0000] {logging_mixin.py:188} INFO - [2026-01-20T01:53:29.903+0000] {dag.py:3089} INFO - Sync 1 DAGs
[2026-01-20T01:53:29.918+0000] {logging_mixin.py:188} INFO - [2026-01-20T01:53:29.918+0000] {dag.py:3947} INFO - Setting next_dagrun for pipeline_one_off to None, run_after=None
[2026-01-20T01:53:29.942+0000] {processor.py:183} INFO - Processing /opt/airflow/dags/pipeline_one_off.py took 0.115 seconds
[2026-01-20T01:54:00.292+0000] {processor.py:161} INFO - Started process (PID=18477) to work on /opt/airflow/dags/pipeline_one_off.py
[2026-01-20T01:54:00.293+0000] {processor.py:830} INFO - Processing file /opt/airflow/dags/pipeline_one_off.py for tasks to queue
[2026-01-20T01:54:00.297+0000] {logging_mixin.py:188} INFO - [2026-01-20T01:54:00.297+0000] {dagbag.py:545} INFO - Filling up the DagBag from /opt/airflow/dags/pipeline_one_off.py
[2026-01-20T01:54:00.321+0000] {processor.py:840} INFO - DAG(s) 'pipeline_one_off' retrieved from /opt/airflow/dags/pipeline_one_off.py
[2026-01-20T01:54:00.360+0000] {logging_mixin.py:188} INFO - [2026-01-20T01:54:00.359+0000] {dag.py:3089} INFO - Sync 1 DAGs
[2026-01-20T01:54:00.375+0000] {logging_mixin.py:188} INFO - [2026-01-20T01:54:00.374+0000] {dag.py:3947} INFO - Setting next_dagrun for pipeline_one_off to None, run_after=None
[2026-01-20T01:54:00.396+0000] {processor.py:183} INFO - Processing /opt/airflow/dags/pipeline_one_off.py took 0.113 seconds
[2026-01-20T01:54:30.707+0000] {processor.py:161} INFO - Started process (PID=18487) to work on /opt/airflow/dags/pipeline_one_off.py
[2026-01-20T01:54:30.708+0000] {processor.py:830} INFO - Processing file /opt/airflow/dags/pipeline_one_off.py for tasks to queue
[2026-01-20T01:54:30.712+0000] {logging_mixin.py:188} INFO - [2026-01-20T01:54:30.712+0000] {dagbag.py:545} INFO - Filling up the DagBag from /opt/airflow/dags/pipeline_one_off.py
[2026-01-20T01:54:30.737+0000] {processor.py:840} INFO - DAG(s) 'pipeline_one_off' retrieved from /opt/airflow/dags/pipeline_one_off.py
[2026-01-20T01:54:30.778+0000] {logging_mixin.py:188} INFO - [2026-01-20T01:54:30.778+0000] {dag.py:3089} INFO - Sync 1 DAGs
[2026-01-20T01:54:30.793+0000] {logging_mixin.py:188} INFO - [2026-01-20T01:54:30.793+0000] {dag.py:3947} INFO - Setting next_dagrun for pipeline_one_off to None, run_after=None
[2026-01-20T01:54:30.818+0000] {processor.py:183} INFO - Processing /opt/airflow/dags/pipeline_one_off.py took 0.118 seconds
[2026-01-20T01:55:01.135+0000] {processor.py:161} INFO - Started process (PID=18497) to work on /opt/airflow/dags/pipeline_one_off.py
[2026-01-20T01:55:01.136+0000] {processor.py:830} INFO - Processing file /opt/airflow/dags/pipeline_one_off.py for tasks to queue
[2026-01-20T01:55:01.139+0000] {logging_mixin.py:188} INFO - [2026-01-20T01:55:01.139+0000] {dagbag.py:545} INFO - Filling up the DagBag from /opt/airflow/dags/pipeline_one_off.py
[2026-01-20T01:55:01.162+0000] {processor.py:840} INFO - DAG(s) 'pipeline_one_off' retrieved from /opt/airflow/dags/pipeline_one_off.py
[2026-01-20T01:55:01.202+0000] {logging_mixin.py:188} INFO - [2026-01-20T01:55:01.202+0000] {dag.py:3089} INFO - Sync 1 DAGs
[2026-01-20T01:55:01.218+0000] {logging_mixin.py:188} INFO - [2026-01-20T01:55:01.218+0000] {dag.py:3947} INFO - Setting next_dagrun for pipeline_one_off to None, run_after=None
[2026-01-20T01:55:01.240+0000] {processor.py:183} INFO - Processing /opt/airflow/dags/pipeline_one_off.py took 0.114 seconds
[2026-01-20T01:55:31.554+0000] {processor.py:161} INFO - Started process (PID=18507) to work on /opt/airflow/dags/pipeline_one_off.py
[2026-01-20T01:55:31.556+0000] {processor.py:830} INFO - Processing file /opt/airflow/dags/pipeline_one_off.py for tasks to queue
[2026-01-20T01:55:31.558+0000] {logging_mixin.py:188} INFO - [2026-01-20T01:55:31.558+0000] {dagbag.py:545} INFO - Filling up the DagBag from /opt/airflow/dags/pipeline_one_off.py
[2026-01-20T01:55:31.587+0000] {processor.py:840} INFO - DAG(s) 'pipeline_one_off' retrieved from /opt/airflow/dags/pipeline_one_off.py
[2026-01-20T01:55:31.628+0000] {logging_mixin.py:188} INFO - [2026-01-20T01:55:31.628+0000] {dag.py:3089} INFO - Sync 1 DAGs
[2026-01-20T01:55:31.644+0000] {logging_mixin.py:188} INFO - [2026-01-20T01:55:31.643+0000] {dag.py:3947} INFO - Setting next_dagrun for pipeline_one_off to None, run_after=None
[2026-01-20T01:55:31.668+0000] {processor.py:183} INFO - Processing /opt/airflow/dags/pipeline_one_off.py took 0.121 seconds
[2026-01-20T01:56:01.984+0000] {processor.py:161} INFO - Started process (PID=18517) to work on /opt/airflow/dags/pipeline_one_off.py
[2026-01-20T01:56:01.985+0000] {processor.py:830} INFO - Processing file /opt/airflow/dags/pipeline_one_off.py for tasks to queue
[2026-01-20T01:56:01.988+0000] {logging_mixin.py:188} INFO - [2026-01-20T01:56:01.987+0000] {dagbag.py:545} INFO - Filling up the DagBag from /opt/airflow/dags/pipeline_one_off.py
[2026-01-20T01:56:02.013+0000] {processor.py:840} INFO - DAG(s) 'pipeline_one_off' retrieved from /opt/airflow/dags/pipeline_one_off.py
[2026-01-20T01:56:02.053+0000] {logging_mixin.py:188} INFO - [2026-01-20T01:56:02.053+0000] {dag.py:3089} INFO - Sync 1 DAGs
[2026-01-20T01:56:02.067+0000] {logging_mixin.py:188} INFO - [2026-01-20T01:56:02.066+0000] {dag.py:3947} INFO - Setting next_dagrun for pipeline_one_off to None, run_after=None
[2026-01-20T01:56:02.088+0000] {processor.py:183} INFO - Processing /opt/airflow/dags/pipeline_one_off.py took 0.111 seconds
[2026-01-20T01:56:32.399+0000] {processor.py:161} INFO - Started process (PID=18527) to work on /opt/airflow/dags/pipeline_one_off.py
[2026-01-20T01:56:32.401+0000] {processor.py:830} INFO - Processing file /opt/airflow/dags/pipeline_one_off.py for tasks to queue
[2026-01-20T01:56:32.404+0000] {logging_mixin.py:188} INFO - [2026-01-20T01:56:32.403+0000] {dagbag.py:545} INFO - Filling up the DagBag from /opt/airflow/dags/pipeline_one_off.py
[2026-01-20T01:56:32.429+0000] {processor.py:840} INFO - DAG(s) 'pipeline_one_off' retrieved from /opt/airflow/dags/pipeline_one_off.py
[2026-01-20T01:56:32.471+0000] {logging_mixin.py:188} INFO - [2026-01-20T01:56:32.471+0000] {dag.py:3089} INFO - Sync 1 DAGs
[2026-01-20T01:56:32.487+0000] {logging_mixin.py:188} INFO - [2026-01-20T01:56:32.486+0000] {dag.py:3947} INFO - Setting next_dagrun for pipeline_one_off to None, run_after=None
[2026-01-20T01:56:32.513+0000] {processor.py:183} INFO - Processing /opt/airflow/dags/pipeline_one_off.py took 0.122 seconds
[2026-01-20T01:57:02.825+0000] {processor.py:161} INFO - Started process (PID=18537) to work on /opt/airflow/dags/pipeline_one_off.py
[2026-01-20T01:57:02.827+0000] {processor.py:830} INFO - Processing file /opt/airflow/dags/pipeline_one_off.py for tasks to queue
[2026-01-20T01:57:02.830+0000] {logging_mixin.py:188} INFO - [2026-01-20T01:57:02.829+0000] {dagbag.py:545} INFO - Filling up the DagBag from /opt/airflow/dags/pipeline_one_off.py
[2026-01-20T01:57:02.854+0000] {processor.py:840} INFO - DAG(s) 'pipeline_one_off' retrieved from /opt/airflow/dags/pipeline_one_off.py
[2026-01-20T01:57:02.895+0000] {logging_mixin.py:188} INFO - [2026-01-20T01:57:02.895+0000] {dag.py:3089} INFO - Sync 1 DAGs
[2026-01-20T01:57:02.910+0000] {logging_mixin.py:188} INFO - [2026-01-20T01:57:02.910+0000] {dag.py:3947} INFO - Setting next_dagrun for pipeline_one_off to None, run_after=None
[2026-01-20T01:57:02.932+0000] {processor.py:183} INFO - Processing /opt/airflow/dags/pipeline_one_off.py took 0.116 seconds
[2026-01-20T01:57:33.242+0000] {processor.py:161} INFO - Started process (PID=18547) to work on /opt/airflow/dags/pipeline_one_off.py
[2026-01-20T01:57:33.243+0000] {processor.py:830} INFO - Processing file /opt/airflow/dags/pipeline_one_off.py for tasks to queue
[2026-01-20T01:57:33.246+0000] {logging_mixin.py:188} INFO - [2026-01-20T01:57:33.245+0000] {dagbag.py:545} INFO - Filling up the DagBag from /opt/airflow/dags/pipeline_one_off.py
[2026-01-20T01:57:33.270+0000] {processor.py:840} INFO - DAG(s) 'pipeline_one_off' retrieved from /opt/airflow/dags/pipeline_one_off.py
[2026-01-20T01:57:33.304+0000] {logging_mixin.py:188} INFO - [2026-01-20T01:57:33.304+0000] {dag.py:3089} INFO - Sync 1 DAGs
[2026-01-20T01:57:33.317+0000] {logging_mixin.py:188} INFO - [2026-01-20T01:57:33.317+0000] {dag.py:3947} INFO - Setting next_dagrun for pipeline_one_off to None, run_after=None
[2026-01-20T01:57:33.340+0000] {processor.py:183} INFO - Processing /opt/airflow/dags/pipeline_one_off.py took 0.105 seconds
[2026-01-20T01:58:03.666+0000] {processor.py:161} INFO - Started process (PID=18557) to work on /opt/airflow/dags/pipeline_one_off.py
[2026-01-20T01:58:03.668+0000] {processor.py:830} INFO - Processing file /opt/airflow/dags/pipeline_one_off.py for tasks to queue
[2026-01-20T01:58:03.670+0000] {logging_mixin.py:188} INFO - [2026-01-20T01:58:03.670+0000] {dagbag.py:545} INFO - Filling up the DagBag from /opt/airflow/dags/pipeline_one_off.py
[2026-01-20T01:58:03.695+0000] {processor.py:840} INFO - DAG(s) 'pipeline_one_off' retrieved from /opt/airflow/dags/pipeline_one_off.py
[2026-01-20T01:58:03.734+0000] {logging_mixin.py:188} INFO - [2026-01-20T01:58:03.733+0000] {dag.py:3089} INFO - Sync 1 DAGs
[2026-01-20T01:58:03.749+0000] {logging_mixin.py:188} INFO - [2026-01-20T01:58:03.749+0000] {dag.py:3947} INFO - Setting next_dagrun for pipeline_one_off to None, run_after=None
[2026-01-20T01:58:03.774+0000] {processor.py:183} INFO - Processing /opt/airflow/dags/pipeline_one_off.py took 0.115 seconds
[2026-01-20T01:58:34.088+0000] {processor.py:161} INFO - Started process (PID=18567) to work on /opt/airflow/dags/pipeline_one_off.py
[2026-01-20T01:58:34.090+0000] {processor.py:830} INFO - Processing file /opt/airflow/dags/pipeline_one_off.py for tasks to queue
[2026-01-20T01:58:34.092+0000] {logging_mixin.py:188} INFO - [2026-01-20T01:58:34.092+0000] {dagbag.py:545} INFO - Filling up the DagBag from /opt/airflow/dags/pipeline_one_off.py
[2026-01-20T01:58:34.117+0000] {processor.py:840} INFO - DAG(s) 'pipeline_one_off' retrieved from /opt/airflow/dags/pipeline_one_off.py
[2026-01-20T01:58:34.157+0000] {logging_mixin.py:188} INFO - [2026-01-20T01:58:34.157+0000] {dag.py:3089} INFO - Sync 1 DAGs
[2026-01-20T01:58:34.172+0000] {logging_mixin.py:188} INFO - [2026-01-20T01:58:34.172+0000] {dag.py:3947} INFO - Setting next_dagrun for pipeline_one_off to None, run_after=None
[2026-01-20T01:58:34.196+0000] {processor.py:183} INFO - Processing /opt/airflow/dags/pipeline_one_off.py took 0.116 seconds
[2026-01-20T01:59:04.549+0000] {processor.py:161} INFO - Started process (PID=18577) to work on /opt/airflow/dags/pipeline_one_off.py
[2026-01-20T01:59:04.551+0000] {processor.py:830} INFO - Processing file /opt/airflow/dags/pipeline_one_off.py for tasks to queue
[2026-01-20T01:59:04.553+0000] {logging_mixin.py:188} INFO - [2026-01-20T01:59:04.553+0000] {dagbag.py:545} INFO - Filling up the DagBag from /opt/airflow/dags/pipeline_one_off.py
[2026-01-20T01:59:04.577+0000] {processor.py:840} INFO - DAG(s) 'pipeline_one_off' retrieved from /opt/airflow/dags/pipeline_one_off.py
[2026-01-20T01:59:04.617+0000] {logging_mixin.py:188} INFO - [2026-01-20T01:59:04.617+0000] {dag.py:3089} INFO - Sync 1 DAGs
[2026-01-20T01:59:04.632+0000] {logging_mixin.py:188} INFO - [2026-01-20T01:59:04.631+0000] {dag.py:3947} INFO - Setting next_dagrun for pipeline_one_off to None, run_after=None
[2026-01-20T01:59:04.653+0000] {processor.py:183} INFO - Processing /opt/airflow/dags/pipeline_one_off.py took 0.113 seconds
[2026-01-20T01:59:34.966+0000] {processor.py:161} INFO - Started process (PID=18587) to work on /opt/airflow/dags/pipeline_one_off.py
[2026-01-20T01:59:34.967+0000] {processor.py:830} INFO - Processing file /opt/airflow/dags/pipeline_one_off.py for tasks to queue
[2026-01-20T01:59:34.971+0000] {logging_mixin.py:188} INFO - [2026-01-20T01:59:34.970+0000] {dagbag.py:545} INFO - Filling up the DagBag from /opt/airflow/dags/pipeline_one_off.py
[2026-01-20T01:59:34.995+0000] {processor.py:840} INFO - DAG(s) 'pipeline_one_off' retrieved from /opt/airflow/dags/pipeline_one_off.py
[2026-01-20T01:59:35.035+0000] {logging_mixin.py:188} INFO - [2026-01-20T01:59:35.034+0000] {dag.py:3089} INFO - Sync 1 DAGs
[2026-01-20T01:59:35.049+0000] {logging_mixin.py:188} INFO - [2026-01-20T01:59:35.049+0000] {dag.py:3947} INFO - Setting next_dagrun for pipeline_one_off to None, run_after=None
[2026-01-20T01:59:35.071+0000] {processor.py:183} INFO - Processing /opt/airflow/dags/pipeline_one_off.py took 0.113 seconds
[2026-01-20T02:00:05.388+0000] {processor.py:161} INFO - Started process (PID=18600) to work on /opt/airflow/dags/pipeline_one_off.py
[2026-01-20T02:00:05.390+0000] {processor.py:830} INFO - Processing file /opt/airflow/dags/pipeline_one_off.py for tasks to queue
[2026-01-20T02:00:05.393+0000] {logging_mixin.py:188} INFO - [2026-01-20T02:00:05.392+0000] {dagbag.py:545} INFO - Filling up the DagBag from /opt/airflow/dags/pipeline_one_off.py
[2026-01-20T02:00:05.419+0000] {processor.py:840} INFO - DAG(s) 'pipeline_one_off' retrieved from /opt/airflow/dags/pipeline_one_off.py
[2026-01-20T02:00:05.460+0000] {logging_mixin.py:188} INFO - [2026-01-20T02:00:05.459+0000] {dag.py:3089} INFO - Sync 1 DAGs
[2026-01-20T02:00:05.475+0000] {logging_mixin.py:188} INFO - [2026-01-20T02:00:05.475+0000] {dag.py:3947} INFO - Setting next_dagrun for pipeline_one_off to None, run_after=None
[2026-01-20T02:00:05.498+0000] {processor.py:183} INFO - Processing /opt/airflow/dags/pipeline_one_off.py took 0.117 seconds
[2026-01-20T02:00:35.806+0000] {processor.py:161} INFO - Started process (PID=18610) to work on /opt/airflow/dags/pipeline_one_off.py
[2026-01-20T02:00:35.807+0000] {processor.py:830} INFO - Processing file /opt/airflow/dags/pipeline_one_off.py for tasks to queue
[2026-01-20T02:00:35.809+0000] {logging_mixin.py:188} INFO - [2026-01-20T02:00:35.809+0000] {dagbag.py:545} INFO - Filling up the DagBag from /opt/airflow/dags/pipeline_one_off.py
[2026-01-20T02:00:35.833+0000] {processor.py:840} INFO - DAG(s) 'pipeline_one_off' retrieved from /opt/airflow/dags/pipeline_one_off.py
[2026-01-20T02:00:35.873+0000] {logging_mixin.py:188} INFO - [2026-01-20T02:00:35.873+0000] {dag.py:3089} INFO - Sync 1 DAGs
[2026-01-20T02:00:35.888+0000] {logging_mixin.py:188} INFO - [2026-01-20T02:00:35.888+0000] {dag.py:3947} INFO - Setting next_dagrun for pipeline_one_off to None, run_after=None
[2026-01-20T02:00:35.912+0000] {processor.py:183} INFO - Processing /opt/airflow/dags/pipeline_one_off.py took 0.113 seconds
[2026-01-20T02:01:06.223+0000] {processor.py:161} INFO - Started process (PID=18620) to work on /opt/airflow/dags/pipeline_one_off.py
[2026-01-20T02:01:06.224+0000] {processor.py:830} INFO - Processing file /opt/airflow/dags/pipeline_one_off.py for tasks to queue
[2026-01-20T02:01:06.226+0000] {logging_mixin.py:188} INFO - [2026-01-20T02:01:06.226+0000] {dagbag.py:545} INFO - Filling up the DagBag from /opt/airflow/dags/pipeline_one_off.py
[2026-01-20T02:01:06.250+0000] {processor.py:840} INFO - DAG(s) 'pipeline_one_off' retrieved from /opt/airflow/dags/pipeline_one_off.py
[2026-01-20T02:01:06.290+0000] {logging_mixin.py:188} INFO - [2026-01-20T02:01:06.290+0000] {dag.py:3089} INFO - Sync 1 DAGs
[2026-01-20T02:01:06.304+0000] {logging_mixin.py:188} INFO - [2026-01-20T02:01:06.304+0000] {dag.py:3947} INFO - Setting next_dagrun for pipeline_one_off to None, run_after=None
[2026-01-20T02:01:06.332+0000] {processor.py:183} INFO - Processing /opt/airflow/dags/pipeline_one_off.py took 0.117 seconds
[2026-01-20T02:01:36.641+0000] {processor.py:161} INFO - Started process (PID=18630) to work on /opt/airflow/dags/pipeline_one_off.py
[2026-01-20T02:01:36.643+0000] {processor.py:830} INFO - Processing file /opt/airflow/dags/pipeline_one_off.py for tasks to queue
[2026-01-20T02:01:36.646+0000] {logging_mixin.py:188} INFO - [2026-01-20T02:01:36.646+0000] {dagbag.py:545} INFO - Filling up the DagBag from /opt/airflow/dags/pipeline_one_off.py
[2026-01-20T02:01:36.672+0000] {processor.py:840} INFO - DAG(s) 'pipeline_one_off' retrieved from /opt/airflow/dags/pipeline_one_off.py
[2026-01-20T02:01:36.709+0000] {logging_mixin.py:188} INFO - [2026-01-20T02:01:36.709+0000] {dag.py:3089} INFO - Sync 1 DAGs
[2026-01-20T02:01:36.724+0000] {logging_mixin.py:188} INFO - [2026-01-20T02:01:36.724+0000] {dag.py:3947} INFO - Setting next_dagrun for pipeline_one_off to None, run_after=None
[2026-01-20T02:01:36.748+0000] {processor.py:183} INFO - Processing /opt/airflow/dags/pipeline_one_off.py took 0.115 seconds
[2026-01-20T02:02:07.062+0000] {processor.py:161} INFO - Started process (PID=18640) to work on /opt/airflow/dags/pipeline_one_off.py
[2026-01-20T02:02:07.064+0000] {processor.py:830} INFO - Processing file /opt/airflow/dags/pipeline_one_off.py for tasks to queue
[2026-01-20T02:02:07.066+0000] {logging_mixin.py:188} INFO - [2026-01-20T02:02:07.066+0000] {dagbag.py:545} INFO - Filling up the DagBag from /opt/airflow/dags/pipeline_one_off.py
[2026-01-20T02:02:07.093+0000] {processor.py:840} INFO - DAG(s) 'pipeline_one_off' retrieved from /opt/airflow/dags/pipeline_one_off.py
[2026-01-20T02:02:07.131+0000] {logging_mixin.py:188} INFO - [2026-01-20T02:02:07.130+0000] {dag.py:3089} INFO - Sync 1 DAGs
[2026-01-20T02:02:07.147+0000] {logging_mixin.py:188} INFO - [2026-01-20T02:02:07.147+0000] {dag.py:3947} INFO - Setting next_dagrun for pipeline_one_off to None, run_after=None
[2026-01-20T02:02:07.171+0000] {processor.py:183} INFO - Processing /opt/airflow/dags/pipeline_one_off.py took 0.118 seconds
[2026-01-20T02:02:37.478+0000] {processor.py:161} INFO - Started process (PID=18650) to work on /opt/airflow/dags/pipeline_one_off.py
[2026-01-20T02:02:37.479+0000] {processor.py:830} INFO - Processing file /opt/airflow/dags/pipeline_one_off.py for tasks to queue
[2026-01-20T02:02:37.482+0000] {logging_mixin.py:188} INFO - [2026-01-20T02:02:37.482+0000] {dagbag.py:545} INFO - Filling up the DagBag from /opt/airflow/dags/pipeline_one_off.py
[2026-01-20T02:02:37.506+0000] {processor.py:840} INFO - DAG(s) 'pipeline_one_off' retrieved from /opt/airflow/dags/pipeline_one_off.py
[2026-01-20T02:02:37.545+0000] {logging_mixin.py:188} INFO - [2026-01-20T02:02:37.545+0000] {dag.py:3089} INFO - Sync 1 DAGs
[2026-01-20T02:02:37.560+0000] {logging_mixin.py:188} INFO - [2026-01-20T02:02:37.560+0000] {dag.py:3947} INFO - Setting next_dagrun for pipeline_one_off to None, run_after=None
[2026-01-20T02:02:37.583+0000] {processor.py:183} INFO - Processing /opt/airflow/dags/pipeline_one_off.py took 0.113 seconds
[2026-01-20T02:03:07.887+0000] {processor.py:161} INFO - Started process (PID=18660) to work on /opt/airflow/dags/pipeline_one_off.py
[2026-01-20T02:03:07.889+0000] {processor.py:830} INFO - Processing file /opt/airflow/dags/pipeline_one_off.py for tasks to queue
[2026-01-20T02:03:07.891+0000] {logging_mixin.py:188} INFO - [2026-01-20T02:03:07.891+0000] {dagbag.py:545} INFO - Filling up the DagBag from /opt/airflow/dags/pipeline_one_off.py
[2026-01-20T02:03:07.917+0000] {processor.py:840} INFO - DAG(s) 'pipeline_one_off' retrieved from /opt/airflow/dags/pipeline_one_off.py
[2026-01-20T02:03:07.960+0000] {logging_mixin.py:188} INFO - [2026-01-20T02:03:07.960+0000] {dag.py:3089} INFO - Sync 1 DAGs
[2026-01-20T02:03:07.976+0000] {logging_mixin.py:188} INFO - [2026-01-20T02:03:07.975+0000] {dag.py:3947} INFO - Setting next_dagrun for pipeline_one_off to None, run_after=None
[2026-01-20T02:03:07.997+0000] {processor.py:183} INFO - Processing /opt/airflow/dags/pipeline_one_off.py took 0.119 seconds
[2026-01-20T02:03:38.346+0000] {processor.py:161} INFO - Started process (PID=18670) to work on /opt/airflow/dags/pipeline_one_off.py
[2026-01-20T02:03:38.347+0000] {processor.py:830} INFO - Processing file /opt/airflow/dags/pipeline_one_off.py for tasks to queue
[2026-01-20T02:03:38.351+0000] {logging_mixin.py:188} INFO - [2026-01-20T02:03:38.351+0000] {dagbag.py:545} INFO - Filling up the DagBag from /opt/airflow/dags/pipeline_one_off.py
[2026-01-20T02:03:38.377+0000] {processor.py:840} INFO - DAG(s) 'pipeline_one_off' retrieved from /opt/airflow/dags/pipeline_one_off.py
[2026-01-20T02:03:38.419+0000] {logging_mixin.py:188} INFO - [2026-01-20T02:03:38.419+0000] {dag.py:3089} INFO - Sync 1 DAGs
[2026-01-20T02:03:38.435+0000] {logging_mixin.py:188} INFO - [2026-01-20T02:03:38.435+0000] {dag.py:3947} INFO - Setting next_dagrun for pipeline_one_off to None, run_after=None
[2026-01-20T02:03:38.461+0000] {processor.py:183} INFO - Processing /opt/airflow/dags/pipeline_one_off.py took 0.123 seconds
[2026-01-20T02:04:08.752+0000] {processor.py:161} INFO - Started process (PID=18680) to work on /opt/airflow/dags/pipeline_one_off.py
[2026-01-20T02:04:08.754+0000] {processor.py:830} INFO - Processing file /opt/airflow/dags/pipeline_one_off.py for tasks to queue
[2026-01-20T02:04:08.757+0000] {logging_mixin.py:188} INFO - [2026-01-20T02:04:08.757+0000] {dagbag.py:545} INFO - Filling up the DagBag from /opt/airflow/dags/pipeline_one_off.py
[2026-01-20T02:04:08.782+0000] {processor.py:840} INFO - DAG(s) 'pipeline_one_off' retrieved from /opt/airflow/dags/pipeline_one_off.py
[2026-01-20T02:04:08.826+0000] {logging_mixin.py:188} INFO - [2026-01-20T02:04:08.825+0000] {dag.py:3089} INFO - Sync 1 DAGs
[2026-01-20T02:04:08.840+0000] {logging_mixin.py:188} INFO - [2026-01-20T02:04:08.840+0000] {dag.py:3947} INFO - Setting next_dagrun for pipeline_one_off to None, run_after=None
[2026-01-20T02:04:08.863+0000] {processor.py:183} INFO - Processing /opt/airflow/dags/pipeline_one_off.py took 0.119 seconds
[2026-01-20T02:04:39.155+0000] {processor.py:161} INFO - Started process (PID=18690) to work on /opt/airflow/dags/pipeline_one_off.py
[2026-01-20T02:04:39.156+0000] {processor.py:830} INFO - Processing file /opt/airflow/dags/pipeline_one_off.py for tasks to queue
[2026-01-20T02:04:39.159+0000] {logging_mixin.py:188} INFO - [2026-01-20T02:04:39.159+0000] {dagbag.py:545} INFO - Filling up the DagBag from /opt/airflow/dags/pipeline_one_off.py
[2026-01-20T02:04:39.185+0000] {processor.py:840} INFO - DAG(s) 'pipeline_one_off' retrieved from /opt/airflow/dags/pipeline_one_off.py
[2026-01-20T02:04:39.228+0000] {logging_mixin.py:188} INFO - [2026-01-20T02:04:39.227+0000] {dag.py:3089} INFO - Sync 1 DAGs
[2026-01-20T02:04:39.244+0000] {logging_mixin.py:188} INFO - [2026-01-20T02:04:39.244+0000] {dag.py:3947} INFO - Setting next_dagrun for pipeline_one_off to None, run_after=None
[2026-01-20T02:04:39.269+0000] {processor.py:183} INFO - Processing /opt/airflow/dags/pipeline_one_off.py took 0.123 seconds
[2026-01-20T02:05:09.558+0000] {processor.py:161} INFO - Started process (PID=18700) to work on /opt/airflow/dags/pipeline_one_off.py
[2026-01-20T02:05:09.560+0000] {processor.py:830} INFO - Processing file /opt/airflow/dags/pipeline_one_off.py for tasks to queue
[2026-01-20T02:05:09.562+0000] {logging_mixin.py:188} INFO - [2026-01-20T02:05:09.562+0000] {dagbag.py:545} INFO - Filling up the DagBag from /opt/airflow/dags/pipeline_one_off.py
[2026-01-20T02:05:09.589+0000] {processor.py:840} INFO - DAG(s) 'pipeline_one_off' retrieved from /opt/airflow/dags/pipeline_one_off.py
[2026-01-20T02:05:09.629+0000] {logging_mixin.py:188} INFO - [2026-01-20T02:05:09.629+0000] {dag.py:3089} INFO - Sync 1 DAGs
[2026-01-20T02:05:09.645+0000] {logging_mixin.py:188} INFO - [2026-01-20T02:05:09.644+0000] {dag.py:3947} INFO - Setting next_dagrun for pipeline_one_off to None, run_after=None
[2026-01-20T02:05:09.673+0000] {processor.py:183} INFO - Processing /opt/airflow/dags/pipeline_one_off.py took 0.122 seconds
[2026-01-20T02:05:40.018+0000] {processor.py:161} INFO - Started process (PID=18710) to work on /opt/airflow/dags/pipeline_one_off.py
[2026-01-20T02:05:40.400+0000] {processor.py:830} INFO - Processing file /opt/airflow/dags/pipeline_one_off.py for tasks to queue
[2026-01-20T02:05:40.404+0000] {logging_mixin.py:188} INFO - [2026-01-20T02:05:40.403+0000] {dagbag.py:545} INFO - Filling up the DagBag from /opt/airflow/dags/pipeline_one_off.py
[2026-01-20T02:05:40.447+0000] {processor.py:840} INFO - DAG(s) 'pipeline_one_off' retrieved from /opt/airflow/dags/pipeline_one_off.py
[2026-01-20T02:05:40.530+0000] {logging_mixin.py:188} INFO - [2026-01-20T02:05:40.530+0000] {dag.py:3089} INFO - Sync 1 DAGs
[2026-01-20T02:05:40.558+0000] {logging_mixin.py:188} INFO - [2026-01-20T02:05:40.557+0000] {dag.py:3947} INFO - Setting next_dagrun for pipeline_one_off to None, run_after=None
[2026-01-20T02:05:40.594+0000] {processor.py:183} INFO - Processing /opt/airflow/dags/pipeline_one_off.py took 0.583 seconds
[2026-01-20T02:06:10.958+0000] {processor.py:161} INFO - Started process (PID=18720) to work on /opt/airflow/dags/pipeline_one_off.py
[2026-01-20T02:06:10.960+0000] {processor.py:830} INFO - Processing file /opt/airflow/dags/pipeline_one_off.py for tasks to queue
[2026-01-20T02:06:10.964+0000] {logging_mixin.py:188} INFO - [2026-01-20T02:06:10.963+0000] {dagbag.py:545} INFO - Filling up the DagBag from /opt/airflow/dags/pipeline_one_off.py
[2026-01-20T02:06:10.995+0000] {processor.py:840} INFO - DAG(s) 'pipeline_one_off' retrieved from /opt/airflow/dags/pipeline_one_off.py
[2026-01-20T02:06:11.050+0000] {logging_mixin.py:188} INFO - [2026-01-20T02:06:11.049+0000] {dag.py:3089} INFO - Sync 1 DAGs
[2026-01-20T02:06:11.070+0000] {logging_mixin.py:188} INFO - [2026-01-20T02:06:11.069+0000] {dag.py:3947} INFO - Setting next_dagrun for pipeline_one_off to None, run_after=None
[2026-01-20T02:06:11.098+0000] {processor.py:183} INFO - Processing /opt/airflow/dags/pipeline_one_off.py took 0.150 seconds
[2026-01-20T02:06:41.538+0000] {processor.py:161} INFO - Started process (PID=18730) to work on /opt/airflow/dags/pipeline_one_off.py
[2026-01-20T02:06:41.541+0000] {processor.py:830} INFO - Processing file /opt/airflow/dags/pipeline_one_off.py for tasks to queue
[2026-01-20T02:06:41.544+0000] {logging_mixin.py:188} INFO - [2026-01-20T02:06:41.544+0000] {dagbag.py:545} INFO - Filling up the DagBag from /opt/airflow/dags/pipeline_one_off.py
[2026-01-20T02:06:41.579+0000] {processor.py:840} INFO - DAG(s) 'pipeline_one_off' retrieved from /opt/airflow/dags/pipeline_one_off.py
[2026-01-20T02:06:41.637+0000] {logging_mixin.py:188} INFO - [2026-01-20T02:06:41.637+0000] {dag.py:3089} INFO - Sync 1 DAGs
[2026-01-20T02:06:41.661+0000] {logging_mixin.py:188} INFO - [2026-01-20T02:06:41.660+0000] {dag.py:3947} INFO - Setting next_dagrun for pipeline_one_off to None, run_after=None
[2026-01-20T02:06:41.692+0000] {processor.py:183} INFO - Processing /opt/airflow/dags/pipeline_one_off.py took 0.172 seconds
[2026-01-20T02:07:11.991+0000] {processor.py:161} INFO - Started process (PID=18740) to work on /opt/airflow/dags/pipeline_one_off.py
[2026-01-20T02:07:11.993+0000] {processor.py:830} INFO - Processing file /opt/airflow/dags/pipeline_one_off.py for tasks to queue
[2026-01-20T02:07:11.998+0000] {logging_mixin.py:188} INFO - [2026-01-20T02:07:11.997+0000] {dagbag.py:545} INFO - Filling up the DagBag from /opt/airflow/dags/pipeline_one_off.py
[2026-01-20T02:07:12.033+0000] {processor.py:840} INFO - DAG(s) 'pipeline_one_off' retrieved from /opt/airflow/dags/pipeline_one_off.py
[2026-01-20T02:07:12.092+0000] {logging_mixin.py:188} INFO - [2026-01-20T02:07:12.091+0000] {dag.py:3089} INFO - Sync 1 DAGs
[2026-01-20T02:07:12.109+0000] {logging_mixin.py:188} INFO - [2026-01-20T02:07:12.109+0000] {dag.py:3947} INFO - Setting next_dagrun for pipeline_one_off to None, run_after=None
[2026-01-20T02:07:12.135+0000] {processor.py:183} INFO - Processing /opt/airflow/dags/pipeline_one_off.py took 0.160 seconds
[2026-01-20T02:07:42.407+0000] {processor.py:161} INFO - Started process (PID=18750) to work on /opt/airflow/dags/pipeline_one_off.py
[2026-01-20T02:07:42.408+0000] {processor.py:830} INFO - Processing file /opt/airflow/dags/pipeline_one_off.py for tasks to queue
[2026-01-20T02:07:42.410+0000] {logging_mixin.py:188} INFO - [2026-01-20T02:07:42.409+0000] {dagbag.py:545} INFO - Filling up the DagBag from /opt/airflow/dags/pipeline_one_off.py
[2026-01-20T02:07:42.438+0000] {processor.py:840} INFO - DAG(s) 'pipeline_one_off' retrieved from /opt/airflow/dags/pipeline_one_off.py
[2026-01-20T02:07:42.474+0000] {logging_mixin.py:188} INFO - [2026-01-20T02:07:42.474+0000] {dag.py:3089} INFO - Sync 1 DAGs
[2026-01-20T02:07:42.489+0000] {logging_mixin.py:188} INFO - [2026-01-20T02:07:42.488+0000] {dag.py:3947} INFO - Setting next_dagrun for pipeline_one_off to None, run_after=None
[2026-01-20T02:07:42.508+0000] {processor.py:183} INFO - Processing /opt/airflow/dags/pipeline_one_off.py took 0.108 seconds
[2026-01-20T02:08:12.788+0000] {processor.py:161} INFO - Started process (PID=18760) to work on /opt/airflow/dags/pipeline_one_off.py
[2026-01-20T02:08:12.789+0000] {processor.py:830} INFO - Processing file /opt/airflow/dags/pipeline_one_off.py for tasks to queue
[2026-01-20T02:08:12.792+0000] {logging_mixin.py:188} INFO - [2026-01-20T02:08:12.791+0000] {dagbag.py:545} INFO - Filling up the DagBag from /opt/airflow/dags/pipeline_one_off.py
[2026-01-20T02:08:12.817+0000] {processor.py:840} INFO - DAG(s) 'pipeline_one_off' retrieved from /opt/airflow/dags/pipeline_one_off.py
[2026-01-20T02:08:12.857+0000] {logging_mixin.py:188} INFO - [2026-01-20T02:08:12.856+0000] {dag.py:3089} INFO - Sync 1 DAGs
[2026-01-20T02:08:12.871+0000] {logging_mixin.py:188} INFO - [2026-01-20T02:08:12.870+0000] {dag.py:3947} INFO - Setting next_dagrun for pipeline_one_off to None, run_after=None
[2026-01-20T02:08:12.893+0000] {processor.py:183} INFO - Processing /opt/airflow/dags/pipeline_one_off.py took 0.112 seconds
[2026-01-20T02:08:43.217+0000] {processor.py:161} INFO - Started process (PID=18770) to work on /opt/airflow/dags/pipeline_one_off.py
[2026-01-20T02:08:43.219+0000] {processor.py:830} INFO - Processing file /opt/airflow/dags/pipeline_one_off.py for tasks to queue
[2026-01-20T02:08:43.221+0000] {logging_mixin.py:188} INFO - [2026-01-20T02:08:43.221+0000] {dagbag.py:545} INFO - Filling up the DagBag from /opt/airflow/dags/pipeline_one_off.py
[2026-01-20T02:08:43.248+0000] {processor.py:840} INFO - DAG(s) 'pipeline_one_off' retrieved from /opt/airflow/dags/pipeline_one_off.py
[2026-01-20T02:08:43.289+0000] {logging_mixin.py:188} INFO - [2026-01-20T02:08:43.289+0000] {dag.py:3089} INFO - Sync 1 DAGs
[2026-01-20T02:08:43.305+0000] {logging_mixin.py:188} INFO - [2026-01-20T02:08:43.304+0000] {dag.py:3947} INFO - Setting next_dagrun for pipeline_one_off to None, run_after=None
[2026-01-20T02:08:43.331+0000] {processor.py:183} INFO - Processing /opt/airflow/dags/pipeline_one_off.py took 0.121 seconds
[2026-01-20T02:09:13.614+0000] {processor.py:161} INFO - Started process (PID=18780) to work on /opt/airflow/dags/pipeline_one_off.py
[2026-01-20T02:09:13.615+0000] {processor.py:830} INFO - Processing file /opt/airflow/dags/pipeline_one_off.py for tasks to queue
[2026-01-20T02:09:13.618+0000] {logging_mixin.py:188} INFO - [2026-01-20T02:09:13.618+0000] {dagbag.py:545} INFO - Filling up the DagBag from /opt/airflow/dags/pipeline_one_off.py
[2026-01-20T02:09:13.644+0000] {processor.py:840} INFO - DAG(s) 'pipeline_one_off' retrieved from /opt/airflow/dags/pipeline_one_off.py
[2026-01-20T02:09:13.681+0000] {logging_mixin.py:188} INFO - [2026-01-20T02:09:13.680+0000] {dag.py:3089} INFO - Sync 1 DAGs
[2026-01-20T02:09:13.694+0000] {logging_mixin.py:188} INFO - [2026-01-20T02:09:13.693+0000] {dag.py:3947} INFO - Setting next_dagrun for pipeline_one_off to None, run_after=None
[2026-01-20T02:09:13.717+0000] {processor.py:183} INFO - Processing /opt/airflow/dags/pipeline_one_off.py took 0.110 seconds
[2026-01-20T02:09:43.988+0000] {processor.py:161} INFO - Started process (PID=18790) to work on /opt/airflow/dags/pipeline_one_off.py
[2026-01-20T02:09:43.990+0000] {processor.py:830} INFO - Processing file /opt/airflow/dags/pipeline_one_off.py for tasks to queue
[2026-01-20T02:09:43.993+0000] {logging_mixin.py:188} INFO - [2026-01-20T02:09:43.993+0000] {dagbag.py:545} INFO - Filling up the DagBag from /opt/airflow/dags/pipeline_one_off.py
[2026-01-20T02:09:44.024+0000] {processor.py:840} INFO - DAG(s) 'pipeline_one_off' retrieved from /opt/airflow/dags/pipeline_one_off.py
[2026-01-20T02:09:44.066+0000] {logging_mixin.py:188} INFO - [2026-01-20T02:09:44.066+0000] {dag.py:3089} INFO - Sync 1 DAGs
[2026-01-20T02:09:44.083+0000] {logging_mixin.py:188} INFO - [2026-01-20T02:09:44.082+0000] {dag.py:3947} INFO - Setting next_dagrun for pipeline_one_off to None, run_after=None
[2026-01-20T02:09:44.106+0000] {processor.py:183} INFO - Processing /opt/airflow/dags/pipeline_one_off.py took 0.125 seconds
[2026-01-20T02:10:14.370+0000] {processor.py:161} INFO - Started process (PID=18803) to work on /opt/airflow/dags/pipeline_one_off.py
[2026-01-20T02:10:14.371+0000] {processor.py:830} INFO - Processing file /opt/airflow/dags/pipeline_one_off.py for tasks to queue
[2026-01-20T02:10:14.374+0000] {logging_mixin.py:188} INFO - [2026-01-20T02:10:14.373+0000] {dagbag.py:545} INFO - Filling up the DagBag from /opt/airflow/dags/pipeline_one_off.py
[2026-01-20T02:10:14.397+0000] {processor.py:840} INFO - DAG(s) 'pipeline_one_off' retrieved from /opt/airflow/dags/pipeline_one_off.py
[2026-01-20T02:10:14.435+0000] {logging_mixin.py:188} INFO - [2026-01-20T02:10:14.434+0000] {dag.py:3089} INFO - Sync 1 DAGs
[2026-01-20T02:10:14.448+0000] {logging_mixin.py:188} INFO - [2026-01-20T02:10:14.448+0000] {dag.py:3947} INFO - Setting next_dagrun for pipeline_one_off to None, run_after=None
[2026-01-20T02:10:14.470+0000] {processor.py:183} INFO - Processing /opt/airflow/dags/pipeline_one_off.py took 0.106 seconds
[2026-01-20T02:10:44.749+0000] {processor.py:161} INFO - Started process (PID=18813) to work on /opt/airflow/dags/pipeline_one_off.py
[2026-01-20T02:10:44.750+0000] {processor.py:830} INFO - Processing file /opt/airflow/dags/pipeline_one_off.py for tasks to queue
[2026-01-20T02:10:44.753+0000] {logging_mixin.py:188} INFO - [2026-01-20T02:10:44.752+0000] {dagbag.py:545} INFO - Filling up the DagBag from /opt/airflow/dags/pipeline_one_off.py
[2026-01-20T02:10:44.777+0000] {processor.py:840} INFO - DAG(s) 'pipeline_one_off' retrieved from /opt/airflow/dags/pipeline_one_off.py
[2026-01-20T02:10:44.818+0000] {logging_mixin.py:188} INFO - [2026-01-20T02:10:44.818+0000] {dag.py:3089} INFO - Sync 1 DAGs
[2026-01-20T02:10:44.833+0000] {logging_mixin.py:188} INFO - [2026-01-20T02:10:44.832+0000] {dag.py:3947} INFO - Setting next_dagrun for pipeline_one_off to None, run_after=None
[2026-01-20T02:10:44.858+0000] {processor.py:183} INFO - Processing /opt/airflow/dags/pipeline_one_off.py took 0.117 seconds
[2026-01-20T02:11:15.124+0000] {processor.py:161} INFO - Started process (PID=18823) to work on /opt/airflow/dags/pipeline_one_off.py
[2026-01-20T02:11:15.220+0000] {processor.py:830} INFO - Processing file /opt/airflow/dags/pipeline_one_off.py for tasks to queue
[2026-01-20T02:11:15.223+0000] {logging_mixin.py:188} INFO - [2026-01-20T02:11:15.223+0000] {dagbag.py:545} INFO - Filling up the DagBag from /opt/airflow/dags/pipeline_one_off.py
[2026-01-20T02:11:15.248+0000] {processor.py:840} INFO - DAG(s) 'pipeline_one_off' retrieved from /opt/airflow/dags/pipeline_one_off.py
[2026-01-20T02:11:15.285+0000] {logging_mixin.py:188} INFO - [2026-01-20T02:11:15.284+0000] {dag.py:3089} INFO - Sync 1 DAGs
[2026-01-20T02:11:15.299+0000] {logging_mixin.py:188} INFO - [2026-01-20T02:11:15.299+0000] {dag.py:3947} INFO - Setting next_dagrun for pipeline_one_off to None, run_after=None
[2026-01-20T02:11:15.323+0000] {processor.py:183} INFO - Processing /opt/airflow/dags/pipeline_one_off.py took 0.206 seconds
[2026-01-20T02:11:45.606+0000] {processor.py:161} INFO - Started process (PID=18833) to work on /opt/airflow/dags/pipeline_one_off.py
[2026-01-20T02:11:45.607+0000] {processor.py:830} INFO - Processing file /opt/airflow/dags/pipeline_one_off.py for tasks to queue
[2026-01-20T02:11:45.609+0000] {logging_mixin.py:188} INFO - [2026-01-20T02:11:45.609+0000] {dagbag.py:545} INFO - Filling up the DagBag from /opt/airflow/dags/pipeline_one_off.py
[2026-01-20T02:11:45.636+0000] {processor.py:840} INFO - DAG(s) 'pipeline_one_off' retrieved from /opt/airflow/dags/pipeline_one_off.py
[2026-01-20T02:11:45.671+0000] {logging_mixin.py:188} INFO - [2026-01-20T02:11:45.671+0000] {dag.py:3089} INFO - Sync 1 DAGs
[2026-01-20T02:11:45.685+0000] {logging_mixin.py:188} INFO - [2026-01-20T02:11:45.684+0000] {dag.py:3947} INFO - Setting next_dagrun for pipeline_one_off to None, run_after=None
[2026-01-20T02:11:45.709+0000] {processor.py:183} INFO - Processing /opt/airflow/dags/pipeline_one_off.py took 0.110 seconds
[2026-01-20T02:12:15.983+0000] {processor.py:161} INFO - Started process (PID=18843) to work on /opt/airflow/dags/pipeline_one_off.py
[2026-01-20T02:12:15.984+0000] {processor.py:830} INFO - Processing file /opt/airflow/dags/pipeline_one_off.py for tasks to queue
[2026-01-20T02:12:15.986+0000] {logging_mixin.py:188} INFO - [2026-01-20T02:12:15.986+0000] {dagbag.py:545} INFO - Filling up the DagBag from /opt/airflow/dags/pipeline_one_off.py
[2026-01-20T02:12:16.011+0000] {processor.py:840} INFO - DAG(s) 'pipeline_one_off' retrieved from /opt/airflow/dags/pipeline_one_off.py
[2026-01-20T02:12:16.049+0000] {logging_mixin.py:188} INFO - [2026-01-20T02:12:16.048+0000] {dag.py:3089} INFO - Sync 1 DAGs
[2026-01-20T02:12:16.063+0000] {logging_mixin.py:188} INFO - [2026-01-20T02:12:16.063+0000] {dag.py:3947} INFO - Setting next_dagrun for pipeline_one_off to None, run_after=None
[2026-01-20T02:12:16.088+0000] {processor.py:183} INFO - Processing /opt/airflow/dags/pipeline_one_off.py took 0.112 seconds
[2026-01-20T02:12:46.359+0000] {processor.py:161} INFO - Started process (PID=18853) to work on /opt/airflow/dags/pipeline_one_off.py
[2026-01-20T02:12:46.360+0000] {processor.py:830} INFO - Processing file /opt/airflow/dags/pipeline_one_off.py for tasks to queue
[2026-01-20T02:12:46.362+0000] {logging_mixin.py:188} INFO - [2026-01-20T02:12:46.361+0000] {dagbag.py:545} INFO - Filling up the DagBag from /opt/airflow/dags/pipeline_one_off.py
[2026-01-20T02:12:46.387+0000] {processor.py:840} INFO - DAG(s) 'pipeline_one_off' retrieved from /opt/airflow/dags/pipeline_one_off.py
[2026-01-20T02:12:46.423+0000] {logging_mixin.py:188} INFO - [2026-01-20T02:12:46.423+0000] {dag.py:3089} INFO - Sync 1 DAGs
[2026-01-20T02:12:46.436+0000] {logging_mixin.py:188} INFO - [2026-01-20T02:12:46.436+0000] {dag.py:3947} INFO - Setting next_dagrun for pipeline_one_off to None, run_after=None
[2026-01-20T02:12:46.461+0000] {processor.py:183} INFO - Processing /opt/airflow/dags/pipeline_one_off.py took 0.108 seconds
[2026-01-20T02:13:16.734+0000] {processor.py:161} INFO - Started process (PID=18863) to work on /opt/airflow/dags/pipeline_one_off.py
[2026-01-20T02:13:16.735+0000] {processor.py:830} INFO - Processing file /opt/airflow/dags/pipeline_one_off.py for tasks to queue
[2026-01-20T02:13:16.737+0000] {logging_mixin.py:188} INFO - [2026-01-20T02:13:16.737+0000] {dagbag.py:545} INFO - Filling up the DagBag from /opt/airflow/dags/pipeline_one_off.py
[2026-01-20T02:13:16.761+0000] {processor.py:840} INFO - DAG(s) 'pipeline_one_off' retrieved from /opt/airflow/dags/pipeline_one_off.py
[2026-01-20T02:13:16.796+0000] {logging_mixin.py:188} INFO - [2026-01-20T02:13:16.795+0000] {dag.py:3089} INFO - Sync 1 DAGs
[2026-01-20T02:13:16.808+0000] {logging_mixin.py:188} INFO - [2026-01-20T02:13:16.808+0000] {dag.py:3947} INFO - Setting next_dagrun for pipeline_one_off to None, run_after=None
[2026-01-20T02:13:16.829+0000] {processor.py:183} INFO - Processing /opt/airflow/dags/pipeline_one_off.py took 0.101 seconds
[2026-01-20T02:13:47.160+0000] {processor.py:161} INFO - Started process (PID=18873) to work on /opt/airflow/dags/pipeline_one_off.py
[2026-01-20T02:13:47.161+0000] {processor.py:830} INFO - Processing file /opt/airflow/dags/pipeline_one_off.py for tasks to queue
[2026-01-20T02:13:47.163+0000] {logging_mixin.py:188} INFO - [2026-01-20T02:13:47.163+0000] {dagbag.py:545} INFO - Filling up the DagBag from /opt/airflow/dags/pipeline_one_off.py
[2026-01-20T02:13:47.186+0000] {processor.py:840} INFO - DAG(s) 'pipeline_one_off' retrieved from /opt/airflow/dags/pipeline_one_off.py
[2026-01-20T02:13:47.222+0000] {logging_mixin.py:188} INFO - [2026-01-20T02:13:47.222+0000] {dag.py:3089} INFO - Sync 1 DAGs
[2026-01-20T02:13:47.235+0000] {logging_mixin.py:188} INFO - [2026-01-20T02:13:47.235+0000] {dag.py:3947} INFO - Setting next_dagrun for pipeline_one_off to None, run_after=None
[2026-01-20T02:13:47.259+0000] {processor.py:183} INFO - Processing /opt/airflow/dags/pipeline_one_off.py took 0.105 seconds
[2026-01-20T02:14:17.538+0000] {processor.py:161} INFO - Started process (PID=18883) to work on /opt/airflow/dags/pipeline_one_off.py
[2026-01-20T02:14:17.540+0000] {processor.py:830} INFO - Processing file /opt/airflow/dags/pipeline_one_off.py for tasks to queue
[2026-01-20T02:14:17.542+0000] {logging_mixin.py:188} INFO - [2026-01-20T02:14:17.542+0000] {dagbag.py:545} INFO - Filling up the DagBag from /opt/airflow/dags/pipeline_one_off.py
[2026-01-20T02:14:17.569+0000] {processor.py:840} INFO - DAG(s) 'pipeline_one_off' retrieved from /opt/airflow/dags/pipeline_one_off.py
[2026-01-20T02:14:17.609+0000] {logging_mixin.py:188} INFO - [2026-01-20T02:14:17.609+0000] {dag.py:3089} INFO - Sync 1 DAGs
[2026-01-20T02:14:17.624+0000] {logging_mixin.py:188} INFO - [2026-01-20T02:14:17.624+0000] {dag.py:3947} INFO - Setting next_dagrun for pipeline_one_off to None, run_after=None
[2026-01-20T02:14:17.646+0000] {processor.py:183} INFO - Processing /opt/airflow/dags/pipeline_one_off.py took 0.115 seconds
[2026-01-20T02:14:47.934+0000] {processor.py:161} INFO - Started process (PID=18893) to work on /opt/airflow/dags/pipeline_one_off.py
[2026-01-20T02:14:47.935+0000] {processor.py:830} INFO - Processing file /opt/airflow/dags/pipeline_one_off.py for tasks to queue
[2026-01-20T02:14:47.938+0000] {logging_mixin.py:188} INFO - [2026-01-20T02:14:47.938+0000] {dagbag.py:545} INFO - Filling up the DagBag from /opt/airflow/dags/pipeline_one_off.py
[2026-01-20T02:14:47.963+0000] {processor.py:840} INFO - DAG(s) 'pipeline_one_off' retrieved from /opt/airflow/dags/pipeline_one_off.py
[2026-01-20T02:14:48.001+0000] {logging_mixin.py:188} INFO - [2026-01-20T02:14:48.001+0000] {dag.py:3089} INFO - Sync 1 DAGs
[2026-01-20T02:14:48.016+0000] {logging_mixin.py:188} INFO - [2026-01-20T02:14:48.016+0000] {dag.py:3947} INFO - Setting next_dagrun for pipeline_one_off to None, run_after=None
[2026-01-20T02:14:48.042+0000] {processor.py:183} INFO - Processing /opt/airflow/dags/pipeline_one_off.py took 0.115 seconds
[2026-01-20T02:15:18.333+0000] {processor.py:161} INFO - Started process (PID=18903) to work on /opt/airflow/dags/pipeline_one_off.py
[2026-01-20T02:15:18.334+0000] {processor.py:830} INFO - Processing file /opt/airflow/dags/pipeline_one_off.py for tasks to queue
[2026-01-20T02:15:18.337+0000] {logging_mixin.py:188} INFO - [2026-01-20T02:15:18.336+0000] {dagbag.py:545} INFO - Filling up the DagBag from /opt/airflow/dags/pipeline_one_off.py
[2026-01-20T02:15:18.360+0000] {processor.py:840} INFO - DAG(s) 'pipeline_one_off' retrieved from /opt/airflow/dags/pipeline_one_off.py
[2026-01-20T02:15:18.394+0000] {logging_mixin.py:188} INFO - [2026-01-20T02:15:18.394+0000] {dag.py:3089} INFO - Sync 1 DAGs
[2026-01-20T02:15:18.407+0000] {logging_mixin.py:188} INFO - [2026-01-20T02:15:18.407+0000] {dag.py:3947} INFO - Setting next_dagrun for pipeline_one_off to None, run_after=None
[2026-01-20T02:15:18.433+0000] {processor.py:183} INFO - Processing /opt/airflow/dags/pipeline_one_off.py took 0.108 seconds
[2026-01-20T02:15:48.722+0000] {processor.py:161} INFO - Started process (PID=18913) to work on /opt/airflow/dags/pipeline_one_off.py
[2026-01-20T02:15:48.724+0000] {processor.py:830} INFO - Processing file /opt/airflow/dags/pipeline_one_off.py for tasks to queue
[2026-01-20T02:15:48.726+0000] {logging_mixin.py:188} INFO - [2026-01-20T02:15:48.725+0000] {dagbag.py:545} INFO - Filling up the DagBag from /opt/airflow/dags/pipeline_one_off.py
[2026-01-20T02:15:48.749+0000] {processor.py:840} INFO - DAG(s) 'pipeline_one_off' retrieved from /opt/airflow/dags/pipeline_one_off.py
[2026-01-20T02:15:48.787+0000] {logging_mixin.py:188} INFO - [2026-01-20T02:15:48.786+0000] {dag.py:3089} INFO - Sync 1 DAGs
[2026-01-20T02:15:48.802+0000] {logging_mixin.py:188} INFO - [2026-01-20T02:15:48.802+0000] {dag.py:3947} INFO - Setting next_dagrun for pipeline_one_off to None, run_after=None
[2026-01-20T02:15:48.822+0000] {processor.py:183} INFO - Processing /opt/airflow/dags/pipeline_one_off.py took 0.107 seconds
[2026-01-20T02:16:19.096+0000] {processor.py:161} INFO - Started process (PID=18923) to work on /opt/airflow/dags/pipeline_one_off.py
[2026-01-20T02:16:19.097+0000] {processor.py:830} INFO - Processing file /opt/airflow/dags/pipeline_one_off.py for tasks to queue
[2026-01-20T02:16:19.099+0000] {logging_mixin.py:188} INFO - [2026-01-20T02:16:19.099+0000] {dagbag.py:545} INFO - Filling up the DagBag from /opt/airflow/dags/pipeline_one_off.py
[2026-01-20T02:16:19.124+0000] {processor.py:840} INFO - DAG(s) 'pipeline_one_off' retrieved from /opt/airflow/dags/pipeline_one_off.py
[2026-01-20T02:16:19.161+0000] {logging_mixin.py:188} INFO - [2026-01-20T02:16:19.161+0000] {dag.py:3089} INFO - Sync 1 DAGs
[2026-01-20T02:16:19.173+0000] {logging_mixin.py:188} INFO - [2026-01-20T02:16:19.173+0000] {dag.py:3947} INFO - Setting next_dagrun for pipeline_one_off to None, run_after=None
[2026-01-20T02:16:19.195+0000] {processor.py:183} INFO - Processing /opt/airflow/dags/pipeline_one_off.py took 0.107 seconds
[2026-01-20T02:16:49.470+0000] {processor.py:161} INFO - Started process (PID=18933) to work on /opt/airflow/dags/pipeline_one_off.py
[2026-01-20T02:16:49.472+0000] {processor.py:830} INFO - Processing file /opt/airflow/dags/pipeline_one_off.py for tasks to queue
[2026-01-20T02:16:49.474+0000] {logging_mixin.py:188} INFO - [2026-01-20T02:16:49.474+0000] {dagbag.py:545} INFO - Filling up the DagBag from /opt/airflow/dags/pipeline_one_off.py
[2026-01-20T02:16:49.501+0000] {processor.py:840} INFO - DAG(s) 'pipeline_one_off' retrieved from /opt/airflow/dags/pipeline_one_off.py
[2026-01-20T02:16:49.543+0000] {logging_mixin.py:188} INFO - [2026-01-20T02:16:49.542+0000] {dag.py:3089} INFO - Sync 1 DAGs
[2026-01-20T02:16:49.557+0000] {logging_mixin.py:188} INFO - [2026-01-20T02:16:49.557+0000] {dag.py:3947} INFO - Setting next_dagrun for pipeline_one_off to None, run_after=None
[2026-01-20T02:16:49.580+0000] {processor.py:183} INFO - Processing /opt/airflow/dags/pipeline_one_off.py took 0.117 seconds
[2026-01-20T02:17:19.854+0000] {processor.py:161} INFO - Started process (PID=18943) to work on /opt/airflow/dags/pipeline_one_off.py
[2026-01-20T02:17:19.855+0000] {processor.py:830} INFO - Processing file /opt/airflow/dags/pipeline_one_off.py for tasks to queue
[2026-01-20T02:17:19.858+0000] {logging_mixin.py:188} INFO - [2026-01-20T02:17:19.857+0000] {dagbag.py:545} INFO - Filling up the DagBag from /opt/airflow/dags/pipeline_one_off.py
[2026-01-20T02:17:19.881+0000] {processor.py:840} INFO - DAG(s) 'pipeline_one_off' retrieved from /opt/airflow/dags/pipeline_one_off.py
[2026-01-20T02:17:19.918+0000] {logging_mixin.py:188} INFO - [2026-01-20T02:17:19.918+0000] {dag.py:3089} INFO - Sync 1 DAGs
[2026-01-20T02:17:19.931+0000] {logging_mixin.py:188} INFO - [2026-01-20T02:17:19.931+0000] {dag.py:3947} INFO - Setting next_dagrun for pipeline_one_off to None, run_after=None
[2026-01-20T02:17:19.951+0000] {processor.py:183} INFO - Processing /opt/airflow/dags/pipeline_one_off.py took 0.106 seconds
[2026-01-20T02:17:50.217+0000] {processor.py:161} INFO - Started process (PID=18953) to work on /opt/airflow/dags/pipeline_one_off.py
[2026-01-20T02:17:50.218+0000] {processor.py:830} INFO - Processing file /opt/airflow/dags/pipeline_one_off.py for tasks to queue
[2026-01-20T02:17:50.220+0000] {logging_mixin.py:188} INFO - [2026-01-20T02:17:50.220+0000] {dagbag.py:545} INFO - Filling up the DagBag from /opt/airflow/dags/pipeline_one_off.py
[2026-01-20T02:17:50.246+0000] {processor.py:840} INFO - DAG(s) 'pipeline_one_off' retrieved from /opt/airflow/dags/pipeline_one_off.py
[2026-01-20T02:17:50.280+0000] {logging_mixin.py:188} INFO - [2026-01-20T02:17:50.280+0000] {dag.py:3089} INFO - Sync 1 DAGs
[2026-01-20T02:17:50.295+0000] {logging_mixin.py:188} INFO - [2026-01-20T02:17:50.295+0000] {dag.py:3947} INFO - Setting next_dagrun for pipeline_one_off to None, run_after=None
[2026-01-20T02:17:50.316+0000] {processor.py:183} INFO - Processing /opt/airflow/dags/pipeline_one_off.py took 0.105 seconds
[2026-01-20T02:18:20.589+0000] {processor.py:161} INFO - Started process (PID=18963) to work on /opt/airflow/dags/pipeline_one_off.py
[2026-01-20T02:18:20.590+0000] {processor.py:830} INFO - Processing file /opt/airflow/dags/pipeline_one_off.py for tasks to queue
[2026-01-20T02:18:20.593+0000] {logging_mixin.py:188} INFO - [2026-01-20T02:18:20.592+0000] {dagbag.py:545} INFO - Filling up the DagBag from /opt/airflow/dags/pipeline_one_off.py
[2026-01-20T02:18:20.618+0000] {processor.py:840} INFO - DAG(s) 'pipeline_one_off' retrieved from /opt/airflow/dags/pipeline_one_off.py
[2026-01-20T02:18:20.653+0000] {logging_mixin.py:188} INFO - [2026-01-20T02:18:20.652+0000] {dag.py:3089} INFO - Sync 1 DAGs
[2026-01-20T02:18:20.670+0000] {logging_mixin.py:188} INFO - [2026-01-20T02:18:20.670+0000] {dag.py:3947} INFO - Setting next_dagrun for pipeline_one_off to None, run_after=None
[2026-01-20T02:18:20.694+0000] {processor.py:183} INFO - Processing /opt/airflow/dags/pipeline_one_off.py took 0.113 seconds
[2026-01-20T02:18:51.015+0000] {processor.py:161} INFO - Started process (PID=18973) to work on /opt/airflow/dags/pipeline_one_off.py
[2026-01-20T02:18:51.016+0000] {processor.py:830} INFO - Processing file /opt/airflow/dags/pipeline_one_off.py for tasks to queue
[2026-01-20T02:18:51.019+0000] {logging_mixin.py:188} INFO - [2026-01-20T02:18:51.018+0000] {dagbag.py:545} INFO - Filling up the DagBag from /opt/airflow/dags/pipeline_one_off.py
[2026-01-20T02:18:51.045+0000] {processor.py:840} INFO - DAG(s) 'pipeline_one_off' retrieved from /opt/airflow/dags/pipeline_one_off.py
[2026-01-20T02:18:51.085+0000] {logging_mixin.py:188} INFO - [2026-01-20T02:18:51.085+0000] {dag.py:3089} INFO - Sync 1 DAGs
[2026-01-20T02:18:51.100+0000] {logging_mixin.py:188} INFO - [2026-01-20T02:18:51.100+0000] {dag.py:3947} INFO - Setting next_dagrun for pipeline_one_off to None, run_after=None
[2026-01-20T02:18:51.124+0000] {processor.py:183} INFO - Processing /opt/airflow/dags/pipeline_one_off.py took 0.116 seconds
[2026-01-20T02:19:21.402+0000] {processor.py:161} INFO - Started process (PID=18983) to work on /opt/airflow/dags/pipeline_one_off.py
[2026-01-20T02:19:21.403+0000] {processor.py:830} INFO - Processing file /opt/airflow/dags/pipeline_one_off.py for tasks to queue
[2026-01-20T02:19:21.406+0000] {logging_mixin.py:188} INFO - [2026-01-20T02:19:21.405+0000] {dagbag.py:545} INFO - Filling up the DagBag from /opt/airflow/dags/pipeline_one_off.py
[2026-01-20T02:19:21.430+0000] {processor.py:840} INFO - DAG(s) 'pipeline_one_off' retrieved from /opt/airflow/dags/pipeline_one_off.py
[2026-01-20T02:19:21.469+0000] {logging_mixin.py:188} INFO - [2026-01-20T02:19:21.469+0000] {dag.py:3089} INFO - Sync 1 DAGs
[2026-01-20T02:19:21.484+0000] {logging_mixin.py:188} INFO - [2026-01-20T02:19:21.484+0000] {dag.py:3947} INFO - Setting next_dagrun for pipeline_one_off to None, run_after=None
[2026-01-20T02:19:21.507+0000] {processor.py:183} INFO - Processing /opt/airflow/dags/pipeline_one_off.py took 0.112 seconds
[2026-01-20T02:19:51.777+0000] {processor.py:161} INFO - Started process (PID=18993) to work on /opt/airflow/dags/pipeline_one_off.py
[2026-01-20T02:19:51.778+0000] {processor.py:830} INFO - Processing file /opt/airflow/dags/pipeline_one_off.py for tasks to queue
[2026-01-20T02:19:51.782+0000] {logging_mixin.py:188} INFO - [2026-01-20T02:19:51.780+0000] {dagbag.py:545} INFO - Filling up the DagBag from /opt/airflow/dags/pipeline_one_off.py
[2026-01-20T02:19:51.806+0000] {processor.py:840} INFO - DAG(s) 'pipeline_one_off' retrieved from /opt/airflow/dags/pipeline_one_off.py
[2026-01-20T02:19:51.846+0000] {logging_mixin.py:188} INFO - [2026-01-20T02:19:51.845+0000] {dag.py:3089} INFO - Sync 1 DAGs
[2026-01-20T02:19:51.859+0000] {logging_mixin.py:188} INFO - [2026-01-20T02:19:51.859+0000] {dag.py:3947} INFO - Setting next_dagrun for pipeline_one_off to None, run_after=None
[2026-01-20T02:19:51.881+0000] {processor.py:183} INFO - Processing /opt/airflow/dags/pipeline_one_off.py took 0.111 seconds
[2026-01-20T02:20:22.154+0000] {processor.py:161} INFO - Started process (PID=19006) to work on /opt/airflow/dags/pipeline_one_off.py
[2026-01-20T02:20:22.156+0000] {processor.py:830} INFO - Processing file /opt/airflow/dags/pipeline_one_off.py for tasks to queue
[2026-01-20T02:20:22.158+0000] {logging_mixin.py:188} INFO - [2026-01-20T02:20:22.158+0000] {dagbag.py:545} INFO - Filling up the DagBag from /opt/airflow/dags/pipeline_one_off.py
[2026-01-20T02:20:22.187+0000] {processor.py:840} INFO - DAG(s) 'pipeline_one_off' retrieved from /opt/airflow/dags/pipeline_one_off.py
[2026-01-20T02:20:22.231+0000] {logging_mixin.py:188} INFO - [2026-01-20T02:20:22.231+0000] {dag.py:3089} INFO - Sync 1 DAGs
[2026-01-20T02:20:22.248+0000] {logging_mixin.py:188} INFO - [2026-01-20T02:20:22.247+0000] {dag.py:3947} INFO - Setting next_dagrun for pipeline_one_off to None, run_after=None
[2026-01-20T02:20:22.273+0000] {processor.py:183} INFO - Processing /opt/airflow/dags/pipeline_one_off.py took 0.125 seconds
[2026-01-20T02:20:52.530+0000] {processor.py:161} INFO - Started process (PID=19016) to work on /opt/airflow/dags/pipeline_one_off.py
[2026-01-20T02:20:52.531+0000] {processor.py:830} INFO - Processing file /opt/airflow/dags/pipeline_one_off.py for tasks to queue
[2026-01-20T02:20:52.534+0000] {logging_mixin.py:188} INFO - [2026-01-20T02:20:52.534+0000] {dagbag.py:545} INFO - Filling up the DagBag from /opt/airflow/dags/pipeline_one_off.py
[2026-01-20T02:20:52.561+0000] {processor.py:840} INFO - DAG(s) 'pipeline_one_off' retrieved from /opt/airflow/dags/pipeline_one_off.py
[2026-01-20T02:20:52.601+0000] {logging_mixin.py:188} INFO - [2026-01-20T02:20:52.600+0000] {dag.py:3089} INFO - Sync 1 DAGs
[2026-01-20T02:20:52.616+0000] {logging_mixin.py:188} INFO - [2026-01-20T02:20:52.615+0000] {dag.py:3947} INFO - Setting next_dagrun for pipeline_one_off to None, run_after=None
[2026-01-20T02:20:52.640+0000] {processor.py:183} INFO - Processing /opt/airflow/dags/pipeline_one_off.py took 0.117 seconds
[2026-01-20T02:21:22.916+0000] {processor.py:161} INFO - Started process (PID=19026) to work on /opt/airflow/dags/pipeline_one_off.py
[2026-01-20T02:21:22.918+0000] {processor.py:830} INFO - Processing file /opt/airflow/dags/pipeline_one_off.py for tasks to queue
[2026-01-20T02:21:22.920+0000] {logging_mixin.py:188} INFO - [2026-01-20T02:21:22.920+0000] {dagbag.py:545} INFO - Filling up the DagBag from /opt/airflow/dags/pipeline_one_off.py
[2026-01-20T02:21:22.946+0000] {processor.py:840} INFO - DAG(s) 'pipeline_one_off' retrieved from /opt/airflow/dags/pipeline_one_off.py
[2026-01-20T02:21:22.985+0000] {logging_mixin.py:188} INFO - [2026-01-20T02:21:22.985+0000] {dag.py:3089} INFO - Sync 1 DAGs
[2026-01-20T02:21:23.000+0000] {logging_mixin.py:188} INFO - [2026-01-20T02:21:23.000+0000] {dag.py:3947} INFO - Setting next_dagrun for pipeline_one_off to None, run_after=None
[2026-01-20T02:21:23.024+0000] {processor.py:183} INFO - Processing /opt/airflow/dags/pipeline_one_off.py took 0.115 seconds
[2026-01-20T02:21:53.286+0000] {processor.py:161} INFO - Started process (PID=19036) to work on /opt/airflow/dags/pipeline_one_off.py
[2026-01-20T02:21:53.287+0000] {processor.py:830} INFO - Processing file /opt/airflow/dags/pipeline_one_off.py for tasks to queue
[2026-01-20T02:21:53.290+0000] {logging_mixin.py:188} INFO - [2026-01-20T02:21:53.289+0000] {dagbag.py:545} INFO - Filling up the DagBag from /opt/airflow/dags/pipeline_one_off.py
[2026-01-20T02:21:53.315+0000] {processor.py:840} INFO - DAG(s) 'pipeline_one_off' retrieved from /opt/airflow/dags/pipeline_one_off.py
[2026-01-20T02:21:53.352+0000] {logging_mixin.py:188} INFO - [2026-01-20T02:21:53.352+0000] {dag.py:3089} INFO - Sync 1 DAGs
[2026-01-20T02:21:53.367+0000] {logging_mixin.py:188} INFO - [2026-01-20T02:21:53.367+0000] {dag.py:3947} INFO - Setting next_dagrun for pipeline_one_off to None, run_after=None
[2026-01-20T02:21:53.389+0000] {processor.py:183} INFO - Processing /opt/airflow/dags/pipeline_one_off.py took 0.110 seconds
[2026-01-20T02:22:23.667+0000] {processor.py:161} INFO - Started process (PID=19046) to work on /opt/airflow/dags/pipeline_one_off.py
[2026-01-20T02:22:23.668+0000] {processor.py:830} INFO - Processing file /opt/airflow/dags/pipeline_one_off.py for tasks to queue
[2026-01-20T02:22:23.670+0000] {logging_mixin.py:188} INFO - [2026-01-20T02:22:23.670+0000] {dagbag.py:545} INFO - Filling up the DagBag from /opt/airflow/dags/pipeline_one_off.py
[2026-01-20T02:22:23.694+0000] {processor.py:840} INFO - DAG(s) 'pipeline_one_off' retrieved from /opt/airflow/dags/pipeline_one_off.py
[2026-01-20T02:22:23.730+0000] {logging_mixin.py:188} INFO - [2026-01-20T02:22:23.730+0000] {dag.py:3089} INFO - Sync 1 DAGs
[2026-01-20T02:22:23.744+0000] {logging_mixin.py:188} INFO - [2026-01-20T02:22:23.744+0000] {dag.py:3947} INFO - Setting next_dagrun for pipeline_one_off to None, run_after=None
[2026-01-20T02:22:23.767+0000] {processor.py:183} INFO - Processing /opt/airflow/dags/pipeline_one_off.py took 0.106 seconds
[2026-01-20T02:22:54.038+0000] {processor.py:161} INFO - Started process (PID=19056) to work on /opt/airflow/dags/pipeline_one_off.py
[2026-01-20T02:22:54.039+0000] {processor.py:830} INFO - Processing file /opt/airflow/dags/pipeline_one_off.py for tasks to queue
[2026-01-20T02:22:54.041+0000] {logging_mixin.py:188} INFO - [2026-01-20T02:22:54.041+0000] {dagbag.py:545} INFO - Filling up the DagBag from /opt/airflow/dags/pipeline_one_off.py
[2026-01-20T02:22:54.065+0000] {processor.py:840} INFO - DAG(s) 'pipeline_one_off' retrieved from /opt/airflow/dags/pipeline_one_off.py
[2026-01-20T02:22:54.100+0000] {logging_mixin.py:188} INFO - [2026-01-20T02:22:54.100+0000] {dag.py:3089} INFO - Sync 1 DAGs
[2026-01-20T02:22:54.113+0000] {logging_mixin.py:188} INFO - [2026-01-20T02:22:54.113+0000] {dag.py:3947} INFO - Setting next_dagrun for pipeline_one_off to None, run_after=None
[2026-01-20T02:22:54.135+0000] {processor.py:183} INFO - Processing /opt/airflow/dags/pipeline_one_off.py took 0.103 seconds
[2026-01-20T02:23:24.412+0000] {processor.py:161} INFO - Started process (PID=19066) to work on /opt/airflow/dags/pipeline_one_off.py
[2026-01-20T02:23:24.414+0000] {processor.py:830} INFO - Processing file /opt/airflow/dags/pipeline_one_off.py for tasks to queue
[2026-01-20T02:23:24.417+0000] {logging_mixin.py:188} INFO - [2026-01-20T02:23:24.416+0000] {dagbag.py:545} INFO - Filling up the DagBag from /opt/airflow/dags/pipeline_one_off.py
[2026-01-20T02:23:24.442+0000] {processor.py:840} INFO - DAG(s) 'pipeline_one_off' retrieved from /opt/airflow/dags/pipeline_one_off.py
[2026-01-20T02:23:24.482+0000] {logging_mixin.py:188} INFO - [2026-01-20T02:23:24.481+0000] {dag.py:3089} INFO - Sync 1 DAGs
[2026-01-20T02:23:24.497+0000] {logging_mixin.py:188} INFO - [2026-01-20T02:23:24.497+0000] {dag.py:3947} INFO - Setting next_dagrun for pipeline_one_off to None, run_after=None
[2026-01-20T02:23:24.521+0000] {processor.py:183} INFO - Processing /opt/airflow/dags/pipeline_one_off.py took 0.118 seconds
[2026-01-20T02:23:54.799+0000] {processor.py:161} INFO - Started process (PID=19076) to work on /opt/airflow/dags/pipeline_one_off.py
[2026-01-20T02:23:54.801+0000] {processor.py:830} INFO - Processing file /opt/airflow/dags/pipeline_one_off.py for tasks to queue
[2026-01-20T02:23:54.803+0000] {logging_mixin.py:188} INFO - [2026-01-20T02:23:54.803+0000] {dagbag.py:545} INFO - Filling up the DagBag from /opt/airflow/dags/pipeline_one_off.py
[2026-01-20T02:23:54.827+0000] {processor.py:840} INFO - DAG(s) 'pipeline_one_off' retrieved from /opt/airflow/dags/pipeline_one_off.py
[2026-01-20T02:23:54.867+0000] {logging_mixin.py:188} INFO - [2026-01-20T02:23:54.866+0000] {dag.py:3089} INFO - Sync 1 DAGs
[2026-01-20T02:23:54.882+0000] {logging_mixin.py:188} INFO - [2026-01-20T02:23:54.881+0000] {dag.py:3947} INFO - Setting next_dagrun for pipeline_one_off to None, run_after=None
[2026-01-20T02:23:54.902+0000] {processor.py:183} INFO - Processing /opt/airflow/dags/pipeline_one_off.py took 0.111 seconds
[2026-01-20T02:24:25.194+0000] {processor.py:161} INFO - Started process (PID=19086) to work on /opt/airflow/dags/pipeline_one_off.py
[2026-01-20T02:24:25.196+0000] {processor.py:830} INFO - Processing file /opt/airflow/dags/pipeline_one_off.py for tasks to queue
[2026-01-20T02:24:25.198+0000] {logging_mixin.py:188} INFO - [2026-01-20T02:24:25.198+0000] {dagbag.py:545} INFO - Filling up the DagBag from /opt/airflow/dags/pipeline_one_off.py
[2026-01-20T02:24:25.221+0000] {processor.py:840} INFO - DAG(s) 'pipeline_one_off' retrieved from /opt/airflow/dags/pipeline_one_off.py
[2026-01-20T02:24:25.257+0000] {logging_mixin.py:188} INFO - [2026-01-20T02:24:25.256+0000] {dag.py:3089} INFO - Sync 1 DAGs
[2026-01-20T02:24:25.272+0000] {logging_mixin.py:188} INFO - [2026-01-20T02:24:25.272+0000] {dag.py:3947} INFO - Setting next_dagrun for pipeline_one_off to None, run_after=None
[2026-01-20T02:24:25.292+0000] {processor.py:183} INFO - Processing /opt/airflow/dags/pipeline_one_off.py took 0.104 seconds
[2026-01-20T02:24:55.576+0000] {processor.py:161} INFO - Started process (PID=19096) to work on /opt/airflow/dags/pipeline_one_off.py
[2026-01-20T02:24:55.577+0000] {processor.py:830} INFO - Processing file /opt/airflow/dags/pipeline_one_off.py for tasks to queue
[2026-01-20T02:24:55.580+0000] {logging_mixin.py:188} INFO - [2026-01-20T02:24:55.580+0000] {dagbag.py:545} INFO - Filling up the DagBag from /opt/airflow/dags/pipeline_one_off.py
[2026-01-20T02:24:55.601+0000] {processor.py:840} INFO - DAG(s) 'pipeline_one_off' retrieved from /opt/airflow/dags/pipeline_one_off.py
[2026-01-20T02:24:55.638+0000] {logging_mixin.py:188} INFO - [2026-01-20T02:24:55.638+0000] {dag.py:3089} INFO - Sync 1 DAGs
[2026-01-20T02:24:55.652+0000] {logging_mixin.py:188} INFO - [2026-01-20T02:24:55.652+0000] {dag.py:3947} INFO - Setting next_dagrun for pipeline_one_off to None, run_after=None
[2026-01-20T02:24:55.673+0000] {processor.py:183} INFO - Processing /opt/airflow/dags/pipeline_one_off.py took 0.104 seconds
[2026-01-20T02:25:25.944+0000] {processor.py:161} INFO - Started process (PID=19106) to work on /opt/airflow/dags/pipeline_one_off.py
[2026-01-20T02:25:25.945+0000] {processor.py:830} INFO - Processing file /opt/airflow/dags/pipeline_one_off.py for tasks to queue
[2026-01-20T02:25:25.948+0000] {logging_mixin.py:188} INFO - [2026-01-20T02:25:25.948+0000] {dagbag.py:545} INFO - Filling up the DagBag from /opt/airflow/dags/pipeline_one_off.py
[2026-01-20T02:25:25.969+0000] {processor.py:840} INFO - DAG(s) 'pipeline_one_off' retrieved from /opt/airflow/dags/pipeline_one_off.py
[2026-01-20T02:25:26.003+0000] {logging_mixin.py:188} INFO - [2026-01-20T02:25:26.002+0000] {dag.py:3089} INFO - Sync 1 DAGs
[2026-01-20T02:25:26.015+0000] {logging_mixin.py:188} INFO - [2026-01-20T02:25:26.014+0000] {dag.py:3947} INFO - Setting next_dagrun for pipeline_one_off to None, run_after=None
[2026-01-20T02:25:26.035+0000] {processor.py:183} INFO - Processing /opt/airflow/dags/pipeline_one_off.py took 0.097 seconds
[2026-01-20T02:25:56.320+0000] {processor.py:161} INFO - Started process (PID=19116) to work on /opt/airflow/dags/pipeline_one_off.py
[2026-01-20T02:25:56.321+0000] {processor.py:830} INFO - Processing file /opt/airflow/dags/pipeline_one_off.py for tasks to queue
[2026-01-20T02:25:56.323+0000] {logging_mixin.py:188} INFO - [2026-01-20T02:25:56.323+0000] {dagbag.py:545} INFO - Filling up the DagBag from /opt/airflow/dags/pipeline_one_off.py
[2026-01-20T02:25:56.346+0000] {processor.py:840} INFO - DAG(s) 'pipeline_one_off' retrieved from /opt/airflow/dags/pipeline_one_off.py
[2026-01-20T02:25:56.384+0000] {logging_mixin.py:188} INFO - [2026-01-20T02:25:56.384+0000] {dag.py:3089} INFO - Sync 1 DAGs
[2026-01-20T02:25:56.399+0000] {logging_mixin.py:188} INFO - [2026-01-20T02:25:56.399+0000] {dag.py:3947} INFO - Setting next_dagrun for pipeline_one_off to None, run_after=None
[2026-01-20T02:25:56.423+0000] {processor.py:183} INFO - Processing /opt/airflow/dags/pipeline_one_off.py took 0.111 seconds
[2026-01-20T02:26:26.706+0000] {processor.py:161} INFO - Started process (PID=19126) to work on /opt/airflow/dags/pipeline_one_off.py
[2026-01-20T02:26:26.707+0000] {processor.py:830} INFO - Processing file /opt/airflow/dags/pipeline_one_off.py for tasks to queue
[2026-01-20T02:26:26.709+0000] {logging_mixin.py:188} INFO - [2026-01-20T02:26:26.709+0000] {dagbag.py:545} INFO - Filling up the DagBag from /opt/airflow/dags/pipeline_one_off.py
[2026-01-20T02:26:26.731+0000] {processor.py:840} INFO - DAG(s) 'pipeline_one_off' retrieved from /opt/airflow/dags/pipeline_one_off.py
[2026-01-20T02:26:26.770+0000] {logging_mixin.py:188} INFO - [2026-01-20T02:26:26.770+0000] {dag.py:3089} INFO - Sync 1 DAGs
[2026-01-20T02:26:26.784+0000] {logging_mixin.py:188} INFO - [2026-01-20T02:26:26.784+0000] {dag.py:3947} INFO - Setting next_dagrun for pipeline_one_off to None, run_after=None
[2026-01-20T02:26:26.808+0000] {processor.py:183} INFO - Processing /opt/airflow/dags/pipeline_one_off.py took 0.109 seconds
[2026-01-20T02:26:57.092+0000] {processor.py:161} INFO - Started process (PID=19136) to work on /opt/airflow/dags/pipeline_one_off.py
[2026-01-20T02:26:57.094+0000] {processor.py:830} INFO - Processing file /opt/airflow/dags/pipeline_one_off.py for tasks to queue
[2026-01-20T02:26:57.096+0000] {logging_mixin.py:188} INFO - [2026-01-20T02:26:57.096+0000] {dagbag.py:545} INFO - Filling up the DagBag from /opt/airflow/dags/pipeline_one_off.py
[2026-01-20T02:26:57.117+0000] {processor.py:840} INFO - DAG(s) 'pipeline_one_off' retrieved from /opt/airflow/dags/pipeline_one_off.py
[2026-01-20T02:26:57.156+0000] {logging_mixin.py:188} INFO - [2026-01-20T02:26:57.156+0000] {dag.py:3089} INFO - Sync 1 DAGs
[2026-01-20T02:26:57.171+0000] {logging_mixin.py:188} INFO - [2026-01-20T02:26:57.170+0000] {dag.py:3947} INFO - Setting next_dagrun for pipeline_one_off to None, run_after=None
[2026-01-20T02:26:57.194+0000] {processor.py:183} INFO - Processing /opt/airflow/dags/pipeline_one_off.py took 0.108 seconds
[2026-01-20T02:27:27.481+0000] {processor.py:161} INFO - Started process (PID=19146) to work on /opt/airflow/dags/pipeline_one_off.py
[2026-01-20T02:27:27.482+0000] {processor.py:830} INFO - Processing file /opt/airflow/dags/pipeline_one_off.py for tasks to queue
[2026-01-20T02:27:27.485+0000] {logging_mixin.py:188} INFO - [2026-01-20T02:27:27.484+0000] {dagbag.py:545} INFO - Filling up the DagBag from /opt/airflow/dags/pipeline_one_off.py
[2026-01-20T02:27:27.509+0000] {processor.py:840} INFO - DAG(s) 'pipeline_one_off' retrieved from /opt/airflow/dags/pipeline_one_off.py
[2026-01-20T02:27:27.553+0000] {logging_mixin.py:188} INFO - [2026-01-20T02:27:27.552+0000] {dag.py:3089} INFO - Sync 1 DAGs
[2026-01-20T02:27:27.568+0000] {logging_mixin.py:188} INFO - [2026-01-20T02:27:27.568+0000] {dag.py:3947} INFO - Setting next_dagrun for pipeline_one_off to None, run_after=None
[2026-01-20T02:27:27.592+0000] {processor.py:183} INFO - Processing /opt/airflow/dags/pipeline_one_off.py took 0.118 seconds
[2026-01-20T02:27:57.873+0000] {processor.py:161} INFO - Started process (PID=19156) to work on /opt/airflow/dags/pipeline_one_off.py
[2026-01-20T02:27:57.874+0000] {processor.py:830} INFO - Processing file /opt/airflow/dags/pipeline_one_off.py for tasks to queue
[2026-01-20T02:27:57.876+0000] {logging_mixin.py:188} INFO - [2026-01-20T02:27:57.876+0000] {dagbag.py:545} INFO - Filling up the DagBag from /opt/airflow/dags/pipeline_one_off.py
[2026-01-20T02:27:57.900+0000] {processor.py:840} INFO - DAG(s) 'pipeline_one_off' retrieved from /opt/airflow/dags/pipeline_one_off.py
[2026-01-20T02:27:57.938+0000] {logging_mixin.py:188} INFO - [2026-01-20T02:27:57.938+0000] {dag.py:3089} INFO - Sync 1 DAGs
[2026-01-20T02:27:57.953+0000] {logging_mixin.py:188} INFO - [2026-01-20T02:27:57.953+0000] {dag.py:3947} INFO - Setting next_dagrun for pipeline_one_off to None, run_after=None
[2026-01-20T02:27:57.973+0000] {processor.py:183} INFO - Processing /opt/airflow/dags/pipeline_one_off.py took 0.107 seconds
[2026-01-20T02:28:28.245+0000] {processor.py:161} INFO - Started process (PID=19166) to work on /opt/airflow/dags/pipeline_one_off.py
[2026-01-20T02:28:28.247+0000] {processor.py:830} INFO - Processing file /opt/airflow/dags/pipeline_one_off.py for tasks to queue
[2026-01-20T02:28:28.250+0000] {logging_mixin.py:188} INFO - [2026-01-20T02:28:28.250+0000] {dagbag.py:545} INFO - Filling up the DagBag from /opt/airflow/dags/pipeline_one_off.py
[2026-01-20T02:28:28.276+0000] {processor.py:840} INFO - DAG(s) 'pipeline_one_off' retrieved from /opt/airflow/dags/pipeline_one_off.py
[2026-01-20T02:28:28.315+0000] {logging_mixin.py:188} INFO - [2026-01-20T02:28:28.315+0000] {dag.py:3089} INFO - Sync 1 DAGs
[2026-01-20T02:28:28.331+0000] {logging_mixin.py:188} INFO - [2026-01-20T02:28:28.330+0000] {dag.py:3947} INFO - Setting next_dagrun for pipeline_one_off to None, run_after=None
[2026-01-20T02:28:28.357+0000] {processor.py:183} INFO - Processing /opt/airflow/dags/pipeline_one_off.py took 0.119 seconds
[2026-01-20T02:28:58.685+0000] {processor.py:161} INFO - Started process (PID=19176) to work on /opt/airflow/dags/pipeline_one_off.py
[2026-01-20T02:28:58.687+0000] {processor.py:830} INFO - Processing file /opt/airflow/dags/pipeline_one_off.py for tasks to queue
[2026-01-20T02:28:58.689+0000] {logging_mixin.py:188} INFO - [2026-01-20T02:28:58.689+0000] {dagbag.py:545} INFO - Filling up the DagBag from /opt/airflow/dags/pipeline_one_off.py
[2026-01-20T02:28:58.716+0000] {processor.py:840} INFO - DAG(s) 'pipeline_one_off' retrieved from /opt/airflow/dags/pipeline_one_off.py
[2026-01-20T02:28:58.752+0000] {logging_mixin.py:188} INFO - [2026-01-20T02:28:58.752+0000] {dag.py:3089} INFO - Sync 1 DAGs
[2026-01-20T02:28:58.767+0000] {logging_mixin.py:188} INFO - [2026-01-20T02:28:58.766+0000] {dag.py:3947} INFO - Setting next_dagrun for pipeline_one_off to None, run_after=None
[2026-01-20T02:28:58.788+0000] {processor.py:183} INFO - Processing /opt/airflow/dags/pipeline_one_off.py took 0.109 seconds
[2026-01-20T02:29:29.066+0000] {processor.py:161} INFO - Started process (PID=19186) to work on /opt/airflow/dags/pipeline_one_off.py
[2026-01-20T02:29:29.068+0000] {processor.py:830} INFO - Processing file /opt/airflow/dags/pipeline_one_off.py for tasks to queue
[2026-01-20T02:29:29.071+0000] {logging_mixin.py:188} INFO - [2026-01-20T02:29:29.071+0000] {dagbag.py:545} INFO - Filling up the DagBag from /opt/airflow/dags/pipeline_one_off.py
[2026-01-20T02:29:29.096+0000] {processor.py:840} INFO - DAG(s) 'pipeline_one_off' retrieved from /opt/airflow/dags/pipeline_one_off.py
[2026-01-20T02:29:29.134+0000] {logging_mixin.py:188} INFO - [2026-01-20T02:29:29.134+0000] {dag.py:3089} INFO - Sync 1 DAGs
[2026-01-20T02:29:29.148+0000] {logging_mixin.py:188} INFO - [2026-01-20T02:29:29.148+0000] {dag.py:3947} INFO - Setting next_dagrun for pipeline_one_off to None, run_after=None
[2026-01-20T02:29:29.170+0000] {processor.py:183} INFO - Processing /opt/airflow/dags/pipeline_one_off.py took 0.111 seconds
[2026-01-20T02:29:59.445+0000] {processor.py:161} INFO - Started process (PID=19196) to work on /opt/airflow/dags/pipeline_one_off.py
[2026-01-20T02:29:59.447+0000] {processor.py:830} INFO - Processing file /opt/airflow/dags/pipeline_one_off.py for tasks to queue
[2026-01-20T02:29:59.450+0000] {logging_mixin.py:188} INFO - [2026-01-20T02:29:59.449+0000] {dagbag.py:545} INFO - Filling up the DagBag from /opt/airflow/dags/pipeline_one_off.py
[2026-01-20T02:29:59.473+0000] {processor.py:840} INFO - DAG(s) 'pipeline_one_off' retrieved from /opt/airflow/dags/pipeline_one_off.py
[2026-01-20T02:29:59.504+0000] {logging_mixin.py:188} INFO - [2026-01-20T02:29:59.504+0000] {dag.py:3089} INFO - Sync 1 DAGs
[2026-01-20T02:29:59.520+0000] {logging_mixin.py:188} INFO - [2026-01-20T02:29:59.519+0000] {dag.py:3947} INFO - Setting next_dagrun for pipeline_one_off to None, run_after=None
[2026-01-20T02:29:59.539+0000] {processor.py:183} INFO - Processing /opt/airflow/dags/pipeline_one_off.py took 0.099 seconds
[2026-01-20T02:30:29.810+0000] {processor.py:161} INFO - Started process (PID=19209) to work on /opt/airflow/dags/pipeline_one_off.py
[2026-01-20T02:30:29.812+0000] {processor.py:830} INFO - Processing file /opt/airflow/dags/pipeline_one_off.py for tasks to queue
[2026-01-20T02:30:29.814+0000] {logging_mixin.py:188} INFO - [2026-01-20T02:30:29.813+0000] {dagbag.py:545} INFO - Filling up the DagBag from /opt/airflow/dags/pipeline_one_off.py
[2026-01-20T02:30:29.837+0000] {processor.py:840} INFO - DAG(s) 'pipeline_one_off' retrieved from /opt/airflow/dags/pipeline_one_off.py
[2026-01-20T02:30:29.873+0000] {logging_mixin.py:188} INFO - [2026-01-20T02:30:29.873+0000] {dag.py:3089} INFO - Sync 1 DAGs
[2026-01-20T02:30:29.887+0000] {logging_mixin.py:188} INFO - [2026-01-20T02:30:29.887+0000] {dag.py:3947} INFO - Setting next_dagrun for pipeline_one_off to None, run_after=None
[2026-01-20T02:30:29.918+0000] {processor.py:183} INFO - Processing /opt/airflow/dags/pipeline_one_off.py took 0.115 seconds
[2026-01-20T02:31:00.195+0000] {processor.py:161} INFO - Started process (PID=19219) to work on /opt/airflow/dags/pipeline_one_off.py
[2026-01-20T02:31:00.196+0000] {processor.py:830} INFO - Processing file /opt/airflow/dags/pipeline_one_off.py for tasks to queue
[2026-01-20T02:31:00.199+0000] {logging_mixin.py:188} INFO - [2026-01-20T02:31:00.198+0000] {dagbag.py:545} INFO - Filling up the DagBag from /opt/airflow/dags/pipeline_one_off.py
[2026-01-20T02:31:00.221+0000] {processor.py:840} INFO - DAG(s) 'pipeline_one_off' retrieved from /opt/airflow/dags/pipeline_one_off.py
[2026-01-20T02:31:00.258+0000] {logging_mixin.py:188} INFO - [2026-01-20T02:31:00.258+0000] {dag.py:3089} INFO - Sync 1 DAGs
[2026-01-20T02:31:00.273+0000] {logging_mixin.py:188} INFO - [2026-01-20T02:31:00.273+0000] {dag.py:3947} INFO - Setting next_dagrun for pipeline_one_off to None, run_after=None
[2026-01-20T02:31:00.295+0000] {processor.py:183} INFO - Processing /opt/airflow/dags/pipeline_one_off.py took 0.107 seconds
[2026-01-20T02:31:30.588+0000] {processor.py:161} INFO - Started process (PID=19229) to work on /opt/airflow/dags/pipeline_one_off.py
[2026-01-20T02:31:30.589+0000] {processor.py:830} INFO - Processing file /opt/airflow/dags/pipeline_one_off.py for tasks to queue
[2026-01-20T02:31:30.592+0000] {logging_mixin.py:188} INFO - [2026-01-20T02:31:30.591+0000] {dagbag.py:545} INFO - Filling up the DagBag from /opt/airflow/dags/pipeline_one_off.py
[2026-01-20T02:31:30.615+0000] {processor.py:840} INFO - DAG(s) 'pipeline_one_off' retrieved from /opt/airflow/dags/pipeline_one_off.py
[2026-01-20T02:31:30.653+0000] {logging_mixin.py:188} INFO - [2026-01-20T02:31:30.652+0000] {dag.py:3089} INFO - Sync 1 DAGs
[2026-01-20T02:31:30.666+0000] {logging_mixin.py:188} INFO - [2026-01-20T02:31:30.666+0000] {dag.py:3947} INFO - Setting next_dagrun for pipeline_one_off to None, run_after=None
[2026-01-20T02:31:30.689+0000] {processor.py:183} INFO - Processing /opt/airflow/dags/pipeline_one_off.py took 0.108 seconds
[2026-01-20T02:32:00.989+0000] {processor.py:161} INFO - Started process (PID=19239) to work on /opt/airflow/dags/pipeline_one_off.py
[2026-01-20T02:32:00.990+0000] {processor.py:830} INFO - Processing file /opt/airflow/dags/pipeline_one_off.py for tasks to queue
[2026-01-20T02:32:00.993+0000] {logging_mixin.py:188} INFO - [2026-01-20T02:32:00.992+0000] {dagbag.py:545} INFO - Filling up the DagBag from /opt/airflow/dags/pipeline_one_off.py
[2026-01-20T02:32:01.016+0000] {processor.py:840} INFO - DAG(s) 'pipeline_one_off' retrieved from /opt/airflow/dags/pipeline_one_off.py
[2026-01-20T02:32:01.054+0000] {logging_mixin.py:188} INFO - [2026-01-20T02:32:01.054+0000] {dag.py:3089} INFO - Sync 1 DAGs
[2026-01-20T02:32:01.069+0000] {logging_mixin.py:188} INFO - [2026-01-20T02:32:01.068+0000] {dag.py:3947} INFO - Setting next_dagrun for pipeline_one_off to None, run_after=None
[2026-01-20T02:32:01.089+0000] {processor.py:183} INFO - Processing /opt/airflow/dags/pipeline_one_off.py took 0.106 seconds
[2026-01-20T02:32:31.367+0000] {processor.py:161} INFO - Started process (PID=19249) to work on /opt/airflow/dags/pipeline_one_off.py
[2026-01-20T02:32:31.369+0000] {processor.py:830} INFO - Processing file /opt/airflow/dags/pipeline_one_off.py for tasks to queue
[2026-01-20T02:32:31.371+0000] {logging_mixin.py:188} INFO - [2026-01-20T02:32:31.370+0000] {dagbag.py:545} INFO - Filling up the DagBag from /opt/airflow/dags/pipeline_one_off.py
[2026-01-20T02:32:31.394+0000] {processor.py:840} INFO - DAG(s) 'pipeline_one_off' retrieved from /opt/airflow/dags/pipeline_one_off.py
[2026-01-20T02:32:31.432+0000] {logging_mixin.py:188} INFO - [2026-01-20T02:32:31.432+0000] {dag.py:3089} INFO - Sync 1 DAGs
[2026-01-20T02:32:31.447+0000] {logging_mixin.py:188} INFO - [2026-01-20T02:32:31.446+0000] {dag.py:3947} INFO - Setting next_dagrun for pipeline_one_off to None, run_after=None
[2026-01-20T02:32:31.469+0000] {processor.py:183} INFO - Processing /opt/airflow/dags/pipeline_one_off.py took 0.109 seconds
[2026-01-20T02:33:01.768+0000] {processor.py:161} INFO - Started process (PID=19259) to work on /opt/airflow/dags/pipeline_one_off.py
[2026-01-20T02:33:01.770+0000] {processor.py:830} INFO - Processing file /opt/airflow/dags/pipeline_one_off.py for tasks to queue
[2026-01-20T02:33:01.773+0000] {logging_mixin.py:188} INFO - [2026-01-20T02:33:01.772+0000] {dagbag.py:545} INFO - Filling up the DagBag from /opt/airflow/dags/pipeline_one_off.py
[2026-01-20T02:33:01.798+0000] {processor.py:840} INFO - DAG(s) 'pipeline_one_off' retrieved from /opt/airflow/dags/pipeline_one_off.py
[2026-01-20T02:33:01.837+0000] {logging_mixin.py:188} INFO - [2026-01-20T02:33:01.837+0000] {dag.py:3089} INFO - Sync 1 DAGs
[2026-01-20T02:33:01.852+0000] {logging_mixin.py:188} INFO - [2026-01-20T02:33:01.851+0000] {dag.py:3947} INFO - Setting next_dagrun for pipeline_one_off to None, run_after=None
[2026-01-20T02:33:01.872+0000] {processor.py:183} INFO - Processing /opt/airflow/dags/pipeline_one_off.py took 0.111 seconds
[2026-01-20T02:33:32.164+0000] {processor.py:161} INFO - Started process (PID=19269) to work on /opt/airflow/dags/pipeline_one_off.py
[2026-01-20T02:33:32.165+0000] {processor.py:830} INFO - Processing file /opt/airflow/dags/pipeline_one_off.py for tasks to queue
[2026-01-20T02:33:32.167+0000] {logging_mixin.py:188} INFO - [2026-01-20T02:33:32.166+0000] {dagbag.py:545} INFO - Filling up the DagBag from /opt/airflow/dags/pipeline_one_off.py
[2026-01-20T02:33:32.190+0000] {processor.py:840} INFO - DAG(s) 'pipeline_one_off' retrieved from /opt/airflow/dags/pipeline_one_off.py
[2026-01-20T02:33:32.229+0000] {logging_mixin.py:188} INFO - [2026-01-20T02:33:32.228+0000] {dag.py:3089} INFO - Sync 1 DAGs
[2026-01-20T02:33:32.243+0000] {logging_mixin.py:188} INFO - [2026-01-20T02:33:32.243+0000] {dag.py:3947} INFO - Setting next_dagrun for pipeline_one_off to None, run_after=None
[2026-01-20T02:33:32.264+0000] {processor.py:183} INFO - Processing /opt/airflow/dags/pipeline_one_off.py took 0.108 seconds
[2026-01-20T02:34:02.605+0000] {processor.py:161} INFO - Started process (PID=19279) to work on /opt/airflow/dags/pipeline_one_off.py
[2026-01-20T02:34:02.606+0000] {processor.py:830} INFO - Processing file /opt/airflow/dags/pipeline_one_off.py for tasks to queue
[2026-01-20T02:34:02.608+0000] {logging_mixin.py:188} INFO - [2026-01-20T02:34:02.608+0000] {dagbag.py:545} INFO - Filling up the DagBag from /opt/airflow/dags/pipeline_one_off.py
[2026-01-20T02:34:02.631+0000] {processor.py:840} INFO - DAG(s) 'pipeline_one_off' retrieved from /opt/airflow/dags/pipeline_one_off.py
[2026-01-20T02:34:02.669+0000] {logging_mixin.py:188} INFO - [2026-01-20T02:34:02.669+0000] {dag.py:3089} INFO - Sync 1 DAGs
[2026-01-20T02:34:02.684+0000] {logging_mixin.py:188} INFO - [2026-01-20T02:34:02.683+0000] {dag.py:3947} INFO - Setting next_dagrun for pipeline_one_off to None, run_after=None
[2026-01-20T02:34:02.707+0000] {processor.py:183} INFO - Processing /opt/airflow/dags/pipeline_one_off.py took 0.108 seconds
[2026-01-20T02:34:32.999+0000] {processor.py:161} INFO - Started process (PID=19289) to work on /opt/airflow/dags/pipeline_one_off.py
[2026-01-20T02:34:33.001+0000] {processor.py:830} INFO - Processing file /opt/airflow/dags/pipeline_one_off.py for tasks to queue
[2026-01-20T02:34:33.004+0000] {logging_mixin.py:188} INFO - [2026-01-20T02:34:33.003+0000] {dagbag.py:545} INFO - Filling up the DagBag from /opt/airflow/dags/pipeline_one_off.py
[2026-01-20T02:34:33.030+0000] {processor.py:840} INFO - DAG(s) 'pipeline_one_off' retrieved from /opt/airflow/dags/pipeline_one_off.py
[2026-01-20T02:34:33.069+0000] {logging_mixin.py:188} INFO - [2026-01-20T02:34:33.068+0000] {dag.py:3089} INFO - Sync 1 DAGs
[2026-01-20T02:34:33.083+0000] {logging_mixin.py:188} INFO - [2026-01-20T02:34:33.083+0000] {dag.py:3947} INFO - Setting next_dagrun for pipeline_one_off to None, run_after=None
[2026-01-20T02:34:33.105+0000] {processor.py:183} INFO - Processing /opt/airflow/dags/pipeline_one_off.py took 0.111 seconds
[2026-01-20T02:35:03.391+0000] {processor.py:161} INFO - Started process (PID=19299) to work on /opt/airflow/dags/pipeline_one_off.py
[2026-01-20T02:35:03.393+0000] {processor.py:830} INFO - Processing file /opt/airflow/dags/pipeline_one_off.py for tasks to queue
[2026-01-20T02:35:03.397+0000] {logging_mixin.py:188} INFO - [2026-01-20T02:35:03.396+0000] {dagbag.py:545} INFO - Filling up the DagBag from /opt/airflow/dags/pipeline_one_off.py
[2026-01-20T02:35:03.421+0000] {processor.py:840} INFO - DAG(s) 'pipeline_one_off' retrieved from /opt/airflow/dags/pipeline_one_off.py
[2026-01-20T02:35:03.459+0000] {logging_mixin.py:188} INFO - [2026-01-20T02:35:03.459+0000] {dag.py:3089} INFO - Sync 1 DAGs
[2026-01-20T02:35:03.474+0000] {logging_mixin.py:188} INFO - [2026-01-20T02:35:03.473+0000] {dag.py:3947} INFO - Setting next_dagrun for pipeline_one_off to None, run_after=None
[2026-01-20T02:35:03.497+0000] {processor.py:183} INFO - Processing /opt/airflow/dags/pipeline_one_off.py took 0.112 seconds
[2026-01-20T02:35:33.769+0000] {processor.py:161} INFO - Started process (PID=19309) to work on /opt/airflow/dags/pipeline_one_off.py
[2026-01-20T02:35:33.770+0000] {processor.py:830} INFO - Processing file /opt/airflow/dags/pipeline_one_off.py for tasks to queue
[2026-01-20T02:35:33.774+0000] {logging_mixin.py:188} INFO - [2026-01-20T02:35:33.773+0000] {dagbag.py:545} INFO - Filling up the DagBag from /opt/airflow/dags/pipeline_one_off.py
[2026-01-20T02:35:33.796+0000] {processor.py:840} INFO - DAG(s) 'pipeline_one_off' retrieved from /opt/airflow/dags/pipeline_one_off.py
[2026-01-20T02:35:33.837+0000] {logging_mixin.py:188} INFO - [2026-01-20T02:35:33.836+0000] {dag.py:3089} INFO - Sync 1 DAGs
[2026-01-20T02:35:33.852+0000] {logging_mixin.py:188} INFO - [2026-01-20T02:35:33.851+0000] {dag.py:3947} INFO - Setting next_dagrun for pipeline_one_off to None, run_after=None
[2026-01-20T02:35:33.875+0000] {processor.py:183} INFO - Processing /opt/airflow/dags/pipeline_one_off.py took 0.113 seconds
[2026-01-20T02:36:04.206+0000] {processor.py:161} INFO - Started process (PID=19319) to work on /opt/airflow/dags/pipeline_one_off.py
[2026-01-20T02:36:04.207+0000] {processor.py:830} INFO - Processing file /opt/airflow/dags/pipeline_one_off.py for tasks to queue
[2026-01-20T02:36:04.210+0000] {logging_mixin.py:188} INFO - [2026-01-20T02:36:04.210+0000] {dagbag.py:545} INFO - Filling up the DagBag from /opt/airflow/dags/pipeline_one_off.py
[2026-01-20T02:36:04.233+0000] {processor.py:840} INFO - DAG(s) 'pipeline_one_off' retrieved from /opt/airflow/dags/pipeline_one_off.py
[2026-01-20T02:36:04.272+0000] {logging_mixin.py:188} INFO - [2026-01-20T02:36:04.272+0000] {dag.py:3089} INFO - Sync 1 DAGs
[2026-01-20T02:36:04.287+0000] {logging_mixin.py:188} INFO - [2026-01-20T02:36:04.287+0000] {dag.py:3947} INFO - Setting next_dagrun for pipeline_one_off to None, run_after=None
[2026-01-20T02:36:04.311+0000] {processor.py:183} INFO - Processing /opt/airflow/dags/pipeline_one_off.py took 0.113 seconds
[2026-01-20T02:36:34.605+0000] {processor.py:161} INFO - Started process (PID=19329) to work on /opt/airflow/dags/pipeline_one_off.py
[2026-01-20T02:36:34.606+0000] {processor.py:830} INFO - Processing file /opt/airflow/dags/pipeline_one_off.py for tasks to queue
[2026-01-20T02:36:34.609+0000] {logging_mixin.py:188} INFO - [2026-01-20T02:36:34.608+0000] {dagbag.py:545} INFO - Filling up the DagBag from /opt/airflow/dags/pipeline_one_off.py
[2026-01-20T02:36:34.632+0000] {processor.py:840} INFO - DAG(s) 'pipeline_one_off' retrieved from /opt/airflow/dags/pipeline_one_off.py
[2026-01-20T02:36:34.673+0000] {logging_mixin.py:188} INFO - [2026-01-20T02:36:34.673+0000] {dag.py:3089} INFO - Sync 1 DAGs
[2026-01-20T02:36:34.687+0000] {logging_mixin.py:188} INFO - [2026-01-20T02:36:34.687+0000] {dag.py:3947} INFO - Setting next_dagrun for pipeline_one_off to None, run_after=None
[2026-01-20T02:36:34.707+0000] {processor.py:183} INFO - Processing /opt/airflow/dags/pipeline_one_off.py took 0.110 seconds
[2026-01-20T02:37:05.000+0000] {processor.py:161} INFO - Started process (PID=19339) to work on /opt/airflow/dags/pipeline_one_off.py
[2026-01-20T02:37:05.002+0000] {processor.py:830} INFO - Processing file /opt/airflow/dags/pipeline_one_off.py for tasks to queue
[2026-01-20T02:37:05.005+0000] {logging_mixin.py:188} INFO - [2026-01-20T02:37:05.004+0000] {dagbag.py:545} INFO - Filling up the DagBag from /opt/airflow/dags/pipeline_one_off.py
[2026-01-20T02:37:05.029+0000] {processor.py:840} INFO - DAG(s) 'pipeline_one_off' retrieved from /opt/airflow/dags/pipeline_one_off.py
[2026-01-20T02:37:05.068+0000] {logging_mixin.py:188} INFO - [2026-01-20T02:37:05.068+0000] {dag.py:3089} INFO - Sync 1 DAGs
[2026-01-20T02:37:05.083+0000] {logging_mixin.py:188} INFO - [2026-01-20T02:37:05.083+0000] {dag.py:3947} INFO - Setting next_dagrun for pipeline_one_off to None, run_after=None
[2026-01-20T02:37:05.103+0000] {processor.py:183} INFO - Processing /opt/airflow/dags/pipeline_one_off.py took 0.111 seconds
[2026-01-20T02:37:35.390+0000] {processor.py:161} INFO - Started process (PID=19349) to work on /opt/airflow/dags/pipeline_one_off.py
[2026-01-20T02:37:35.391+0000] {processor.py:830} INFO - Processing file /opt/airflow/dags/pipeline_one_off.py for tasks to queue
[2026-01-20T02:37:35.394+0000] {logging_mixin.py:188} INFO - [2026-01-20T02:37:35.394+0000] {dagbag.py:545} INFO - Filling up the DagBag from /opt/airflow/dags/pipeline_one_off.py
[2026-01-20T02:37:35.417+0000] {processor.py:840} INFO - DAG(s) 'pipeline_one_off' retrieved from /opt/airflow/dags/pipeline_one_off.py
[2026-01-20T02:37:35.452+0000] {logging_mixin.py:188} INFO - [2026-01-20T02:37:35.452+0000] {dag.py:3089} INFO - Sync 1 DAGs
[2026-01-20T02:37:35.466+0000] {logging_mixin.py:188} INFO - [2026-01-20T02:37:35.466+0000] {dag.py:3947} INFO - Setting next_dagrun for pipeline_one_off to None, run_after=None
[2026-01-20T02:37:35.488+0000] {processor.py:183} INFO - Processing /opt/airflow/dags/pipeline_one_off.py took 0.104 seconds
[2026-01-20T02:38:05.777+0000] {processor.py:161} INFO - Started process (PID=19359) to work on /opt/airflow/dags/pipeline_one_off.py
[2026-01-20T02:38:05.779+0000] {processor.py:830} INFO - Processing file /opt/airflow/dags/pipeline_one_off.py for tasks to queue
[2026-01-20T02:38:05.782+0000] {logging_mixin.py:188} INFO - [2026-01-20T02:38:05.781+0000] {dagbag.py:545} INFO - Filling up the DagBag from /opt/airflow/dags/pipeline_one_off.py
[2026-01-20T02:38:05.807+0000] {processor.py:840} INFO - DAG(s) 'pipeline_one_off' retrieved from /opt/airflow/dags/pipeline_one_off.py
[2026-01-20T02:38:05.850+0000] {logging_mixin.py:188} INFO - [2026-01-20T02:38:05.850+0000] {dag.py:3089} INFO - Sync 1 DAGs
[2026-01-20T02:38:05.866+0000] {logging_mixin.py:188} INFO - [2026-01-20T02:38:05.865+0000] {dag.py:3947} INFO - Setting next_dagrun for pipeline_one_off to None, run_after=None
[2026-01-20T02:38:05.890+0000] {processor.py:183} INFO - Processing /opt/airflow/dags/pipeline_one_off.py took 0.120 seconds
[2026-01-20T02:38:36.187+0000] {processor.py:161} INFO - Started process (PID=19369) to work on /opt/airflow/dags/pipeline_one_off.py
[2026-01-20T02:38:36.189+0000] {processor.py:830} INFO - Processing file /opt/airflow/dags/pipeline_one_off.py for tasks to queue
[2026-01-20T02:38:36.191+0000] {logging_mixin.py:188} INFO - [2026-01-20T02:38:36.190+0000] {dagbag.py:545} INFO - Filling up the DagBag from /opt/airflow/dags/pipeline_one_off.py
[2026-01-20T02:38:36.211+0000] {processor.py:840} INFO - DAG(s) 'pipeline_one_off' retrieved from /opt/airflow/dags/pipeline_one_off.py
[2026-01-20T02:38:36.241+0000] {logging_mixin.py:188} INFO - [2026-01-20T02:38:36.240+0000] {dag.py:3089} INFO - Sync 1 DAGs
[2026-01-20T02:38:36.254+0000] {logging_mixin.py:188} INFO - [2026-01-20T02:38:36.254+0000] {dag.py:3947} INFO - Setting next_dagrun for pipeline_one_off to None, run_after=None
[2026-01-20T02:38:36.274+0000] {processor.py:183} INFO - Processing /opt/airflow/dags/pipeline_one_off.py took 0.093 seconds
[2026-01-20T02:39:06.563+0000] {processor.py:161} INFO - Started process (PID=19379) to work on /opt/airflow/dags/pipeline_one_off.py
[2026-01-20T02:39:06.565+0000] {processor.py:830} INFO - Processing file /opt/airflow/dags/pipeline_one_off.py for tasks to queue
[2026-01-20T02:39:06.567+0000] {logging_mixin.py:188} INFO - [2026-01-20T02:39:06.566+0000] {dagbag.py:545} INFO - Filling up the DagBag from /opt/airflow/dags/pipeline_one_off.py
[2026-01-20T02:39:06.588+0000] {processor.py:840} INFO - DAG(s) 'pipeline_one_off' retrieved from /opt/airflow/dags/pipeline_one_off.py
[2026-01-20T02:39:06.621+0000] {logging_mixin.py:188} INFO - [2026-01-20T02:39:06.621+0000] {dag.py:3089} INFO - Sync 1 DAGs
[2026-01-20T02:39:06.634+0000] {logging_mixin.py:188} INFO - [2026-01-20T02:39:06.634+0000] {dag.py:3947} INFO - Setting next_dagrun for pipeline_one_off to None, run_after=None
[2026-01-20T02:39:06.655+0000] {processor.py:183} INFO - Processing /opt/airflow/dags/pipeline_one_off.py took 0.098 seconds
[2026-01-20T02:39:36.935+0000] {processor.py:161} INFO - Started process (PID=19389) to work on /opt/airflow/dags/pipeline_one_off.py
[2026-01-20T02:39:36.937+0000] {processor.py:830} INFO - Processing file /opt/airflow/dags/pipeline_one_off.py for tasks to queue
[2026-01-20T02:39:36.940+0000] {logging_mixin.py:188} INFO - [2026-01-20T02:39:36.939+0000] {dagbag.py:545} INFO - Filling up the DagBag from /opt/airflow/dags/pipeline_one_off.py
[2026-01-20T02:39:36.963+0000] {processor.py:840} INFO - DAG(s) 'pipeline_one_off' retrieved from /opt/airflow/dags/pipeline_one_off.py
[2026-01-20T02:39:36.995+0000] {logging_mixin.py:188} INFO - [2026-01-20T02:39:36.995+0000] {dag.py:3089} INFO - Sync 1 DAGs
[2026-01-20T02:39:37.008+0000] {logging_mixin.py:188} INFO - [2026-01-20T02:39:37.008+0000] {dag.py:3947} INFO - Setting next_dagrun for pipeline_one_off to None, run_after=None
[2026-01-20T02:39:37.031+0000] {processor.py:183} INFO - Processing /opt/airflow/dags/pipeline_one_off.py took 0.102 seconds
[2026-01-20T02:40:07.326+0000] {processor.py:161} INFO - Started process (PID=19399) to work on /opt/airflow/dags/pipeline_one_off.py
[2026-01-20T02:40:07.327+0000] {processor.py:830} INFO - Processing file /opt/airflow/dags/pipeline_one_off.py for tasks to queue
[2026-01-20T02:40:07.329+0000] {logging_mixin.py:188} INFO - [2026-01-20T02:40:07.329+0000] {dagbag.py:545} INFO - Filling up the DagBag from /opt/airflow/dags/pipeline_one_off.py
[2026-01-20T02:40:07.353+0000] {processor.py:840} INFO - DAG(s) 'pipeline_one_off' retrieved from /opt/airflow/dags/pipeline_one_off.py
[2026-01-20T02:40:07.389+0000] {logging_mixin.py:188} INFO - [2026-01-20T02:40:07.389+0000] {dag.py:3089} INFO - Sync 1 DAGs
[2026-01-20T02:40:07.404+0000] {logging_mixin.py:188} INFO - [2026-01-20T02:40:07.403+0000] {dag.py:3947} INFO - Setting next_dagrun for pipeline_one_off to None, run_after=None
[2026-01-20T02:40:07.424+0000] {processor.py:183} INFO - Processing /opt/airflow/dags/pipeline_one_off.py took 0.104 seconds
[2026-01-20T02:40:37.699+0000] {processor.py:161} INFO - Started process (PID=19409) to work on /opt/airflow/dags/pipeline_one_off.py
[2026-01-20T02:40:37.700+0000] {processor.py:830} INFO - Processing file /opt/airflow/dags/pipeline_one_off.py for tasks to queue
[2026-01-20T02:40:37.703+0000] {logging_mixin.py:188} INFO - [2026-01-20T02:40:37.702+0000] {dagbag.py:545} INFO - Filling up the DagBag from /opt/airflow/dags/pipeline_one_off.py
[2026-01-20T02:40:37.724+0000] {processor.py:840} INFO - DAG(s) 'pipeline_one_off' retrieved from /opt/airflow/dags/pipeline_one_off.py
[2026-01-20T02:40:37.756+0000] {logging_mixin.py:188} INFO - [2026-01-20T02:40:37.756+0000] {dag.py:3089} INFO - Sync 1 DAGs
[2026-01-20T02:40:37.768+0000] {logging_mixin.py:188} INFO - [2026-01-20T02:40:37.767+0000] {dag.py:3947} INFO - Setting next_dagrun for pipeline_one_off to None, run_after=None
[2026-01-20T02:40:37.784+0000] {processor.py:183} INFO - Processing /opt/airflow/dags/pipeline_one_off.py took 0.091 seconds
[2026-01-20T02:41:08.064+0000] {processor.py:161} INFO - Started process (PID=19419) to work on /opt/airflow/dags/pipeline_one_off.py
[2026-01-20T02:41:08.065+0000] {processor.py:830} INFO - Processing file /opt/airflow/dags/pipeline_one_off.py for tasks to queue
[2026-01-20T02:41:08.069+0000] {logging_mixin.py:188} INFO - [2026-01-20T02:41:08.068+0000] {dagbag.py:545} INFO - Filling up the DagBag from /opt/airflow/dags/pipeline_one_off.py
[2026-01-20T02:41:08.091+0000] {processor.py:840} INFO - DAG(s) 'pipeline_one_off' retrieved from /opt/airflow/dags/pipeline_one_off.py
[2026-01-20T02:41:08.121+0000] {logging_mixin.py:188} INFO - [2026-01-20T02:41:08.121+0000] {dag.py:3089} INFO - Sync 1 DAGs
[2026-01-20T02:41:08.134+0000] {logging_mixin.py:188} INFO - [2026-01-20T02:41:08.134+0000] {dag.py:3947} INFO - Setting next_dagrun for pipeline_one_off to None, run_after=None
[2026-01-20T02:41:08.336+0000] {processor.py:183} INFO - Processing /opt/airflow/dags/pipeline_one_off.py took 0.278 seconds
[2026-01-20T02:41:38.428+0000] {processor.py:161} INFO - Started process (PID=19429) to work on /opt/airflow/dags/pipeline_one_off.py
[2026-01-20T02:41:38.429+0000] {processor.py:830} INFO - Processing file /opt/airflow/dags/pipeline_one_off.py for tasks to queue
[2026-01-20T02:41:38.432+0000] {logging_mixin.py:188} INFO - [2026-01-20T02:41:38.431+0000] {dagbag.py:545} INFO - Filling up the DagBag from /opt/airflow/dags/pipeline_one_off.py
[2026-01-20T02:41:38.455+0000] {processor.py:840} INFO - DAG(s) 'pipeline_one_off' retrieved from /opt/airflow/dags/pipeline_one_off.py
[2026-01-20T02:41:38.490+0000] {logging_mixin.py:188} INFO - [2026-01-20T02:41:38.490+0000] {dag.py:3089} INFO - Sync 1 DAGs
[2026-01-20T02:41:38.504+0000] {logging_mixin.py:188} INFO - [2026-01-20T02:41:38.504+0000] {dag.py:3947} INFO - Setting next_dagrun for pipeline_one_off to None, run_after=None
[2026-01-20T02:41:38.524+0000] {processor.py:183} INFO - Processing /opt/airflow/dags/pipeline_one_off.py took 0.104 seconds
[2026-01-20T02:42:08.811+0000] {processor.py:161} INFO - Started process (PID=19439) to work on /opt/airflow/dags/pipeline_one_off.py
[2026-01-20T02:42:08.812+0000] {processor.py:830} INFO - Processing file /opt/airflow/dags/pipeline_one_off.py for tasks to queue
[2026-01-20T02:42:08.815+0000] {logging_mixin.py:188} INFO - [2026-01-20T02:42:08.815+0000] {dagbag.py:545} INFO - Filling up the DagBag from /opt/airflow/dags/pipeline_one_off.py
[2026-01-20T02:42:08.838+0000] {processor.py:840} INFO - DAG(s) 'pipeline_one_off' retrieved from /opt/airflow/dags/pipeline_one_off.py
[2026-01-20T02:42:08.873+0000] {logging_mixin.py:188} INFO - [2026-01-20T02:42:08.872+0000] {dag.py:3089} INFO - Sync 1 DAGs
[2026-01-20T02:42:08.885+0000] {logging_mixin.py:188} INFO - [2026-01-20T02:42:08.885+0000] {dag.py:3947} INFO - Setting next_dagrun for pipeline_one_off to None, run_after=None
[2026-01-20T02:42:08.911+0000] {processor.py:183} INFO - Processing /opt/airflow/dags/pipeline_one_off.py took 0.105 seconds
[2026-01-20T02:42:39.206+0000] {processor.py:161} INFO - Started process (PID=19449) to work on /opt/airflow/dags/pipeline_one_off.py
[2026-01-20T02:42:39.208+0000] {processor.py:830} INFO - Processing file /opt/airflow/dags/pipeline_one_off.py for tasks to queue
[2026-01-20T02:42:39.211+0000] {logging_mixin.py:188} INFO - [2026-01-20T02:42:39.210+0000] {dagbag.py:545} INFO - Filling up the DagBag from /opt/airflow/dags/pipeline_one_off.py
[2026-01-20T02:42:39.235+0000] {processor.py:840} INFO - DAG(s) 'pipeline_one_off' retrieved from /opt/airflow/dags/pipeline_one_off.py
[2026-01-20T02:42:39.268+0000] {logging_mixin.py:188} INFO - [2026-01-20T02:42:39.267+0000] {dag.py:3089} INFO - Sync 1 DAGs
[2026-01-20T02:42:39.281+0000] {logging_mixin.py:188} INFO - [2026-01-20T02:42:39.281+0000] {dag.py:3947} INFO - Setting next_dagrun for pipeline_one_off to None, run_after=None
[2026-01-20T02:42:39.303+0000] {processor.py:183} INFO - Processing /opt/airflow/dags/pipeline_one_off.py took 0.101 seconds
[2026-01-20T02:43:09.588+0000] {processor.py:161} INFO - Started process (PID=19459) to work on /opt/airflow/dags/pipeline_one_off.py
[2026-01-20T02:43:09.590+0000] {processor.py:830} INFO - Processing file /opt/airflow/dags/pipeline_one_off.py for tasks to queue
[2026-01-20T02:43:09.592+0000] {logging_mixin.py:188} INFO - [2026-01-20T02:43:09.592+0000] {dagbag.py:545} INFO - Filling up the DagBag from /opt/airflow/dags/pipeline_one_off.py
[2026-01-20T02:43:09.613+0000] {processor.py:840} INFO - DAG(s) 'pipeline_one_off' retrieved from /opt/airflow/dags/pipeline_one_off.py
[2026-01-20T02:43:09.643+0000] {logging_mixin.py:188} INFO - [2026-01-20T02:43:09.643+0000] {dag.py:3089} INFO - Sync 1 DAGs
[2026-01-20T02:43:09.656+0000] {logging_mixin.py:188} INFO - [2026-01-20T02:43:09.656+0000] {dag.py:3947} INFO - Setting next_dagrun for pipeline_one_off to None, run_after=None
[2026-01-20T02:43:09.676+0000] {processor.py:183} INFO - Processing /opt/airflow/dags/pipeline_one_off.py took 0.093 seconds
[2026-01-20T02:43:39.962+0000] {processor.py:161} INFO - Started process (PID=19469) to work on /opt/airflow/dags/pipeline_one_off.py
[2026-01-20T02:43:39.963+0000] {processor.py:830} INFO - Processing file /opt/airflow/dags/pipeline_one_off.py for tasks to queue
[2026-01-20T02:43:39.965+0000] {logging_mixin.py:188} INFO - [2026-01-20T02:43:39.964+0000] {dagbag.py:545} INFO - Filling up the DagBag from /opt/airflow/dags/pipeline_one_off.py
[2026-01-20T02:43:39.987+0000] {processor.py:840} INFO - DAG(s) 'pipeline_one_off' retrieved from /opt/airflow/dags/pipeline_one_off.py
[2026-01-20T02:43:40.022+0000] {logging_mixin.py:188} INFO - [2026-01-20T02:43:40.022+0000] {dag.py:3089} INFO - Sync 1 DAGs
[2026-01-20T02:43:40.035+0000] {logging_mixin.py:188} INFO - [2026-01-20T02:43:40.035+0000] {dag.py:3947} INFO - Setting next_dagrun for pipeline_one_off to None, run_after=None
[2026-01-20T02:43:40.059+0000] {processor.py:183} INFO - Processing /opt/airflow/dags/pipeline_one_off.py took 0.103 seconds
[2026-01-20T02:44:10.342+0000] {processor.py:161} INFO - Started process (PID=19479) to work on /opt/airflow/dags/pipeline_one_off.py
[2026-01-20T02:44:10.344+0000] {processor.py:830} INFO - Processing file /opt/airflow/dags/pipeline_one_off.py for tasks to queue
[2026-01-20T02:44:10.345+0000] {logging_mixin.py:188} INFO - [2026-01-20T02:44:10.345+0000] {dagbag.py:545} INFO - Filling up the DagBag from /opt/airflow/dags/pipeline_one_off.py
[2026-01-20T02:44:10.369+0000] {processor.py:840} INFO - DAG(s) 'pipeline_one_off' retrieved from /opt/airflow/dags/pipeline_one_off.py
[2026-01-20T02:44:10.401+0000] {logging_mixin.py:188} INFO - [2026-01-20T02:44:10.401+0000] {dag.py:3089} INFO - Sync 1 DAGs
[2026-01-20T02:44:10.415+0000] {logging_mixin.py:188} INFO - [2026-01-20T02:44:10.415+0000] {dag.py:3947} INFO - Setting next_dagrun for pipeline_one_off to None, run_after=None
[2026-01-20T02:44:10.436+0000] {processor.py:183} INFO - Processing /opt/airflow/dags/pipeline_one_off.py took 0.101 seconds
[2026-01-20T02:44:40.743+0000] {processor.py:161} INFO - Started process (PID=19489) to work on /opt/airflow/dags/pipeline_one_off.py
[2026-01-20T02:44:40.745+0000] {processor.py:830} INFO - Processing file /opt/airflow/dags/pipeline_one_off.py for tasks to queue
[2026-01-20T02:44:40.747+0000] {logging_mixin.py:188} INFO - [2026-01-20T02:44:40.746+0000] {dagbag.py:545} INFO - Filling up the DagBag from /opt/airflow/dags/pipeline_one_off.py
[2026-01-20T02:44:40.770+0000] {processor.py:840} INFO - DAG(s) 'pipeline_one_off' retrieved from /opt/airflow/dags/pipeline_one_off.py
[2026-01-20T02:44:40.805+0000] {logging_mixin.py:188} INFO - [2026-01-20T02:44:40.805+0000] {dag.py:3089} INFO - Sync 1 DAGs
[2026-01-20T02:44:40.816+0000] {logging_mixin.py:188} INFO - [2026-01-20T02:44:40.816+0000] {dag.py:3947} INFO - Setting next_dagrun for pipeline_one_off to None, run_after=None
[2026-01-20T02:44:40.834+0000] {processor.py:183} INFO - Processing /opt/airflow/dags/pipeline_one_off.py took 0.096 seconds
[2026-01-20T02:45:11.113+0000] {processor.py:161} INFO - Started process (PID=19499) to work on /opt/airflow/dags/pipeline_one_off.py
[2026-01-20T02:45:11.115+0000] {processor.py:830} INFO - Processing file /opt/airflow/dags/pipeline_one_off.py for tasks to queue
[2026-01-20T02:45:11.118+0000] {logging_mixin.py:188} INFO - [2026-01-20T02:45:11.118+0000] {dagbag.py:545} INFO - Filling up the DagBag from /opt/airflow/dags/pipeline_one_off.py
[2026-01-20T02:45:11.141+0000] {processor.py:840} INFO - DAG(s) 'pipeline_one_off' retrieved from /opt/airflow/dags/pipeline_one_off.py
[2026-01-20T02:45:11.175+0000] {logging_mixin.py:188} INFO - [2026-01-20T02:45:11.175+0000] {dag.py:3089} INFO - Sync 1 DAGs
[2026-01-20T02:45:11.188+0000] {logging_mixin.py:188} INFO - [2026-01-20T02:45:11.188+0000] {dag.py:3947} INFO - Setting next_dagrun for pipeline_one_off to None, run_after=None
[2026-01-20T02:45:11.210+0000] {processor.py:183} INFO - Processing /opt/airflow/dags/pipeline_one_off.py took 0.103 seconds
[2026-01-20T02:45:41.500+0000] {processor.py:161} INFO - Started process (PID=19509) to work on /opt/airflow/dags/pipeline_one_off.py
[2026-01-20T02:45:41.502+0000] {processor.py:830} INFO - Processing file /opt/airflow/dags/pipeline_one_off.py for tasks to queue
[2026-01-20T02:45:41.504+0000] {logging_mixin.py:188} INFO - [2026-01-20T02:45:41.504+0000] {dagbag.py:545} INFO - Filling up the DagBag from /opt/airflow/dags/pipeline_one_off.py
[2026-01-20T02:45:41.528+0000] {processor.py:840} INFO - DAG(s) 'pipeline_one_off' retrieved from /opt/airflow/dags/pipeline_one_off.py
[2026-01-20T02:45:41.561+0000] {logging_mixin.py:188} INFO - [2026-01-20T02:45:41.561+0000] {dag.py:3089} INFO - Sync 1 DAGs
[2026-01-20T02:45:41.573+0000] {logging_mixin.py:188} INFO - [2026-01-20T02:45:41.573+0000] {dag.py:3947} INFO - Setting next_dagrun for pipeline_one_off to None, run_after=None
[2026-01-20T02:45:41.594+0000] {processor.py:183} INFO - Processing /opt/airflow/dags/pipeline_one_off.py took 0.100 seconds
[2026-01-20T02:46:11.885+0000] {processor.py:161} INFO - Started process (PID=19519) to work on /opt/airflow/dags/pipeline_one_off.py
[2026-01-20T02:46:11.886+0000] {processor.py:830} INFO - Processing file /opt/airflow/dags/pipeline_one_off.py for tasks to queue
[2026-01-20T02:46:11.889+0000] {logging_mixin.py:188} INFO - [2026-01-20T02:46:11.889+0000] {dagbag.py:545} INFO - Filling up the DagBag from /opt/airflow/dags/pipeline_one_off.py
[2026-01-20T02:46:11.914+0000] {processor.py:840} INFO - DAG(s) 'pipeline_one_off' retrieved from /opt/airflow/dags/pipeline_one_off.py
[2026-01-20T02:46:11.949+0000] {logging_mixin.py:188} INFO - [2026-01-20T02:46:11.949+0000] {dag.py:3089} INFO - Sync 1 DAGs
[2026-01-20T02:46:11.964+0000] {logging_mixin.py:188} INFO - [2026-01-20T02:46:11.963+0000] {dag.py:3947} INFO - Setting next_dagrun for pipeline_one_off to None, run_after=None
[2026-01-20T02:46:11.987+0000] {processor.py:183} INFO - Processing /opt/airflow/dags/pipeline_one_off.py took 0.110 seconds
[2026-01-20T02:46:42.278+0000] {processor.py:161} INFO - Started process (PID=19529) to work on /opt/airflow/dags/pipeline_one_off.py
[2026-01-20T02:46:42.280+0000] {processor.py:830} INFO - Processing file /opt/airflow/dags/pipeline_one_off.py for tasks to queue
[2026-01-20T02:46:42.282+0000] {logging_mixin.py:188} INFO - [2026-01-20T02:46:42.282+0000] {dagbag.py:545} INFO - Filling up the DagBag from /opt/airflow/dags/pipeline_one_off.py
[2026-01-20T02:46:42.306+0000] {processor.py:840} INFO - DAG(s) 'pipeline_one_off' retrieved from /opt/airflow/dags/pipeline_one_off.py
[2026-01-20T02:46:42.342+0000] {logging_mixin.py:188} INFO - [2026-01-20T02:46:42.341+0000] {dag.py:3089} INFO - Sync 1 DAGs
[2026-01-20T02:46:42.356+0000] {logging_mixin.py:188} INFO - [2026-01-20T02:46:42.356+0000] {dag.py:3947} INFO - Setting next_dagrun for pipeline_one_off to None, run_after=None
[2026-01-20T02:46:42.379+0000] {processor.py:183} INFO - Processing /opt/airflow/dags/pipeline_one_off.py took 0.106 seconds
[2026-01-20T02:47:12.663+0000] {processor.py:161} INFO - Started process (PID=19539) to work on /opt/airflow/dags/pipeline_one_off.py
[2026-01-20T02:47:12.664+0000] {processor.py:830} INFO - Processing file /opt/airflow/dags/pipeline_one_off.py for tasks to queue
[2026-01-20T02:47:12.666+0000] {logging_mixin.py:188} INFO - [2026-01-20T02:47:12.666+0000] {dagbag.py:545} INFO - Filling up the DagBag from /opt/airflow/dags/pipeline_one_off.py
[2026-01-20T02:47:12.689+0000] {processor.py:840} INFO - DAG(s) 'pipeline_one_off' retrieved from /opt/airflow/dags/pipeline_one_off.py
[2026-01-20T02:47:12.722+0000] {logging_mixin.py:188} INFO - [2026-01-20T02:47:12.721+0000] {dag.py:3089} INFO - Sync 1 DAGs
[2026-01-20T02:47:12.735+0000] {logging_mixin.py:188} INFO - [2026-01-20T02:47:12.735+0000] {dag.py:3947} INFO - Setting next_dagrun for pipeline_one_off to None, run_after=None
[2026-01-20T02:47:12.758+0000] {processor.py:183} INFO - Processing /opt/airflow/dags/pipeline_one_off.py took 0.101 seconds
[2026-01-20T02:47:43.048+0000] {processor.py:161} INFO - Started process (PID=19549) to work on /opt/airflow/dags/pipeline_one_off.py
[2026-01-20T02:47:43.049+0000] {processor.py:830} INFO - Processing file /opt/airflow/dags/pipeline_one_off.py for tasks to queue
[2026-01-20T02:47:43.052+0000] {logging_mixin.py:188} INFO - [2026-01-20T02:47:43.051+0000] {dagbag.py:545} INFO - Filling up the DagBag from /opt/airflow/dags/pipeline_one_off.py
[2026-01-20T02:47:43.077+0000] {processor.py:840} INFO - DAG(s) 'pipeline_one_off' retrieved from /opt/airflow/dags/pipeline_one_off.py
[2026-01-20T02:47:43.111+0000] {logging_mixin.py:188} INFO - [2026-01-20T02:47:43.110+0000] {dag.py:3089} INFO - Sync 1 DAGs
[2026-01-20T02:47:43.123+0000] {logging_mixin.py:188} INFO - [2026-01-20T02:47:43.123+0000] {dag.py:3947} INFO - Setting next_dagrun for pipeline_one_off to None, run_after=None
[2026-01-20T02:47:43.142+0000] {processor.py:183} INFO - Processing /opt/airflow/dags/pipeline_one_off.py took 0.101 seconds
[2026-01-20T02:48:13.420+0000] {processor.py:161} INFO - Started process (PID=19559) to work on /opt/airflow/dags/pipeline_one_off.py
[2026-01-20T02:48:13.422+0000] {processor.py:830} INFO - Processing file /opt/airflow/dags/pipeline_one_off.py for tasks to queue
[2026-01-20T02:48:13.424+0000] {logging_mixin.py:188} INFO - [2026-01-20T02:48:13.424+0000] {dagbag.py:545} INFO - Filling up the DagBag from /opt/airflow/dags/pipeline_one_off.py
[2026-01-20T02:48:13.445+0000] {processor.py:840} INFO - DAG(s) 'pipeline_one_off' retrieved from /opt/airflow/dags/pipeline_one_off.py
[2026-01-20T02:48:13.475+0000] {logging_mixin.py:188} INFO - [2026-01-20T02:48:13.474+0000] {dag.py:3089} INFO - Sync 1 DAGs
[2026-01-20T02:48:13.487+0000] {logging_mixin.py:188} INFO - [2026-01-20T02:48:13.487+0000] {dag.py:3947} INFO - Setting next_dagrun for pipeline_one_off to None, run_after=None
[2026-01-20T02:48:13.509+0000] {processor.py:183} INFO - Processing /opt/airflow/dags/pipeline_one_off.py took 0.094 seconds
[2026-01-20T02:48:43.847+0000] {processor.py:161} INFO - Started process (PID=19569) to work on /opt/airflow/dags/pipeline_one_off.py
[2026-01-20T02:48:43.849+0000] {processor.py:830} INFO - Processing file /opt/airflow/dags/pipeline_one_off.py for tasks to queue
[2026-01-20T02:48:43.851+0000] {logging_mixin.py:188} INFO - [2026-01-20T02:48:43.851+0000] {dagbag.py:545} INFO - Filling up the DagBag from /opt/airflow/dags/pipeline_one_off.py
[2026-01-20T02:48:43.874+0000] {processor.py:840} INFO - DAG(s) 'pipeline_one_off' retrieved from /opt/airflow/dags/pipeline_one_off.py
[2026-01-20T02:48:43.908+0000] {logging_mixin.py:188} INFO - [2026-01-20T02:48:43.908+0000] {dag.py:3089} INFO - Sync 1 DAGs
[2026-01-20T02:48:43.921+0000] {logging_mixin.py:188} INFO - [2026-01-20T02:48:43.920+0000] {dag.py:3947} INFO - Setting next_dagrun for pipeline_one_off to None, run_after=None
[2026-01-20T02:48:43.941+0000] {processor.py:183} INFO - Processing /opt/airflow/dags/pipeline_one_off.py took 0.099 seconds
[2026-01-20T02:49:14.228+0000] {processor.py:161} INFO - Started process (PID=19579) to work on /opt/airflow/dags/pipeline_one_off.py
[2026-01-20T02:49:14.229+0000] {processor.py:830} INFO - Processing file /opt/airflow/dags/pipeline_one_off.py for tasks to queue
[2026-01-20T02:49:14.231+0000] {logging_mixin.py:188} INFO - [2026-01-20T02:49:14.231+0000] {dagbag.py:545} INFO - Filling up the DagBag from /opt/airflow/dags/pipeline_one_off.py
[2026-01-20T02:49:14.253+0000] {processor.py:840} INFO - DAG(s) 'pipeline_one_off' retrieved from /opt/airflow/dags/pipeline_one_off.py
[2026-01-20T02:49:14.285+0000] {logging_mixin.py:188} INFO - [2026-01-20T02:49:14.285+0000] {dag.py:3089} INFO - Sync 1 DAGs
[2026-01-20T02:49:14.299+0000] {logging_mixin.py:188} INFO - [2026-01-20T02:49:14.298+0000] {dag.py:3947} INFO - Setting next_dagrun for pipeline_one_off to None, run_after=None
[2026-01-20T02:49:14.321+0000] {processor.py:183} INFO - Processing /opt/airflow/dags/pipeline_one_off.py took 0.098 seconds
[2026-01-20T02:49:44.611+0000] {processor.py:161} INFO - Started process (PID=19589) to work on /opt/airflow/dags/pipeline_one_off.py
[2026-01-20T02:49:44.613+0000] {processor.py:830} INFO - Processing file /opt/airflow/dags/pipeline_one_off.py for tasks to queue
[2026-01-20T02:49:44.615+0000] {logging_mixin.py:188} INFO - [2026-01-20T02:49:44.615+0000] {dagbag.py:545} INFO - Filling up the DagBag from /opt/airflow/dags/pipeline_one_off.py
[2026-01-20T02:49:44.638+0000] {processor.py:840} INFO - DAG(s) 'pipeline_one_off' retrieved from /opt/airflow/dags/pipeline_one_off.py
[2026-01-20T02:49:44.670+0000] {logging_mixin.py:188} INFO - [2026-01-20T02:49:44.670+0000] {dag.py:3089} INFO - Sync 1 DAGs
[2026-01-20T02:49:44.683+0000] {logging_mixin.py:188} INFO - [2026-01-20T02:49:44.683+0000] {dag.py:3947} INFO - Setting next_dagrun for pipeline_one_off to None, run_after=None
[2026-01-20T02:49:44.707+0000] {processor.py:183} INFO - Processing /opt/airflow/dags/pipeline_one_off.py took 0.101 seconds
[2026-01-20T02:50:14.986+0000] {processor.py:161} INFO - Started process (PID=19599) to work on /opt/airflow/dags/pipeline_one_off.py
[2026-01-20T02:50:14.988+0000] {processor.py:830} INFO - Processing file /opt/airflow/dags/pipeline_one_off.py for tasks to queue
[2026-01-20T02:50:14.989+0000] {logging_mixin.py:188} INFO - [2026-01-20T02:50:14.989+0000] {dagbag.py:545} INFO - Filling up the DagBag from /opt/airflow/dags/pipeline_one_off.py
[2026-01-20T02:50:15.011+0000] {processor.py:840} INFO - DAG(s) 'pipeline_one_off' retrieved from /opt/airflow/dags/pipeline_one_off.py
[2026-01-20T02:50:15.044+0000] {logging_mixin.py:188} INFO - [2026-01-20T02:50:15.044+0000] {dag.py:3089} INFO - Sync 1 DAGs
[2026-01-20T02:50:15.059+0000] {logging_mixin.py:188} INFO - [2026-01-20T02:50:15.058+0000] {dag.py:3947} INFO - Setting next_dagrun for pipeline_one_off to None, run_after=None
[2026-01-20T02:50:15.083+0000] {processor.py:183} INFO - Processing /opt/airflow/dags/pipeline_one_off.py took 0.103 seconds
[2026-01-20T02:50:45.368+0000] {processor.py:161} INFO - Started process (PID=19609) to work on /opt/airflow/dags/pipeline_one_off.py
[2026-01-20T02:50:45.370+0000] {processor.py:830} INFO - Processing file /opt/airflow/dags/pipeline_one_off.py for tasks to queue
[2026-01-20T02:50:45.372+0000] {logging_mixin.py:188} INFO - [2026-01-20T02:50:45.372+0000] {dagbag.py:545} INFO - Filling up the DagBag from /opt/airflow/dags/pipeline_one_off.py
[2026-01-20T02:50:45.396+0000] {processor.py:840} INFO - DAG(s) 'pipeline_one_off' retrieved from /opt/airflow/dags/pipeline_one_off.py
[2026-01-20T02:50:45.432+0000] {logging_mixin.py:188} INFO - [2026-01-20T02:50:45.431+0000] {dag.py:3089} INFO - Sync 1 DAGs
[2026-01-20T02:50:45.445+0000] {logging_mixin.py:188} INFO - [2026-01-20T02:50:45.445+0000] {dag.py:3947} INFO - Setting next_dagrun for pipeline_one_off to None, run_after=None
[2026-01-20T02:50:45.468+0000] {processor.py:183} INFO - Processing /opt/airflow/dags/pipeline_one_off.py took 0.105 seconds
[2026-01-20T02:51:15.752+0000] {processor.py:161} INFO - Started process (PID=19619) to work on /opt/airflow/dags/pipeline_one_off.py
[2026-01-20T02:51:15.754+0000] {processor.py:830} INFO - Processing file /opt/airflow/dags/pipeline_one_off.py for tasks to queue
[2026-01-20T02:51:15.757+0000] {logging_mixin.py:188} INFO - [2026-01-20T02:51:15.756+0000] {dagbag.py:545} INFO - Filling up the DagBag from /opt/airflow/dags/pipeline_one_off.py
[2026-01-20T02:51:15.777+0000] {processor.py:840} INFO - DAG(s) 'pipeline_one_off' retrieved from /opt/airflow/dags/pipeline_one_off.py
[2026-01-20T02:51:15.813+0000] {logging_mixin.py:188} INFO - [2026-01-20T02:51:15.813+0000] {dag.py:3089} INFO - Sync 1 DAGs
[2026-01-20T02:51:15.827+0000] {logging_mixin.py:188} INFO - [2026-01-20T02:51:15.827+0000] {dag.py:3947} INFO - Setting next_dagrun for pipeline_one_off to None, run_after=None
[2026-01-20T02:51:15.850+0000] {processor.py:183} INFO - Processing /opt/airflow/dags/pipeline_one_off.py took 0.103 seconds
[2026-01-20T02:51:46.143+0000] {processor.py:161} INFO - Started process (PID=19629) to work on /opt/airflow/dags/pipeline_one_off.py
[2026-01-20T02:51:46.145+0000] {processor.py:830} INFO - Processing file /opt/airflow/dags/pipeline_one_off.py for tasks to queue
[2026-01-20T02:51:46.147+0000] {logging_mixin.py:188} INFO - [2026-01-20T02:51:46.147+0000] {dagbag.py:545} INFO - Filling up the DagBag from /opt/airflow/dags/pipeline_one_off.py
[2026-01-20T02:51:46.170+0000] {processor.py:840} INFO - DAG(s) 'pipeline_one_off' retrieved from /opt/airflow/dags/pipeline_one_off.py
[2026-01-20T02:51:46.203+0000] {logging_mixin.py:188} INFO - [2026-01-20T02:51:46.203+0000] {dag.py:3089} INFO - Sync 1 DAGs
[2026-01-20T02:51:46.216+0000] {logging_mixin.py:188} INFO - [2026-01-20T02:51:46.216+0000] {dag.py:3947} INFO - Setting next_dagrun for pipeline_one_off to None, run_after=None
[2026-01-20T02:51:46.237+0000] {processor.py:183} INFO - Processing /opt/airflow/dags/pipeline_one_off.py took 0.099 seconds
[2026-01-20T02:52:16.529+0000] {processor.py:161} INFO - Started process (PID=19639) to work on /opt/airflow/dags/pipeline_one_off.py
[2026-01-20T02:52:16.530+0000] {processor.py:830} INFO - Processing file /opt/airflow/dags/pipeline_one_off.py for tasks to queue
[2026-01-20T02:52:16.532+0000] {logging_mixin.py:188} INFO - [2026-01-20T02:52:16.531+0000] {dagbag.py:545} INFO - Filling up the DagBag from /opt/airflow/dags/pipeline_one_off.py
[2026-01-20T02:52:16.555+0000] {processor.py:840} INFO - DAG(s) 'pipeline_one_off' retrieved from /opt/airflow/dags/pipeline_one_off.py
[2026-01-20T02:52:16.587+0000] {logging_mixin.py:188} INFO - [2026-01-20T02:52:16.587+0000] {dag.py:3089} INFO - Sync 1 DAGs
[2026-01-20T02:52:16.602+0000] {logging_mixin.py:188} INFO - [2026-01-20T02:52:16.601+0000] {dag.py:3947} INFO - Setting next_dagrun for pipeline_one_off to None, run_after=None
[2026-01-20T02:52:16.626+0000] {processor.py:183} INFO - Processing /opt/airflow/dags/pipeline_one_off.py took 0.103 seconds
[2026-01-20T02:52:46.907+0000] {processor.py:161} INFO - Started process (PID=19649) to work on /opt/airflow/dags/pipeline_one_off.py
[2026-01-20T02:52:46.908+0000] {processor.py:830} INFO - Processing file /opt/airflow/dags/pipeline_one_off.py for tasks to queue
[2026-01-20T02:52:46.911+0000] {logging_mixin.py:188} INFO - [2026-01-20T02:52:46.911+0000] {dagbag.py:545} INFO - Filling up the DagBag from /opt/airflow/dags/pipeline_one_off.py
[2026-01-20T02:52:46.932+0000] {processor.py:840} INFO - DAG(s) 'pipeline_one_off' retrieved from /opt/airflow/dags/pipeline_one_off.py
[2026-01-20T02:52:46.967+0000] {logging_mixin.py:188} INFO - [2026-01-20T02:52:46.967+0000] {dag.py:3089} INFO - Sync 1 DAGs
[2026-01-20T02:52:46.979+0000] {logging_mixin.py:188} INFO - [2026-01-20T02:52:46.979+0000] {dag.py:3947} INFO - Setting next_dagrun for pipeline_one_off to None, run_after=None
[2026-01-20T02:52:47.191+0000] {processor.py:183} INFO - Processing /opt/airflow/dags/pipeline_one_off.py took 0.289 seconds
[2026-01-20T02:53:17.459+0000] {processor.py:161} INFO - Started process (PID=19659) to work on /opt/airflow/dags/pipeline_one_off.py
[2026-01-20T02:53:17.460+0000] {processor.py:830} INFO - Processing file /opt/airflow/dags/pipeline_one_off.py for tasks to queue
[2026-01-20T02:53:17.463+0000] {logging_mixin.py:188} INFO - [2026-01-20T02:53:17.462+0000] {dagbag.py:545} INFO - Filling up the DagBag from /opt/airflow/dags/pipeline_one_off.py
[2026-01-20T02:53:17.485+0000] {processor.py:840} INFO - DAG(s) 'pipeline_one_off' retrieved from /opt/airflow/dags/pipeline_one_off.py
[2026-01-20T02:53:17.519+0000] {logging_mixin.py:188} INFO - [2026-01-20T02:53:17.519+0000] {dag.py:3089} INFO - Sync 1 DAGs
[2026-01-20T02:53:17.533+0000] {logging_mixin.py:188} INFO - [2026-01-20T02:53:17.533+0000] {dag.py:3947} INFO - Setting next_dagrun for pipeline_one_off to None, run_after=None
[2026-01-20T02:53:17.556+0000] {processor.py:183} INFO - Processing /opt/airflow/dags/pipeline_one_off.py took 0.103 seconds
[2026-01-20T02:53:47.879+0000] {processor.py:161} INFO - Started process (PID=19669) to work on /opt/airflow/dags/pipeline_one_off.py
[2026-01-20T02:53:47.880+0000] {processor.py:830} INFO - Processing file /opt/airflow/dags/pipeline_one_off.py for tasks to queue
[2026-01-20T02:53:47.883+0000] {logging_mixin.py:188} INFO - [2026-01-20T02:53:47.882+0000] {dagbag.py:545} INFO - Filling up the DagBag from /opt/airflow/dags/pipeline_one_off.py
[2026-01-20T02:53:47.905+0000] {processor.py:840} INFO - DAG(s) 'pipeline_one_off' retrieved from /opt/airflow/dags/pipeline_one_off.py
[2026-01-20T02:53:47.939+0000] {logging_mixin.py:188} INFO - [2026-01-20T02:53:47.939+0000] {dag.py:3089} INFO - Sync 1 DAGs
[2026-01-20T02:53:47.953+0000] {logging_mixin.py:188} INFO - [2026-01-20T02:53:47.952+0000] {dag.py:3947} INFO - Setting next_dagrun for pipeline_one_off to None, run_after=None
[2026-01-20T02:53:47.977+0000] {processor.py:183} INFO - Processing /opt/airflow/dags/pipeline_one_off.py took 0.103 seconds
[2026-01-20T02:54:18.268+0000] {processor.py:161} INFO - Started process (PID=19679) to work on /opt/airflow/dags/pipeline_one_off.py
[2026-01-20T02:54:18.270+0000] {processor.py:830} INFO - Processing file /opt/airflow/dags/pipeline_one_off.py for tasks to queue
[2026-01-20T02:54:18.272+0000] {logging_mixin.py:188} INFO - [2026-01-20T02:54:18.271+0000] {dagbag.py:545} INFO - Filling up the DagBag from /opt/airflow/dags/pipeline_one_off.py
[2026-01-20T02:54:18.294+0000] {processor.py:840} INFO - DAG(s) 'pipeline_one_off' retrieved from /opt/airflow/dags/pipeline_one_off.py
[2026-01-20T02:54:18.327+0000] {logging_mixin.py:188} INFO - [2026-01-20T02:54:18.327+0000] {dag.py:3089} INFO - Sync 1 DAGs
[2026-01-20T02:54:18.340+0000] {logging_mixin.py:188} INFO - [2026-01-20T02:54:18.339+0000] {dag.py:3947} INFO - Setting next_dagrun for pipeline_one_off to None, run_after=None
[2026-01-20T02:54:18.360+0000] {processor.py:183} INFO - Processing /opt/airflow/dags/pipeline_one_off.py took 0.096 seconds
[2026-01-20T02:54:48.651+0000] {processor.py:161} INFO - Started process (PID=19689) to work on /opt/airflow/dags/pipeline_one_off.py
[2026-01-20T02:54:48.652+0000] {processor.py:830} INFO - Processing file /opt/airflow/dags/pipeline_one_off.py for tasks to queue
[2026-01-20T02:54:48.654+0000] {logging_mixin.py:188} INFO - [2026-01-20T02:54:48.653+0000] {dagbag.py:545} INFO - Filling up the DagBag from /opt/airflow/dags/pipeline_one_off.py
[2026-01-20T02:54:48.678+0000] {processor.py:840} INFO - DAG(s) 'pipeline_one_off' retrieved from /opt/airflow/dags/pipeline_one_off.py
[2026-01-20T02:54:48.715+0000] {logging_mixin.py:188} INFO - [2026-01-20T02:54:48.715+0000] {dag.py:3089} INFO - Sync 1 DAGs
[2026-01-20T02:54:48.729+0000] {logging_mixin.py:188} INFO - [2026-01-20T02:54:48.729+0000] {dag.py:3947} INFO - Setting next_dagrun for pipeline_one_off to None, run_after=None
[2026-01-20T02:54:48.753+0000] {processor.py:183} INFO - Processing /opt/airflow/dags/pipeline_one_off.py took 0.108 seconds
[2026-01-20T02:55:19.043+0000] {processor.py:161} INFO - Started process (PID=19699) to work on /opt/airflow/dags/pipeline_one_off.py
[2026-01-20T02:55:19.045+0000] {processor.py:830} INFO - Processing file /opt/airflow/dags/pipeline_one_off.py for tasks to queue
[2026-01-20T02:55:19.047+0000] {logging_mixin.py:188} INFO - [2026-01-20T02:55:19.046+0000] {dagbag.py:545} INFO - Filling up the DagBag from /opt/airflow/dags/pipeline_one_off.py
[2026-01-20T02:55:19.070+0000] {processor.py:840} INFO - DAG(s) 'pipeline_one_off' retrieved from /opt/airflow/dags/pipeline_one_off.py
[2026-01-20T02:55:19.102+0000] {logging_mixin.py:188} INFO - [2026-01-20T02:55:19.102+0000] {dag.py:3089} INFO - Sync 1 DAGs
[2026-01-20T02:55:19.115+0000] {logging_mixin.py:188} INFO - [2026-01-20T02:55:19.115+0000] {dag.py:3947} INFO - Setting next_dagrun for pipeline_one_off to None, run_after=None
[2026-01-20T02:55:19.139+0000] {processor.py:183} INFO - Processing /opt/airflow/dags/pipeline_one_off.py took 0.102 seconds
[2026-01-20T02:55:49.420+0000] {processor.py:161} INFO - Started process (PID=19709) to work on /opt/airflow/dags/pipeline_one_off.py
[2026-01-20T02:55:49.422+0000] {processor.py:830} INFO - Processing file /opt/airflow/dags/pipeline_one_off.py for tasks to queue
[2026-01-20T02:55:49.424+0000] {logging_mixin.py:188} INFO - [2026-01-20T02:55:49.424+0000] {dagbag.py:545} INFO - Filling up the DagBag from /opt/airflow/dags/pipeline_one_off.py
[2026-01-20T02:55:49.448+0000] {processor.py:840} INFO - DAG(s) 'pipeline_one_off' retrieved from /opt/airflow/dags/pipeline_one_off.py
[2026-01-20T02:55:49.483+0000] {logging_mixin.py:188} INFO - [2026-01-20T02:55:49.483+0000] {dag.py:3089} INFO - Sync 1 DAGs
[2026-01-20T02:55:49.498+0000] {logging_mixin.py:188} INFO - [2026-01-20T02:55:49.498+0000] {dag.py:3947} INFO - Setting next_dagrun for pipeline_one_off to None, run_after=None
[2026-01-20T02:55:49.717+0000] {processor.py:183} INFO - Processing /opt/airflow/dags/pipeline_one_off.py took 0.304 seconds
[2026-01-20T02:56:20.003+0000] {processor.py:161} INFO - Started process (PID=19719) to work on /opt/airflow/dags/pipeline_one_off.py
[2026-01-20T02:56:20.005+0000] {processor.py:830} INFO - Processing file /opt/airflow/dags/pipeline_one_off.py for tasks to queue
[2026-01-20T02:56:20.007+0000] {logging_mixin.py:188} INFO - [2026-01-20T02:56:20.007+0000] {dagbag.py:545} INFO - Filling up the DagBag from /opt/airflow/dags/pipeline_one_off.py
[2026-01-20T02:56:20.030+0000] {processor.py:840} INFO - DAG(s) 'pipeline_one_off' retrieved from /opt/airflow/dags/pipeline_one_off.py
[2026-01-20T02:56:20.069+0000] {logging_mixin.py:188} INFO - [2026-01-20T02:56:20.068+0000] {dag.py:3089} INFO - Sync 1 DAGs
[2026-01-20T02:56:20.081+0000] {logging_mixin.py:188} INFO - [2026-01-20T02:56:20.081+0000] {dag.py:3947} INFO - Setting next_dagrun for pipeline_one_off to None, run_after=None
[2026-01-20T02:56:20.104+0000] {processor.py:183} INFO - Processing /opt/airflow/dags/pipeline_one_off.py took 0.108 seconds
[2026-01-20T02:56:50.393+0000] {processor.py:161} INFO - Started process (PID=19729) to work on /opt/airflow/dags/pipeline_one_off.py
[2026-01-20T02:56:50.395+0000] {processor.py:830} INFO - Processing file /opt/airflow/dags/pipeline_one_off.py for tasks to queue
[2026-01-20T02:56:50.398+0000] {logging_mixin.py:188} INFO - [2026-01-20T02:56:50.397+0000] {dagbag.py:545} INFO - Filling up the DagBag from /opt/airflow/dags/pipeline_one_off.py
[2026-01-20T02:56:50.419+0000] {processor.py:840} INFO - DAG(s) 'pipeline_one_off' retrieved from /opt/airflow/dags/pipeline_one_off.py
[2026-01-20T02:56:50.451+0000] {logging_mixin.py:188} INFO - [2026-01-20T02:56:50.451+0000] {dag.py:3089} INFO - Sync 1 DAGs
[2026-01-20T02:56:50.463+0000] {logging_mixin.py:188} INFO - [2026-01-20T02:56:50.463+0000] {dag.py:3947} INFO - Setting next_dagrun for pipeline_one_off to None, run_after=None
[2026-01-20T02:56:50.483+0000] {processor.py:183} INFO - Processing /opt/airflow/dags/pipeline_one_off.py took 0.096 seconds
[2026-01-20T02:57:20.762+0000] {processor.py:161} INFO - Started process (PID=19739) to work on /opt/airflow/dags/pipeline_one_off.py
[2026-01-20T02:57:20.763+0000] {processor.py:830} INFO - Processing file /opt/airflow/dags/pipeline_one_off.py for tasks to queue
[2026-01-20T02:57:20.766+0000] {logging_mixin.py:188} INFO - [2026-01-20T02:57:20.766+0000] {dagbag.py:545} INFO - Filling up the DagBag from /opt/airflow/dags/pipeline_one_off.py
[2026-01-20T02:57:20.787+0000] {processor.py:840} INFO - DAG(s) 'pipeline_one_off' retrieved from /opt/airflow/dags/pipeline_one_off.py
[2026-01-20T02:57:20.821+0000] {logging_mixin.py:188} INFO - [2026-01-20T02:57:20.821+0000] {dag.py:3089} INFO - Sync 1 DAGs
[2026-01-20T02:57:20.833+0000] {logging_mixin.py:188} INFO - [2026-01-20T02:57:20.833+0000] {dag.py:3947} INFO - Setting next_dagrun for pipeline_one_off to None, run_after=None
[2026-01-20T02:57:20.849+0000] {processor.py:183} INFO - Processing /opt/airflow/dags/pipeline_one_off.py took 0.093 seconds
[2026-01-20T02:57:51.135+0000] {processor.py:161} INFO - Started process (PID=19749) to work on /opt/airflow/dags/pipeline_one_off.py
[2026-01-20T02:57:51.137+0000] {processor.py:830} INFO - Processing file /opt/airflow/dags/pipeline_one_off.py for tasks to queue
[2026-01-20T02:57:51.139+0000] {logging_mixin.py:188} INFO - [2026-01-20T02:57:51.138+0000] {dagbag.py:545} INFO - Filling up the DagBag from /opt/airflow/dags/pipeline_one_off.py
[2026-01-20T02:57:51.160+0000] {processor.py:840} INFO - DAG(s) 'pipeline_one_off' retrieved from /opt/airflow/dags/pipeline_one_off.py
[2026-01-20T02:57:51.198+0000] {logging_mixin.py:188} INFO - [2026-01-20T02:57:51.198+0000] {dag.py:3089} INFO - Sync 1 DAGs
[2026-01-20T02:57:51.212+0000] {logging_mixin.py:188} INFO - [2026-01-20T02:57:51.211+0000] {dag.py:3947} INFO - Setting next_dagrun for pipeline_one_off to None, run_after=None
[2026-01-20T02:57:51.233+0000] {processor.py:183} INFO - Processing /opt/airflow/dags/pipeline_one_off.py took 0.103 seconds
[2026-01-20T02:58:21.515+0000] {processor.py:161} INFO - Started process (PID=19759) to work on /opt/airflow/dags/pipeline_one_off.py
[2026-01-20T02:58:21.516+0000] {processor.py:830} INFO - Processing file /opt/airflow/dags/pipeline_one_off.py for tasks to queue
[2026-01-20T02:58:21.519+0000] {logging_mixin.py:188} INFO - [2026-01-20T02:58:21.518+0000] {dagbag.py:545} INFO - Filling up the DagBag from /opt/airflow/dags/pipeline_one_off.py
[2026-01-20T02:58:21.543+0000] {processor.py:840} INFO - DAG(s) 'pipeline_one_off' retrieved from /opt/airflow/dags/pipeline_one_off.py
[2026-01-20T02:58:21.578+0000] {logging_mixin.py:188} INFO - [2026-01-20T02:58:21.578+0000] {dag.py:3089} INFO - Sync 1 DAGs
[2026-01-20T02:58:21.592+0000] {logging_mixin.py:188} INFO - [2026-01-20T02:58:21.592+0000] {dag.py:3947} INFO - Setting next_dagrun for pipeline_one_off to None, run_after=None
[2026-01-20T02:58:21.612+0000] {processor.py:183} INFO - Processing /opt/airflow/dags/pipeline_one_off.py took 0.104 seconds
[2026-01-20T02:58:51.937+0000] {processor.py:161} INFO - Started process (PID=19769) to work on /opt/airflow/dags/pipeline_one_off.py
[2026-01-20T02:58:51.938+0000] {processor.py:830} INFO - Processing file /opt/airflow/dags/pipeline_one_off.py for tasks to queue
[2026-01-20T02:58:51.940+0000] {logging_mixin.py:188} INFO - [2026-01-20T02:58:51.940+0000] {dagbag.py:545} INFO - Filling up the DagBag from /opt/airflow/dags/pipeline_one_off.py
[2026-01-20T02:58:51.961+0000] {processor.py:840} INFO - DAG(s) 'pipeline_one_off' retrieved from /opt/airflow/dags/pipeline_one_off.py
[2026-01-20T02:58:51.995+0000] {logging_mixin.py:188} INFO - [2026-01-20T02:58:51.995+0000] {dag.py:3089} INFO - Sync 1 DAGs
[2026-01-20T02:58:52.181+0000] {logging_mixin.py:188} INFO - [2026-01-20T02:58:52.181+0000] {dag.py:3947} INFO - Setting next_dagrun for pipeline_one_off to None, run_after=None
[2026-01-20T02:58:52.198+0000] {processor.py:183} INFO - Processing /opt/airflow/dags/pipeline_one_off.py took 0.266 seconds
[2026-01-20T02:59:22.489+0000] {processor.py:161} INFO - Started process (PID=19779) to work on /opt/airflow/dags/pipeline_one_off.py
[2026-01-20T02:59:22.491+0000] {processor.py:830} INFO - Processing file /opt/airflow/dags/pipeline_one_off.py for tasks to queue
[2026-01-20T02:59:22.493+0000] {logging_mixin.py:188} INFO - [2026-01-20T02:59:22.493+0000] {dagbag.py:545} INFO - Filling up the DagBag from /opt/airflow/dags/pipeline_one_off.py
[2026-01-20T02:59:22.516+0000] {processor.py:840} INFO - DAG(s) 'pipeline_one_off' retrieved from /opt/airflow/dags/pipeline_one_off.py
[2026-01-20T02:59:22.556+0000] {logging_mixin.py:188} INFO - [2026-01-20T02:59:22.556+0000] {dag.py:3089} INFO - Sync 1 DAGs
[2026-01-20T02:59:22.571+0000] {logging_mixin.py:188} INFO - [2026-01-20T02:59:22.570+0000] {dag.py:3947} INFO - Setting next_dagrun for pipeline_one_off to None, run_after=None
[2026-01-20T02:59:22.594+0000] {processor.py:183} INFO - Processing /opt/airflow/dags/pipeline_one_off.py took 0.112 seconds
[2026-01-20T02:59:52.906+0000] {processor.py:161} INFO - Started process (PID=19789) to work on /opt/airflow/dags/pipeline_one_off.py
[2026-01-20T02:59:52.907+0000] {processor.py:830} INFO - Processing file /opt/airflow/dags/pipeline_one_off.py for tasks to queue
[2026-01-20T02:59:52.909+0000] {logging_mixin.py:188} INFO - [2026-01-20T02:59:52.909+0000] {dagbag.py:545} INFO - Filling up the DagBag from /opt/airflow/dags/pipeline_one_off.py
[2026-01-20T02:59:52.933+0000] {processor.py:840} INFO - DAG(s) 'pipeline_one_off' retrieved from /opt/airflow/dags/pipeline_one_off.py
[2026-01-20T02:59:52.973+0000] {logging_mixin.py:188} INFO - [2026-01-20T02:59:52.973+0000] {dag.py:3089} INFO - Sync 1 DAGs
[2026-01-20T02:59:52.988+0000] {logging_mixin.py:188} INFO - [2026-01-20T02:59:52.987+0000] {dag.py:3947} INFO - Setting next_dagrun for pipeline_one_off to None, run_after=None
[2026-01-20T02:59:53.009+0000] {processor.py:183} INFO - Processing /opt/airflow/dags/pipeline_one_off.py took 0.111 seconds
[2026-01-20T03:00:23.294+0000] {processor.py:161} INFO - Started process (PID=19802) to work on /opt/airflow/dags/pipeline_one_off.py
[2026-01-20T03:00:23.295+0000] {processor.py:830} INFO - Processing file /opt/airflow/dags/pipeline_one_off.py for tasks to queue
[2026-01-20T03:00:23.297+0000] {logging_mixin.py:188} INFO - [2026-01-20T03:00:23.296+0000] {dagbag.py:545} INFO - Filling up the DagBag from /opt/airflow/dags/pipeline_one_off.py
[2026-01-20T03:00:23.320+0000] {processor.py:840} INFO - DAG(s) 'pipeline_one_off' retrieved from /opt/airflow/dags/pipeline_one_off.py
[2026-01-20T03:00:23.362+0000] {logging_mixin.py:188} INFO - [2026-01-20T03:00:23.362+0000] {dag.py:3089} INFO - Sync 1 DAGs
[2026-01-20T03:00:23.379+0000] {logging_mixin.py:188} INFO - [2026-01-20T03:00:23.379+0000] {dag.py:3947} INFO - Setting next_dagrun for pipeline_one_off to None, run_after=None
[2026-01-20T03:00:23.402+0000] {processor.py:183} INFO - Processing /opt/airflow/dags/pipeline_one_off.py took 0.116 seconds
[2026-01-20T03:00:53.689+0000] {processor.py:161} INFO - Started process (PID=19812) to work on /opt/airflow/dags/pipeline_one_off.py
[2026-01-20T03:00:53.690+0000] {processor.py:830} INFO - Processing file /opt/airflow/dags/pipeline_one_off.py for tasks to queue
[2026-01-20T03:00:53.692+0000] {logging_mixin.py:188} INFO - [2026-01-20T03:00:53.692+0000] {dagbag.py:545} INFO - Filling up the DagBag from /opt/airflow/dags/pipeline_one_off.py
[2026-01-20T03:00:53.715+0000] {processor.py:840} INFO - DAG(s) 'pipeline_one_off' retrieved from /opt/airflow/dags/pipeline_one_off.py
[2026-01-20T03:00:53.750+0000] {logging_mixin.py:188} INFO - [2026-01-20T03:00:53.750+0000] {dag.py:3089} INFO - Sync 1 DAGs
[2026-01-20T03:00:53.763+0000] {logging_mixin.py:188} INFO - [2026-01-20T03:00:53.763+0000] {dag.py:3947} INFO - Setting next_dagrun for pipeline_one_off to None, run_after=None
[2026-01-20T03:00:53.785+0000] {processor.py:183} INFO - Processing /opt/airflow/dags/pipeline_one_off.py took 0.103 seconds
[2026-01-20T03:01:24.066+0000] {processor.py:161} INFO - Started process (PID=19822) to work on /opt/airflow/dags/pipeline_one_off.py
[2026-01-20T03:01:24.068+0000] {processor.py:830} INFO - Processing file /opt/airflow/dags/pipeline_one_off.py for tasks to queue
[2026-01-20T03:01:24.071+0000] {logging_mixin.py:188} INFO - [2026-01-20T03:01:24.071+0000] {dagbag.py:545} INFO - Filling up the DagBag from /opt/airflow/dags/pipeline_one_off.py
[2026-01-20T03:01:24.094+0000] {processor.py:840} INFO - DAG(s) 'pipeline_one_off' retrieved from /opt/airflow/dags/pipeline_one_off.py
[2026-01-20T03:01:24.132+0000] {logging_mixin.py:188} INFO - [2026-01-20T03:01:24.132+0000] {dag.py:3089} INFO - Sync 1 DAGs
[2026-01-20T03:01:24.146+0000] {logging_mixin.py:188} INFO - [2026-01-20T03:01:24.146+0000] {dag.py:3947} INFO - Setting next_dagrun for pipeline_one_off to None, run_after=None
[2026-01-20T03:01:24.356+0000] {processor.py:183} INFO - Processing /opt/airflow/dags/pipeline_one_off.py took 0.298 seconds
[2026-01-20T03:01:54.653+0000] {processor.py:161} INFO - Started process (PID=19832) to work on /opt/airflow/dags/pipeline_one_off.py
[2026-01-20T03:01:54.654+0000] {processor.py:830} INFO - Processing file /opt/airflow/dags/pipeline_one_off.py for tasks to queue
[2026-01-20T03:01:54.658+0000] {logging_mixin.py:188} INFO - [2026-01-20T03:01:54.657+0000] {dagbag.py:545} INFO - Filling up the DagBag from /opt/airflow/dags/pipeline_one_off.py
[2026-01-20T03:01:54.679+0000] {processor.py:840} INFO - DAG(s) 'pipeline_one_off' retrieved from /opt/airflow/dags/pipeline_one_off.py
[2026-01-20T03:01:54.717+0000] {logging_mixin.py:188} INFO - [2026-01-20T03:01:54.717+0000] {dag.py:3089} INFO - Sync 1 DAGs
[2026-01-20T03:01:54.732+0000] {logging_mixin.py:188} INFO - [2026-01-20T03:01:54.732+0000] {dag.py:3947} INFO - Setting next_dagrun for pipeline_one_off to None, run_after=None
[2026-01-20T03:01:54.754+0000] {processor.py:183} INFO - Processing /opt/airflow/dags/pipeline_one_off.py took 0.108 seconds
[2026-01-20T03:02:25.044+0000] {processor.py:161} INFO - Started process (PID=19842) to work on /opt/airflow/dags/pipeline_one_off.py
[2026-01-20T03:02:25.046+0000] {processor.py:830} INFO - Processing file /opt/airflow/dags/pipeline_one_off.py for tasks to queue
[2026-01-20T03:02:25.048+0000] {logging_mixin.py:188} INFO - [2026-01-20T03:02:25.047+0000] {dagbag.py:545} INFO - Filling up the DagBag from /opt/airflow/dags/pipeline_one_off.py
[2026-01-20T03:02:25.072+0000] {processor.py:840} INFO - DAG(s) 'pipeline_one_off' retrieved from /opt/airflow/dags/pipeline_one_off.py
[2026-01-20T03:02:25.106+0000] {logging_mixin.py:188} INFO - [2026-01-20T03:02:25.105+0000] {dag.py:3089} INFO - Sync 1 DAGs
[2026-01-20T03:02:25.118+0000] {logging_mixin.py:188} INFO - [2026-01-20T03:02:25.118+0000] {dag.py:3947} INFO - Setting next_dagrun for pipeline_one_off to None, run_after=None
[2026-01-20T03:02:25.138+0000] {processor.py:183} INFO - Processing /opt/airflow/dags/pipeline_one_off.py took 0.100 seconds
[2026-01-20T03:02:55.426+0000] {processor.py:161} INFO - Started process (PID=19852) to work on /opt/airflow/dags/pipeline_one_off.py
[2026-01-20T03:02:55.427+0000] {processor.py:830} INFO - Processing file /opt/airflow/dags/pipeline_one_off.py for tasks to queue
[2026-01-20T03:02:55.429+0000] {logging_mixin.py:188} INFO - [2026-01-20T03:02:55.429+0000] {dagbag.py:545} INFO - Filling up the DagBag from /opt/airflow/dags/pipeline_one_off.py
[2026-01-20T03:02:55.451+0000] {processor.py:840} INFO - DAG(s) 'pipeline_one_off' retrieved from /opt/airflow/dags/pipeline_one_off.py
[2026-01-20T03:02:55.489+0000] {logging_mixin.py:188} INFO - [2026-01-20T03:02:55.488+0000] {dag.py:3089} INFO - Sync 1 DAGs
[2026-01-20T03:02:55.505+0000] {logging_mixin.py:188} INFO - [2026-01-20T03:02:55.504+0000] {dag.py:3947} INFO - Setting next_dagrun for pipeline_one_off to None, run_after=None
[2026-01-20T03:02:55.528+0000] {processor.py:183} INFO - Processing /opt/airflow/dags/pipeline_one_off.py took 0.109 seconds
[2026-01-20T03:03:25.833+0000] {processor.py:161} INFO - Started process (PID=19862) to work on /opt/airflow/dags/pipeline_one_off.py
[2026-01-20T03:03:25.834+0000] {processor.py:830} INFO - Processing file /opt/airflow/dags/pipeline_one_off.py for tasks to queue
[2026-01-20T03:03:25.837+0000] {logging_mixin.py:188} INFO - [2026-01-20T03:03:25.836+0000] {dagbag.py:545} INFO - Filling up the DagBag from /opt/airflow/dags/pipeline_one_off.py
[2026-01-20T03:03:25.861+0000] {processor.py:840} INFO - DAG(s) 'pipeline_one_off' retrieved from /opt/airflow/dags/pipeline_one_off.py
[2026-01-20T03:03:25.904+0000] {logging_mixin.py:188} INFO - [2026-01-20T03:03:25.903+0000] {dag.py:3089} INFO - Sync 1 DAGs
[2026-01-20T03:03:25.919+0000] {logging_mixin.py:188} INFO - [2026-01-20T03:03:25.919+0000] {dag.py:3947} INFO - Setting next_dagrun for pipeline_one_off to None, run_after=None
[2026-01-20T03:03:25.943+0000] {processor.py:183} INFO - Processing /opt/airflow/dags/pipeline_one_off.py took 0.117 seconds
[2026-01-20T03:03:56.279+0000] {processor.py:161} INFO - Started process (PID=19872) to work on /opt/airflow/dags/pipeline_one_off.py
[2026-01-20T03:03:56.280+0000] {processor.py:830} INFO - Processing file /opt/airflow/dags/pipeline_one_off.py for tasks to queue
[2026-01-20T03:03:56.282+0000] {logging_mixin.py:188} INFO - [2026-01-20T03:03:56.282+0000] {dagbag.py:545} INFO - Filling up the DagBag from /opt/airflow/dags/pipeline_one_off.py
[2026-01-20T03:03:56.307+0000] {processor.py:840} INFO - DAG(s) 'pipeline_one_off' retrieved from /opt/airflow/dags/pipeline_one_off.py
[2026-01-20T03:03:56.347+0000] {logging_mixin.py:188} INFO - [2026-01-20T03:03:56.346+0000] {dag.py:3089} INFO - Sync 1 DAGs
[2026-01-20T03:03:56.362+0000] {logging_mixin.py:188} INFO - [2026-01-20T03:03:56.361+0000] {dag.py:3947} INFO - Setting next_dagrun for pipeline_one_off to None, run_after=None
[2026-01-20T03:03:56.384+0000] {processor.py:183} INFO - Processing /opt/airflow/dags/pipeline_one_off.py took 0.111 seconds
[2026-01-20T03:04:26.665+0000] {processor.py:161} INFO - Started process (PID=19882) to work on /opt/airflow/dags/pipeline_one_off.py
[2026-01-20T03:04:26.667+0000] {processor.py:830} INFO - Processing file /opt/airflow/dags/pipeline_one_off.py for tasks to queue
[2026-01-20T03:04:26.670+0000] {logging_mixin.py:188} INFO - [2026-01-20T03:04:26.670+0000] {dagbag.py:545} INFO - Filling up the DagBag from /opt/airflow/dags/pipeline_one_off.py
[2026-01-20T03:04:26.695+0000] {processor.py:840} INFO - DAG(s) 'pipeline_one_off' retrieved from /opt/airflow/dags/pipeline_one_off.py
[2026-01-20T03:04:26.735+0000] {logging_mixin.py:188} INFO - [2026-01-20T03:04:26.735+0000] {dag.py:3089} INFO - Sync 1 DAGs
[2026-01-20T03:04:26.750+0000] {logging_mixin.py:188} INFO - [2026-01-20T03:04:26.749+0000] {dag.py:3947} INFO - Setting next_dagrun for pipeline_one_off to None, run_after=None
[2026-01-20T03:04:26.970+0000] {processor.py:183} INFO - Processing /opt/airflow/dags/pipeline_one_off.py took 0.312 seconds
[2026-01-20T03:04:57.262+0000] {processor.py:161} INFO - Started process (PID=19892) to work on /opt/airflow/dags/pipeline_one_off.py
[2026-01-20T03:04:57.264+0000] {processor.py:830} INFO - Processing file /opt/airflow/dags/pipeline_one_off.py for tasks to queue
[2026-01-20T03:04:57.267+0000] {logging_mixin.py:188} INFO - [2026-01-20T03:04:57.266+0000] {dagbag.py:545} INFO - Filling up the DagBag from /opt/airflow/dags/pipeline_one_off.py
[2026-01-20T03:04:57.291+0000] {processor.py:840} INFO - DAG(s) 'pipeline_one_off' retrieved from /opt/airflow/dags/pipeline_one_off.py
[2026-01-20T03:04:57.331+0000] {logging_mixin.py:188} INFO - [2026-01-20T03:04:57.331+0000] {dag.py:3089} INFO - Sync 1 DAGs
[2026-01-20T03:04:57.346+0000] {logging_mixin.py:188} INFO - [2026-01-20T03:04:57.346+0000] {dag.py:3947} INFO - Setting next_dagrun for pipeline_one_off to None, run_after=None
[2026-01-20T03:04:57.368+0000] {processor.py:183} INFO - Processing /opt/airflow/dags/pipeline_one_off.py took 0.114 seconds
[2026-01-20T03:05:27.657+0000] {processor.py:161} INFO - Started process (PID=19902) to work on /opt/airflow/dags/pipeline_one_off.py
[2026-01-20T03:05:27.658+0000] {processor.py:830} INFO - Processing file /opt/airflow/dags/pipeline_one_off.py for tasks to queue
[2026-01-20T03:05:27.661+0000] {logging_mixin.py:188} INFO - [2026-01-20T03:05:27.660+0000] {dagbag.py:545} INFO - Filling up the DagBag from /opt/airflow/dags/pipeline_one_off.py
[2026-01-20T03:05:27.683+0000] {processor.py:840} INFO - DAG(s) 'pipeline_one_off' retrieved from /opt/airflow/dags/pipeline_one_off.py
[2026-01-20T03:05:27.721+0000] {logging_mixin.py:188} INFO - [2026-01-20T03:05:27.720+0000] {dag.py:3089} INFO - Sync 1 DAGs
[2026-01-20T03:05:27.735+0000] {logging_mixin.py:188} INFO - [2026-01-20T03:05:27.735+0000] {dag.py:3947} INFO - Setting next_dagrun for pipeline_one_off to None, run_after=None
[2026-01-20T03:05:27.758+0000] {processor.py:183} INFO - Processing /opt/airflow/dags/pipeline_one_off.py took 0.107 seconds
[2026-01-20T03:05:58.051+0000] {processor.py:161} INFO - Started process (PID=19912) to work on /opt/airflow/dags/pipeline_one_off.py
[2026-01-20T03:05:58.052+0000] {processor.py:830} INFO - Processing file /opt/airflow/dags/pipeline_one_off.py for tasks to queue
[2026-01-20T03:05:58.054+0000] {logging_mixin.py:188} INFO - [2026-01-20T03:05:58.053+0000] {dagbag.py:545} INFO - Filling up the DagBag from /opt/airflow/dags/pipeline_one_off.py
[2026-01-20T03:05:58.076+0000] {processor.py:840} INFO - DAG(s) 'pipeline_one_off' retrieved from /opt/airflow/dags/pipeline_one_off.py
[2026-01-20T03:05:58.114+0000] {logging_mixin.py:188} INFO - [2026-01-20T03:05:58.114+0000] {dag.py:3089} INFO - Sync 1 DAGs
[2026-01-20T03:05:58.128+0000] {logging_mixin.py:188} INFO - [2026-01-20T03:05:58.128+0000] {dag.py:3947} INFO - Setting next_dagrun for pipeline_one_off to None, run_after=None
[2026-01-20T03:05:58.150+0000] {processor.py:183} INFO - Processing /opt/airflow/dags/pipeline_one_off.py took 0.106 seconds
[2026-01-20T03:06:28.457+0000] {processor.py:161} INFO - Started process (PID=19922) to work on /opt/airflow/dags/pipeline_one_off.py
[2026-01-20T03:06:28.458+0000] {processor.py:830} INFO - Processing file /opt/airflow/dags/pipeline_one_off.py for tasks to queue
[2026-01-20T03:06:28.461+0000] {logging_mixin.py:188} INFO - [2026-01-20T03:06:28.460+0000] {dagbag.py:545} INFO - Filling up the DagBag from /opt/airflow/dags/pipeline_one_off.py
[2026-01-20T03:06:28.485+0000] {processor.py:840} INFO - DAG(s) 'pipeline_one_off' retrieved from /opt/airflow/dags/pipeline_one_off.py
[2026-01-20T03:06:28.523+0000] {logging_mixin.py:188} INFO - [2026-01-20T03:06:28.523+0000] {dag.py:3089} INFO - Sync 1 DAGs
[2026-01-20T03:06:28.538+0000] {logging_mixin.py:188} INFO - [2026-01-20T03:06:28.538+0000] {dag.py:3947} INFO - Setting next_dagrun for pipeline_one_off to None, run_after=None
[2026-01-20T03:06:28.562+0000] {processor.py:183} INFO - Processing /opt/airflow/dags/pipeline_one_off.py took 0.112 seconds
[2026-01-20T03:06:58.846+0000] {processor.py:161} INFO - Started process (PID=19932) to work on /opt/airflow/dags/pipeline_one_off.py
[2026-01-20T03:06:58.847+0000] {processor.py:830} INFO - Processing file /opt/airflow/dags/pipeline_one_off.py for tasks to queue
[2026-01-20T03:06:58.850+0000] {logging_mixin.py:188} INFO - [2026-01-20T03:06:58.849+0000] {dagbag.py:545} INFO - Filling up the DagBag from /opt/airflow/dags/pipeline_one_off.py
[2026-01-20T03:06:58.872+0000] {processor.py:840} INFO - DAG(s) 'pipeline_one_off' retrieved from /opt/airflow/dags/pipeline_one_off.py
[2026-01-20T03:06:58.908+0000] {logging_mixin.py:188} INFO - [2026-01-20T03:06:58.908+0000] {dag.py:3089} INFO - Sync 1 DAGs
[2026-01-20T03:06:58.922+0000] {logging_mixin.py:188} INFO - [2026-01-20T03:06:58.922+0000] {dag.py:3947} INFO - Setting next_dagrun for pipeline_one_off to None, run_after=None
[2026-01-20T03:06:58.946+0000] {processor.py:183} INFO - Processing /opt/airflow/dags/pipeline_one_off.py took 0.107 seconds
[2026-01-20T03:07:29.230+0000] {processor.py:161} INFO - Started process (PID=19942) to work on /opt/airflow/dags/pipeline_one_off.py
[2026-01-20T03:07:29.232+0000] {processor.py:830} INFO - Processing file /opt/airflow/dags/pipeline_one_off.py for tasks to queue
[2026-01-20T03:07:29.235+0000] {logging_mixin.py:188} INFO - [2026-01-20T03:07:29.235+0000] {dagbag.py:545} INFO - Filling up the DagBag from /opt/airflow/dags/pipeline_one_off.py
[2026-01-20T03:07:29.257+0000] {processor.py:840} INFO - DAG(s) 'pipeline_one_off' retrieved from /opt/airflow/dags/pipeline_one_off.py
[2026-01-20T03:07:29.296+0000] {logging_mixin.py:188} INFO - [2026-01-20T03:07:29.295+0000] {dag.py:3089} INFO - Sync 1 DAGs
[2026-01-20T03:07:29.311+0000] {logging_mixin.py:188} INFO - [2026-01-20T03:07:29.311+0000] {dag.py:3947} INFO - Setting next_dagrun for pipeline_one_off to None, run_after=None
[2026-01-20T03:07:29.525+0000] {processor.py:183} INFO - Processing /opt/airflow/dags/pipeline_one_off.py took 0.302 seconds
[2026-01-20T03:07:59.824+0000] {processor.py:161} INFO - Started process (PID=19952) to work on /opt/airflow/dags/pipeline_one_off.py
[2026-01-20T03:07:59.825+0000] {processor.py:830} INFO - Processing file /opt/airflow/dags/pipeline_one_off.py for tasks to queue
[2026-01-20T03:07:59.827+0000] {logging_mixin.py:188} INFO - [2026-01-20T03:07:59.827+0000] {dagbag.py:545} INFO - Filling up the DagBag from /opt/airflow/dags/pipeline_one_off.py
[2026-01-20T03:07:59.850+0000] {processor.py:840} INFO - DAG(s) 'pipeline_one_off' retrieved from /opt/airflow/dags/pipeline_one_off.py
[2026-01-20T03:07:59.890+0000] {logging_mixin.py:188} INFO - [2026-01-20T03:07:59.890+0000] {dag.py:3089} INFO - Sync 1 DAGs
[2026-01-20T03:07:59.905+0000] {logging_mixin.py:188} INFO - [2026-01-20T03:07:59.905+0000] {dag.py:3947} INFO - Setting next_dagrun for pipeline_one_off to None, run_after=None
[2026-01-20T03:07:59.926+0000] {processor.py:183} INFO - Processing /opt/airflow/dags/pipeline_one_off.py took 0.109 seconds
[2026-01-20T03:08:30.210+0000] {processor.py:161} INFO - Started process (PID=19962) to work on /opt/airflow/dags/pipeline_one_off.py
[2026-01-20T03:08:30.212+0000] {processor.py:830} INFO - Processing file /opt/airflow/dags/pipeline_one_off.py for tasks to queue
[2026-01-20T03:08:30.215+0000] {logging_mixin.py:188} INFO - [2026-01-20T03:08:30.214+0000] {dagbag.py:545} INFO - Filling up the DagBag from /opt/airflow/dags/pipeline_one_off.py
[2026-01-20T03:08:30.239+0000] {processor.py:840} INFO - DAG(s) 'pipeline_one_off' retrieved from /opt/airflow/dags/pipeline_one_off.py
[2026-01-20T03:08:30.275+0000] {logging_mixin.py:188} INFO - [2026-01-20T03:08:30.275+0000] {dag.py:3089} INFO - Sync 1 DAGs
[2026-01-20T03:08:30.290+0000] {logging_mixin.py:188} INFO - [2026-01-20T03:08:30.290+0000] {dag.py:3947} INFO - Setting next_dagrun for pipeline_one_off to None, run_after=None
[2026-01-20T03:08:30.314+0000] {processor.py:183} INFO - Processing /opt/airflow/dags/pipeline_one_off.py took 0.111 seconds
[2026-01-20T03:09:00.634+0000] {processor.py:161} INFO - Started process (PID=19972) to work on /opt/airflow/dags/pipeline_one_off.py
[2026-01-20T03:09:00.635+0000] {processor.py:830} INFO - Processing file /opt/airflow/dags/pipeline_one_off.py for tasks to queue
[2026-01-20T03:09:00.638+0000] {logging_mixin.py:188} INFO - [2026-01-20T03:09:00.637+0000] {dagbag.py:545} INFO - Filling up the DagBag from /opt/airflow/dags/pipeline_one_off.py
[2026-01-20T03:09:00.659+0000] {processor.py:840} INFO - DAG(s) 'pipeline_one_off' retrieved from /opt/airflow/dags/pipeline_one_off.py
[2026-01-20T03:09:00.693+0000] {logging_mixin.py:188} INFO - [2026-01-20T03:09:00.693+0000] {dag.py:3089} INFO - Sync 1 DAGs
[2026-01-20T03:09:00.707+0000] {logging_mixin.py:188} INFO - [2026-01-20T03:09:00.707+0000] {dag.py:3947} INFO - Setting next_dagrun for pipeline_one_off to None, run_after=None
[2026-01-20T03:09:00.729+0000] {processor.py:183} INFO - Processing /opt/airflow/dags/pipeline_one_off.py took 0.101 seconds
[2026-01-20T03:09:31.020+0000] {processor.py:161} INFO - Started process (PID=19982) to work on /opt/airflow/dags/pipeline_one_off.py
[2026-01-20T03:09:31.021+0000] {processor.py:830} INFO - Processing file /opt/airflow/dags/pipeline_one_off.py for tasks to queue
[2026-01-20T03:09:31.024+0000] {logging_mixin.py:188} INFO - [2026-01-20T03:09:31.023+0000] {dagbag.py:545} INFO - Filling up the DagBag from /opt/airflow/dags/pipeline_one_off.py
[2026-01-20T03:09:31.048+0000] {processor.py:840} INFO - DAG(s) 'pipeline_one_off' retrieved from /opt/airflow/dags/pipeline_one_off.py
[2026-01-20T03:09:31.087+0000] {logging_mixin.py:188} INFO - [2026-01-20T03:09:31.087+0000] {dag.py:3089} INFO - Sync 1 DAGs
[2026-01-20T03:09:31.101+0000] {logging_mixin.py:188} INFO - [2026-01-20T03:09:31.101+0000] {dag.py:3947} INFO - Setting next_dagrun for pipeline_one_off to None, run_after=None
[2026-01-20T03:09:31.122+0000] {processor.py:183} INFO - Processing /opt/airflow/dags/pipeline_one_off.py took 0.110 seconds
[2026-01-20T03:10:01.417+0000] {processor.py:161} INFO - Started process (PID=19992) to work on /opt/airflow/dags/pipeline_one_off.py
[2026-01-20T03:10:01.418+0000] {processor.py:830} INFO - Processing file /opt/airflow/dags/pipeline_one_off.py for tasks to queue
[2026-01-20T03:10:01.421+0000] {logging_mixin.py:188} INFO - [2026-01-20T03:10:01.421+0000] {dagbag.py:545} INFO - Filling up the DagBag from /opt/airflow/dags/pipeline_one_off.py
[2026-01-20T03:10:01.446+0000] {processor.py:840} INFO - DAG(s) 'pipeline_one_off' retrieved from /opt/airflow/dags/pipeline_one_off.py
[2026-01-20T03:10:01.485+0000] {logging_mixin.py:188} INFO - [2026-01-20T03:10:01.485+0000] {dag.py:3089} INFO - Sync 1 DAGs
[2026-01-20T03:10:01.499+0000] {logging_mixin.py:188} INFO - [2026-01-20T03:10:01.499+0000] {dag.py:3947} INFO - Setting next_dagrun for pipeline_one_off to None, run_after=None
[2026-01-20T03:10:01.521+0000] {processor.py:183} INFO - Processing /opt/airflow/dags/pipeline_one_off.py took 0.112 seconds
[2026-01-20T03:10:31.810+0000] {processor.py:161} INFO - Started process (PID=20005) to work on /opt/airflow/dags/pipeline_one_off.py
[2026-01-20T03:10:31.811+0000] {processor.py:830} INFO - Processing file /opt/airflow/dags/pipeline_one_off.py for tasks to queue
[2026-01-20T03:10:31.814+0000] {logging_mixin.py:188} INFO - [2026-01-20T03:10:31.813+0000] {dagbag.py:545} INFO - Filling up the DagBag from /opt/airflow/dags/pipeline_one_off.py
[2026-01-20T03:10:31.839+0000] {processor.py:840} INFO - DAG(s) 'pipeline_one_off' retrieved from /opt/airflow/dags/pipeline_one_off.py
[2026-01-20T03:10:31.877+0000] {logging_mixin.py:188} INFO - [2026-01-20T03:10:31.877+0000] {dag.py:3089} INFO - Sync 1 DAGs
[2026-01-20T03:10:32.081+0000] {logging_mixin.py:188} INFO - [2026-01-20T03:10:32.081+0000] {dag.py:3947} INFO - Setting next_dagrun for pipeline_one_off to None, run_after=None
[2026-01-20T03:10:32.098+0000] {processor.py:183} INFO - Processing /opt/airflow/dags/pipeline_one_off.py took 0.297 seconds
[2026-01-20T03:11:02.373+0000] {processor.py:161} INFO - Started process (PID=20015) to work on /opt/airflow/dags/pipeline_one_off.py
[2026-01-20T03:11:02.374+0000] {processor.py:830} INFO - Processing file /opt/airflow/dags/pipeline_one_off.py for tasks to queue
[2026-01-20T03:11:02.376+0000] {logging_mixin.py:188} INFO - [2026-01-20T03:11:02.376+0000] {dagbag.py:545} INFO - Filling up the DagBag from /opt/airflow/dags/pipeline_one_off.py
[2026-01-20T03:11:02.398+0000] {processor.py:840} INFO - DAG(s) 'pipeline_one_off' retrieved from /opt/airflow/dags/pipeline_one_off.py
[2026-01-20T03:11:02.429+0000] {logging_mixin.py:188} INFO - [2026-01-20T03:11:02.429+0000] {dag.py:3089} INFO - Sync 1 DAGs
[2026-01-20T03:11:02.442+0000] {logging_mixin.py:188} INFO - [2026-01-20T03:11:02.442+0000] {dag.py:3947} INFO - Setting next_dagrun for pipeline_one_off to None, run_after=None
[2026-01-20T03:11:02.461+0000] {processor.py:183} INFO - Processing /opt/airflow/dags/pipeline_one_off.py took 0.094 seconds
[2026-01-20T03:11:32.750+0000] {processor.py:161} INFO - Started process (PID=20025) to work on /opt/airflow/dags/pipeline_one_off.py
[2026-01-20T03:11:32.751+0000] {processor.py:830} INFO - Processing file /opt/airflow/dags/pipeline_one_off.py for tasks to queue
[2026-01-20T03:11:32.753+0000] {logging_mixin.py:188} INFO - [2026-01-20T03:11:32.753+0000] {dagbag.py:545} INFO - Filling up the DagBag from /opt/airflow/dags/pipeline_one_off.py
[2026-01-20T03:11:32.779+0000] {processor.py:840} INFO - DAG(s) 'pipeline_one_off' retrieved from /opt/airflow/dags/pipeline_one_off.py
[2026-01-20T03:11:32.816+0000] {logging_mixin.py:188} INFO - [2026-01-20T03:11:32.816+0000] {dag.py:3089} INFO - Sync 1 DAGs
[2026-01-20T03:11:32.831+0000] {logging_mixin.py:188} INFO - [2026-01-20T03:11:32.831+0000] {dag.py:3947} INFO - Setting next_dagrun for pipeline_one_off to None, run_after=None
[2026-01-20T03:11:32.854+0000] {processor.py:183} INFO - Processing /opt/airflow/dags/pipeline_one_off.py took 0.110 seconds
[2026-01-20T03:12:03.151+0000] {processor.py:161} INFO - Started process (PID=20035) to work on /opt/airflow/dags/pipeline_one_off.py
[2026-01-20T03:12:03.152+0000] {processor.py:830} INFO - Processing file /opt/airflow/dags/pipeline_one_off.py for tasks to queue
[2026-01-20T03:12:03.155+0000] {logging_mixin.py:188} INFO - [2026-01-20T03:12:03.154+0000] {dagbag.py:545} INFO - Filling up the DagBag from /opt/airflow/dags/pipeline_one_off.py
[2026-01-20T03:12:03.178+0000] {processor.py:840} INFO - DAG(s) 'pipeline_one_off' retrieved from /opt/airflow/dags/pipeline_one_off.py
[2026-01-20T03:12:03.218+0000] {logging_mixin.py:188} INFO - [2026-01-20T03:12:03.218+0000] {dag.py:3089} INFO - Sync 1 DAGs
[2026-01-20T03:12:03.232+0000] {logging_mixin.py:188} INFO - [2026-01-20T03:12:03.232+0000] {dag.py:3947} INFO - Setting next_dagrun for pipeline_one_off to None, run_after=None
[2026-01-20T03:12:03.255+0000] {processor.py:183} INFO - Processing /opt/airflow/dags/pipeline_one_off.py took 0.112 seconds
[2026-01-20T03:12:33.554+0000] {processor.py:161} INFO - Started process (PID=20045) to work on /opt/airflow/dags/pipeline_one_off.py
[2026-01-20T03:12:33.555+0000] {processor.py:830} INFO - Processing file /opt/airflow/dags/pipeline_one_off.py for tasks to queue
[2026-01-20T03:12:33.558+0000] {logging_mixin.py:188} INFO - [2026-01-20T03:12:33.557+0000] {dagbag.py:545} INFO - Filling up the DagBag from /opt/airflow/dags/pipeline_one_off.py
[2026-01-20T03:12:33.582+0000] {processor.py:840} INFO - DAG(s) 'pipeline_one_off' retrieved from /opt/airflow/dags/pipeline_one_off.py
[2026-01-20T03:12:33.620+0000] {logging_mixin.py:188} INFO - [2026-01-20T03:12:33.620+0000] {dag.py:3089} INFO - Sync 1 DAGs
[2026-01-20T03:12:33.635+0000] {logging_mixin.py:188} INFO - [2026-01-20T03:12:33.634+0000] {dag.py:3947} INFO - Setting next_dagrun for pipeline_one_off to None, run_after=None
[2026-01-20T03:12:33.658+0000] {processor.py:183} INFO - Processing /opt/airflow/dags/pipeline_one_off.py took 0.111 seconds
[2026-01-20T03:13:03.946+0000] {processor.py:161} INFO - Started process (PID=20055) to work on /opt/airflow/dags/pipeline_one_off.py
[2026-01-20T03:13:03.948+0000] {processor.py:830} INFO - Processing file /opt/airflow/dags/pipeline_one_off.py for tasks to queue
[2026-01-20T03:13:03.951+0000] {logging_mixin.py:188} INFO - [2026-01-20T03:13:03.951+0000] {dagbag.py:545} INFO - Filling up the DagBag from /opt/airflow/dags/pipeline_one_off.py
[2026-01-20T03:13:03.975+0000] {processor.py:840} INFO - DAG(s) 'pipeline_one_off' retrieved from /opt/airflow/dags/pipeline_one_off.py
[2026-01-20T03:13:04.012+0000] {logging_mixin.py:188} INFO - [2026-01-20T03:13:04.012+0000] {dag.py:3089} INFO - Sync 1 DAGs
[2026-01-20T03:13:04.026+0000] {logging_mixin.py:188} INFO - [2026-01-20T03:13:04.025+0000] {dag.py:3947} INFO - Setting next_dagrun for pipeline_one_off to None, run_after=None
[2026-01-20T03:13:04.242+0000] {processor.py:183} INFO - Processing /opt/airflow/dags/pipeline_one_off.py took 0.303 seconds
[2026-01-20T03:13:34.521+0000] {processor.py:161} INFO - Started process (PID=20065) to work on /opt/airflow/dags/pipeline_one_off.py
[2026-01-20T03:13:34.522+0000] {processor.py:830} INFO - Processing file /opt/airflow/dags/pipeline_one_off.py for tasks to queue
[2026-01-20T03:13:34.527+0000] {logging_mixin.py:188} INFO - [2026-01-20T03:13:34.527+0000] {dagbag.py:545} INFO - Filling up the DagBag from /opt/airflow/dags/pipeline_one_off.py
[2026-01-20T03:13:34.551+0000] {processor.py:840} INFO - DAG(s) 'pipeline_one_off' retrieved from /opt/airflow/dags/pipeline_one_off.py
[2026-01-20T03:13:34.591+0000] {logging_mixin.py:188} INFO - [2026-01-20T03:13:34.591+0000] {dag.py:3089} INFO - Sync 1 DAGs
[2026-01-20T03:13:34.802+0000] {logging_mixin.py:188} INFO - [2026-01-20T03:13:34.802+0000] {dag.py:3947} INFO - Setting next_dagrun for pipeline_one_off to None, run_after=None
[2026-01-20T03:13:34.822+0000] {processor.py:183} INFO - Processing /opt/airflow/dags/pipeline_one_off.py took 0.308 seconds
[2026-01-20T03:14:05.076+0000] {processor.py:161} INFO - Started process (PID=20075) to work on /opt/airflow/dags/pipeline_one_off.py
[2026-01-20T03:14:05.078+0000] {processor.py:830} INFO - Processing file /opt/airflow/dags/pipeline_one_off.py for tasks to queue
[2026-01-20T03:14:05.080+0000] {logging_mixin.py:188} INFO - [2026-01-20T03:14:05.080+0000] {dagbag.py:545} INFO - Filling up the DagBag from /opt/airflow/dags/pipeline_one_off.py
[2026-01-20T03:14:05.103+0000] {processor.py:840} INFO - DAG(s) 'pipeline_one_off' retrieved from /opt/airflow/dags/pipeline_one_off.py
[2026-01-20T03:14:05.141+0000] {logging_mixin.py:188} INFO - [2026-01-20T03:14:05.141+0000] {dag.py:3089} INFO - Sync 1 DAGs
[2026-01-20T03:14:05.155+0000] {logging_mixin.py:188} INFO - [2026-01-20T03:14:05.155+0000] {dag.py:3947} INFO - Setting next_dagrun for pipeline_one_off to None, run_after=None
[2026-01-20T03:14:05.177+0000] {processor.py:183} INFO - Processing /opt/airflow/dags/pipeline_one_off.py took 0.108 seconds
[2026-01-20T03:14:35.469+0000] {processor.py:161} INFO - Started process (PID=20085) to work on /opt/airflow/dags/pipeline_one_off.py
[2026-01-20T03:14:35.470+0000] {processor.py:830} INFO - Processing file /opt/airflow/dags/pipeline_one_off.py for tasks to queue
[2026-01-20T03:14:35.472+0000] {logging_mixin.py:188} INFO - [2026-01-20T03:14:35.472+0000] {dagbag.py:545} INFO - Filling up the DagBag from /opt/airflow/dags/pipeline_one_off.py
[2026-01-20T03:14:35.496+0000] {processor.py:840} INFO - DAG(s) 'pipeline_one_off' retrieved from /opt/airflow/dags/pipeline_one_off.py
[2026-01-20T03:14:35.533+0000] {logging_mixin.py:188} INFO - [2026-01-20T03:14:35.532+0000] {dag.py:3089} INFO - Sync 1 DAGs
[2026-01-20T03:14:35.547+0000] {logging_mixin.py:188} INFO - [2026-01-20T03:14:35.547+0000] {dag.py:3947} INFO - Setting next_dagrun for pipeline_one_off to None, run_after=None
[2026-01-20T03:14:35.569+0000] {processor.py:183} INFO - Processing /opt/airflow/dags/pipeline_one_off.py took 0.109 seconds
[2026-01-20T03:15:05.866+0000] {processor.py:161} INFO - Started process (PID=20095) to work on /opt/airflow/dags/pipeline_one_off.py
[2026-01-20T03:15:05.867+0000] {processor.py:830} INFO - Processing file /opt/airflow/dags/pipeline_one_off.py for tasks to queue
[2026-01-20T03:15:05.870+0000] {logging_mixin.py:188} INFO - [2026-01-20T03:15:05.869+0000] {dagbag.py:545} INFO - Filling up the DagBag from /opt/airflow/dags/pipeline_one_off.py
[2026-01-20T03:15:05.892+0000] {processor.py:840} INFO - DAG(s) 'pipeline_one_off' retrieved from /opt/airflow/dags/pipeline_one_off.py
[2026-01-20T03:15:05.929+0000] {logging_mixin.py:188} INFO - [2026-01-20T03:15:05.929+0000] {dag.py:3089} INFO - Sync 1 DAGs
[2026-01-20T03:15:05.943+0000] {logging_mixin.py:188} INFO - [2026-01-20T03:15:05.943+0000] {dag.py:3947} INFO - Setting next_dagrun for pipeline_one_off to None, run_after=None
[2026-01-20T03:15:05.965+0000] {processor.py:183} INFO - Processing /opt/airflow/dags/pipeline_one_off.py took 0.106 seconds
[2026-01-20T03:15:36.259+0000] {processor.py:161} INFO - Started process (PID=20105) to work on /opt/airflow/dags/pipeline_one_off.py
[2026-01-20T03:15:36.260+0000] {processor.py:830} INFO - Processing file /opt/airflow/dags/pipeline_one_off.py for tasks to queue
[2026-01-20T03:15:36.263+0000] {logging_mixin.py:188} INFO - [2026-01-20T03:15:36.263+0000] {dagbag.py:545} INFO - Filling up the DagBag from /opt/airflow/dags/pipeline_one_off.py
[2026-01-20T03:15:36.288+0000] {processor.py:840} INFO - DAG(s) 'pipeline_one_off' retrieved from /opt/airflow/dags/pipeline_one_off.py
[2026-01-20T03:15:36.325+0000] {logging_mixin.py:188} INFO - [2026-01-20T03:15:36.325+0000] {dag.py:3089} INFO - Sync 1 DAGs
[2026-01-20T03:15:36.339+0000] {logging_mixin.py:188} INFO - [2026-01-20T03:15:36.339+0000] {dag.py:3947} INFO - Setting next_dagrun for pipeline_one_off to None, run_after=None
[2026-01-20T03:15:36.363+0000] {processor.py:183} INFO - Processing /opt/airflow/dags/pipeline_one_off.py took 0.113 seconds
[2026-01-20T03:16:06.642+0000] {processor.py:161} INFO - Started process (PID=20115) to work on /opt/airflow/dags/pipeline_one_off.py
[2026-01-20T03:16:06.644+0000] {processor.py:830} INFO - Processing file /opt/airflow/dags/pipeline_one_off.py for tasks to queue
[2026-01-20T03:16:06.646+0000] {logging_mixin.py:188} INFO - [2026-01-20T03:16:06.645+0000] {dagbag.py:545} INFO - Filling up the DagBag from /opt/airflow/dags/pipeline_one_off.py
[2026-01-20T03:16:06.670+0000] {processor.py:840} INFO - DAG(s) 'pipeline_one_off' retrieved from /opt/airflow/dags/pipeline_one_off.py
[2026-01-20T03:16:06.712+0000] {logging_mixin.py:188} INFO - [2026-01-20T03:16:06.711+0000] {dag.py:3089} INFO - Sync 1 DAGs
[2026-01-20T03:16:06.727+0000] {logging_mixin.py:188} INFO - [2026-01-20T03:16:06.727+0000] {dag.py:3947} INFO - Setting next_dagrun for pipeline_one_off to None, run_after=None
[2026-01-20T03:16:06.946+0000] {processor.py:183} INFO - Processing /opt/airflow/dags/pipeline_one_off.py took 0.310 seconds
[2026-01-20T03:16:37.234+0000] {processor.py:161} INFO - Started process (PID=20125) to work on /opt/airflow/dags/pipeline_one_off.py
[2026-01-20T03:16:37.236+0000] {processor.py:830} INFO - Processing file /opt/airflow/dags/pipeline_one_off.py for tasks to queue
[2026-01-20T03:16:37.239+0000] {logging_mixin.py:188} INFO - [2026-01-20T03:16:37.238+0000] {dagbag.py:545} INFO - Filling up the DagBag from /opt/airflow/dags/pipeline_one_off.py
[2026-01-20T03:16:37.262+0000] {processor.py:840} INFO - DAG(s) 'pipeline_one_off' retrieved from /opt/airflow/dags/pipeline_one_off.py
[2026-01-20T03:16:37.302+0000] {logging_mixin.py:188} INFO - [2026-01-20T03:16:37.302+0000] {dag.py:3089} INFO - Sync 1 DAGs
[2026-01-20T03:16:37.522+0000] {logging_mixin.py:188} INFO - [2026-01-20T03:16:37.521+0000] {dag.py:3947} INFO - Setting next_dagrun for pipeline_one_off to None, run_after=None
[2026-01-20T03:16:37.544+0000] {processor.py:183} INFO - Processing /opt/airflow/dags/pipeline_one_off.py took 0.316 seconds
[2026-01-20T03:17:07.844+0000] {processor.py:161} INFO - Started process (PID=20135) to work on /opt/airflow/dags/pipeline_one_off.py
[2026-01-20T03:17:07.846+0000] {processor.py:830} INFO - Processing file /opt/airflow/dags/pipeline_one_off.py for tasks to queue
[2026-01-20T03:17:07.849+0000] {logging_mixin.py:188} INFO - [2026-01-20T03:17:07.848+0000] {dagbag.py:545} INFO - Filling up the DagBag from /opt/airflow/dags/pipeline_one_off.py
[2026-01-20T03:17:07.872+0000] {processor.py:840} INFO - DAG(s) 'pipeline_one_off' retrieved from /opt/airflow/dags/pipeline_one_off.py
[2026-01-20T03:17:07.907+0000] {logging_mixin.py:188} INFO - [2026-01-20T03:17:07.906+0000] {dag.py:3089} INFO - Sync 1 DAGs
[2026-01-20T03:17:07.919+0000] {logging_mixin.py:188} INFO - [2026-01-20T03:17:07.919+0000] {dag.py:3947} INFO - Setting next_dagrun for pipeline_one_off to None, run_after=None
[2026-01-20T03:17:07.938+0000] {processor.py:183} INFO - Processing /opt/airflow/dags/pipeline_one_off.py took 0.100 seconds
[2026-01-20T03:17:38.230+0000] {processor.py:161} INFO - Started process (PID=20145) to work on /opt/airflow/dags/pipeline_one_off.py
[2026-01-20T03:17:38.231+0000] {processor.py:830} INFO - Processing file /opt/airflow/dags/pipeline_one_off.py for tasks to queue
[2026-01-20T03:17:38.234+0000] {logging_mixin.py:188} INFO - [2026-01-20T03:17:38.234+0000] {dagbag.py:545} INFO - Filling up the DagBag from /opt/airflow/dags/pipeline_one_off.py
[2026-01-20T03:17:38.256+0000] {processor.py:840} INFO - DAG(s) 'pipeline_one_off' retrieved from /opt/airflow/dags/pipeline_one_off.py
[2026-01-20T03:17:38.290+0000] {logging_mixin.py:188} INFO - [2026-01-20T03:17:38.290+0000] {dag.py:3089} INFO - Sync 1 DAGs
[2026-01-20T03:17:38.304+0000] {logging_mixin.py:188} INFO - [2026-01-20T03:17:38.304+0000] {dag.py:3947} INFO - Setting next_dagrun for pipeline_one_off to None, run_after=None
[2026-01-20T03:17:38.327+0000] {processor.py:183} INFO - Processing /opt/airflow/dags/pipeline_one_off.py took 0.103 seconds
[2026-01-20T03:18:08.618+0000] {processor.py:161} INFO - Started process (PID=20155) to work on /opt/airflow/dags/pipeline_one_off.py
[2026-01-20T03:18:08.620+0000] {processor.py:830} INFO - Processing file /opt/airflow/dags/pipeline_one_off.py for tasks to queue
[2026-01-20T03:18:08.622+0000] {logging_mixin.py:188} INFO - [2026-01-20T03:18:08.622+0000] {dagbag.py:545} INFO - Filling up the DagBag from /opt/airflow/dags/pipeline_one_off.py
[2026-01-20T03:18:08.647+0000] {processor.py:840} INFO - DAG(s) 'pipeline_one_off' retrieved from /opt/airflow/dags/pipeline_one_off.py
[2026-01-20T03:18:08.680+0000] {logging_mixin.py:188} INFO - [2026-01-20T03:18:08.680+0000] {dag.py:3089} INFO - Sync 1 DAGs
[2026-01-20T03:18:08.693+0000] {logging_mixin.py:188} INFO - [2026-01-20T03:18:08.692+0000] {dag.py:3947} INFO - Setting next_dagrun for pipeline_one_off to None, run_after=None
[2026-01-20T03:18:08.713+0000] {processor.py:183} INFO - Processing /opt/airflow/dags/pipeline_one_off.py took 0.101 seconds
[2026-01-20T03:18:39.000+0000] {processor.py:161} INFO - Started process (PID=20165) to work on /opt/airflow/dags/pipeline_one_off.py
[2026-01-20T03:18:39.001+0000] {processor.py:830} INFO - Processing file /opt/airflow/dags/pipeline_one_off.py for tasks to queue
[2026-01-20T03:18:39.004+0000] {logging_mixin.py:188} INFO - [2026-01-20T03:18:39.004+0000] {dagbag.py:545} INFO - Filling up the DagBag from /opt/airflow/dags/pipeline_one_off.py
[2026-01-20T03:18:39.026+0000] {processor.py:840} INFO - DAG(s) 'pipeline_one_off' retrieved from /opt/airflow/dags/pipeline_one_off.py
[2026-01-20T03:18:39.057+0000] {logging_mixin.py:188} INFO - [2026-01-20T03:18:39.057+0000] {dag.py:3089} INFO - Sync 1 DAGs
[2026-01-20T03:18:39.070+0000] {logging_mixin.py:188} INFO - [2026-01-20T03:18:39.070+0000] {dag.py:3947} INFO - Setting next_dagrun for pipeline_one_off to None, run_after=None
[2026-01-20T03:18:39.092+0000] {processor.py:183} INFO - Processing /opt/airflow/dags/pipeline_one_off.py took 0.098 seconds
[2026-01-20T03:19:09.423+0000] {processor.py:161} INFO - Started process (PID=20175) to work on /opt/airflow/dags/pipeline_one_off.py
[2026-01-20T03:19:09.424+0000] {processor.py:830} INFO - Processing file /opt/airflow/dags/pipeline_one_off.py for tasks to queue
[2026-01-20T03:19:09.426+0000] {logging_mixin.py:188} INFO - [2026-01-20T03:19:09.426+0000] {dagbag.py:545} INFO - Filling up the DagBag from /opt/airflow/dags/pipeline_one_off.py
[2026-01-20T03:19:09.448+0000] {processor.py:840} INFO - DAG(s) 'pipeline_one_off' retrieved from /opt/airflow/dags/pipeline_one_off.py
[2026-01-20T03:19:09.481+0000] {logging_mixin.py:188} INFO - [2026-01-20T03:19:09.481+0000] {dag.py:3089} INFO - Sync 1 DAGs
[2026-01-20T03:19:09.670+0000] {logging_mixin.py:188} INFO - [2026-01-20T03:19:09.669+0000] {dag.py:3947} INFO - Setting next_dagrun for pipeline_one_off to None, run_after=None
[2026-01-20T03:19:09.692+0000] {processor.py:183} INFO - Processing /opt/airflow/dags/pipeline_one_off.py took 0.275 seconds
[2026-01-20T03:19:39.972+0000] {processor.py:161} INFO - Started process (PID=20185) to work on /opt/airflow/dags/pipeline_one_off.py
[2026-01-20T03:19:39.974+0000] {processor.py:830} INFO - Processing file /opt/airflow/dags/pipeline_one_off.py for tasks to queue
[2026-01-20T03:19:39.976+0000] {logging_mixin.py:188} INFO - [2026-01-20T03:19:39.976+0000] {dagbag.py:545} INFO - Filling up the DagBag from /opt/airflow/dags/pipeline_one_off.py
[2026-01-20T03:19:40.000+0000] {processor.py:840} INFO - DAG(s) 'pipeline_one_off' retrieved from /opt/airflow/dags/pipeline_one_off.py
[2026-01-20T03:19:40.036+0000] {logging_mixin.py:188} INFO - [2026-01-20T03:19:40.036+0000] {dag.py:3089} INFO - Sync 1 DAGs
[2026-01-20T03:19:40.235+0000] {logging_mixin.py:188} INFO - [2026-01-20T03:19:40.234+0000] {dag.py:3947} INFO - Setting next_dagrun for pipeline_one_off to None, run_after=None
[2026-01-20T03:19:40.255+0000] {processor.py:183} INFO - Processing /opt/airflow/dags/pipeline_one_off.py took 0.289 seconds
[2026-01-20T03:20:10.371+0000] {processor.py:161} INFO - Started process (PID=20198) to work on /opt/airflow/dags/pipeline_one_off.py
[2026-01-20T03:20:10.372+0000] {processor.py:830} INFO - Processing file /opt/airflow/dags/pipeline_one_off.py for tasks to queue
[2026-01-20T03:20:10.375+0000] {logging_mixin.py:188} INFO - [2026-01-20T03:20:10.374+0000] {dagbag.py:545} INFO - Filling up the DagBag from /opt/airflow/dags/pipeline_one_off.py
[2026-01-20T03:20:10.398+0000] {processor.py:840} INFO - DAG(s) 'pipeline_one_off' retrieved from /opt/airflow/dags/pipeline_one_off.py
[2026-01-20T03:20:10.430+0000] {logging_mixin.py:188} INFO - [2026-01-20T03:20:10.430+0000] {dag.py:3089} INFO - Sync 1 DAGs
[2026-01-20T03:20:10.443+0000] {logging_mixin.py:188} INFO - [2026-01-20T03:20:10.443+0000] {dag.py:3947} INFO - Setting next_dagrun for pipeline_one_off to None, run_after=None
[2026-01-20T03:20:10.463+0000] {processor.py:183} INFO - Processing /opt/airflow/dags/pipeline_one_off.py took 0.098 seconds
[2026-01-20T03:20:40.749+0000] {processor.py:161} INFO - Started process (PID=20208) to work on /opt/airflow/dags/pipeline_one_off.py
[2026-01-20T03:20:40.751+0000] {processor.py:830} INFO - Processing file /opt/airflow/dags/pipeline_one_off.py for tasks to queue
[2026-01-20T03:20:40.753+0000] {logging_mixin.py:188} INFO - [2026-01-20T03:20:40.753+0000] {dagbag.py:545} INFO - Filling up the DagBag from /opt/airflow/dags/pipeline_one_off.py
[2026-01-20T03:20:40.776+0000] {processor.py:840} INFO - DAG(s) 'pipeline_one_off' retrieved from /opt/airflow/dags/pipeline_one_off.py
[2026-01-20T03:20:40.811+0000] {logging_mixin.py:188} INFO - [2026-01-20T03:20:40.811+0000] {dag.py:3089} INFO - Sync 1 DAGs
[2026-01-20T03:20:40.822+0000] {logging_mixin.py:188} INFO - [2026-01-20T03:20:40.822+0000] {dag.py:3947} INFO - Setting next_dagrun for pipeline_one_off to None, run_after=None
[2026-01-20T03:20:40.841+0000] {processor.py:183} INFO - Processing /opt/airflow/dags/pipeline_one_off.py took 0.098 seconds
[2026-01-20T03:21:11.127+0000] {processor.py:161} INFO - Started process (PID=20218) to work on /opt/airflow/dags/pipeline_one_off.py
[2026-01-20T03:21:11.128+0000] {processor.py:830} INFO - Processing file /opt/airflow/dags/pipeline_one_off.py for tasks to queue
[2026-01-20T03:21:11.130+0000] {logging_mixin.py:188} INFO - [2026-01-20T03:21:11.130+0000] {dagbag.py:545} INFO - Filling up the DagBag from /opt/airflow/dags/pipeline_one_off.py
[2026-01-20T03:21:11.150+0000] {processor.py:840} INFO - DAG(s) 'pipeline_one_off' retrieved from /opt/airflow/dags/pipeline_one_off.py
[2026-01-20T03:21:11.183+0000] {logging_mixin.py:188} INFO - [2026-01-20T03:21:11.183+0000] {dag.py:3089} INFO - Sync 1 DAGs
[2026-01-20T03:21:11.196+0000] {logging_mixin.py:188} INFO - [2026-01-20T03:21:11.195+0000] {dag.py:3947} INFO - Setting next_dagrun for pipeline_one_off to None, run_after=None
[2026-01-20T03:21:11.218+0000] {processor.py:183} INFO - Processing /opt/airflow/dags/pipeline_one_off.py took 0.097 seconds
[2026-01-20T03:21:41.512+0000] {processor.py:161} INFO - Started process (PID=20228) to work on /opt/airflow/dags/pipeline_one_off.py
[2026-01-20T03:21:41.513+0000] {processor.py:830} INFO - Processing file /opt/airflow/dags/pipeline_one_off.py for tasks to queue
[2026-01-20T03:21:41.516+0000] {logging_mixin.py:188} INFO - [2026-01-20T03:21:41.515+0000] {dagbag.py:545} INFO - Filling up the DagBag from /opt/airflow/dags/pipeline_one_off.py
[2026-01-20T03:21:41.540+0000] {processor.py:840} INFO - DAG(s) 'pipeline_one_off' retrieved from /opt/airflow/dags/pipeline_one_off.py
[2026-01-20T03:21:41.576+0000] {logging_mixin.py:188} INFO - [2026-01-20T03:21:41.576+0000] {dag.py:3089} INFO - Sync 1 DAGs
[2026-01-20T03:21:41.589+0000] {logging_mixin.py:188} INFO - [2026-01-20T03:21:41.588+0000] {dag.py:3947} INFO - Setting next_dagrun for pipeline_one_off to None, run_after=None
[2026-01-20T03:21:41.611+0000] {processor.py:183} INFO - Processing /opt/airflow/dags/pipeline_one_off.py took 0.105 seconds
[2026-01-20T03:22:11.892+0000] {processor.py:161} INFO - Started process (PID=20238) to work on /opt/airflow/dags/pipeline_one_off.py
[2026-01-20T03:22:11.893+0000] {processor.py:830} INFO - Processing file /opt/airflow/dags/pipeline_one_off.py for tasks to queue
[2026-01-20T03:22:11.896+0000] {logging_mixin.py:188} INFO - [2026-01-20T03:22:11.895+0000] {dagbag.py:545} INFO - Filling up the DagBag from /opt/airflow/dags/pipeline_one_off.py
[2026-01-20T03:22:11.919+0000] {processor.py:840} INFO - DAG(s) 'pipeline_one_off' retrieved from /opt/airflow/dags/pipeline_one_off.py
[2026-01-20T03:22:11.952+0000] {logging_mixin.py:188} INFO - [2026-01-20T03:22:11.951+0000] {dag.py:3089} INFO - Sync 1 DAGs
[2026-01-20T03:22:12.142+0000] {logging_mixin.py:188} INFO - [2026-01-20T03:22:12.142+0000] {dag.py:3947} INFO - Setting next_dagrun for pipeline_one_off to None, run_after=None
[2026-01-20T03:22:12.159+0000] {processor.py:183} INFO - Processing /opt/airflow/dags/pipeline_one_off.py took 0.273 seconds
[2026-01-20T03:22:42.453+0000] {processor.py:161} INFO - Started process (PID=20248) to work on /opt/airflow/dags/pipeline_one_off.py
[2026-01-20T03:22:42.454+0000] {processor.py:830} INFO - Processing file /opt/airflow/dags/pipeline_one_off.py for tasks to queue
[2026-01-20T03:22:42.456+0000] {logging_mixin.py:188} INFO - [2026-01-20T03:22:42.456+0000] {dagbag.py:545} INFO - Filling up the DagBag from /opt/airflow/dags/pipeline_one_off.py
[2026-01-20T03:22:42.480+0000] {processor.py:840} INFO - DAG(s) 'pipeline_one_off' retrieved from /opt/airflow/dags/pipeline_one_off.py
[2026-01-20T03:22:42.514+0000] {logging_mixin.py:188} INFO - [2026-01-20T03:22:42.514+0000] {dag.py:3089} INFO - Sync 1 DAGs
[2026-01-20T03:22:42.528+0000] {logging_mixin.py:188} INFO - [2026-01-20T03:22:42.528+0000] {dag.py:3947} INFO - Setting next_dagrun for pipeline_one_off to None, run_after=None
[2026-01-20T03:22:42.553+0000] {processor.py:183} INFO - Processing /opt/airflow/dags/pipeline_one_off.py took 0.105 seconds
[2026-01-20T03:23:12.854+0000] {processor.py:161} INFO - Started process (PID=20258) to work on /opt/airflow/dags/pipeline_one_off.py
[2026-01-20T03:23:12.856+0000] {processor.py:830} INFO - Processing file /opt/airflow/dags/pipeline_one_off.py for tasks to queue
[2026-01-20T03:23:12.858+0000] {logging_mixin.py:188} INFO - [2026-01-20T03:23:12.857+0000] {dagbag.py:545} INFO - Filling up the DagBag from /opt/airflow/dags/pipeline_one_off.py
[2026-01-20T03:23:12.881+0000] {processor.py:840} INFO - DAG(s) 'pipeline_one_off' retrieved from /opt/airflow/dags/pipeline_one_off.py
[2026-01-20T03:23:12.919+0000] {logging_mixin.py:188} INFO - [2026-01-20T03:23:12.919+0000] {dag.py:3089} INFO - Sync 1 DAGs
[2026-01-20T03:23:12.933+0000] {logging_mixin.py:188} INFO - [2026-01-20T03:23:12.933+0000] {dag.py:3947} INFO - Setting next_dagrun for pipeline_one_off to None, run_after=None
[2026-01-20T03:23:12.955+0000] {processor.py:183} INFO - Processing /opt/airflow/dags/pipeline_one_off.py took 0.106 seconds
[2026-01-20T03:23:43.274+0000] {processor.py:161} INFO - Started process (PID=20268) to work on /opt/airflow/dags/pipeline_one_off.py
[2026-01-20T03:23:43.276+0000] {processor.py:830} INFO - Processing file /opt/airflow/dags/pipeline_one_off.py for tasks to queue
[2026-01-20T03:23:43.278+0000] {logging_mixin.py:188} INFO - [2026-01-20T03:23:43.278+0000] {dagbag.py:545} INFO - Filling up the DagBag from /opt/airflow/dags/pipeline_one_off.py
[2026-01-20T03:23:43.299+0000] {processor.py:840} INFO - DAG(s) 'pipeline_one_off' retrieved from /opt/airflow/dags/pipeline_one_off.py
[2026-01-20T03:23:43.331+0000] {logging_mixin.py:188} INFO - [2026-01-20T03:23:43.330+0000] {dag.py:3089} INFO - Sync 1 DAGs
[2026-01-20T03:23:43.344+0000] {logging_mixin.py:188} INFO - [2026-01-20T03:23:43.344+0000] {dag.py:3947} INFO - Setting next_dagrun for pipeline_one_off to None, run_after=None
[2026-01-20T03:23:43.365+0000] {processor.py:183} INFO - Processing /opt/airflow/dags/pipeline_one_off.py took 0.096 seconds
[2026-01-20T03:24:13.650+0000] {processor.py:161} INFO - Started process (PID=20278) to work on /opt/airflow/dags/pipeline_one_off.py
[2026-01-20T03:24:13.652+0000] {processor.py:830} INFO - Processing file /opt/airflow/dags/pipeline_one_off.py for tasks to queue
[2026-01-20T03:24:13.655+0000] {logging_mixin.py:188} INFO - [2026-01-20T03:24:13.654+0000] {dagbag.py:545} INFO - Filling up the DagBag from /opt/airflow/dags/pipeline_one_off.py
[2026-01-20T03:24:13.676+0000] {processor.py:840} INFO - DAG(s) 'pipeline_one_off' retrieved from /opt/airflow/dags/pipeline_one_off.py
[2026-01-20T03:24:13.711+0000] {logging_mixin.py:188} INFO - [2026-01-20T03:24:13.710+0000] {dag.py:3089} INFO - Sync 1 DAGs
[2026-01-20T03:24:13.723+0000] {logging_mixin.py:188} INFO - [2026-01-20T03:24:13.723+0000] {dag.py:3947} INFO - Setting next_dagrun for pipeline_one_off to None, run_after=None
[2026-01-20T03:24:13.745+0000] {processor.py:183} INFO - Processing /opt/airflow/dags/pipeline_one_off.py took 0.100 seconds
[2026-01-20T03:24:44.023+0000] {processor.py:161} INFO - Started process (PID=20288) to work on /opt/airflow/dags/pipeline_one_off.py
[2026-01-20T03:24:44.024+0000] {processor.py:830} INFO - Processing file /opt/airflow/dags/pipeline_one_off.py for tasks to queue
[2026-01-20T03:24:44.027+0000] {logging_mixin.py:188} INFO - [2026-01-20T03:24:44.027+0000] {dagbag.py:545} INFO - Filling up the DagBag from /opt/airflow/dags/pipeline_one_off.py
[2026-01-20T03:24:44.049+0000] {processor.py:840} INFO - DAG(s) 'pipeline_one_off' retrieved from /opt/airflow/dags/pipeline_one_off.py
[2026-01-20T03:24:44.086+0000] {logging_mixin.py:188} INFO - [2026-01-20T03:24:44.085+0000] {dag.py:3089} INFO - Sync 1 DAGs
[2026-01-20T03:24:44.100+0000] {logging_mixin.py:188} INFO - [2026-01-20T03:24:44.100+0000] {dag.py:3947} INFO - Setting next_dagrun for pipeline_one_off to None, run_after=None
[2026-01-20T03:24:44.301+0000] {processor.py:183} INFO - Processing /opt/airflow/dags/pipeline_one_off.py took 0.284 seconds
[2026-01-20T03:25:14.593+0000] {processor.py:161} INFO - Started process (PID=20298) to work on /opt/airflow/dags/pipeline_one_off.py
[2026-01-20T03:25:14.595+0000] {processor.py:830} INFO - Processing file /opt/airflow/dags/pipeline_one_off.py for tasks to queue
[2026-01-20T03:25:14.597+0000] {logging_mixin.py:188} INFO - [2026-01-20T03:25:14.597+0000] {dagbag.py:545} INFO - Filling up the DagBag from /opt/airflow/dags/pipeline_one_off.py
[2026-01-20T03:25:14.620+0000] {processor.py:840} INFO - DAG(s) 'pipeline_one_off' retrieved from /opt/airflow/dags/pipeline_one_off.py
[2026-01-20T03:25:14.655+0000] {logging_mixin.py:188} INFO - [2026-01-20T03:25:14.655+0000] {dag.py:3089} INFO - Sync 1 DAGs
[2026-01-20T03:25:14.844+0000] {logging_mixin.py:188} INFO - [2026-01-20T03:25:14.843+0000] {dag.py:3947} INFO - Setting next_dagrun for pipeline_one_off to None, run_after=None
[2026-01-20T03:25:14.865+0000] {processor.py:183} INFO - Processing /opt/airflow/dags/pipeline_one_off.py took 0.278 seconds
[2026-01-20T03:25:45.160+0000] {processor.py:161} INFO - Started process (PID=20308) to work on /opt/airflow/dags/pipeline_one_off.py
[2026-01-20T03:25:45.162+0000] {processor.py:830} INFO - Processing file /opt/airflow/dags/pipeline_one_off.py for tasks to queue
[2026-01-20T03:25:45.164+0000] {logging_mixin.py:188} INFO - [2026-01-20T03:25:45.164+0000] {dagbag.py:545} INFO - Filling up the DagBag from /opt/airflow/dags/pipeline_one_off.py
[2026-01-20T03:25:45.187+0000] {processor.py:840} INFO - DAG(s) 'pipeline_one_off' retrieved from /opt/airflow/dags/pipeline_one_off.py
[2026-01-20T03:25:45.222+0000] {logging_mixin.py:188} INFO - [2026-01-20T03:25:45.222+0000] {dag.py:3089} INFO - Sync 1 DAGs
[2026-01-20T03:25:45.234+0000] {logging_mixin.py:188} INFO - [2026-01-20T03:25:45.234+0000] {dag.py:3947} INFO - Setting next_dagrun for pipeline_one_off to None, run_after=None
[2026-01-20T03:25:45.253+0000] {processor.py:183} INFO - Processing /opt/airflow/dags/pipeline_one_off.py took 0.100 seconds
[2026-01-20T03:26:15.543+0000] {processor.py:161} INFO - Started process (PID=20318) to work on /opt/airflow/dags/pipeline_one_off.py
[2026-01-20T03:26:15.544+0000] {processor.py:830} INFO - Processing file /opt/airflow/dags/pipeline_one_off.py for tasks to queue
[2026-01-20T03:26:15.547+0000] {logging_mixin.py:188} INFO - [2026-01-20T03:26:15.546+0000] {dagbag.py:545} INFO - Filling up the DagBag from /opt/airflow/dags/pipeline_one_off.py
[2026-01-20T03:26:15.570+0000] {processor.py:840} INFO - DAG(s) 'pipeline_one_off' retrieved from /opt/airflow/dags/pipeline_one_off.py
[2026-01-20T03:26:15.601+0000] {logging_mixin.py:188} INFO - [2026-01-20T03:26:15.601+0000] {dag.py:3089} INFO - Sync 1 DAGs
[2026-01-20T03:26:15.613+0000] {logging_mixin.py:188} INFO - [2026-01-20T03:26:15.613+0000] {dag.py:3947} INFO - Setting next_dagrun for pipeline_one_off to None, run_after=None
[2026-01-20T03:26:15.634+0000] {processor.py:183} INFO - Processing /opt/airflow/dags/pipeline_one_off.py took 0.098 seconds
[2026-01-20T03:26:45.914+0000] {processor.py:161} INFO - Started process (PID=20328) to work on /opt/airflow/dags/pipeline_one_off.py
[2026-01-20T03:26:45.915+0000] {processor.py:830} INFO - Processing file /opt/airflow/dags/pipeline_one_off.py for tasks to queue
[2026-01-20T03:26:45.916+0000] {logging_mixin.py:188} INFO - [2026-01-20T03:26:45.916+0000] {dagbag.py:545} INFO - Filling up the DagBag from /opt/airflow/dags/pipeline_one_off.py
[2026-01-20T03:26:45.938+0000] {processor.py:840} INFO - DAG(s) 'pipeline_one_off' retrieved from /opt/airflow/dags/pipeline_one_off.py
[2026-01-20T03:26:45.976+0000] {logging_mixin.py:188} INFO - [2026-01-20T03:26:45.975+0000] {dag.py:3089} INFO - Sync 1 DAGs
[2026-01-20T03:26:45.990+0000] {logging_mixin.py:188} INFO - [2026-01-20T03:26:45.990+0000] {dag.py:3947} INFO - Setting next_dagrun for pipeline_one_off to None, run_after=None
[2026-01-20T03:26:46.010+0000] {processor.py:183} INFO - Processing /opt/airflow/dags/pipeline_one_off.py took 0.102 seconds
[2026-01-20T03:27:16.289+0000] {processor.py:161} INFO - Started process (PID=20338) to work on /opt/airflow/dags/pipeline_one_off.py
[2026-01-20T03:27:16.290+0000] {processor.py:830} INFO - Processing file /opt/airflow/dags/pipeline_one_off.py for tasks to queue
[2026-01-20T03:27:16.292+0000] {logging_mixin.py:188} INFO - [2026-01-20T03:27:16.292+0000] {dagbag.py:545} INFO - Filling up the DagBag from /opt/airflow/dags/pipeline_one_off.py
[2026-01-20T03:27:16.313+0000] {processor.py:840} INFO - DAG(s) 'pipeline_one_off' retrieved from /opt/airflow/dags/pipeline_one_off.py
[2026-01-20T03:27:16.349+0000] {logging_mixin.py:188} INFO - [2026-01-20T03:27:16.348+0000] {dag.py:3089} INFO - Sync 1 DAGs
[2026-01-20T03:27:16.363+0000] {logging_mixin.py:188} INFO - [2026-01-20T03:27:16.363+0000] {dag.py:3947} INFO - Setting next_dagrun for pipeline_one_off to None, run_after=None
[2026-01-20T03:27:16.385+0000] {processor.py:183} INFO - Processing /opt/airflow/dags/pipeline_one_off.py took 0.102 seconds
[2026-01-20T03:27:46.664+0000] {processor.py:161} INFO - Started process (PID=20348) to work on /opt/airflow/dags/pipeline_one_off.py
[2026-01-20T03:27:46.666+0000] {processor.py:830} INFO - Processing file /opt/airflow/dags/pipeline_one_off.py for tasks to queue
[2026-01-20T03:27:46.668+0000] {logging_mixin.py:188} INFO - [2026-01-20T03:27:46.668+0000] {dagbag.py:545} INFO - Filling up the DagBag from /opt/airflow/dags/pipeline_one_off.py
[2026-01-20T03:27:46.692+0000] {processor.py:840} INFO - DAG(s) 'pipeline_one_off' retrieved from /opt/airflow/dags/pipeline_one_off.py
[2026-01-20T03:27:46.728+0000] {logging_mixin.py:188} INFO - [2026-01-20T03:27:46.727+0000] {dag.py:3089} INFO - Sync 1 DAGs
[2026-01-20T03:27:46.742+0000] {logging_mixin.py:188} INFO - [2026-01-20T03:27:46.742+0000] {dag.py:3947} INFO - Setting next_dagrun for pipeline_one_off to None, run_after=None
[2026-01-20T03:27:46.944+0000] {processor.py:183} INFO - Processing /opt/airflow/dags/pipeline_one_off.py took 0.286 seconds
[2026-01-20T03:28:17.236+0000] {processor.py:161} INFO - Started process (PID=20358) to work on /opt/airflow/dags/pipeline_one_off.py
[2026-01-20T03:28:17.238+0000] {processor.py:830} INFO - Processing file /opt/airflow/dags/pipeline_one_off.py for tasks to queue
[2026-01-20T03:28:17.240+0000] {logging_mixin.py:188} INFO - [2026-01-20T03:28:17.239+0000] {dagbag.py:545} INFO - Filling up the DagBag from /opt/airflow/dags/pipeline_one_off.py
[2026-01-20T03:28:17.262+0000] {processor.py:840} INFO - DAG(s) 'pipeline_one_off' retrieved from /opt/airflow/dags/pipeline_one_off.py
[2026-01-20T03:28:17.296+0000] {logging_mixin.py:188} INFO - [2026-01-20T03:28:17.295+0000] {dag.py:3089} INFO - Sync 1 DAGs
[2026-01-20T03:28:17.494+0000] {logging_mixin.py:188} INFO - [2026-01-20T03:28:17.494+0000] {dag.py:3947} INFO - Setting next_dagrun for pipeline_one_off to None, run_after=None
[2026-01-20T03:28:17.511+0000] {processor.py:183} INFO - Processing /opt/airflow/dags/pipeline_one_off.py took 0.281 seconds
[2026-01-20T03:28:47.843+0000] {processor.py:161} INFO - Started process (PID=20368) to work on /opt/airflow/dags/pipeline_one_off.py
[2026-01-20T03:28:47.844+0000] {processor.py:830} INFO - Processing file /opt/airflow/dags/pipeline_one_off.py for tasks to queue
[2026-01-20T03:28:47.848+0000] {logging_mixin.py:188} INFO - [2026-01-20T03:28:47.848+0000] {dagbag.py:545} INFO - Filling up the DagBag from /opt/airflow/dags/pipeline_one_off.py
[2026-01-20T03:28:47.872+0000] {processor.py:840} INFO - DAG(s) 'pipeline_one_off' retrieved from /opt/airflow/dags/pipeline_one_off.py
[2026-01-20T03:28:47.908+0000] {logging_mixin.py:188} INFO - [2026-01-20T03:28:47.908+0000] {dag.py:3089} INFO - Sync 1 DAGs
[2026-01-20T03:28:47.921+0000] {logging_mixin.py:188} INFO - [2026-01-20T03:28:47.921+0000] {dag.py:3947} INFO - Setting next_dagrun for pipeline_one_off to None, run_after=None
[2026-01-20T03:28:47.943+0000] {processor.py:183} INFO - Processing /opt/airflow/dags/pipeline_one_off.py took 0.106 seconds
[2026-01-20T03:29:18.231+0000] {processor.py:161} INFO - Started process (PID=20378) to work on /opt/airflow/dags/pipeline_one_off.py
[2026-01-20T03:29:18.232+0000] {processor.py:830} INFO - Processing file /opt/airflow/dags/pipeline_one_off.py for tasks to queue
[2026-01-20T03:29:18.235+0000] {logging_mixin.py:188} INFO - [2026-01-20T03:29:18.235+0000] {dagbag.py:545} INFO - Filling up the DagBag from /opt/airflow/dags/pipeline_one_off.py
[2026-01-20T03:29:18.258+0000] {processor.py:840} INFO - DAG(s) 'pipeline_one_off' retrieved from /opt/airflow/dags/pipeline_one_off.py
[2026-01-20T03:29:18.289+0000] {logging_mixin.py:188} INFO - [2026-01-20T03:29:18.289+0000] {dag.py:3089} INFO - Sync 1 DAGs
[2026-01-20T03:29:18.301+0000] {logging_mixin.py:188} INFO - [2026-01-20T03:29:18.301+0000] {dag.py:3947} INFO - Setting next_dagrun for pipeline_one_off to None, run_after=None
[2026-01-20T03:29:18.324+0000] {processor.py:183} INFO - Processing /opt/airflow/dags/pipeline_one_off.py took 0.099 seconds
[2026-01-20T03:29:48.599+0000] {processor.py:161} INFO - Started process (PID=20388) to work on /opt/airflow/dags/pipeline_one_off.py
[2026-01-20T03:29:48.601+0000] {processor.py:830} INFO - Processing file /opt/airflow/dags/pipeline_one_off.py for tasks to queue
[2026-01-20T03:29:48.603+0000] {logging_mixin.py:188} INFO - [2026-01-20T03:29:48.603+0000] {dagbag.py:545} INFO - Filling up the DagBag from /opt/airflow/dags/pipeline_one_off.py
[2026-01-20T03:29:48.626+0000] {processor.py:840} INFO - DAG(s) 'pipeline_one_off' retrieved from /opt/airflow/dags/pipeline_one_off.py
[2026-01-20T03:29:48.660+0000] {logging_mixin.py:188} INFO - [2026-01-20T03:29:48.660+0000] {dag.py:3089} INFO - Sync 1 DAGs
[2026-01-20T03:29:48.674+0000] {logging_mixin.py:188} INFO - [2026-01-20T03:29:48.673+0000] {dag.py:3947} INFO - Setting next_dagrun for pipeline_one_off to None, run_after=None
[2026-01-20T03:29:48.693+0000] {processor.py:183} INFO - Processing /opt/airflow/dags/pipeline_one_off.py took 0.099 seconds
[2026-01-20T03:30:18.980+0000] {processor.py:161} INFO - Started process (PID=20401) to work on /opt/airflow/dags/pipeline_one_off.py
[2026-01-20T03:30:18.981+0000] {processor.py:830} INFO - Processing file /opt/airflow/dags/pipeline_one_off.py for tasks to queue
[2026-01-20T03:30:18.983+0000] {logging_mixin.py:188} INFO - [2026-01-20T03:30:18.983+0000] {dagbag.py:545} INFO - Filling up the DagBag from /opt/airflow/dags/pipeline_one_off.py
[2026-01-20T03:30:19.005+0000] {processor.py:840} INFO - DAG(s) 'pipeline_one_off' retrieved from /opt/airflow/dags/pipeline_one_off.py
[2026-01-20T03:30:19.038+0000] {logging_mixin.py:188} INFO - [2026-01-20T03:30:19.037+0000] {dag.py:3089} INFO - Sync 1 DAGs
[2026-01-20T03:30:19.050+0000] {logging_mixin.py:188} INFO - [2026-01-20T03:30:19.049+0000] {dag.py:3947} INFO - Setting next_dagrun for pipeline_one_off to None, run_after=None
[2026-01-20T03:30:19.073+0000] {processor.py:183} INFO - Processing /opt/airflow/dags/pipeline_one_off.py took 0.099 seconds
[2026-01-20T03:30:49.353+0000] {processor.py:161} INFO - Started process (PID=20411) to work on /opt/airflow/dags/pipeline_one_off.py
[2026-01-20T03:30:49.354+0000] {processor.py:830} INFO - Processing file /opt/airflow/dags/pipeline_one_off.py for tasks to queue
[2026-01-20T03:30:49.356+0000] {logging_mixin.py:188} INFO - [2026-01-20T03:30:49.356+0000] {dagbag.py:545} INFO - Filling up the DagBag from /opt/airflow/dags/pipeline_one_off.py
[2026-01-20T03:30:49.377+0000] {processor.py:840} INFO - DAG(s) 'pipeline_one_off' retrieved from /opt/airflow/dags/pipeline_one_off.py
[2026-01-20T03:30:49.412+0000] {logging_mixin.py:188} INFO - [2026-01-20T03:30:49.411+0000] {dag.py:3089} INFO - Sync 1 DAGs
[2026-01-20T03:30:49.605+0000] {logging_mixin.py:188} INFO - [2026-01-20T03:30:49.605+0000] {dag.py:3947} INFO - Setting next_dagrun for pipeline_one_off to None, run_after=None
[2026-01-20T03:30:49.626+0000] {processor.py:183} INFO - Processing /opt/airflow/dags/pipeline_one_off.py took 0.279 seconds
[2026-01-20T03:31:19.920+0000] {processor.py:161} INFO - Started process (PID=20421) to work on /opt/airflow/dags/pipeline_one_off.py
[2026-01-20T03:31:19.921+0000] {processor.py:830} INFO - Processing file /opt/airflow/dags/pipeline_one_off.py for tasks to queue
[2026-01-20T03:31:19.922+0000] {logging_mixin.py:188} INFO - [2026-01-20T03:31:19.922+0000] {dagbag.py:545} INFO - Filling up the DagBag from /opt/airflow/dags/pipeline_one_off.py
[2026-01-20T03:31:19.945+0000] {processor.py:840} INFO - DAG(s) 'pipeline_one_off' retrieved from /opt/airflow/dags/pipeline_one_off.py
[2026-01-20T03:31:20.162+0000] {logging_mixin.py:188} INFO - [2026-01-20T03:31:20.162+0000] {dag.py:3089} INFO - Sync 1 DAGs
[2026-01-20T03:31:20.171+0000] {logging_mixin.py:188} INFO - [2026-01-20T03:31:20.171+0000] {dag.py:3947} INFO - Setting next_dagrun for pipeline_one_off to None, run_after=None
[2026-01-20T03:31:20.189+0000] {processor.py:183} INFO - Processing /opt/airflow/dags/pipeline_one_off.py took 0.275 seconds
[2026-01-20T03:31:50.466+0000] {processor.py:161} INFO - Started process (PID=20431) to work on /opt/airflow/dags/pipeline_one_off.py
[2026-01-20T03:31:50.467+0000] {processor.py:830} INFO - Processing file /opt/airflow/dags/pipeline_one_off.py for tasks to queue
[2026-01-20T03:31:50.470+0000] {logging_mixin.py:188} INFO - [2026-01-20T03:31:50.469+0000] {dagbag.py:545} INFO - Filling up the DagBag from /opt/airflow/dags/pipeline_one_off.py
[2026-01-20T03:31:50.492+0000] {processor.py:840} INFO - DAG(s) 'pipeline_one_off' retrieved from /opt/airflow/dags/pipeline_one_off.py
[2026-01-20T03:31:50.527+0000] {logging_mixin.py:188} INFO - [2026-01-20T03:31:50.526+0000] {dag.py:3089} INFO - Sync 1 DAGs
[2026-01-20T03:31:50.539+0000] {logging_mixin.py:188} INFO - [2026-01-20T03:31:50.539+0000] {dag.py:3947} INFO - Setting next_dagrun for pipeline_one_off to None, run_after=None
[2026-01-20T03:31:50.560+0000] {processor.py:183} INFO - Processing /opt/airflow/dags/pipeline_one_off.py took 0.101 seconds
[2026-01-20T03:32:20.850+0000] {processor.py:161} INFO - Started process (PID=20441) to work on /opt/airflow/dags/pipeline_one_off.py
[2026-01-20T03:32:20.852+0000] {processor.py:830} INFO - Processing file /opt/airflow/dags/pipeline_one_off.py for tasks to queue
[2026-01-20T03:32:20.854+0000] {logging_mixin.py:188} INFO - [2026-01-20T03:32:20.853+0000] {dagbag.py:545} INFO - Filling up the DagBag from /opt/airflow/dags/pipeline_one_off.py
[2026-01-20T03:32:20.876+0000] {processor.py:840} INFO - DAG(s) 'pipeline_one_off' retrieved from /opt/airflow/dags/pipeline_one_off.py
[2026-01-20T03:32:20.907+0000] {logging_mixin.py:188} INFO - [2026-01-20T03:32:20.907+0000] {dag.py:3089} INFO - Sync 1 DAGs
[2026-01-20T03:32:20.919+0000] {logging_mixin.py:188} INFO - [2026-01-20T03:32:20.919+0000] {dag.py:3947} INFO - Setting next_dagrun for pipeline_one_off to None, run_after=None
[2026-01-20T03:32:20.940+0000] {processor.py:183} INFO - Processing /opt/airflow/dags/pipeline_one_off.py took 0.096 seconds
[2026-01-20T03:32:51.234+0000] {processor.py:161} INFO - Started process (PID=20451) to work on /opt/airflow/dags/pipeline_one_off.py
[2026-01-20T03:32:51.235+0000] {processor.py:830} INFO - Processing file /opt/airflow/dags/pipeline_one_off.py for tasks to queue
[2026-01-20T03:32:51.237+0000] {logging_mixin.py:188} INFO - [2026-01-20T03:32:51.237+0000] {dagbag.py:545} INFO - Filling up the DagBag from /opt/airflow/dags/pipeline_one_off.py
[2026-01-20T03:32:51.257+0000] {processor.py:840} INFO - DAG(s) 'pipeline_one_off' retrieved from /opt/airflow/dags/pipeline_one_off.py
[2026-01-20T03:32:51.290+0000] {logging_mixin.py:188} INFO - [2026-01-20T03:32:51.290+0000] {dag.py:3089} INFO - Sync 1 DAGs
[2026-01-20T03:32:51.303+0000] {logging_mixin.py:188} INFO - [2026-01-20T03:32:51.302+0000] {dag.py:3947} INFO - Setting next_dagrun for pipeline_one_off to None, run_after=None
[2026-01-20T03:32:51.321+0000] {processor.py:183} INFO - Processing /opt/airflow/dags/pipeline_one_off.py took 0.093 seconds
[2026-01-20T03:33:21.617+0000] {processor.py:161} INFO - Started process (PID=20461) to work on /opt/airflow/dags/pipeline_one_off.py
[2026-01-20T03:33:21.619+0000] {processor.py:830} INFO - Processing file /opt/airflow/dags/pipeline_one_off.py for tasks to queue
[2026-01-20T03:33:21.621+0000] {logging_mixin.py:188} INFO - [2026-01-20T03:33:21.621+0000] {dagbag.py:545} INFO - Filling up the DagBag from /opt/airflow/dags/pipeline_one_off.py
[2026-01-20T03:33:21.644+0000] {processor.py:840} INFO - DAG(s) 'pipeline_one_off' retrieved from /opt/airflow/dags/pipeline_one_off.py
[2026-01-20T03:33:21.676+0000] {logging_mixin.py:188} INFO - [2026-01-20T03:33:21.676+0000] {dag.py:3089} INFO - Sync 1 DAGs
[2026-01-20T03:33:21.688+0000] {logging_mixin.py:188} INFO - [2026-01-20T03:33:21.687+0000] {dag.py:3947} INFO - Setting next_dagrun for pipeline_one_off to None, run_after=None
[2026-01-20T03:33:21.707+0000] {processor.py:183} INFO - Processing /opt/airflow/dags/pipeline_one_off.py took 0.095 seconds
[2026-01-20T03:33:52.035+0000] {processor.py:161} INFO - Started process (PID=20471) to work on /opt/airflow/dags/pipeline_one_off.py
[2026-01-20T03:33:52.036+0000] {processor.py:830} INFO - Processing file /opt/airflow/dags/pipeline_one_off.py for tasks to queue
[2026-01-20T03:33:52.039+0000] {logging_mixin.py:188} INFO - [2026-01-20T03:33:52.038+0000] {dagbag.py:545} INFO - Filling up the DagBag from /opt/airflow/dags/pipeline_one_off.py
[2026-01-20T03:33:52.062+0000] {processor.py:840} INFO - DAG(s) 'pipeline_one_off' retrieved from /opt/airflow/dags/pipeline_one_off.py
[2026-01-20T03:33:52.098+0000] {logging_mixin.py:188} INFO - [2026-01-20T03:33:52.098+0000] {dag.py:3089} INFO - Sync 1 DAGs
[2026-01-20T03:33:52.296+0000] {logging_mixin.py:188} INFO - [2026-01-20T03:33:52.295+0000] {dag.py:3947} INFO - Setting next_dagrun for pipeline_one_off to None, run_after=None
[2026-01-20T03:33:52.314+0000] {processor.py:183} INFO - Processing /opt/airflow/dags/pipeline_one_off.py took 0.285 seconds
[2026-01-20T03:34:22.597+0000] {processor.py:161} INFO - Started process (PID=20481) to work on /opt/airflow/dags/pipeline_one_off.py
[2026-01-20T03:34:22.599+0000] {processor.py:830} INFO - Processing file /opt/airflow/dags/pipeline_one_off.py for tasks to queue
[2026-01-20T03:34:22.602+0000] {logging_mixin.py:188} INFO - [2026-01-20T03:34:22.601+0000] {dagbag.py:545} INFO - Filling up the DagBag from /opt/airflow/dags/pipeline_one_off.py
[2026-01-20T03:34:22.622+0000] {processor.py:840} INFO - DAG(s) 'pipeline_one_off' retrieved from /opt/airflow/dags/pipeline_one_off.py
[2026-01-20T03:34:22.841+0000] {logging_mixin.py:188} INFO - [2026-01-20T03:34:22.841+0000] {dag.py:3089} INFO - Sync 1 DAGs
[2026-01-20T03:34:22.853+0000] {logging_mixin.py:188} INFO - [2026-01-20T03:34:22.853+0000] {dag.py:3947} INFO - Setting next_dagrun for pipeline_one_off to None, run_after=None
[2026-01-20T03:34:22.872+0000] {processor.py:183} INFO - Processing /opt/airflow/dags/pipeline_one_off.py took 0.281 seconds
[2026-01-20T03:34:53.171+0000] {processor.py:161} INFO - Started process (PID=20491) to work on /opt/airflow/dags/pipeline_one_off.py
[2026-01-20T03:34:53.172+0000] {processor.py:830} INFO - Processing file /opt/airflow/dags/pipeline_one_off.py for tasks to queue
[2026-01-20T03:34:53.174+0000] {logging_mixin.py:188} INFO - [2026-01-20T03:34:53.174+0000] {dagbag.py:545} INFO - Filling up the DagBag from /opt/airflow/dags/pipeline_one_off.py
[2026-01-20T03:34:53.197+0000] {processor.py:840} INFO - DAG(s) 'pipeline_one_off' retrieved from /opt/airflow/dags/pipeline_one_off.py
[2026-01-20T03:34:53.232+0000] {logging_mixin.py:188} INFO - [2026-01-20T03:34:53.232+0000] {dag.py:3089} INFO - Sync 1 DAGs
[2026-01-20T03:34:53.245+0000] {logging_mixin.py:188} INFO - [2026-01-20T03:34:53.245+0000] {dag.py:3947} INFO - Setting next_dagrun for pipeline_one_off to None, run_after=None
[2026-01-20T03:34:53.268+0000] {processor.py:183} INFO - Processing /opt/airflow/dags/pipeline_one_off.py took 0.104 seconds
[2026-01-20T03:35:23.553+0000] {processor.py:161} INFO - Started process (PID=20501) to work on /opt/airflow/dags/pipeline_one_off.py
[2026-01-20T03:35:23.555+0000] {processor.py:830} INFO - Processing file /opt/airflow/dags/pipeline_one_off.py for tasks to queue
[2026-01-20T03:35:23.557+0000] {logging_mixin.py:188} INFO - [2026-01-20T03:35:23.557+0000] {dagbag.py:545} INFO - Filling up the DagBag from /opt/airflow/dags/pipeline_one_off.py
[2026-01-20T03:35:23.579+0000] {processor.py:840} INFO - DAG(s) 'pipeline_one_off' retrieved from /opt/airflow/dags/pipeline_one_off.py
[2026-01-20T03:35:23.616+0000] {logging_mixin.py:188} INFO - [2026-01-20T03:35:23.616+0000] {dag.py:3089} INFO - Sync 1 DAGs
[2026-01-20T03:35:23.630+0000] {logging_mixin.py:188} INFO - [2026-01-20T03:35:23.630+0000] {dag.py:3947} INFO - Setting next_dagrun for pipeline_one_off to None, run_after=None
[2026-01-20T03:35:23.649+0000] {processor.py:183} INFO - Processing /opt/airflow/dags/pipeline_one_off.py took 0.102 seconds
[2026-01-20T03:35:53.928+0000] {processor.py:161} INFO - Started process (PID=20511) to work on /opt/airflow/dags/pipeline_one_off.py
[2026-01-20T03:35:53.929+0000] {processor.py:830} INFO - Processing file /opt/airflow/dags/pipeline_one_off.py for tasks to queue
[2026-01-20T03:35:53.931+0000] {logging_mixin.py:188} INFO - [2026-01-20T03:35:53.931+0000] {dagbag.py:545} INFO - Filling up the DagBag from /opt/airflow/dags/pipeline_one_off.py
[2026-01-20T03:35:53.954+0000] {processor.py:840} INFO - DAG(s) 'pipeline_one_off' retrieved from /opt/airflow/dags/pipeline_one_off.py
[2026-01-20T03:35:53.987+0000] {logging_mixin.py:188} INFO - [2026-01-20T03:35:53.987+0000] {dag.py:3089} INFO - Sync 1 DAGs
[2026-01-20T03:35:53.999+0000] {logging_mixin.py:188} INFO - [2026-01-20T03:35:53.999+0000] {dag.py:3947} INFO - Setting next_dagrun for pipeline_one_off to None, run_after=None
[2026-01-20T03:35:54.019+0000] {processor.py:183} INFO - Processing /opt/airflow/dags/pipeline_one_off.py took 0.097 seconds
[2026-01-20T03:36:24.302+0000] {processor.py:161} INFO - Started process (PID=20521) to work on /opt/airflow/dags/pipeline_one_off.py
[2026-01-20T03:36:24.303+0000] {processor.py:830} INFO - Processing file /opt/airflow/dags/pipeline_one_off.py for tasks to queue
[2026-01-20T03:36:24.305+0000] {logging_mixin.py:188} INFO - [2026-01-20T03:36:24.305+0000] {dagbag.py:545} INFO - Filling up the DagBag from /opt/airflow/dags/pipeline_one_off.py
[2026-01-20T03:36:24.328+0000] {processor.py:840} INFO - DAG(s) 'pipeline_one_off' retrieved from /opt/airflow/dags/pipeline_one_off.py
[2026-01-20T03:36:24.368+0000] {logging_mixin.py:188} INFO - [2026-01-20T03:36:24.368+0000] {dag.py:3089} INFO - Sync 1 DAGs
[2026-01-20T03:36:24.384+0000] {logging_mixin.py:188} INFO - [2026-01-20T03:36:24.384+0000] {dag.py:3947} INFO - Setting next_dagrun for pipeline_one_off to None, run_after=None
[2026-01-20T03:36:24.592+0000] {processor.py:183} INFO - Processing /opt/airflow/dags/pipeline_one_off.py took 0.297 seconds
[2026-01-20T03:36:54.881+0000] {processor.py:161} INFO - Started process (PID=20531) to work on /opt/airflow/dags/pipeline_one_off.py
[2026-01-20T03:36:54.882+0000] {processor.py:830} INFO - Processing file /opt/airflow/dags/pipeline_one_off.py for tasks to queue
[2026-01-20T03:36:54.885+0000] {logging_mixin.py:188} INFO - [2026-01-20T03:36:54.885+0000] {dagbag.py:545} INFO - Filling up the DagBag from /opt/airflow/dags/pipeline_one_off.py
[2026-01-20T03:36:54.908+0000] {processor.py:840} INFO - DAG(s) 'pipeline_one_off' retrieved from /opt/airflow/dags/pipeline_one_off.py
[2026-01-20T03:36:54.948+0000] {logging_mixin.py:188} INFO - [2026-01-20T03:36:54.948+0000] {dag.py:3089} INFO - Sync 1 DAGs
[2026-01-20T03:36:55.155+0000] {logging_mixin.py:188} INFO - [2026-01-20T03:36:55.155+0000] {dag.py:3947} INFO - Setting next_dagrun for pipeline_one_off to None, run_after=None
[2026-01-20T03:36:55.173+0000] {processor.py:183} INFO - Processing /opt/airflow/dags/pipeline_one_off.py took 0.300 seconds
[2026-01-20T03:37:25.466+0000] {processor.py:161} INFO - Started process (PID=20541) to work on /opt/airflow/dags/pipeline_one_off.py
[2026-01-20T03:37:25.468+0000] {processor.py:830} INFO - Processing file /opt/airflow/dags/pipeline_one_off.py for tasks to queue
[2026-01-20T03:37:25.470+0000] {logging_mixin.py:188} INFO - [2026-01-20T03:37:25.469+0000] {dagbag.py:545} INFO - Filling up the DagBag from /opt/airflow/dags/pipeline_one_off.py
[2026-01-20T03:37:25.491+0000] {processor.py:840} INFO - DAG(s) 'pipeline_one_off' retrieved from /opt/airflow/dags/pipeline_one_off.py
[2026-01-20T03:37:25.729+0000] {logging_mixin.py:188} INFO - [2026-01-20T03:37:25.728+0000] {dag.py:3089} INFO - Sync 1 DAGs
[2026-01-20T03:37:25.740+0000] {logging_mixin.py:188} INFO - [2026-01-20T03:37:25.739+0000] {dag.py:3947} INFO - Setting next_dagrun for pipeline_one_off to None, run_after=None
[2026-01-20T03:37:25.758+0000] {processor.py:183} INFO - Processing /opt/airflow/dags/pipeline_one_off.py took 0.300 seconds
[2026-01-20T03:37:56.046+0000] {processor.py:161} INFO - Started process (PID=20551) to work on /opt/airflow/dags/pipeline_one_off.py
[2026-01-20T03:37:56.047+0000] {processor.py:830} INFO - Processing file /opt/airflow/dags/pipeline_one_off.py for tasks to queue
[2026-01-20T03:37:56.049+0000] {logging_mixin.py:188} INFO - [2026-01-20T03:37:56.049+0000] {dagbag.py:545} INFO - Filling up the DagBag from /opt/airflow/dags/pipeline_one_off.py
[2026-01-20T03:37:56.073+0000] {processor.py:840} INFO - DAG(s) 'pipeline_one_off' retrieved from /opt/airflow/dags/pipeline_one_off.py
[2026-01-20T03:37:56.113+0000] {logging_mixin.py:188} INFO - [2026-01-20T03:37:56.112+0000] {dag.py:3089} INFO - Sync 1 DAGs
[2026-01-20T03:37:56.127+0000] {logging_mixin.py:188} INFO - [2026-01-20T03:37:56.126+0000] {dag.py:3947} INFO - Setting next_dagrun for pipeline_one_off to None, run_after=None
[2026-01-20T03:37:56.146+0000] {processor.py:183} INFO - Processing /opt/airflow/dags/pipeline_one_off.py took 0.108 seconds
[2026-01-20T03:38:26.432+0000] {processor.py:161} INFO - Started process (PID=20561) to work on /opt/airflow/dags/pipeline_one_off.py
[2026-01-20T03:38:26.433+0000] {processor.py:830} INFO - Processing file /opt/airflow/dags/pipeline_one_off.py for tasks to queue
[2026-01-20T03:38:26.436+0000] {logging_mixin.py:188} INFO - [2026-01-20T03:38:26.436+0000] {dagbag.py:545} INFO - Filling up the DagBag from /opt/airflow/dags/pipeline_one_off.py
[2026-01-20T03:38:26.460+0000] {processor.py:840} INFO - DAG(s) 'pipeline_one_off' retrieved from /opt/airflow/dags/pipeline_one_off.py
[2026-01-20T03:38:26.499+0000] {logging_mixin.py:188} INFO - [2026-01-20T03:38:26.498+0000] {dag.py:3089} INFO - Sync 1 DAGs
[2026-01-20T03:38:26.513+0000] {logging_mixin.py:188} INFO - [2026-01-20T03:38:26.513+0000] {dag.py:3947} INFO - Setting next_dagrun for pipeline_one_off to None, run_after=None
[2026-01-20T03:38:26.534+0000] {processor.py:183} INFO - Processing /opt/airflow/dags/pipeline_one_off.py took 0.109 seconds
[2026-01-20T03:38:56.871+0000] {processor.py:161} INFO - Started process (PID=20571) to work on /opt/airflow/dags/pipeline_one_off.py
[2026-01-20T03:38:56.872+0000] {processor.py:830} INFO - Processing file /opt/airflow/dags/pipeline_one_off.py for tasks to queue
[2026-01-20T03:38:56.874+0000] {logging_mixin.py:188} INFO - [2026-01-20T03:38:56.874+0000] {dagbag.py:545} INFO - Filling up the DagBag from /opt/airflow/dags/pipeline_one_off.py
[2026-01-20T03:38:56.896+0000] {processor.py:840} INFO - DAG(s) 'pipeline_one_off' retrieved from /opt/airflow/dags/pipeline_one_off.py
[2026-01-20T03:38:56.933+0000] {logging_mixin.py:188} INFO - [2026-01-20T03:38:56.933+0000] {dag.py:3089} INFO - Sync 1 DAGs
[2026-01-20T03:38:56.947+0000] {logging_mixin.py:188} INFO - [2026-01-20T03:38:56.947+0000] {dag.py:3947} INFO - Setting next_dagrun for pipeline_one_off to None, run_after=None
[2026-01-20T03:38:56.970+0000] {processor.py:183} INFO - Processing /opt/airflow/dags/pipeline_one_off.py took 0.105 seconds
[2026-01-20T03:39:27.257+0000] {processor.py:161} INFO - Started process (PID=20581) to work on /opt/airflow/dags/pipeline_one_off.py
[2026-01-20T03:39:27.258+0000] {processor.py:830} INFO - Processing file /opt/airflow/dags/pipeline_one_off.py for tasks to queue
[2026-01-20T03:39:27.263+0000] {logging_mixin.py:188} INFO - [2026-01-20T03:39:27.263+0000] {dagbag.py:545} INFO - Filling up the DagBag from /opt/airflow/dags/pipeline_one_off.py
[2026-01-20T03:39:27.287+0000] {processor.py:840} INFO - DAG(s) 'pipeline_one_off' retrieved from /opt/airflow/dags/pipeline_one_off.py
[2026-01-20T03:39:27.326+0000] {logging_mixin.py:188} INFO - [2026-01-20T03:39:27.326+0000] {dag.py:3089} INFO - Sync 1 DAGs
[2026-01-20T03:39:27.341+0000] {logging_mixin.py:188} INFO - [2026-01-20T03:39:27.341+0000] {dag.py:3947} INFO - Setting next_dagrun for pipeline_one_off to None, run_after=None
[2026-01-20T03:39:27.556+0000] {processor.py:183} INFO - Processing /opt/airflow/dags/pipeline_one_off.py took 0.308 seconds
[2026-01-20T03:39:57.859+0000] {processor.py:161} INFO - Started process (PID=20591) to work on /opt/airflow/dags/pipeline_one_off.py
[2026-01-20T03:39:57.861+0000] {processor.py:830} INFO - Processing file /opt/airflow/dags/pipeline_one_off.py for tasks to queue
[2026-01-20T03:39:57.863+0000] {logging_mixin.py:188} INFO - [2026-01-20T03:39:57.863+0000] {dagbag.py:545} INFO - Filling up the DagBag from /opt/airflow/dags/pipeline_one_off.py
[2026-01-20T03:39:57.886+0000] {processor.py:840} INFO - DAG(s) 'pipeline_one_off' retrieved from /opt/airflow/dags/pipeline_one_off.py
[2026-01-20T03:39:57.930+0000] {logging_mixin.py:188} INFO - [2026-01-20T03:39:57.929+0000] {dag.py:3089} INFO - Sync 1 DAGs
[2026-01-20T03:39:58.143+0000] {logging_mixin.py:188} INFO - [2026-01-20T03:39:58.143+0000] {dag.py:3947} INFO - Setting next_dagrun for pipeline_one_off to None, run_after=None
[2026-01-20T03:39:58.160+0000] {processor.py:183} INFO - Processing /opt/airflow/dags/pipeline_one_off.py took 0.308 seconds
[2026-01-20T03:40:28.457+0000] {processor.py:161} INFO - Started process (PID=20601) to work on /opt/airflow/dags/pipeline_one_off.py
[2026-01-20T03:40:28.459+0000] {processor.py:830} INFO - Processing file /opt/airflow/dags/pipeline_one_off.py for tasks to queue
[2026-01-20T03:40:28.463+0000] {logging_mixin.py:188} INFO - [2026-01-20T03:40:28.462+0000] {dagbag.py:545} INFO - Filling up the DagBag from /opt/airflow/dags/pipeline_one_off.py
[2026-01-20T03:40:28.487+0000] {processor.py:840} INFO - DAG(s) 'pipeline_one_off' retrieved from /opt/airflow/dags/pipeline_one_off.py
[2026-01-20T03:40:28.527+0000] {logging_mixin.py:188} INFO - [2026-01-20T03:40:28.527+0000] {dag.py:3089} INFO - Sync 1 DAGs
[2026-01-20T03:40:28.542+0000] {logging_mixin.py:188} INFO - [2026-01-20T03:40:28.541+0000] {dag.py:3947} INFO - Setting next_dagrun for pipeline_one_off to None, run_after=None
[2026-01-20T03:40:28.563+0000] {processor.py:183} INFO - Processing /opt/airflow/dags/pipeline_one_off.py took 0.113 seconds
[2026-01-20T03:40:58.854+0000] {processor.py:161} INFO - Started process (PID=20611) to work on /opt/airflow/dags/pipeline_one_off.py
[2026-01-20T03:40:58.856+0000] {processor.py:830} INFO - Processing file /opt/airflow/dags/pipeline_one_off.py for tasks to queue
[2026-01-20T03:40:58.858+0000] {logging_mixin.py:188} INFO - [2026-01-20T03:40:58.858+0000] {dagbag.py:545} INFO - Filling up the DagBag from /opt/airflow/dags/pipeline_one_off.py
[2026-01-20T03:40:58.881+0000] {processor.py:840} INFO - DAG(s) 'pipeline_one_off' retrieved from /opt/airflow/dags/pipeline_one_off.py
[2026-01-20T03:40:58.920+0000] {logging_mixin.py:188} INFO - [2026-01-20T03:40:58.919+0000] {dag.py:3089} INFO - Sync 1 DAGs
[2026-01-20T03:40:58.933+0000] {logging_mixin.py:188} INFO - [2026-01-20T03:40:58.933+0000] {dag.py:3947} INFO - Setting next_dagrun for pipeline_one_off to None, run_after=None
[2026-01-20T03:40:58.957+0000] {processor.py:183} INFO - Processing /opt/airflow/dags/pipeline_one_off.py took 0.109 seconds
[2026-01-20T03:41:29.252+0000] {processor.py:161} INFO - Started process (PID=20621) to work on /opt/airflow/dags/pipeline_one_off.py
[2026-01-20T03:41:29.254+0000] {processor.py:830} INFO - Processing file /opt/airflow/dags/pipeline_one_off.py for tasks to queue
[2026-01-20T03:41:29.256+0000] {logging_mixin.py:188} INFO - [2026-01-20T03:41:29.256+0000] {dagbag.py:545} INFO - Filling up the DagBag from /opt/airflow/dags/pipeline_one_off.py
[2026-01-20T03:41:29.282+0000] {processor.py:840} INFO - DAG(s) 'pipeline_one_off' retrieved from /opt/airflow/dags/pipeline_one_off.py
[2026-01-20T03:41:29.320+0000] {logging_mixin.py:188} INFO - [2026-01-20T03:41:29.320+0000] {dag.py:3089} INFO - Sync 1 DAGs
[2026-01-20T03:41:29.334+0000] {logging_mixin.py:188} INFO - [2026-01-20T03:41:29.334+0000] {dag.py:3947} INFO - Setting next_dagrun for pipeline_one_off to None, run_after=None
[2026-01-20T03:41:29.356+0000] {processor.py:183} INFO - Processing /opt/airflow/dags/pipeline_one_off.py took 0.110 seconds
[2026-01-20T03:41:59.643+0000] {processor.py:161} INFO - Started process (PID=20631) to work on /opt/airflow/dags/pipeline_one_off.py
[2026-01-20T03:41:59.645+0000] {processor.py:830} INFO - Processing file /opt/airflow/dags/pipeline_one_off.py for tasks to queue
[2026-01-20T03:41:59.647+0000] {logging_mixin.py:188} INFO - [2026-01-20T03:41:59.646+0000] {dagbag.py:545} INFO - Filling up the DagBag from /opt/airflow/dags/pipeline_one_off.py
[2026-01-20T03:41:59.670+0000] {processor.py:840} INFO - DAG(s) 'pipeline_one_off' retrieved from /opt/airflow/dags/pipeline_one_off.py
[2026-01-20T03:41:59.712+0000] {logging_mixin.py:188} INFO - [2026-01-20T03:41:59.712+0000] {dag.py:3089} INFO - Sync 1 DAGs
[2026-01-20T03:41:59.728+0000] {logging_mixin.py:188} INFO - [2026-01-20T03:41:59.727+0000] {dag.py:3947} INFO - Setting next_dagrun for pipeline_one_off to None, run_after=None
[2026-01-20T03:41:59.749+0000] {processor.py:183} INFO - Processing /opt/airflow/dags/pipeline_one_off.py took 0.112 seconds
[2026-01-20T03:42:30.036+0000] {processor.py:161} INFO - Started process (PID=20641) to work on /opt/airflow/dags/pipeline_one_off.py
[2026-01-20T03:42:30.037+0000] {processor.py:830} INFO - Processing file /opt/airflow/dags/pipeline_one_off.py for tasks to queue
[2026-01-20T03:42:30.040+0000] {logging_mixin.py:188} INFO - [2026-01-20T03:42:30.040+0000] {dagbag.py:545} INFO - Filling up the DagBag from /opt/airflow/dags/pipeline_one_off.py
[2026-01-20T03:42:30.065+0000] {processor.py:840} INFO - DAG(s) 'pipeline_one_off' retrieved from /opt/airflow/dags/pipeline_one_off.py
[2026-01-20T03:42:30.106+0000] {logging_mixin.py:188} INFO - [2026-01-20T03:42:30.106+0000] {dag.py:3089} INFO - Sync 1 DAGs
[2026-01-20T03:42:30.312+0000] {logging_mixin.py:188} INFO - [2026-01-20T03:42:30.312+0000] {dag.py:3947} INFO - Setting next_dagrun for pipeline_one_off to None, run_after=None
[2026-01-20T03:42:30.330+0000] {processor.py:183} INFO - Processing /opt/airflow/dags/pipeline_one_off.py took 0.302 seconds
[2026-01-20T03:43:00.627+0000] {processor.py:161} INFO - Started process (PID=20651) to work on /opt/airflow/dags/pipeline_one_off.py
[2026-01-20T03:43:00.629+0000] {processor.py:830} INFO - Processing file /opt/airflow/dags/pipeline_one_off.py for tasks to queue
[2026-01-20T03:43:00.631+0000] {logging_mixin.py:188} INFO - [2026-01-20T03:43:00.631+0000] {dagbag.py:545} INFO - Filling up the DagBag from /opt/airflow/dags/pipeline_one_off.py
[2026-01-20T03:43:00.655+0000] {processor.py:840} INFO - DAG(s) 'pipeline_one_off' retrieved from /opt/airflow/dags/pipeline_one_off.py
[2026-01-20T03:43:00.889+0000] {logging_mixin.py:188} INFO - [2026-01-20T03:43:00.889+0000] {dag.py:3089} INFO - Sync 1 DAGs
[2026-01-20T03:43:00.898+0000] {logging_mixin.py:188} INFO - [2026-01-20T03:43:00.898+0000] {dag.py:3947} INFO - Setting next_dagrun for pipeline_one_off to None, run_after=None
[2026-01-20T03:43:00.915+0000] {processor.py:183} INFO - Processing /opt/airflow/dags/pipeline_one_off.py took 0.294 seconds
[2026-01-20T03:43:31.208+0000] {processor.py:161} INFO - Started process (PID=20661) to work on /opt/airflow/dags/pipeline_one_off.py
[2026-01-20T03:43:31.210+0000] {processor.py:830} INFO - Processing file /opt/airflow/dags/pipeline_one_off.py for tasks to queue
[2026-01-20T03:43:31.213+0000] {logging_mixin.py:188} INFO - [2026-01-20T03:43:31.212+0000] {dagbag.py:545} INFO - Filling up the DagBag from /opt/airflow/dags/pipeline_one_off.py
[2026-01-20T03:43:31.236+0000] {processor.py:840} INFO - DAG(s) 'pipeline_one_off' retrieved from /opt/airflow/dags/pipeline_one_off.py
[2026-01-20T03:43:31.274+0000] {logging_mixin.py:188} INFO - [2026-01-20T03:43:31.274+0000] {dag.py:3089} INFO - Sync 1 DAGs
[2026-01-20T03:43:31.289+0000] {logging_mixin.py:188} INFO - [2026-01-20T03:43:31.289+0000] {dag.py:3947} INFO - Setting next_dagrun for pipeline_one_off to None, run_after=None
[2026-01-20T03:43:31.312+0000] {processor.py:183} INFO - Processing /opt/airflow/dags/pipeline_one_off.py took 0.111 seconds
[2026-01-20T03:44:01.645+0000] {processor.py:161} INFO - Started process (PID=20671) to work on /opt/airflow/dags/pipeline_one_off.py
[2026-01-20T03:44:01.647+0000] {processor.py:830} INFO - Processing file /opt/airflow/dags/pipeline_one_off.py for tasks to queue
[2026-01-20T03:44:01.649+0000] {logging_mixin.py:188} INFO - [2026-01-20T03:44:01.649+0000] {dagbag.py:545} INFO - Filling up the DagBag from /opt/airflow/dags/pipeline_one_off.py
[2026-01-20T03:44:01.672+0000] {processor.py:840} INFO - DAG(s) 'pipeline_one_off' retrieved from /opt/airflow/dags/pipeline_one_off.py
[2026-01-20T03:44:01.710+0000] {logging_mixin.py:188} INFO - [2026-01-20T03:44:01.710+0000] {dag.py:3089} INFO - Sync 1 DAGs
[2026-01-20T03:44:01.725+0000] {logging_mixin.py:188} INFO - [2026-01-20T03:44:01.725+0000] {dag.py:3947} INFO - Setting next_dagrun for pipeline_one_off to None, run_after=None
[2026-01-20T03:44:01.748+0000] {processor.py:183} INFO - Processing /opt/airflow/dags/pipeline_one_off.py took 0.109 seconds
[2026-01-20T03:44:32.038+0000] {processor.py:161} INFO - Started process (PID=20681) to work on /opt/airflow/dags/pipeline_one_off.py
[2026-01-20T03:44:32.040+0000] {processor.py:830} INFO - Processing file /opt/airflow/dags/pipeline_one_off.py for tasks to queue
[2026-01-20T03:44:32.043+0000] {logging_mixin.py:188} INFO - [2026-01-20T03:44:32.042+0000] {dagbag.py:545} INFO - Filling up the DagBag from /opt/airflow/dags/pipeline_one_off.py
[2026-01-20T03:44:32.066+0000] {processor.py:840} INFO - DAG(s) 'pipeline_one_off' retrieved from /opt/airflow/dags/pipeline_one_off.py
[2026-01-20T03:44:32.099+0000] {logging_mixin.py:188} INFO - [2026-01-20T03:44:32.099+0000] {dag.py:3089} INFO - Sync 1 DAGs
[2026-01-20T03:44:32.113+0000] {logging_mixin.py:188} INFO - [2026-01-20T03:44:32.113+0000] {dag.py:3947} INFO - Setting next_dagrun for pipeline_one_off to None, run_after=None
[2026-01-20T03:44:32.134+0000] {processor.py:183} INFO - Processing /opt/airflow/dags/pipeline_one_off.py took 0.103 seconds
[2026-01-20T03:45:02.434+0000] {processor.py:161} INFO - Started process (PID=20691) to work on /opt/airflow/dags/pipeline_one_off.py
[2026-01-20T03:45:02.435+0000] {processor.py:830} INFO - Processing file /opt/airflow/dags/pipeline_one_off.py for tasks to queue
[2026-01-20T03:45:02.438+0000] {logging_mixin.py:188} INFO - [2026-01-20T03:45:02.438+0000] {dagbag.py:545} INFO - Filling up the DagBag from /opt/airflow/dags/pipeline_one_off.py
[2026-01-20T03:45:02.462+0000] {processor.py:840} INFO - DAG(s) 'pipeline_one_off' retrieved from /opt/airflow/dags/pipeline_one_off.py
[2026-01-20T03:45:02.500+0000] {logging_mixin.py:188} INFO - [2026-01-20T03:45:02.500+0000] {dag.py:3089} INFO - Sync 1 DAGs
[2026-01-20T03:45:02.515+0000] {logging_mixin.py:188} INFO - [2026-01-20T03:45:02.514+0000] {dag.py:3947} INFO - Setting next_dagrun for pipeline_one_off to None, run_after=None
[2026-01-20T03:45:02.735+0000] {processor.py:183} INFO - Processing /opt/airflow/dags/pipeline_one_off.py took 0.310 seconds
[2026-01-20T03:45:33.013+0000] {processor.py:161} INFO - Started process (PID=20701) to work on /opt/airflow/dags/pipeline_one_off.py
[2026-01-20T03:45:33.014+0000] {processor.py:830} INFO - Processing file /opt/airflow/dags/pipeline_one_off.py for tasks to queue
[2026-01-20T03:45:33.016+0000] {logging_mixin.py:188} INFO - [2026-01-20T03:45:33.016+0000] {dagbag.py:545} INFO - Filling up the DagBag from /opt/airflow/dags/pipeline_one_off.py
[2026-01-20T03:45:33.039+0000] {processor.py:840} INFO - DAG(s) 'pipeline_one_off' retrieved from /opt/airflow/dags/pipeline_one_off.py
[2026-01-20T03:45:33.079+0000] {logging_mixin.py:188} INFO - [2026-01-20T03:45:33.079+0000] {dag.py:3089} INFO - Sync 1 DAGs
[2026-01-20T03:45:33.291+0000] {logging_mixin.py:188} INFO - [2026-01-20T03:45:33.290+0000] {dag.py:3947} INFO - Setting next_dagrun for pipeline_one_off to None, run_after=None
[2026-01-20T03:45:33.307+0000] {processor.py:183} INFO - Processing /opt/airflow/dags/pipeline_one_off.py took 0.301 seconds
[2026-01-20T03:46:03.576+0000] {processor.py:161} INFO - Started process (PID=20711) to work on /opt/airflow/dags/pipeline_one_off.py
[2026-01-20T03:46:03.578+0000] {processor.py:830} INFO - Processing file /opt/airflow/dags/pipeline_one_off.py for tasks to queue
[2026-01-20T03:46:03.581+0000] {logging_mixin.py:188} INFO - [2026-01-20T03:46:03.580+0000] {dagbag.py:545} INFO - Filling up the DagBag from /opt/airflow/dags/pipeline_one_off.py
[2026-01-20T03:46:03.605+0000] {processor.py:840} INFO - DAG(s) 'pipeline_one_off' retrieved from /opt/airflow/dags/pipeline_one_off.py
[2026-01-20T03:46:03.848+0000] {logging_mixin.py:188} INFO - [2026-01-20T03:46:03.848+0000] {dag.py:3089} INFO - Sync 1 DAGs
[2026-01-20T03:46:03.859+0000] {logging_mixin.py:188} INFO - [2026-01-20T03:46:03.859+0000] {dag.py:3947} INFO - Setting next_dagrun for pipeline_one_off to None, run_after=None
[2026-01-20T03:46:03.878+0000] {processor.py:183} INFO - Processing /opt/airflow/dags/pipeline_one_off.py took 0.309 seconds
[2026-01-20T03:46:34.180+0000] {processor.py:161} INFO - Started process (PID=20721) to work on /opt/airflow/dags/pipeline_one_off.py
[2026-01-20T03:46:34.181+0000] {processor.py:830} INFO - Processing file /opt/airflow/dags/pipeline_one_off.py for tasks to queue
[2026-01-20T03:46:34.184+0000] {logging_mixin.py:188} INFO - [2026-01-20T03:46:34.183+0000] {dagbag.py:545} INFO - Filling up the DagBag from /opt/airflow/dags/pipeline_one_off.py
[2026-01-20T03:46:34.205+0000] {processor.py:840} INFO - DAG(s) 'pipeline_one_off' retrieved from /opt/airflow/dags/pipeline_one_off.py
[2026-01-20T03:46:34.242+0000] {logging_mixin.py:188} INFO - [2026-01-20T03:46:34.241+0000] {dag.py:3089} INFO - Sync 1 DAGs
[2026-01-20T03:46:34.256+0000] {logging_mixin.py:188} INFO - [2026-01-20T03:46:34.256+0000] {dag.py:3947} INFO - Setting next_dagrun for pipeline_one_off to None, run_after=None
[2026-01-20T03:46:34.279+0000] {processor.py:183} INFO - Processing /opt/airflow/dags/pipeline_one_off.py took 0.105 seconds
[2026-01-20T03:47:04.571+0000] {processor.py:161} INFO - Started process (PID=20731) to work on /opt/airflow/dags/pipeline_one_off.py
[2026-01-20T03:47:04.572+0000] {processor.py:830} INFO - Processing file /opt/airflow/dags/pipeline_one_off.py for tasks to queue
[2026-01-20T03:47:04.574+0000] {logging_mixin.py:188} INFO - [2026-01-20T03:47:04.574+0000] {dagbag.py:545} INFO - Filling up the DagBag from /opt/airflow/dags/pipeline_one_off.py
[2026-01-20T03:47:04.596+0000] {processor.py:840} INFO - DAG(s) 'pipeline_one_off' retrieved from /opt/airflow/dags/pipeline_one_off.py
[2026-01-20T03:47:04.636+0000] {logging_mixin.py:188} INFO - [2026-01-20T03:47:04.636+0000] {dag.py:3089} INFO - Sync 1 DAGs
[2026-01-20T03:47:04.650+0000] {logging_mixin.py:188} INFO - [2026-01-20T03:47:04.650+0000] {dag.py:3947} INFO - Setting next_dagrun for pipeline_one_off to None, run_after=None
[2026-01-20T03:47:04.672+0000] {processor.py:183} INFO - Processing /opt/airflow/dags/pipeline_one_off.py took 0.108 seconds
[2026-01-20T03:47:34.976+0000] {processor.py:161} INFO - Started process (PID=20741) to work on /opt/airflow/dags/pipeline_one_off.py
[2026-01-20T03:47:34.977+0000] {processor.py:830} INFO - Processing file /opt/airflow/dags/pipeline_one_off.py for tasks to queue
[2026-01-20T03:47:34.980+0000] {logging_mixin.py:188} INFO - [2026-01-20T03:47:34.979+0000] {dagbag.py:545} INFO - Filling up the DagBag from /opt/airflow/dags/pipeline_one_off.py
[2026-01-20T03:47:35.002+0000] {processor.py:840} INFO - DAG(s) 'pipeline_one_off' retrieved from /opt/airflow/dags/pipeline_one_off.py
[2026-01-20T03:47:35.040+0000] {logging_mixin.py:188} INFO - [2026-01-20T03:47:35.040+0000] {dag.py:3089} INFO - Sync 1 DAGs
[2026-01-20T03:47:35.054+0000] {logging_mixin.py:188} INFO - [2026-01-20T03:47:35.054+0000] {dag.py:3947} INFO - Setting next_dagrun for pipeline_one_off to None, run_after=None
[2026-01-20T03:47:35.077+0000] {processor.py:183} INFO - Processing /opt/airflow/dags/pipeline_one_off.py took 0.108 seconds
[2026-01-20T03:48:05.370+0000] {processor.py:161} INFO - Started process (PID=20751) to work on /opt/airflow/dags/pipeline_one_off.py
[2026-01-20T03:48:05.371+0000] {processor.py:830} INFO - Processing file /opt/airflow/dags/pipeline_one_off.py for tasks to queue
[2026-01-20T03:48:05.373+0000] {logging_mixin.py:188} INFO - [2026-01-20T03:48:05.373+0000] {dagbag.py:545} INFO - Filling up the DagBag from /opt/airflow/dags/pipeline_one_off.py
[2026-01-20T03:48:05.395+0000] {processor.py:840} INFO - DAG(s) 'pipeline_one_off' retrieved from /opt/airflow/dags/pipeline_one_off.py
[2026-01-20T03:48:05.434+0000] {logging_mixin.py:188} INFO - [2026-01-20T03:48:05.434+0000] {dag.py:3089} INFO - Sync 1 DAGs
[2026-01-20T03:48:05.448+0000] {logging_mixin.py:188} INFO - [2026-01-20T03:48:05.448+0000] {dag.py:3947} INFO - Setting next_dagrun for pipeline_one_off to None, run_after=None
[2026-01-20T03:48:05.667+0000] {processor.py:183} INFO - Processing /opt/airflow/dags/pipeline_one_off.py took 0.304 seconds
[2026-01-20T03:48:35.960+0000] {processor.py:161} INFO - Started process (PID=20761) to work on /opt/airflow/dags/pipeline_one_off.py
[2026-01-20T03:48:35.962+0000] {processor.py:830} INFO - Processing file /opt/airflow/dags/pipeline_one_off.py for tasks to queue
[2026-01-20T03:48:35.964+0000] {logging_mixin.py:188} INFO - [2026-01-20T03:48:35.964+0000] {dagbag.py:545} INFO - Filling up the DagBag from /opt/airflow/dags/pipeline_one_off.py
[2026-01-20T03:48:35.988+0000] {processor.py:840} INFO - DAG(s) 'pipeline_one_off' retrieved from /opt/airflow/dags/pipeline_one_off.py
[2026-01-20T03:48:36.030+0000] {logging_mixin.py:188} INFO - [2026-01-20T03:48:36.029+0000] {dag.py:3089} INFO - Sync 1 DAGs
[2026-01-20T03:48:36.240+0000] {logging_mixin.py:188} INFO - [2026-01-20T03:48:36.240+0000] {dag.py:3947} INFO - Setting next_dagrun for pipeline_one_off to None, run_after=None
[2026-01-20T03:48:36.260+0000] {processor.py:183} INFO - Processing /opt/airflow/dags/pipeline_one_off.py took 0.307 seconds
[2026-01-20T03:49:06.559+0000] {processor.py:161} INFO - Started process (PID=20771) to work on /opt/airflow/dags/pipeline_one_off.py
[2026-01-20T03:49:06.560+0000] {processor.py:830} INFO - Processing file /opt/airflow/dags/pipeline_one_off.py for tasks to queue
[2026-01-20T03:49:06.562+0000] {logging_mixin.py:188} INFO - [2026-01-20T03:49:06.562+0000] {dagbag.py:545} INFO - Filling up the DagBag from /opt/airflow/dags/pipeline_one_off.py
[2026-01-20T03:49:06.586+0000] {processor.py:840} INFO - DAG(s) 'pipeline_one_off' retrieved from /opt/airflow/dags/pipeline_one_off.py
[2026-01-20T03:49:06.822+0000] {logging_mixin.py:188} INFO - [2026-01-20T03:49:06.822+0000] {dag.py:3089} INFO - Sync 1 DAGs
[2026-01-20T03:49:06.833+0000] {logging_mixin.py:188} INFO - [2026-01-20T03:49:06.833+0000] {dag.py:3947} INFO - Setting next_dagrun for pipeline_one_off to None, run_after=None
[2026-01-20T03:49:06.853+0000] {processor.py:183} INFO - Processing /opt/airflow/dags/pipeline_one_off.py took 0.301 seconds
[2026-01-20T03:49:37.145+0000] {processor.py:161} INFO - Started process (PID=20781) to work on /opt/airflow/dags/pipeline_one_off.py
[2026-01-20T03:49:37.146+0000] {processor.py:830} INFO - Processing file /opt/airflow/dags/pipeline_one_off.py for tasks to queue
[2026-01-20T03:49:37.149+0000] {logging_mixin.py:188} INFO - [2026-01-20T03:49:37.149+0000] {dagbag.py:545} INFO - Filling up the DagBag from /opt/airflow/dags/pipeline_one_off.py
[2026-01-20T03:49:37.173+0000] {processor.py:840} INFO - DAG(s) 'pipeline_one_off' retrieved from /opt/airflow/dags/pipeline_one_off.py
[2026-01-20T03:49:37.213+0000] {logging_mixin.py:188} INFO - [2026-01-20T03:49:37.213+0000] {dag.py:3089} INFO - Sync 1 DAGs
[2026-01-20T03:49:37.227+0000] {logging_mixin.py:188} INFO - [2026-01-20T03:49:37.227+0000] {dag.py:3947} INFO - Setting next_dagrun for pipeline_one_off to None, run_after=None
[2026-01-20T03:49:37.250+0000] {processor.py:183} INFO - Processing /opt/airflow/dags/pipeline_one_off.py took 0.112 seconds
[2026-01-20T03:50:07.534+0000] {processor.py:161} INFO - Started process (PID=20791) to work on /opt/airflow/dags/pipeline_one_off.py
[2026-01-20T03:50:07.536+0000] {processor.py:830} INFO - Processing file /opt/airflow/dags/pipeline_one_off.py for tasks to queue
[2026-01-20T03:50:07.538+0000] {logging_mixin.py:188} INFO - [2026-01-20T03:50:07.538+0000] {dagbag.py:545} INFO - Filling up the DagBag from /opt/airflow/dags/pipeline_one_off.py
[2026-01-20T03:50:07.566+0000] {processor.py:840} INFO - DAG(s) 'pipeline_one_off' retrieved from /opt/airflow/dags/pipeline_one_off.py
[2026-01-20T03:50:07.606+0000] {logging_mixin.py:188} INFO - [2026-01-20T03:50:07.605+0000] {dag.py:3089} INFO - Sync 1 DAGs
[2026-01-20T03:50:07.620+0000] {logging_mixin.py:188} INFO - [2026-01-20T03:50:07.620+0000] {dag.py:3947} INFO - Setting next_dagrun for pipeline_one_off to None, run_after=None
[2026-01-20T03:50:07.642+0000] {processor.py:183} INFO - Processing /opt/airflow/dags/pipeline_one_off.py took 0.114 seconds
[2026-01-20T03:50:37.947+0000] {processor.py:161} INFO - Started process (PID=20801) to work on /opt/airflow/dags/pipeline_one_off.py
[2026-01-20T03:50:37.948+0000] {processor.py:830} INFO - Processing file /opt/airflow/dags/pipeline_one_off.py for tasks to queue
[2026-01-20T03:50:37.951+0000] {logging_mixin.py:188} INFO - [2026-01-20T03:50:37.950+0000] {dagbag.py:545} INFO - Filling up the DagBag from /opt/airflow/dags/pipeline_one_off.py
[2026-01-20T03:50:37.976+0000] {processor.py:840} INFO - DAG(s) 'pipeline_one_off' retrieved from /opt/airflow/dags/pipeline_one_off.py
[2026-01-20T03:50:38.013+0000] {logging_mixin.py:188} INFO - [2026-01-20T03:50:38.013+0000] {dag.py:3089} INFO - Sync 1 DAGs
[2026-01-20T03:50:38.028+0000] {logging_mixin.py:188} INFO - [2026-01-20T03:50:38.028+0000] {dag.py:3947} INFO - Setting next_dagrun for pipeline_one_off to None, run_after=None
[2026-01-20T03:50:38.053+0000] {processor.py:183} INFO - Processing /opt/airflow/dags/pipeline_one_off.py took 0.113 seconds
[2026-01-20T03:51:08.343+0000] {processor.py:161} INFO - Started process (PID=20811) to work on /opt/airflow/dags/pipeline_one_off.py
[2026-01-20T03:51:08.344+0000] {processor.py:830} INFO - Processing file /opt/airflow/dags/pipeline_one_off.py for tasks to queue
[2026-01-20T03:51:08.348+0000] {logging_mixin.py:188} INFO - [2026-01-20T03:51:08.347+0000] {dagbag.py:545} INFO - Filling up the DagBag from /opt/airflow/dags/pipeline_one_off.py
[2026-01-20T03:51:08.370+0000] {processor.py:840} INFO - DAG(s) 'pipeline_one_off' retrieved from /opt/airflow/dags/pipeline_one_off.py
[2026-01-20T03:51:08.410+0000] {logging_mixin.py:188} INFO - [2026-01-20T03:51:08.410+0000] {dag.py:3089} INFO - Sync 1 DAGs
[2026-01-20T03:51:08.426+0000] {logging_mixin.py:188} INFO - [2026-01-20T03:51:08.426+0000] {dag.py:3947} INFO - Setting next_dagrun for pipeline_one_off to None, run_after=None
[2026-01-20T03:51:08.644+0000] {processor.py:183} INFO - Processing /opt/airflow/dags/pipeline_one_off.py took 0.309 seconds
[2026-01-20T03:51:38.959+0000] {processor.py:161} INFO - Started process (PID=20821) to work on /opt/airflow/dags/pipeline_one_off.py
[2026-01-20T03:51:38.961+0000] {processor.py:830} INFO - Processing file /opt/airflow/dags/pipeline_one_off.py for tasks to queue
[2026-01-20T03:51:38.965+0000] {logging_mixin.py:188} INFO - [2026-01-20T03:51:38.965+0000] {dagbag.py:545} INFO - Filling up the DagBag from /opt/airflow/dags/pipeline_one_off.py
[2026-01-20T03:51:38.996+0000] {processor.py:840} INFO - DAG(s) 'pipeline_one_off' retrieved from /opt/airflow/dags/pipeline_one_off.py
[2026-01-20T03:51:39.038+0000] {logging_mixin.py:188} INFO - [2026-01-20T03:51:39.038+0000] {dag.py:3089} INFO - Sync 1 DAGs
[2026-01-20T03:51:39.269+0000] {logging_mixin.py:188} INFO - [2026-01-20T03:51:39.269+0000] {dag.py:3947} INFO - Setting next_dagrun for pipeline_one_off to None, run_after=None
[2026-01-20T03:51:39.289+0000] {processor.py:183} INFO - Processing /opt/airflow/dags/pipeline_one_off.py took 0.341 seconds
[2026-01-20T03:52:09.579+0000] {processor.py:161} INFO - Started process (PID=20831) to work on /opt/airflow/dags/pipeline_one_off.py
[2026-01-20T03:52:09.581+0000] {processor.py:830} INFO - Processing file /opt/airflow/dags/pipeline_one_off.py for tasks to queue
[2026-01-20T03:52:09.584+0000] {logging_mixin.py:188} INFO - [2026-01-20T03:52:09.583+0000] {dagbag.py:545} INFO - Filling up the DagBag from /opt/airflow/dags/pipeline_one_off.py
[2026-01-20T03:52:09.606+0000] {processor.py:840} INFO - DAG(s) 'pipeline_one_off' retrieved from /opt/airflow/dags/pipeline_one_off.py
[2026-01-20T03:52:09.822+0000] {logging_mixin.py:188} INFO - [2026-01-20T03:52:09.822+0000] {dag.py:3089} INFO - Sync 1 DAGs
[2026-01-20T03:52:09.833+0000] {logging_mixin.py:188} INFO - [2026-01-20T03:52:09.833+0000] {dag.py:3947} INFO - Setting next_dagrun for pipeline_one_off to None, run_after=None
[2026-01-20T03:52:09.853+0000] {processor.py:183} INFO - Processing /opt/airflow/dags/pipeline_one_off.py took 0.281 seconds
[2026-01-20T03:52:40.152+0000] {processor.py:161} INFO - Started process (PID=20841) to work on /opt/airflow/dags/pipeline_one_off.py
[2026-01-20T03:52:40.154+0000] {processor.py:830} INFO - Processing file /opt/airflow/dags/pipeline_one_off.py for tasks to queue
[2026-01-20T03:52:40.156+0000] {logging_mixin.py:188} INFO - [2026-01-20T03:52:40.156+0000] {dagbag.py:545} INFO - Filling up the DagBag from /opt/airflow/dags/pipeline_one_off.py
[2026-01-20T03:52:40.179+0000] {processor.py:840} INFO - DAG(s) 'pipeline_one_off' retrieved from /opt/airflow/dags/pipeline_one_off.py
[2026-01-20T03:52:40.216+0000] {logging_mixin.py:188} INFO - [2026-01-20T03:52:40.216+0000] {dag.py:3089} INFO - Sync 1 DAGs
[2026-01-20T03:52:40.229+0000] {logging_mixin.py:188} INFO - [2026-01-20T03:52:40.229+0000] {dag.py:3947} INFO - Setting next_dagrun for pipeline_one_off to None, run_after=None
[2026-01-20T03:52:40.250+0000] {processor.py:183} INFO - Processing /opt/airflow/dags/pipeline_one_off.py took 0.103 seconds
[2026-01-20T03:53:10.537+0000] {processor.py:161} INFO - Started process (PID=20851) to work on /opt/airflow/dags/pipeline_one_off.py
[2026-01-20T03:53:10.539+0000] {processor.py:830} INFO - Processing file /opt/airflow/dags/pipeline_one_off.py for tasks to queue
[2026-01-20T03:53:10.542+0000] {logging_mixin.py:188} INFO - [2026-01-20T03:53:10.541+0000] {dagbag.py:545} INFO - Filling up the DagBag from /opt/airflow/dags/pipeline_one_off.py
[2026-01-20T03:53:10.563+0000] {processor.py:840} INFO - DAG(s) 'pipeline_one_off' retrieved from /opt/airflow/dags/pipeline_one_off.py
[2026-01-20T03:53:10.599+0000] {logging_mixin.py:188} INFO - [2026-01-20T03:53:10.599+0000] {dag.py:3089} INFO - Sync 1 DAGs
[2026-01-20T03:53:10.612+0000] {logging_mixin.py:188} INFO - [2026-01-20T03:53:10.612+0000] {dag.py:3947} INFO - Setting next_dagrun for pipeline_one_off to None, run_after=None
[2026-01-20T03:53:10.633+0000] {processor.py:183} INFO - Processing /opt/airflow/dags/pipeline_one_off.py took 0.101 seconds
[2026-01-20T03:53:40.919+0000] {processor.py:161} INFO - Started process (PID=20861) to work on /opt/airflow/dags/pipeline_one_off.py
[2026-01-20T03:53:40.920+0000] {processor.py:830} INFO - Processing file /opt/airflow/dags/pipeline_one_off.py for tasks to queue
[2026-01-20T03:53:40.922+0000] {logging_mixin.py:188} INFO - [2026-01-20T03:53:40.922+0000] {dagbag.py:545} INFO - Filling up the DagBag from /opt/airflow/dags/pipeline_one_off.py
[2026-01-20T03:53:40.946+0000] {processor.py:840} INFO - DAG(s) 'pipeline_one_off' retrieved from /opt/airflow/dags/pipeline_one_off.py
[2026-01-20T03:53:40.980+0000] {logging_mixin.py:188} INFO - [2026-01-20T03:53:40.980+0000] {dag.py:3089} INFO - Sync 1 DAGs
[2026-01-20T03:53:40.992+0000] {logging_mixin.py:188} INFO - [2026-01-20T03:53:40.992+0000] {dag.py:3947} INFO - Setting next_dagrun for pipeline_one_off to None, run_after=None
[2026-01-20T03:53:41.011+0000] {processor.py:183} INFO - Processing /opt/airflow/dags/pipeline_one_off.py took 0.098 seconds
[2026-01-20T03:54:11.340+0000] {processor.py:161} INFO - Started process (PID=20871) to work on /opt/airflow/dags/pipeline_one_off.py
[2026-01-20T03:54:11.341+0000] {processor.py:830} INFO - Processing file /opt/airflow/dags/pipeline_one_off.py for tasks to queue
[2026-01-20T03:54:11.343+0000] {logging_mixin.py:188} INFO - [2026-01-20T03:54:11.343+0000] {dagbag.py:545} INFO - Filling up the DagBag from /opt/airflow/dags/pipeline_one_off.py
[2026-01-20T03:54:11.367+0000] {processor.py:840} INFO - DAG(s) 'pipeline_one_off' retrieved from /opt/airflow/dags/pipeline_one_off.py
[2026-01-20T03:54:11.401+0000] {logging_mixin.py:188} INFO - [2026-01-20T03:54:11.400+0000] {dag.py:3089} INFO - Sync 1 DAGs
[2026-01-20T03:54:11.601+0000] {logging_mixin.py:188} INFO - [2026-01-20T03:54:11.601+0000] {dag.py:3947} INFO - Setting next_dagrun for pipeline_one_off to None, run_after=None
[2026-01-20T03:54:11.620+0000] {processor.py:183} INFO - Processing /opt/airflow/dags/pipeline_one_off.py took 0.286 seconds
[2026-01-20T03:54:41.905+0000] {processor.py:161} INFO - Started process (PID=20881) to work on /opt/airflow/dags/pipeline_one_off.py
[2026-01-20T03:54:41.907+0000] {processor.py:830} INFO - Processing file /opt/airflow/dags/pipeline_one_off.py for tasks to queue
[2026-01-20T03:54:41.909+0000] {logging_mixin.py:188} INFO - [2026-01-20T03:54:41.908+0000] {dagbag.py:545} INFO - Filling up the DagBag from /opt/airflow/dags/pipeline_one_off.py
[2026-01-20T03:54:41.932+0000] {processor.py:840} INFO - DAG(s) 'pipeline_one_off' retrieved from /opt/airflow/dags/pipeline_one_off.py
[2026-01-20T03:54:42.178+0000] {logging_mixin.py:188} INFO - [2026-01-20T03:54:42.178+0000] {dag.py:3089} INFO - Sync 1 DAGs
[2026-01-20T03:54:42.192+0000] {logging_mixin.py:188} INFO - [2026-01-20T03:54:42.191+0000] {dag.py:3947} INFO - Setting next_dagrun for pipeline_one_off to None, run_after=None
[2026-01-20T03:54:42.210+0000] {processor.py:183} INFO - Processing /opt/airflow/dags/pipeline_one_off.py took 0.311 seconds
[2026-01-20T03:55:12.516+0000] {processor.py:161} INFO - Started process (PID=20891) to work on /opt/airflow/dags/pipeline_one_off.py
[2026-01-20T03:55:12.517+0000] {processor.py:830} INFO - Processing file /opt/airflow/dags/pipeline_one_off.py for tasks to queue
[2026-01-20T03:55:12.520+0000] {logging_mixin.py:188} INFO - [2026-01-20T03:55:12.520+0000] {dagbag.py:545} INFO - Filling up the DagBag from /opt/airflow/dags/pipeline_one_off.py
[2026-01-20T03:55:12.543+0000] {processor.py:840} INFO - DAG(s) 'pipeline_one_off' retrieved from /opt/airflow/dags/pipeline_one_off.py
[2026-01-20T03:55:12.766+0000] {logging_mixin.py:188} INFO - [2026-01-20T03:55:12.766+0000] {dag.py:3089} INFO - Sync 1 DAGs
[2026-01-20T03:55:12.778+0000] {logging_mixin.py:188} INFO - [2026-01-20T03:55:12.777+0000] {dag.py:3947} INFO - Setting next_dagrun for pipeline_one_off to None, run_after=None
[2026-01-20T03:55:12.800+0000] {processor.py:183} INFO - Processing /opt/airflow/dags/pipeline_one_off.py took 0.290 seconds
[2026-01-20T03:55:43.272+0000] {processor.py:161} INFO - Started process (PID=20901) to work on /opt/airflow/dags/pipeline_one_off.py
[2026-01-20T03:55:43.280+0000] {processor.py:830} INFO - Processing file /opt/airflow/dags/pipeline_one_off.py for tasks to queue
[2026-01-20T03:55:43.289+0000] {logging_mixin.py:188} INFO - [2026-01-20T03:55:43.288+0000] {dagbag.py:545} INFO - Filling up the DagBag from /opt/airflow/dags/pipeline_one_off.py
[2026-01-20T03:55:43.368+0000] {processor.py:840} INFO - DAG(s) 'pipeline_one_off' retrieved from /opt/airflow/dags/pipeline_one_off.py
[2026-01-20T03:55:43.474+0000] {logging_mixin.py:188} INFO - [2026-01-20T03:55:43.474+0000] {dag.py:3089} INFO - Sync 1 DAGs
[2026-01-20T03:55:43.515+0000] {logging_mixin.py:188} INFO - [2026-01-20T03:55:43.514+0000] {dag.py:3947} INFO - Setting next_dagrun for pipeline_one_off to None, run_after=None
[2026-01-20T03:55:43.591+0000] {processor.py:183} INFO - Processing /opt/airflow/dags/pipeline_one_off.py took 0.333 seconds
[2026-01-20T04:22:31.068+0000] {processor.py:161} INFO - Started process (PID=20911) to work on /opt/airflow/dags/pipeline_one_off.py
[2026-01-20T04:22:31.069+0000] {processor.py:830} INFO - Processing file /opt/airflow/dags/pipeline_one_off.py for tasks to queue
[2026-01-20T04:22:31.072+0000] {logging_mixin.py:188} INFO - [2026-01-20T04:22:31.071+0000] {dagbag.py:545} INFO - Filling up the DagBag from /opt/airflow/dags/pipeline_one_off.py
[2026-01-20T04:22:31.099+0000] {processor.py:840} INFO - DAG(s) 'pipeline_one_off' retrieved from /opt/airflow/dags/pipeline_one_off.py
[2026-01-20T04:22:31.151+0000] {logging_mixin.py:188} INFO - [2026-01-20T04:22:31.151+0000] {dag.py:3089} INFO - Sync 1 DAGs
[2026-01-20T04:22:31.167+0000] {logging_mixin.py:188} INFO - [2026-01-20T04:22:31.167+0000] {dag.py:3947} INFO - Setting next_dagrun for pipeline_one_off to None, run_after=None
[2026-01-20T04:22:31.197+0000] {processor.py:183} INFO - Processing /opt/airflow/dags/pipeline_one_off.py took 0.137 seconds
[2026-01-20T04:23:01.479+0000] {processor.py:161} INFO - Started process (PID=20924) to work on /opt/airflow/dags/pipeline_one_off.py
[2026-01-20T04:23:01.481+0000] {processor.py:830} INFO - Processing file /opt/airflow/dags/pipeline_one_off.py for tasks to queue
[2026-01-20T04:23:01.483+0000] {logging_mixin.py:188} INFO - [2026-01-20T04:23:01.483+0000] {dagbag.py:545} INFO - Filling up the DagBag from /opt/airflow/dags/pipeline_one_off.py
[2026-01-20T04:23:01.509+0000] {processor.py:840} INFO - DAG(s) 'pipeline_one_off' retrieved from /opt/airflow/dags/pipeline_one_off.py
[2026-01-20T04:23:01.546+0000] {logging_mixin.py:188} INFO - [2026-01-20T04:23:01.546+0000] {dag.py:3089} INFO - Sync 1 DAGs
[2026-01-20T04:23:01.560+0000] {logging_mixin.py:188} INFO - [2026-01-20T04:23:01.560+0000] {dag.py:3947} INFO - Setting next_dagrun for pipeline_one_off to None, run_after=None
[2026-01-20T04:23:01.587+0000] {processor.py:183} INFO - Processing /opt/airflow/dags/pipeline_one_off.py took 0.115 seconds
[2026-01-20T04:23:31.843+0000] {processor.py:161} INFO - Started process (PID=20934) to work on /opt/airflow/dags/pipeline_one_off.py
[2026-01-20T04:23:31.845+0000] {processor.py:830} INFO - Processing file /opt/airflow/dags/pipeline_one_off.py for tasks to queue
[2026-01-20T04:23:31.848+0000] {logging_mixin.py:188} INFO - [2026-01-20T04:23:31.848+0000] {dagbag.py:545} INFO - Filling up the DagBag from /opt/airflow/dags/pipeline_one_off.py
[2026-01-20T04:23:31.880+0000] {processor.py:840} INFO - DAG(s) 'pipeline_one_off' retrieved from /opt/airflow/dags/pipeline_one_off.py
[2026-01-20T04:23:31.925+0000] {logging_mixin.py:188} INFO - [2026-01-20T04:23:31.925+0000] {dag.py:3089} INFO - Sync 1 DAGs
[2026-01-20T04:23:31.939+0000] {logging_mixin.py:188} INFO - [2026-01-20T04:23:31.939+0000] {dag.py:3947} INFO - Setting next_dagrun for pipeline_one_off to None, run_after=None
[2026-01-20T04:23:32.146+0000] {processor.py:183} INFO - Processing /opt/airflow/dags/pipeline_one_off.py took 0.311 seconds
[2026-01-20T04:24:02.438+0000] {processor.py:161} INFO - Started process (PID=20944) to work on /opt/airflow/dags/pipeline_one_off.py
[2026-01-20T04:24:02.439+0000] {processor.py:830} INFO - Processing file /opt/airflow/dags/pipeline_one_off.py for tasks to queue
[2026-01-20T04:24:02.441+0000] {logging_mixin.py:188} INFO - [2026-01-20T04:24:02.441+0000] {dagbag.py:545} INFO - Filling up the DagBag from /opt/airflow/dags/pipeline_one_off.py
[2026-01-20T04:24:02.467+0000] {processor.py:840} INFO - DAG(s) 'pipeline_one_off' retrieved from /opt/airflow/dags/pipeline_one_off.py
[2026-01-20T04:24:02.504+0000] {logging_mixin.py:188} INFO - [2026-01-20T04:24:02.503+0000] {dag.py:3089} INFO - Sync 1 DAGs
[2026-01-20T04:24:02.705+0000] {logging_mixin.py:188} INFO - [2026-01-20T04:24:02.705+0000] {dag.py:3947} INFO - Setting next_dagrun for pipeline_one_off to None, run_after=None
[2026-01-20T04:24:02.728+0000] {processor.py:183} INFO - Processing /opt/airflow/dags/pipeline_one_off.py took 0.295 seconds
[2026-01-20T04:24:33.021+0000] {processor.py:161} INFO - Started process (PID=20954) to work on /opt/airflow/dags/pipeline_one_off.py
[2026-01-20T04:24:33.022+0000] {processor.py:830} INFO - Processing file /opt/airflow/dags/pipeline_one_off.py for tasks to queue
[2026-01-20T04:24:33.024+0000] {logging_mixin.py:188} INFO - [2026-01-20T04:24:33.024+0000] {dagbag.py:545} INFO - Filling up the DagBag from /opt/airflow/dags/pipeline_one_off.py
[2026-01-20T04:24:33.051+0000] {processor.py:840} INFO - DAG(s) 'pipeline_one_off' retrieved from /opt/airflow/dags/pipeline_one_off.py
[2026-01-20T04:24:33.289+0000] {logging_mixin.py:188} INFO - [2026-01-20T04:24:33.288+0000] {dag.py:3089} INFO - Sync 1 DAGs
[2026-01-20T04:24:33.300+0000] {logging_mixin.py:188} INFO - [2026-01-20T04:24:33.300+0000] {dag.py:3947} INFO - Setting next_dagrun for pipeline_one_off to None, run_after=None
[2026-01-20T04:24:33.321+0000] {processor.py:183} INFO - Processing /opt/airflow/dags/pipeline_one_off.py took 0.306 seconds
[2026-01-20T04:25:03.610+0000] {processor.py:161} INFO - Started process (PID=20964) to work on /opt/airflow/dags/pipeline_one_off.py
[2026-01-20T04:25:03.612+0000] {processor.py:830} INFO - Processing file /opt/airflow/dags/pipeline_one_off.py for tasks to queue
[2026-01-20T04:25:03.614+0000] {logging_mixin.py:188} INFO - [2026-01-20T04:25:03.613+0000] {dagbag.py:545} INFO - Filling up the DagBag from /opt/airflow/dags/pipeline_one_off.py
[2026-01-20T04:25:03.834+0000] {processor.py:840} INFO - DAG(s) 'pipeline_one_off' retrieved from /opt/airflow/dags/pipeline_one_off.py
[2026-01-20T04:25:03.866+0000] {logging_mixin.py:188} INFO - [2026-01-20T04:25:03.866+0000] {dag.py:3089} INFO - Sync 1 DAGs
[2026-01-20T04:25:03.877+0000] {logging_mixin.py:188} INFO - [2026-01-20T04:25:03.877+0000] {dag.py:3947} INFO - Setting next_dagrun for pipeline_one_off to None, run_after=None
[2026-01-20T04:25:03.900+0000] {processor.py:183} INFO - Processing /opt/airflow/dags/pipeline_one_off.py took 0.296 seconds
[2026-01-20T04:25:34.446+0000] {processor.py:161} INFO - Started process (PID=20974) to work on /opt/airflow/dags/pipeline_one_off.py
[2026-01-20T04:25:34.448+0000] {processor.py:830} INFO - Processing file /opt/airflow/dags/pipeline_one_off.py for tasks to queue
[2026-01-20T04:25:34.450+0000] {logging_mixin.py:188} INFO - [2026-01-20T04:25:34.450+0000] {dagbag.py:545} INFO - Filling up the DagBag from /opt/airflow/dags/pipeline_one_off.py
[2026-01-20T04:25:34.474+0000] {processor.py:840} INFO - DAG(s) 'pipeline_one_off' retrieved from /opt/airflow/dags/pipeline_one_off.py
[2026-01-20T04:25:34.515+0000] {logging_mixin.py:188} INFO - [2026-01-20T04:25:34.514+0000] {dag.py:3089} INFO - Sync 1 DAGs
[2026-01-20T04:25:34.529+0000] {logging_mixin.py:188} INFO - [2026-01-20T04:25:34.529+0000] {dag.py:3947} INFO - Setting next_dagrun for pipeline_one_off to None, run_after=None
[2026-01-20T04:25:34.551+0000] {processor.py:183} INFO - Processing /opt/airflow/dags/pipeline_one_off.py took 0.111 seconds
[2026-01-20T04:26:04.843+0000] {processor.py:161} INFO - Started process (PID=20984) to work on /opt/airflow/dags/pipeline_one_off.py
[2026-01-20T04:26:04.844+0000] {processor.py:830} INFO - Processing file /opt/airflow/dags/pipeline_one_off.py for tasks to queue
[2026-01-20T04:26:04.847+0000] {logging_mixin.py:188} INFO - [2026-01-20T04:26:04.847+0000] {dagbag.py:545} INFO - Filling up the DagBag from /opt/airflow/dags/pipeline_one_off.py
[2026-01-20T04:26:04.873+0000] {processor.py:840} INFO - DAG(s) 'pipeline_one_off' retrieved from /opt/airflow/dags/pipeline_one_off.py
[2026-01-20T04:26:04.914+0000] {logging_mixin.py:188} INFO - [2026-01-20T04:26:04.913+0000] {dag.py:3089} INFO - Sync 1 DAGs
[2026-01-20T04:26:04.928+0000] {logging_mixin.py:188} INFO - [2026-01-20T04:26:04.928+0000] {dag.py:3947} INFO - Setting next_dagrun for pipeline_one_off to None, run_after=None
[2026-01-20T04:26:04.953+0000] {processor.py:183} INFO - Processing /opt/airflow/dags/pipeline_one_off.py took 0.118 seconds
[2026-01-20T04:26:35.241+0000] {processor.py:161} INFO - Started process (PID=20994) to work on /opt/airflow/dags/pipeline_one_off.py
[2026-01-20T04:26:35.242+0000] {processor.py:830} INFO - Processing file /opt/airflow/dags/pipeline_one_off.py for tasks to queue
[2026-01-20T04:26:35.244+0000] {logging_mixin.py:188} INFO - [2026-01-20T04:26:35.244+0000] {dagbag.py:545} INFO - Filling up the DagBag from /opt/airflow/dags/pipeline_one_off.py
[2026-01-20T04:26:35.268+0000] {processor.py:840} INFO - DAG(s) 'pipeline_one_off' retrieved from /opt/airflow/dags/pipeline_one_off.py
[2026-01-20T04:26:35.308+0000] {logging_mixin.py:188} INFO - [2026-01-20T04:26:35.308+0000] {dag.py:3089} INFO - Sync 1 DAGs
[2026-01-20T04:26:35.324+0000] {logging_mixin.py:188} INFO - [2026-01-20T04:26:35.324+0000] {dag.py:3947} INFO - Setting next_dagrun for pipeline_one_off to None, run_after=None
[2026-01-20T04:26:35.346+0000] {processor.py:183} INFO - Processing /opt/airflow/dags/pipeline_one_off.py took 0.112 seconds
[2026-01-20T04:27:05.619+0000] {processor.py:161} INFO - Started process (PID=21004) to work on /opt/airflow/dags/pipeline_one_off.py
[2026-01-20T04:27:05.620+0000] {processor.py:830} INFO - Processing file /opt/airflow/dags/pipeline_one_off.py for tasks to queue
[2026-01-20T04:27:05.623+0000] {logging_mixin.py:188} INFO - [2026-01-20T04:27:05.623+0000] {dagbag.py:545} INFO - Filling up the DagBag from /opt/airflow/dags/pipeline_one_off.py
[2026-01-20T04:27:05.649+0000] {processor.py:840} INFO - DAG(s) 'pipeline_one_off' retrieved from /opt/airflow/dags/pipeline_one_off.py
[2026-01-20T04:27:05.689+0000] {logging_mixin.py:188} INFO - [2026-01-20T04:27:05.689+0000] {dag.py:3089} INFO - Sync 1 DAGs
[2026-01-20T04:27:05.704+0000] {logging_mixin.py:188} INFO - [2026-01-20T04:27:05.703+0000] {dag.py:3947} INFO - Setting next_dagrun for pipeline_one_off to None, run_after=None
[2026-01-20T04:27:05.728+0000] {processor.py:183} INFO - Processing /opt/airflow/dags/pipeline_one_off.py took 0.116 seconds
[2026-01-20T04:27:36.056+0000] {processor.py:161} INFO - Started process (PID=21014) to work on /opt/airflow/dags/pipeline_one_off.py
[2026-01-20T04:27:36.057+0000] {processor.py:830} INFO - Processing file /opt/airflow/dags/pipeline_one_off.py for tasks to queue
[2026-01-20T04:27:36.060+0000] {logging_mixin.py:188} INFO - [2026-01-20T04:27:36.059+0000] {dagbag.py:545} INFO - Filling up the DagBag from /opt/airflow/dags/pipeline_one_off.py
[2026-01-20T04:27:36.084+0000] {processor.py:840} INFO - DAG(s) 'pipeline_one_off' retrieved from /opt/airflow/dags/pipeline_one_off.py
[2026-01-20T04:27:36.118+0000] {logging_mixin.py:188} INFO - [2026-01-20T04:27:36.117+0000] {dag.py:3089} INFO - Sync 1 DAGs
[2026-01-20T04:27:36.132+0000] {logging_mixin.py:188} INFO - [2026-01-20T04:27:36.131+0000] {dag.py:3947} INFO - Setting next_dagrun for pipeline_one_off to None, run_after=None
[2026-01-20T04:27:36.153+0000] {processor.py:183} INFO - Processing /opt/airflow/dags/pipeline_one_off.py took 0.104 seconds
[2026-01-20T04:28:06.421+0000] {processor.py:161} INFO - Started process (PID=21024) to work on /opt/airflow/dags/pipeline_one_off.py
[2026-01-20T04:28:06.422+0000] {processor.py:830} INFO - Processing file /opt/airflow/dags/pipeline_one_off.py for tasks to queue
[2026-01-20T04:28:06.425+0000] {logging_mixin.py:188} INFO - [2026-01-20T04:28:06.424+0000] {dagbag.py:545} INFO - Filling up the DagBag from /opt/airflow/dags/pipeline_one_off.py
[2026-01-20T04:28:06.451+0000] {processor.py:840} INFO - DAG(s) 'pipeline_one_off' retrieved from /opt/airflow/dags/pipeline_one_off.py
[2026-01-20T04:28:06.492+0000] {logging_mixin.py:188} INFO - [2026-01-20T04:28:06.492+0000] {dag.py:3089} INFO - Sync 1 DAGs
[2026-01-20T04:28:06.508+0000] {logging_mixin.py:188} INFO - [2026-01-20T04:28:06.507+0000] {dag.py:3947} INFO - Setting next_dagrun for pipeline_one_off to None, run_after=None
[2026-01-20T04:28:06.532+0000] {processor.py:183} INFO - Processing /opt/airflow/dags/pipeline_one_off.py took 0.119 seconds
[2026-01-20T04:28:36.805+0000] {processor.py:161} INFO - Started process (PID=21034) to work on /opt/airflow/dags/pipeline_one_off.py
[2026-01-20T04:28:36.806+0000] {processor.py:830} INFO - Processing file /opt/airflow/dags/pipeline_one_off.py for tasks to queue
[2026-01-20T04:28:36.809+0000] {logging_mixin.py:188} INFO - [2026-01-20T04:28:36.809+0000] {dagbag.py:545} INFO - Filling up the DagBag from /opt/airflow/dags/pipeline_one_off.py
[2026-01-20T04:28:36.834+0000] {processor.py:840} INFO - DAG(s) 'pipeline_one_off' retrieved from /opt/airflow/dags/pipeline_one_off.py
[2026-01-20T04:28:36.873+0000] {logging_mixin.py:188} INFO - [2026-01-20T04:28:36.873+0000] {dag.py:3089} INFO - Sync 1 DAGs
[2026-01-20T04:28:36.887+0000] {logging_mixin.py:188} INFO - [2026-01-20T04:28:36.887+0000] {dag.py:3947} INFO - Setting next_dagrun for pipeline_one_off to None, run_after=None
[2026-01-20T04:28:36.911+0000] {processor.py:183} INFO - Processing /opt/airflow/dags/pipeline_one_off.py took 0.114 seconds
[2026-01-20T04:29:07.178+0000] {processor.py:161} INFO - Started process (PID=21044) to work on /opt/airflow/dags/pipeline_one_off.py
[2026-01-20T04:29:07.180+0000] {processor.py:830} INFO - Processing file /opt/airflow/dags/pipeline_one_off.py for tasks to queue
[2026-01-20T04:29:07.182+0000] {logging_mixin.py:188} INFO - [2026-01-20T04:29:07.182+0000] {dagbag.py:545} INFO - Filling up the DagBag from /opt/airflow/dags/pipeline_one_off.py
[2026-01-20T04:29:07.208+0000] {processor.py:840} INFO - DAG(s) 'pipeline_one_off' retrieved from /opt/airflow/dags/pipeline_one_off.py
[2026-01-20T04:29:07.250+0000] {logging_mixin.py:188} INFO - [2026-01-20T04:29:07.249+0000] {dag.py:3089} INFO - Sync 1 DAGs
[2026-01-20T04:29:07.265+0000] {logging_mixin.py:188} INFO - [2026-01-20T04:29:07.265+0000] {dag.py:3947} INFO - Setting next_dagrun for pipeline_one_off to None, run_after=None
[2026-01-20T04:29:07.290+0000] {processor.py:183} INFO - Processing /opt/airflow/dags/pipeline_one_off.py took 0.120 seconds
[2026-01-20T04:29:37.576+0000] {processor.py:161} INFO - Started process (PID=21054) to work on /opt/airflow/dags/pipeline_one_off.py
[2026-01-20T04:29:37.577+0000] {processor.py:830} INFO - Processing file /opt/airflow/dags/pipeline_one_off.py for tasks to queue
[2026-01-20T04:29:37.580+0000] {logging_mixin.py:188} INFO - [2026-01-20T04:29:37.579+0000] {dagbag.py:545} INFO - Filling up the DagBag from /opt/airflow/dags/pipeline_one_off.py
[2026-01-20T04:29:37.603+0000] {processor.py:840} INFO - DAG(s) 'pipeline_one_off' retrieved from /opt/airflow/dags/pipeline_one_off.py
[2026-01-20T04:29:37.643+0000] {logging_mixin.py:188} INFO - [2026-01-20T04:29:37.642+0000] {dag.py:3089} INFO - Sync 1 DAGs
[2026-01-20T04:29:37.659+0000] {logging_mixin.py:188} INFO - [2026-01-20T04:29:37.659+0000] {dag.py:3947} INFO - Setting next_dagrun for pipeline_one_off to None, run_after=None
[2026-01-20T04:29:37.685+0000] {processor.py:183} INFO - Processing /opt/airflow/dags/pipeline_one_off.py took 0.116 seconds
[2026-01-20T04:30:07.963+0000] {processor.py:161} INFO - Started process (PID=21064) to work on /opt/airflow/dags/pipeline_one_off.py
[2026-01-20T04:30:07.964+0000] {processor.py:830} INFO - Processing file /opt/airflow/dags/pipeline_one_off.py for tasks to queue
[2026-01-20T04:30:07.967+0000] {logging_mixin.py:188} INFO - [2026-01-20T04:30:07.966+0000] {dagbag.py:545} INFO - Filling up the DagBag from /opt/airflow/dags/pipeline_one_off.py
[2026-01-20T04:30:07.993+0000] {processor.py:840} INFO - DAG(s) 'pipeline_one_off' retrieved from /opt/airflow/dags/pipeline_one_off.py
[2026-01-20T04:30:08.039+0000] {logging_mixin.py:188} INFO - [2026-01-20T04:30:08.039+0000] {dag.py:3089} INFO - Sync 1 DAGs
[2026-01-20T04:30:08.054+0000] {logging_mixin.py:188} INFO - [2026-01-20T04:30:08.054+0000] {dag.py:3947} INFO - Setting next_dagrun for pipeline_one_off to None, run_after=None
[2026-01-20T04:30:08.077+0000] {processor.py:183} INFO - Processing /opt/airflow/dags/pipeline_one_off.py took 0.121 seconds
[2026-01-20T04:30:38.352+0000] {processor.py:161} INFO - Started process (PID=21074) to work on /opt/airflow/dags/pipeline_one_off.py
[2026-01-20T04:30:38.354+0000] {processor.py:830} INFO - Processing file /opt/airflow/dags/pipeline_one_off.py for tasks to queue
[2026-01-20T04:30:38.357+0000] {logging_mixin.py:188} INFO - [2026-01-20T04:30:38.356+0000] {dagbag.py:545} INFO - Filling up the DagBag from /opt/airflow/dags/pipeline_one_off.py
[2026-01-20T04:30:38.381+0000] {processor.py:840} INFO - DAG(s) 'pipeline_one_off' retrieved from /opt/airflow/dags/pipeline_one_off.py
[2026-01-20T04:30:38.421+0000] {logging_mixin.py:188} INFO - [2026-01-20T04:30:38.421+0000] {dag.py:3089} INFO - Sync 1 DAGs
[2026-01-20T04:30:38.436+0000] {logging_mixin.py:188} INFO - [2026-01-20T04:30:38.436+0000] {dag.py:3947} INFO - Setting next_dagrun for pipeline_one_off to None, run_after=None
[2026-01-20T04:30:38.461+0000] {processor.py:183} INFO - Processing /opt/airflow/dags/pipeline_one_off.py took 0.116 seconds
[2026-01-20T04:31:08.729+0000] {processor.py:161} INFO - Started process (PID=21084) to work on /opt/airflow/dags/pipeline_one_off.py
[2026-01-20T04:31:08.731+0000] {processor.py:830} INFO - Processing file /opt/airflow/dags/pipeline_one_off.py for tasks to queue
[2026-01-20T04:31:08.733+0000] {logging_mixin.py:188} INFO - [2026-01-20T04:31:08.733+0000] {dagbag.py:545} INFO - Filling up the DagBag from /opt/airflow/dags/pipeline_one_off.py
[2026-01-20T04:31:08.758+0000] {processor.py:840} INFO - DAG(s) 'pipeline_one_off' retrieved from /opt/airflow/dags/pipeline_one_off.py
[2026-01-20T04:31:08.793+0000] {logging_mixin.py:188} INFO - [2026-01-20T04:31:08.792+0000] {dag.py:3089} INFO - Sync 1 DAGs
[2026-01-20T04:31:08.806+0000] {logging_mixin.py:188} INFO - [2026-01-20T04:31:08.806+0000] {dag.py:3947} INFO - Setting next_dagrun for pipeline_one_off to None, run_after=None
[2026-01-20T04:31:08.829+0000] {processor.py:183} INFO - Processing /opt/airflow/dags/pipeline_one_off.py took 0.107 seconds
[2026-01-20T04:31:39.119+0000] {processor.py:161} INFO - Started process (PID=21094) to work on /opt/airflow/dags/pipeline_one_off.py
[2026-01-20T04:31:39.121+0000] {processor.py:830} INFO - Processing file /opt/airflow/dags/pipeline_one_off.py for tasks to queue
[2026-01-20T04:31:39.124+0000] {logging_mixin.py:188} INFO - [2026-01-20T04:31:39.123+0000] {dagbag.py:545} INFO - Filling up the DagBag from /opt/airflow/dags/pipeline_one_off.py
[2026-01-20T04:31:39.150+0000] {processor.py:840} INFO - DAG(s) 'pipeline_one_off' retrieved from /opt/airflow/dags/pipeline_one_off.py
[2026-01-20T04:31:39.192+0000] {logging_mixin.py:188} INFO - [2026-01-20T04:31:39.191+0000] {dag.py:3089} INFO - Sync 1 DAGs
[2026-01-20T04:31:39.206+0000] {logging_mixin.py:188} INFO - [2026-01-20T04:31:39.206+0000] {dag.py:3947} INFO - Setting next_dagrun for pipeline_one_off to None, run_after=None
[2026-01-20T04:31:39.229+0000] {processor.py:183} INFO - Processing /opt/airflow/dags/pipeline_one_off.py took 0.118 seconds
[2026-01-20T04:32:09.528+0000] {processor.py:161} INFO - Started process (PID=21104) to work on /opt/airflow/dags/pipeline_one_off.py
[2026-01-20T04:32:09.530+0000] {processor.py:830} INFO - Processing file /opt/airflow/dags/pipeline_one_off.py for tasks to queue
[2026-01-20T04:32:09.532+0000] {logging_mixin.py:188} INFO - [2026-01-20T04:32:09.532+0000] {dagbag.py:545} INFO - Filling up the DagBag from /opt/airflow/dags/pipeline_one_off.py
[2026-01-20T04:32:09.557+0000] {processor.py:840} INFO - DAG(s) 'pipeline_one_off' retrieved from /opt/airflow/dags/pipeline_one_off.py
[2026-01-20T04:32:09.597+0000] {logging_mixin.py:188} INFO - [2026-01-20T04:32:09.597+0000] {dag.py:3089} INFO - Sync 1 DAGs
[2026-01-20T04:32:09.612+0000] {logging_mixin.py:188} INFO - [2026-01-20T04:32:09.612+0000] {dag.py:3947} INFO - Setting next_dagrun for pipeline_one_off to None, run_after=None
[2026-01-20T04:32:09.635+0000] {processor.py:183} INFO - Processing /opt/airflow/dags/pipeline_one_off.py took 0.114 seconds
[2026-01-20T04:32:39.956+0000] {processor.py:161} INFO - Started process (PID=21117) to work on /opt/airflow/dags/pipeline_one_off.py
[2026-01-20T04:32:39.958+0000] {processor.py:830} INFO - Processing file /opt/airflow/dags/pipeline_one_off.py for tasks to queue
[2026-01-20T04:32:39.960+0000] {logging_mixin.py:188} INFO - [2026-01-20T04:32:39.960+0000] {dagbag.py:545} INFO - Filling up the DagBag from /opt/airflow/dags/pipeline_one_off.py
[2026-01-20T04:32:39.983+0000] {processor.py:840} INFO - DAG(s) 'pipeline_one_off' retrieved from /opt/airflow/dags/pipeline_one_off.py
[2026-01-20T04:32:40.025+0000] {logging_mixin.py:188} INFO - [2026-01-20T04:32:40.025+0000] {dag.py:3089} INFO - Sync 1 DAGs
[2026-01-20T04:32:40.042+0000] {logging_mixin.py:188} INFO - [2026-01-20T04:32:40.041+0000] {dag.py:3947} INFO - Setting next_dagrun for pipeline_one_off to None, run_after=None
[2026-01-20T04:32:40.067+0000] {processor.py:183} INFO - Processing /opt/airflow/dags/pipeline_one_off.py took 0.118 seconds
[2026-01-20T04:33:10.337+0000] {processor.py:161} INFO - Started process (PID=21127) to work on /opt/airflow/dags/pipeline_one_off.py
[2026-01-20T04:33:10.338+0000] {processor.py:830} INFO - Processing file /opt/airflow/dags/pipeline_one_off.py for tasks to queue
[2026-01-20T04:33:10.340+0000] {logging_mixin.py:188} INFO - [2026-01-20T04:33:10.340+0000] {dagbag.py:545} INFO - Filling up the DagBag from /opt/airflow/dags/pipeline_one_off.py
[2026-01-20T04:33:10.364+0000] {processor.py:840} INFO - DAG(s) 'pipeline_one_off' retrieved from /opt/airflow/dags/pipeline_one_off.py
[2026-01-20T04:33:10.405+0000] {logging_mixin.py:188} INFO - [2026-01-20T04:33:10.405+0000] {dag.py:3089} INFO - Sync 1 DAGs
[2026-01-20T04:33:10.420+0000] {logging_mixin.py:188} INFO - [2026-01-20T04:33:10.420+0000] {dag.py:3947} INFO - Setting next_dagrun for pipeline_one_off to None, run_after=None
[2026-01-20T04:33:10.444+0000] {processor.py:183} INFO - Processing /opt/airflow/dags/pipeline_one_off.py took 0.114 seconds
[2026-01-20T04:33:40.719+0000] {processor.py:161} INFO - Started process (PID=21137) to work on /opt/airflow/dags/pipeline_one_off.py
[2026-01-20T04:33:40.721+0000] {processor.py:830} INFO - Processing file /opt/airflow/dags/pipeline_one_off.py for tasks to queue
[2026-01-20T04:33:40.724+0000] {logging_mixin.py:188} INFO - [2026-01-20T04:33:40.723+0000] {dagbag.py:545} INFO - Filling up the DagBag from /opt/airflow/dags/pipeline_one_off.py
[2026-01-20T04:33:40.749+0000] {processor.py:840} INFO - DAG(s) 'pipeline_one_off' retrieved from /opt/airflow/dags/pipeline_one_off.py
[2026-01-20T04:33:40.789+0000] {logging_mixin.py:188} INFO - [2026-01-20T04:33:40.788+0000] {dag.py:3089} INFO - Sync 1 DAGs
[2026-01-20T04:33:40.803+0000] {logging_mixin.py:188} INFO - [2026-01-20T04:33:40.802+0000] {dag.py:3947} INFO - Setting next_dagrun for pipeline_one_off to None, run_after=None
[2026-01-20T04:33:40.827+0000] {processor.py:183} INFO - Processing /opt/airflow/dags/pipeline_one_off.py took 0.115 seconds
[2026-01-20T04:34:11.105+0000] {processor.py:161} INFO - Started process (PID=21147) to work on /opt/airflow/dags/pipeline_one_off.py
[2026-01-20T04:34:11.107+0000] {processor.py:830} INFO - Processing file /opt/airflow/dags/pipeline_one_off.py for tasks to queue
[2026-01-20T04:34:11.109+0000] {logging_mixin.py:188} INFO - [2026-01-20T04:34:11.109+0000] {dagbag.py:545} INFO - Filling up the DagBag from /opt/airflow/dags/pipeline_one_off.py
[2026-01-20T04:34:11.135+0000] {processor.py:840} INFO - DAG(s) 'pipeline_one_off' retrieved from /opt/airflow/dags/pipeline_one_off.py
[2026-01-20T04:34:11.178+0000] {logging_mixin.py:188} INFO - [2026-01-20T04:34:11.178+0000] {dag.py:3089} INFO - Sync 1 DAGs
[2026-01-20T04:34:11.193+0000] {logging_mixin.py:188} INFO - [2026-01-20T04:34:11.193+0000] {dag.py:3947} INFO - Setting next_dagrun for pipeline_one_off to None, run_after=None
[2026-01-20T04:34:11.218+0000] {processor.py:183} INFO - Processing /opt/airflow/dags/pipeline_one_off.py took 0.119 seconds
[2026-01-20T04:38:25.508+0000] {processor.py:161} INFO - Started process (PID=21157) to work on /opt/airflow/dags/pipeline_one_off.py
[2026-01-20T04:38:25.509+0000] {processor.py:830} INFO - Processing file /opt/airflow/dags/pipeline_one_off.py for tasks to queue
[2026-01-20T04:38:25.513+0000] {logging_mixin.py:188} INFO - [2026-01-20T04:38:25.512+0000] {dagbag.py:545} INFO - Filling up the DagBag from /opt/airflow/dags/pipeline_one_off.py
[2026-01-20T04:38:25.537+0000] {processor.py:840} INFO - DAG(s) 'pipeline_one_off' retrieved from /opt/airflow/dags/pipeline_one_off.py
[2026-01-20T04:38:25.573+0000] {logging_mixin.py:188} INFO - [2026-01-20T04:38:25.573+0000] {dag.py:3089} INFO - Sync 1 DAGs
[2026-01-20T04:38:25.586+0000] {logging_mixin.py:188} INFO - [2026-01-20T04:38:25.586+0000] {dag.py:3947} INFO - Setting next_dagrun for pipeline_one_off to None, run_after=None
[2026-01-20T04:38:25.607+0000] {processor.py:183} INFO - Processing /opt/airflow/dags/pipeline_one_off.py took 0.106 seconds
[2026-01-20T09:09:59.425+0000] {processor.py:161} INFO - Started process (PID=21167) to work on /opt/airflow/dags/pipeline_one_off.py
[2026-01-20T09:09:59.427+0000] {processor.py:830} INFO - Processing file /opt/airflow/dags/pipeline_one_off.py for tasks to queue
[2026-01-20T09:09:59.431+0000] {logging_mixin.py:188} INFO - [2026-01-20T09:09:59.430+0000] {dagbag.py:545} INFO - Filling up the DagBag from /opt/airflow/dags/pipeline_one_off.py
[2026-01-20T09:09:59.496+0000] {processor.py:840} INFO - DAG(s) 'pipeline_one_off' retrieved from /opt/airflow/dags/pipeline_one_off.py
[2026-01-20T09:09:59.630+0000] {logging_mixin.py:188} INFO - [2026-01-20T09:09:59.629+0000] {dag.py:3089} INFO - Sync 1 DAGs
[2026-01-20T09:09:59.687+0000] {logging_mixin.py:188} INFO - [2026-01-20T09:09:59.686+0000] {dag.py:3947} INFO - Setting next_dagrun for pipeline_one_off to None, run_after=None
[2026-01-20T09:09:59.797+0000] {processor.py:183} INFO - Processing /opt/airflow/dags/pipeline_one_off.py took 0.394 seconds
[2026-01-20T09:21:59.102+0000] {processor.py:161} INFO - Started process (PID=21180) to work on /opt/airflow/dags/pipeline_one_off.py
[2026-01-20T09:21:59.112+0000] {processor.py:830} INFO - Processing file /opt/airflow/dags/pipeline_one_off.py for tasks to queue
[2026-01-20T09:21:59.117+0000] {logging_mixin.py:188} INFO - [2026-01-20T09:21:59.116+0000] {dagbag.py:545} INFO - Filling up the DagBag from /opt/airflow/dags/pipeline_one_off.py
[2026-01-20T09:21:59.212+0000] {processor.py:840} INFO - DAG(s) 'pipeline_one_off' retrieved from /opt/airflow/dags/pipeline_one_off.py
[2026-01-20T09:21:59.341+0000] {logging_mixin.py:188} INFO - [2026-01-20T09:21:59.340+0000] {dag.py:3089} INFO - Sync 1 DAGs
[2026-01-20T09:21:59.408+0000] {logging_mixin.py:188} INFO - [2026-01-20T09:21:59.408+0000] {dag.py:3947} INFO - Setting next_dagrun for pipeline_one_off to None, run_after=None
[2026-01-20T09:21:59.481+0000] {processor.py:183} INFO - Processing /opt/airflow/dags/pipeline_one_off.py took 0.410 seconds
[2026-01-20T10:50:19.431+0000] {processor.py:161} INFO - Started process (PID=21197) to work on /opt/airflow/dags/pipeline_one_off.py
[2026-01-20T10:50:19.434+0000] {processor.py:830} INFO - Processing file /opt/airflow/dags/pipeline_one_off.py for tasks to queue
[2026-01-20T10:50:19.445+0000] {logging_mixin.py:188} INFO - [2026-01-20T10:50:19.441+0000] {dagbag.py:545} INFO - Filling up the DagBag from /opt/airflow/dags/pipeline_one_off.py
[2026-01-20T10:50:19.516+0000] {processor.py:840} INFO - DAG(s) 'pipeline_one_off' retrieved from /opt/airflow/dags/pipeline_one_off.py
[2026-01-20T10:50:19.613+0000] {logging_mixin.py:188} INFO - [2026-01-20T10:50:19.612+0000] {dag.py:3089} INFO - Sync 1 DAGs
[2026-01-20T10:50:19.650+0000] {logging_mixin.py:188} INFO - [2026-01-20T10:50:19.650+0000] {dag.py:3947} INFO - Setting next_dagrun for pipeline_one_off to None, run_after=None
[2026-01-20T10:50:19.718+0000] {processor.py:183} INFO - Processing /opt/airflow/dags/pipeline_one_off.py took 0.306 seconds
[2026-01-20T13:06:22.089+0000] {processor.py:161} INFO - Started process (PID=21209) to work on /opt/airflow/dags/pipeline_one_off.py
[2026-01-20T13:06:22.099+0000] {processor.py:830} INFO - Processing file /opt/airflow/dags/pipeline_one_off.py for tasks to queue
[2026-01-20T13:06:22.131+0000] {logging_mixin.py:188} INFO - [2026-01-20T13:06:22.124+0000] {dagbag.py:545} INFO - Filling up the DagBag from /opt/airflow/dags/pipeline_one_off.py
[2026-01-20T13:06:22.457+0000] {processor.py:840} INFO - DAG(s) 'pipeline_one_off' retrieved from /opt/airflow/dags/pipeline_one_off.py
[2026-01-20T13:06:22.679+0000] {logging_mixin.py:188} INFO - [2026-01-20T13:06:22.677+0000] {dag.py:3089} INFO - Sync 1 DAGs
[2026-01-20T13:06:22.755+0000] {logging_mixin.py:188} INFO - [2026-01-20T13:06:22.754+0000] {dag.py:3947} INFO - Setting next_dagrun for pipeline_one_off to None, run_after=None
[2026-01-20T13:06:22.967+0000] {processor.py:183} INFO - Processing /opt/airflow/dags/pipeline_one_off.py took 0.938 seconds
[2026-01-20T13:56:24.800+0000] {processor.py:161} INFO - Started process (PID=21227) to work on /opt/airflow/dags/pipeline_one_off.py
[2026-01-20T13:56:24.807+0000] {processor.py:830} INFO - Processing file /opt/airflow/dags/pipeline_one_off.py for tasks to queue
[2026-01-20T13:56:24.838+0000] {logging_mixin.py:188} INFO - [2026-01-20T13:56:24.835+0000] {dagbag.py:545} INFO - Filling up the DagBag from /opt/airflow/dags/pipeline_one_off.py
[2026-01-20T13:56:25.266+0000] {processor.py:840} INFO - DAG(s) 'pipeline_one_off' retrieved from /opt/airflow/dags/pipeline_one_off.py
[2026-01-20T13:56:25.798+0000] {logging_mixin.py:188} INFO - [2026-01-20T13:56:25.798+0000] {dag.py:3089} INFO - Sync 1 DAGs
[2026-01-20T13:56:25.982+0000] {logging_mixin.py:188} INFO - [2026-01-20T13:56:25.982+0000] {dag.py:3947} INFO - Setting next_dagrun for pipeline_one_off to None, run_after=None
[2026-01-20T13:56:26.138+0000] {processor.py:183} INFO - Processing /opt/airflow/dags/pipeline_one_off.py took 1.428 seconds
[2026-01-20T14:19:07.563+0000] {processor.py:161} INFO - Started process (PID=21250) to work on /opt/airflow/dags/pipeline_one_off.py
[2026-01-20T14:19:07.565+0000] {processor.py:830} INFO - Processing file /opt/airflow/dags/pipeline_one_off.py for tasks to queue
[2026-01-20T14:19:07.570+0000] {logging_mixin.py:188} INFO - [2026-01-20T14:19:07.569+0000] {dagbag.py:545} INFO - Filling up the DagBag from /opt/airflow/dags/pipeline_one_off.py
[2026-01-20T14:19:07.618+0000] {processor.py:840} INFO - DAG(s) 'pipeline_one_off' retrieved from /opt/airflow/dags/pipeline_one_off.py
[2026-01-20T14:19:07.706+0000] {logging_mixin.py:188} INFO - [2026-01-20T14:19:07.705+0000] {dag.py:3089} INFO - Sync 1 DAGs
[2026-01-20T14:19:07.736+0000] {logging_mixin.py:188} INFO - [2026-01-20T14:19:07.736+0000] {dag.py:3947} INFO - Setting next_dagrun for pipeline_one_off to None, run_after=None
[2026-01-20T14:19:07.791+0000] {processor.py:183} INFO - Processing /opt/airflow/dags/pipeline_one_off.py took 0.241 seconds
[2026-01-20T14:19:38.165+0000] {processor.py:161} INFO - Started process (PID=21270) to work on /opt/airflow/dags/pipeline_one_off.py
[2026-01-20T14:19:38.168+0000] {processor.py:830} INFO - Processing file /opt/airflow/dags/pipeline_one_off.py for tasks to queue
[2026-01-20T14:19:38.171+0000] {logging_mixin.py:188} INFO - [2026-01-20T14:19:38.170+0000] {dagbag.py:545} INFO - Filling up the DagBag from /opt/airflow/dags/pipeline_one_off.py
[2026-01-20T14:19:38.207+0000] {processor.py:840} INFO - DAG(s) 'pipeline_one_off' retrieved from /opt/airflow/dags/pipeline_one_off.py
[2026-01-20T14:19:38.265+0000] {logging_mixin.py:188} INFO - [2026-01-20T14:19:38.265+0000] {dag.py:3089} INFO - Sync 1 DAGs
[2026-01-20T14:19:38.286+0000] {logging_mixin.py:188} INFO - [2026-01-20T14:19:38.285+0000] {dag.py:3947} INFO - Setting next_dagrun for pipeline_one_off to None, run_after=None
[2026-01-20T14:19:38.360+0000] {processor.py:183} INFO - Processing /opt/airflow/dags/pipeline_one_off.py took 0.206 seconds
[2026-01-20T14:20:08.647+0000] {processor.py:161} INFO - Started process (PID=21280) to work on /opt/airflow/dags/pipeline_one_off.py
[2026-01-20T14:20:08.648+0000] {processor.py:830} INFO - Processing file /opt/airflow/dags/pipeline_one_off.py for tasks to queue
[2026-01-20T14:20:08.651+0000] {logging_mixin.py:188} INFO - [2026-01-20T14:20:08.651+0000] {dagbag.py:545} INFO - Filling up the DagBag from /opt/airflow/dags/pipeline_one_off.py
[2026-01-20T14:20:08.675+0000] {processor.py:840} INFO - DAG(s) 'pipeline_one_off' retrieved from /opt/airflow/dags/pipeline_one_off.py
[2026-01-20T14:20:08.707+0000] {logging_mixin.py:188} INFO - [2026-01-20T14:20:08.707+0000] {dag.py:3089} INFO - Sync 1 DAGs
[2026-01-20T14:20:08.719+0000] {logging_mixin.py:188} INFO - [2026-01-20T14:20:08.719+0000] {dag.py:3947} INFO - Setting next_dagrun for pipeline_one_off to None, run_after=None
[2026-01-20T14:20:08.739+0000] {processor.py:183} INFO - Processing /opt/airflow/dags/pipeline_one_off.py took 0.098 seconds
[2026-01-20T14:20:38.981+0000] {processor.py:161} INFO - Started process (PID=21290) to work on /opt/airflow/dags/pipeline_one_off.py
[2026-01-20T14:20:38.983+0000] {processor.py:830} INFO - Processing file /opt/airflow/dags/pipeline_one_off.py for tasks to queue
[2026-01-20T14:20:38.985+0000] {logging_mixin.py:188} INFO - [2026-01-20T14:20:38.985+0000] {dagbag.py:545} INFO - Filling up the DagBag from /opt/airflow/dags/pipeline_one_off.py
[2026-01-20T14:20:39.009+0000] {processor.py:840} INFO - DAG(s) 'pipeline_one_off' retrieved from /opt/airflow/dags/pipeline_one_off.py
[2026-01-20T14:20:39.041+0000] {logging_mixin.py:188} INFO - [2026-01-20T14:20:39.041+0000] {dag.py:3089} INFO - Sync 1 DAGs
[2026-01-20T14:20:39.054+0000] {logging_mixin.py:188} INFO - [2026-01-20T14:20:39.054+0000] {dag.py:3947} INFO - Setting next_dagrun for pipeline_one_off to None, run_after=None
[2026-01-20T14:20:39.078+0000] {processor.py:183} INFO - Processing /opt/airflow/dags/pipeline_one_off.py took 0.102 seconds
[2026-01-20T14:21:09.323+0000] {processor.py:161} INFO - Started process (PID=21300) to work on /opt/airflow/dags/pipeline_one_off.py
[2026-01-20T14:21:09.324+0000] {processor.py:830} INFO - Processing file /opt/airflow/dags/pipeline_one_off.py for tasks to queue
[2026-01-20T14:21:09.327+0000] {logging_mixin.py:188} INFO - [2026-01-20T14:21:09.326+0000] {dagbag.py:545} INFO - Filling up the DagBag from /opt/airflow/dags/pipeline_one_off.py
[2026-01-20T14:21:09.352+0000] {processor.py:840} INFO - DAG(s) 'pipeline_one_off' retrieved from /opt/airflow/dags/pipeline_one_off.py
[2026-01-20T14:21:09.383+0000] {logging_mixin.py:188} INFO - [2026-01-20T14:21:09.383+0000] {dag.py:3089} INFO - Sync 1 DAGs
[2026-01-20T14:21:09.395+0000] {logging_mixin.py:188} INFO - [2026-01-20T14:21:09.395+0000] {dag.py:3947} INFO - Setting next_dagrun for pipeline_one_off to None, run_after=None
[2026-01-20T14:21:09.412+0000] {processor.py:183} INFO - Processing /opt/airflow/dags/pipeline_one_off.py took 0.095 seconds
[2026-01-20T14:21:39.661+0000] {processor.py:161} INFO - Started process (PID=21310) to work on /opt/airflow/dags/pipeline_one_off.py
[2026-01-20T14:21:39.662+0000] {processor.py:830} INFO - Processing file /opt/airflow/dags/pipeline_one_off.py for tasks to queue
[2026-01-20T14:21:39.665+0000] {logging_mixin.py:188} INFO - [2026-01-20T14:21:39.665+0000] {dagbag.py:545} INFO - Filling up the DagBag from /opt/airflow/dags/pipeline_one_off.py
[2026-01-20T14:21:39.690+0000] {processor.py:840} INFO - DAG(s) 'pipeline_one_off' retrieved from /opt/airflow/dags/pipeline_one_off.py
[2026-01-20T14:21:39.725+0000] {logging_mixin.py:188} INFO - [2026-01-20T14:21:39.725+0000] {dag.py:3089} INFO - Sync 1 DAGs
[2026-01-20T14:21:39.740+0000] {logging_mixin.py:188} INFO - [2026-01-20T14:21:39.739+0000] {dag.py:3947} INFO - Setting next_dagrun for pipeline_one_off to None, run_after=None
[2026-01-20T14:21:39.762+0000] {processor.py:183} INFO - Processing /opt/airflow/dags/pipeline_one_off.py took 0.107 seconds
[2026-01-20T14:22:10.034+0000] {processor.py:161} INFO - Started process (PID=21320) to work on /opt/airflow/dags/pipeline_one_off.py
[2026-01-20T14:22:10.035+0000] {processor.py:830} INFO - Processing file /opt/airflow/dags/pipeline_one_off.py for tasks to queue
[2026-01-20T14:22:10.038+0000] {logging_mixin.py:188} INFO - [2026-01-20T14:22:10.037+0000] {dagbag.py:545} INFO - Filling up the DagBag from /opt/airflow/dags/pipeline_one_off.py
[2026-01-20T14:22:10.064+0000] {processor.py:840} INFO - DAG(s) 'pipeline_one_off' retrieved from /opt/airflow/dags/pipeline_one_off.py
[2026-01-20T14:22:10.098+0000] {logging_mixin.py:188} INFO - [2026-01-20T14:22:10.098+0000] {dag.py:3089} INFO - Sync 1 DAGs
[2026-01-20T14:22:10.109+0000] {logging_mixin.py:188} INFO - [2026-01-20T14:22:10.109+0000] {dag.py:3947} INFO - Setting next_dagrun for pipeline_one_off to None, run_after=None
[2026-01-20T14:22:10.130+0000] {processor.py:183} INFO - Processing /opt/airflow/dags/pipeline_one_off.py took 0.102 seconds
[2026-01-20T14:22:40.407+0000] {processor.py:161} INFO - Started process (PID=21330) to work on /opt/airflow/dags/pipeline_one_off.py
[2026-01-20T14:22:40.408+0000] {processor.py:830} INFO - Processing file /opt/airflow/dags/pipeline_one_off.py for tasks to queue
[2026-01-20T14:22:40.411+0000] {logging_mixin.py:188} INFO - [2026-01-20T14:22:40.411+0000] {dagbag.py:545} INFO - Filling up the DagBag from /opt/airflow/dags/pipeline_one_off.py
[2026-01-20T14:22:40.439+0000] {processor.py:840} INFO - DAG(s) 'pipeline_one_off' retrieved from /opt/airflow/dags/pipeline_one_off.py
[2026-01-20T14:22:40.479+0000] {logging_mixin.py:188} INFO - [2026-01-20T14:22:40.479+0000] {dag.py:3089} INFO - Sync 1 DAGs
[2026-01-20T14:22:40.493+0000] {logging_mixin.py:188} INFO - [2026-01-20T14:22:40.493+0000] {dag.py:3947} INFO - Setting next_dagrun for pipeline_one_off to None, run_after=None
[2026-01-20T14:22:40.516+0000] {processor.py:183} INFO - Processing /opt/airflow/dags/pipeline_one_off.py took 0.116 seconds
[2026-01-20T14:23:10.792+0000] {processor.py:161} INFO - Started process (PID=21340) to work on /opt/airflow/dags/pipeline_one_off.py
[2026-01-20T14:23:10.793+0000] {processor.py:830} INFO - Processing file /opt/airflow/dags/pipeline_one_off.py for tasks to queue
[2026-01-20T14:23:10.795+0000] {logging_mixin.py:188} INFO - [2026-01-20T14:23:10.795+0000] {dagbag.py:545} INFO - Filling up the DagBag from /opt/airflow/dags/pipeline_one_off.py
[2026-01-20T14:23:10.819+0000] {processor.py:840} INFO - DAG(s) 'pipeline_one_off' retrieved from /opt/airflow/dags/pipeline_one_off.py
[2026-01-20T14:23:10.852+0000] {logging_mixin.py:188} INFO - [2026-01-20T14:23:10.851+0000] {dag.py:3089} INFO - Sync 1 DAGs
[2026-01-20T14:23:10.863+0000] {logging_mixin.py:188} INFO - [2026-01-20T14:23:10.863+0000] {dag.py:3947} INFO - Setting next_dagrun for pipeline_one_off to None, run_after=None
[2026-01-20T14:23:10.884+0000] {processor.py:183} INFO - Processing /opt/airflow/dags/pipeline_one_off.py took 0.098 seconds
[2026-01-20T14:23:41.167+0000] {processor.py:161} INFO - Started process (PID=21350) to work on /opt/airflow/dags/pipeline_one_off.py
[2026-01-20T14:23:41.168+0000] {processor.py:830} INFO - Processing file /opt/airflow/dags/pipeline_one_off.py for tasks to queue
[2026-01-20T14:23:41.172+0000] {logging_mixin.py:188} INFO - [2026-01-20T14:23:41.171+0000] {dagbag.py:545} INFO - Filling up the DagBag from /opt/airflow/dags/pipeline_one_off.py
[2026-01-20T14:23:41.197+0000] {processor.py:840} INFO - DAG(s) 'pipeline_one_off' retrieved from /opt/airflow/dags/pipeline_one_off.py
[2026-01-20T14:23:41.227+0000] {logging_mixin.py:188} INFO - [2026-01-20T14:23:41.227+0000] {dag.py:3089} INFO - Sync 1 DAGs
[2026-01-20T14:23:41.239+0000] {logging_mixin.py:188} INFO - [2026-01-20T14:23:41.238+0000] {dag.py:3947} INFO - Setting next_dagrun for pipeline_one_off to None, run_after=None
[2026-01-20T14:23:41.261+0000] {processor.py:183} INFO - Processing /opt/airflow/dags/pipeline_one_off.py took 0.101 seconds
[2026-01-20T14:24:11.511+0000] {processor.py:161} INFO - Started process (PID=21360) to work on /opt/airflow/dags/pipeline_one_off.py
[2026-01-20T14:24:11.512+0000] {processor.py:830} INFO - Processing file /opt/airflow/dags/pipeline_one_off.py for tasks to queue
[2026-01-20T14:24:11.516+0000] {logging_mixin.py:188} INFO - [2026-01-20T14:24:11.516+0000] {dagbag.py:545} INFO - Filling up the DagBag from /opt/airflow/dags/pipeline_one_off.py
[2026-01-20T14:24:11.539+0000] {processor.py:840} INFO - DAG(s) 'pipeline_one_off' retrieved from /opt/airflow/dags/pipeline_one_off.py
[2026-01-20T14:24:11.576+0000] {logging_mixin.py:188} INFO - [2026-01-20T14:24:11.576+0000] {dag.py:3089} INFO - Sync 1 DAGs
[2026-01-20T14:24:11.592+0000] {logging_mixin.py:188} INFO - [2026-01-20T14:24:11.592+0000] {dag.py:3947} INFO - Setting next_dagrun for pipeline_one_off to None, run_after=None
[2026-01-20T14:24:11.615+0000] {processor.py:183} INFO - Processing /opt/airflow/dags/pipeline_one_off.py took 0.110 seconds
[2026-01-20T14:24:41.849+0000] {processor.py:161} INFO - Started process (PID=21370) to work on /opt/airflow/dags/pipeline_one_off.py
[2026-01-20T14:24:41.851+0000] {processor.py:830} INFO - Processing file /opt/airflow/dags/pipeline_one_off.py for tasks to queue
[2026-01-20T14:24:41.853+0000] {logging_mixin.py:188} INFO - [2026-01-20T14:24:41.853+0000] {dagbag.py:545} INFO - Filling up the DagBag from /opt/airflow/dags/pipeline_one_off.py
[2026-01-20T14:24:41.878+0000] {processor.py:840} INFO - DAG(s) 'pipeline_one_off' retrieved from /opt/airflow/dags/pipeline_one_off.py
[2026-01-20T14:24:41.909+0000] {logging_mixin.py:188} INFO - [2026-01-20T14:24:41.909+0000] {dag.py:3089} INFO - Sync 1 DAGs
[2026-01-20T14:24:41.920+0000] {logging_mixin.py:188} INFO - [2026-01-20T14:24:41.920+0000] {dag.py:3947} INFO - Setting next_dagrun for pipeline_one_off to None, run_after=None
[2026-01-20T14:24:41.940+0000] {processor.py:183} INFO - Processing /opt/airflow/dags/pipeline_one_off.py took 0.096 seconds
[2026-01-20T14:25:12.176+0000] {processor.py:161} INFO - Started process (PID=21380) to work on /opt/airflow/dags/pipeline_one_off.py
[2026-01-20T14:25:12.178+0000] {processor.py:830} INFO - Processing file /opt/airflow/dags/pipeline_one_off.py for tasks to queue
[2026-01-20T14:25:12.181+0000] {logging_mixin.py:188} INFO - [2026-01-20T14:25:12.180+0000] {dagbag.py:545} INFO - Filling up the DagBag from /opt/airflow/dags/pipeline_one_off.py
[2026-01-20T14:25:12.205+0000] {processor.py:840} INFO - DAG(s) 'pipeline_one_off' retrieved from /opt/airflow/dags/pipeline_one_off.py
[2026-01-20T14:25:12.245+0000] {logging_mixin.py:188} INFO - [2026-01-20T14:25:12.245+0000] {dag.py:3089} INFO - Sync 1 DAGs
[2026-01-20T14:25:12.260+0000] {logging_mixin.py:188} INFO - [2026-01-20T14:25:12.260+0000] {dag.py:3947} INFO - Setting next_dagrun for pipeline_one_off to None, run_after=None
[2026-01-20T14:25:12.284+0000] {processor.py:183} INFO - Processing /opt/airflow/dags/pipeline_one_off.py took 0.115 seconds
[2026-01-20T14:25:42.535+0000] {processor.py:161} INFO - Started process (PID=21390) to work on /opt/airflow/dags/pipeline_one_off.py
[2026-01-20T14:25:42.536+0000] {processor.py:830} INFO - Processing file /opt/airflow/dags/pipeline_one_off.py for tasks to queue
[2026-01-20T14:25:42.538+0000] {logging_mixin.py:188} INFO - [2026-01-20T14:25:42.537+0000] {dagbag.py:545} INFO - Filling up the DagBag from /opt/airflow/dags/pipeline_one_off.py
[2026-01-20T14:25:42.563+0000] {processor.py:840} INFO - DAG(s) 'pipeline_one_off' retrieved from /opt/airflow/dags/pipeline_one_off.py
[2026-01-20T14:25:42.595+0000] {logging_mixin.py:188} INFO - [2026-01-20T14:25:42.595+0000] {dag.py:3089} INFO - Sync 1 DAGs
[2026-01-20T14:25:42.609+0000] {logging_mixin.py:188} INFO - [2026-01-20T14:25:42.609+0000] {dag.py:3947} INFO - Setting next_dagrun for pipeline_one_off to None, run_after=None
[2026-01-20T14:25:42.633+0000] {processor.py:183} INFO - Processing /opt/airflow/dags/pipeline_one_off.py took 0.104 seconds
[2026-01-20T14:26:12.882+0000] {processor.py:161} INFO - Started process (PID=21400) to work on /opt/airflow/dags/pipeline_one_off.py
[2026-01-20T14:26:12.883+0000] {processor.py:830} INFO - Processing file /opt/airflow/dags/pipeline_one_off.py for tasks to queue
[2026-01-20T14:26:12.886+0000] {logging_mixin.py:188} INFO - [2026-01-20T14:26:12.886+0000] {dagbag.py:545} INFO - Filling up the DagBag from /opt/airflow/dags/pipeline_one_off.py
[2026-01-20T14:26:12.910+0000] {processor.py:840} INFO - DAG(s) 'pipeline_one_off' retrieved from /opt/airflow/dags/pipeline_one_off.py
[2026-01-20T14:26:12.947+0000] {logging_mixin.py:188} INFO - [2026-01-20T14:26:12.947+0000] {dag.py:3089} INFO - Sync 1 DAGs
[2026-01-20T14:26:12.960+0000] {logging_mixin.py:188} INFO - [2026-01-20T14:26:12.959+0000] {dag.py:3947} INFO - Setting next_dagrun for pipeline_one_off to None, run_after=None
[2026-01-20T14:26:12.982+0000] {processor.py:183} INFO - Processing /opt/airflow/dags/pipeline_one_off.py took 0.106 seconds
[2026-01-20T14:26:43.268+0000] {processor.py:161} INFO - Started process (PID=21410) to work on /opt/airflow/dags/pipeline_one_off.py
[2026-01-20T14:26:43.269+0000] {processor.py:830} INFO - Processing file /opt/airflow/dags/pipeline_one_off.py for tasks to queue
[2026-01-20T14:26:43.271+0000] {logging_mixin.py:188} INFO - [2026-01-20T14:26:43.271+0000] {dagbag.py:545} INFO - Filling up the DagBag from /opt/airflow/dags/pipeline_one_off.py
[2026-01-20T14:26:43.295+0000] {processor.py:840} INFO - DAG(s) 'pipeline_one_off' retrieved from /opt/airflow/dags/pipeline_one_off.py
[2026-01-20T14:26:43.332+0000] {logging_mixin.py:188} INFO - [2026-01-20T14:26:43.332+0000] {dag.py:3089} INFO - Sync 1 DAGs
[2026-01-20T14:26:43.345+0000] {logging_mixin.py:188} INFO - [2026-01-20T14:26:43.345+0000] {dag.py:3947} INFO - Setting next_dagrun for pipeline_one_off to None, run_after=None
[2026-01-20T14:26:43.368+0000] {processor.py:183} INFO - Processing /opt/airflow/dags/pipeline_one_off.py took 0.107 seconds
[2026-01-20T14:27:13.648+0000] {processor.py:161} INFO - Started process (PID=21420) to work on /opt/airflow/dags/pipeline_one_off.py
[2026-01-20T14:27:13.649+0000] {processor.py:830} INFO - Processing file /opt/airflow/dags/pipeline_one_off.py for tasks to queue
[2026-01-20T14:27:13.652+0000] {logging_mixin.py:188} INFO - [2026-01-20T14:27:13.652+0000] {dagbag.py:545} INFO - Filling up the DagBag from /opt/airflow/dags/pipeline_one_off.py
[2026-01-20T14:27:13.676+0000] {processor.py:840} INFO - DAG(s) 'pipeline_one_off' retrieved from /opt/airflow/dags/pipeline_one_off.py
[2026-01-20T14:27:13.713+0000] {logging_mixin.py:188} INFO - [2026-01-20T14:27:13.713+0000] {dag.py:3089} INFO - Sync 1 DAGs
[2026-01-20T14:27:13.727+0000] {logging_mixin.py:188} INFO - [2026-01-20T14:27:13.726+0000] {dag.py:3947} INFO - Setting next_dagrun for pipeline_one_off to None, run_after=None
[2026-01-20T14:27:13.749+0000] {processor.py:183} INFO - Processing /opt/airflow/dags/pipeline_one_off.py took 0.108 seconds
[2026-01-20T14:27:44.041+0000] {processor.py:161} INFO - Started process (PID=21430) to work on /opt/airflow/dags/pipeline_one_off.py
[2026-01-20T14:27:44.042+0000] {processor.py:830} INFO - Processing file /opt/airflow/dags/pipeline_one_off.py for tasks to queue
[2026-01-20T14:27:44.045+0000] {logging_mixin.py:188} INFO - [2026-01-20T14:27:44.045+0000] {dagbag.py:545} INFO - Filling up the DagBag from /opt/airflow/dags/pipeline_one_off.py
[2026-01-20T14:27:44.070+0000] {processor.py:840} INFO - DAG(s) 'pipeline_one_off' retrieved from /opt/airflow/dags/pipeline_one_off.py
[2026-01-20T14:27:44.112+0000] {logging_mixin.py:188} INFO - [2026-01-20T14:27:44.112+0000] {dag.py:3089} INFO - Sync 1 DAGs
[2026-01-20T14:27:44.132+0000] {logging_mixin.py:188} INFO - [2026-01-20T14:27:44.131+0000] {dag.py:3947} INFO - Setting next_dagrun for pipeline_one_off to None, run_after=None
[2026-01-20T14:27:44.158+0000] {processor.py:183} INFO - Processing /opt/airflow/dags/pipeline_one_off.py took 0.126 seconds
[2026-01-20T14:28:14.425+0000] {processor.py:161} INFO - Started process (PID=21440) to work on /opt/airflow/dags/pipeline_one_off.py
[2026-01-20T14:28:14.427+0000] {processor.py:830} INFO - Processing file /opt/airflow/dags/pipeline_one_off.py for tasks to queue
[2026-01-20T14:28:14.431+0000] {logging_mixin.py:188} INFO - [2026-01-20T14:28:14.430+0000] {dagbag.py:545} INFO - Filling up the DagBag from /opt/airflow/dags/pipeline_one_off.py
[2026-01-20T14:28:14.458+0000] {processor.py:840} INFO - DAG(s) 'pipeline_one_off' retrieved from /opt/airflow/dags/pipeline_one_off.py
[2026-01-20T14:28:14.501+0000] {logging_mixin.py:188} INFO - [2026-01-20T14:28:14.501+0000] {dag.py:3089} INFO - Sync 1 DAGs
[2026-01-20T14:28:14.516+0000] {logging_mixin.py:188} INFO - [2026-01-20T14:28:14.516+0000] {dag.py:3947} INFO - Setting next_dagrun for pipeline_one_off to None, run_after=None
[2026-01-20T14:28:14.544+0000] {processor.py:183} INFO - Processing /opt/airflow/dags/pipeline_one_off.py took 0.129 seconds
[2026-01-20T14:28:44.824+0000] {processor.py:161} INFO - Started process (PID=21450) to work on /opt/airflow/dags/pipeline_one_off.py
[2026-01-20T14:28:44.825+0000] {processor.py:830} INFO - Processing file /opt/airflow/dags/pipeline_one_off.py for tasks to queue
[2026-01-20T14:28:44.829+0000] {logging_mixin.py:188} INFO - [2026-01-20T14:28:44.828+0000] {dagbag.py:545} INFO - Filling up the DagBag from /opt/airflow/dags/pipeline_one_off.py
[2026-01-20T14:28:44.853+0000] {processor.py:840} INFO - DAG(s) 'pipeline_one_off' retrieved from /opt/airflow/dags/pipeline_one_off.py
[2026-01-20T14:28:44.891+0000] {logging_mixin.py:188} INFO - [2026-01-20T14:28:44.890+0000] {dag.py:3089} INFO - Sync 1 DAGs
[2026-01-20T14:28:44.905+0000] {logging_mixin.py:188} INFO - [2026-01-20T14:28:44.905+0000] {dag.py:3947} INFO - Setting next_dagrun for pipeline_one_off to None, run_after=None
[2026-01-20T14:28:44.928+0000] {processor.py:183} INFO - Processing /opt/airflow/dags/pipeline_one_off.py took 0.112 seconds
[2026-01-20T14:29:15.268+0000] {processor.py:161} INFO - Started process (PID=21478) to work on /opt/airflow/dags/pipeline_one_off.py
[2026-01-20T14:29:15.269+0000] {processor.py:830} INFO - Processing file /opt/airflow/dags/pipeline_one_off.py for tasks to queue
[2026-01-20T14:29:15.271+0000] {logging_mixin.py:188} INFO - [2026-01-20T14:29:15.271+0000] {dagbag.py:545} INFO - Filling up the DagBag from /opt/airflow/dags/pipeline_one_off.py
[2026-01-20T14:29:15.297+0000] {processor.py:840} INFO - DAG(s) 'pipeline_one_off' retrieved from /opt/airflow/dags/pipeline_one_off.py
[2026-01-20T14:29:15.336+0000] {logging_mixin.py:188} INFO - [2026-01-20T14:29:15.336+0000] {dag.py:3089} INFO - Sync 1 DAGs
[2026-01-20T14:29:15.351+0000] {logging_mixin.py:188} INFO - [2026-01-20T14:29:15.351+0000] {dag.py:3947} INFO - Setting next_dagrun for pipeline_one_off to None, run_after=None
[2026-01-20T14:29:15.375+0000] {processor.py:183} INFO - Processing /opt/airflow/dags/pipeline_one_off.py took 0.115 seconds
[2026-01-20T14:29:45.645+0000] {processor.py:161} INFO - Started process (PID=21488) to work on /opt/airflow/dags/pipeline_one_off.py
[2026-01-20T14:29:45.646+0000] {processor.py:830} INFO - Processing file /opt/airflow/dags/pipeline_one_off.py for tasks to queue
[2026-01-20T14:29:45.649+0000] {logging_mixin.py:188} INFO - [2026-01-20T14:29:45.649+0000] {dagbag.py:545} INFO - Filling up the DagBag from /opt/airflow/dags/pipeline_one_off.py
[2026-01-20T14:29:45.674+0000] {processor.py:840} INFO - DAG(s) 'pipeline_one_off' retrieved from /opt/airflow/dags/pipeline_one_off.py
[2026-01-20T14:29:45.712+0000] {logging_mixin.py:188} INFO - [2026-01-20T14:29:45.712+0000] {dag.py:3089} INFO - Sync 1 DAGs
[2026-01-20T14:29:45.725+0000] {logging_mixin.py:188} INFO - [2026-01-20T14:29:45.725+0000] {dag.py:3947} INFO - Setting next_dagrun for pipeline_one_off to None, run_after=None
[2026-01-20T14:29:45.748+0000] {processor.py:183} INFO - Processing /opt/airflow/dags/pipeline_one_off.py took 0.110 seconds
[2026-01-20T14:30:16.039+0000] {processor.py:161} INFO - Started process (PID=21498) to work on /opt/airflow/dags/pipeline_one_off.py
[2026-01-20T14:30:16.041+0000] {processor.py:830} INFO - Processing file /opt/airflow/dags/pipeline_one_off.py for tasks to queue
[2026-01-20T14:30:16.044+0000] {logging_mixin.py:188} INFO - [2026-01-20T14:30:16.043+0000] {dagbag.py:545} INFO - Filling up the DagBag from /opt/airflow/dags/pipeline_one_off.py
[2026-01-20T14:30:16.068+0000] {processor.py:840} INFO - DAG(s) 'pipeline_one_off' retrieved from /opt/airflow/dags/pipeline_one_off.py
[2026-01-20T14:30:16.103+0000] {logging_mixin.py:188} INFO - [2026-01-20T14:30:16.103+0000] {dag.py:3089} INFO - Sync 1 DAGs
[2026-01-20T14:30:16.118+0000] {logging_mixin.py:188} INFO - [2026-01-20T14:30:16.117+0000] {dag.py:3947} INFO - Setting next_dagrun for pipeline_one_off to None, run_after=None
[2026-01-20T14:30:16.140+0000] {processor.py:183} INFO - Processing /opt/airflow/dags/pipeline_one_off.py took 0.108 seconds
[2026-01-20T14:30:46.393+0000] {processor.py:161} INFO - Started process (PID=21508) to work on /opt/airflow/dags/pipeline_one_off.py
[2026-01-20T14:30:46.394+0000] {processor.py:830} INFO - Processing file /opt/airflow/dags/pipeline_one_off.py for tasks to queue
[2026-01-20T14:30:46.397+0000] {logging_mixin.py:188} INFO - [2026-01-20T14:30:46.397+0000] {dagbag.py:545} INFO - Filling up the DagBag from /opt/airflow/dags/pipeline_one_off.py
[2026-01-20T14:30:46.421+0000] {processor.py:840} INFO - DAG(s) 'pipeline_one_off' retrieved from /opt/airflow/dags/pipeline_one_off.py
[2026-01-20T14:30:46.460+0000] {logging_mixin.py:188} INFO - [2026-01-20T14:30:46.460+0000] {dag.py:3089} INFO - Sync 1 DAGs
[2026-01-20T14:30:46.475+0000] {logging_mixin.py:188} INFO - [2026-01-20T14:30:46.475+0000] {dag.py:3947} INFO - Setting next_dagrun for pipeline_one_off to None, run_after=None
[2026-01-20T14:30:46.499+0000] {processor.py:183} INFO - Processing /opt/airflow/dags/pipeline_one_off.py took 0.113 seconds
[2026-01-20T14:31:16.748+0000] {processor.py:161} INFO - Started process (PID=21518) to work on /opt/airflow/dags/pipeline_one_off.py
[2026-01-20T14:31:16.750+0000] {processor.py:830} INFO - Processing file /opt/airflow/dags/pipeline_one_off.py for tasks to queue
[2026-01-20T14:31:16.752+0000] {logging_mixin.py:188} INFO - [2026-01-20T14:31:16.752+0000] {dagbag.py:545} INFO - Filling up the DagBag from /opt/airflow/dags/pipeline_one_off.py
[2026-01-20T14:31:16.776+0000] {processor.py:840} INFO - DAG(s) 'pipeline_one_off' retrieved from /opt/airflow/dags/pipeline_one_off.py
[2026-01-20T14:31:16.816+0000] {logging_mixin.py:188} INFO - [2026-01-20T14:31:16.816+0000] {dag.py:3089} INFO - Sync 1 DAGs
[2026-01-20T14:31:16.832+0000] {logging_mixin.py:188} INFO - [2026-01-20T14:31:16.831+0000] {dag.py:3947} INFO - Setting next_dagrun for pipeline_one_off to None, run_after=None
[2026-01-20T14:31:16.854+0000] {processor.py:183} INFO - Processing /opt/airflow/dags/pipeline_one_off.py took 0.114 seconds
[2026-01-20T14:31:47.100+0000] {processor.py:161} INFO - Started process (PID=21528) to work on /opt/airflow/dags/pipeline_one_off.py
[2026-01-20T14:31:47.101+0000] {processor.py:830} INFO - Processing file /opt/airflow/dags/pipeline_one_off.py for tasks to queue
[2026-01-20T14:31:47.103+0000] {logging_mixin.py:188} INFO - [2026-01-20T14:31:47.103+0000] {dagbag.py:545} INFO - Filling up the DagBag from /opt/airflow/dags/pipeline_one_off.py
[2026-01-20T14:31:47.126+0000] {processor.py:840} INFO - DAG(s) 'pipeline_one_off' retrieved from /opt/airflow/dags/pipeline_one_off.py
[2026-01-20T14:31:47.162+0000] {logging_mixin.py:188} INFO - [2026-01-20T14:31:47.162+0000] {dag.py:3089} INFO - Sync 1 DAGs
[2026-01-20T14:31:47.176+0000] {logging_mixin.py:188} INFO - [2026-01-20T14:31:47.176+0000] {dag.py:3947} INFO - Setting next_dagrun for pipeline_one_off to None, run_after=None
[2026-01-20T14:31:47.202+0000] {processor.py:183} INFO - Processing /opt/airflow/dags/pipeline_one_off.py took 0.109 seconds
[2026-01-20T14:32:17.495+0000] {processor.py:161} INFO - Started process (PID=21538) to work on /opt/airflow/dags/pipeline_one_off.py
[2026-01-20T14:32:17.496+0000] {processor.py:830} INFO - Processing file /opt/airflow/dags/pipeline_one_off.py for tasks to queue
[2026-01-20T14:32:17.499+0000] {logging_mixin.py:188} INFO - [2026-01-20T14:32:17.499+0000] {dagbag.py:545} INFO - Filling up the DagBag from /opt/airflow/dags/pipeline_one_off.py
[2026-01-20T14:32:17.522+0000] {processor.py:840} INFO - DAG(s) 'pipeline_one_off' retrieved from /opt/airflow/dags/pipeline_one_off.py
[2026-01-20T14:32:17.559+0000] {logging_mixin.py:188} INFO - [2026-01-20T14:32:17.559+0000] {dag.py:3089} INFO - Sync 1 DAGs
[2026-01-20T14:32:17.574+0000] {logging_mixin.py:188} INFO - [2026-01-20T14:32:17.573+0000] {dag.py:3947} INFO - Setting next_dagrun for pipeline_one_off to None, run_after=None
[2026-01-20T14:32:17.596+0000] {processor.py:183} INFO - Processing /opt/airflow/dags/pipeline_one_off.py took 0.109 seconds
[2026-01-20T14:32:47.902+0000] {processor.py:161} INFO - Started process (PID=21548) to work on /opt/airflow/dags/pipeline_one_off.py
[2026-01-20T14:32:47.904+0000] {processor.py:830} INFO - Processing file /opt/airflow/dags/pipeline_one_off.py for tasks to queue
[2026-01-20T14:32:47.907+0000] {logging_mixin.py:188} INFO - [2026-01-20T14:32:47.906+0000] {dagbag.py:545} INFO - Filling up the DagBag from /opt/airflow/dags/pipeline_one_off.py
[2026-01-20T14:32:47.929+0000] {processor.py:840} INFO - DAG(s) 'pipeline_one_off' retrieved from /opt/airflow/dags/pipeline_one_off.py
[2026-01-20T14:32:47.967+0000] {logging_mixin.py:188} INFO - [2026-01-20T14:32:47.966+0000] {dag.py:3089} INFO - Sync 1 DAGs
[2026-01-20T14:32:47.980+0000] {logging_mixin.py:188} INFO - [2026-01-20T14:32:47.980+0000] {dag.py:3947} INFO - Setting next_dagrun for pipeline_one_off to None, run_after=None
[2026-01-20T14:32:48.005+0000] {processor.py:183} INFO - Processing /opt/airflow/dags/pipeline_one_off.py took 0.110 seconds
[2026-01-20T14:33:18.311+0000] {processor.py:161} INFO - Started process (PID=21558) to work on /opt/airflow/dags/pipeline_one_off.py
[2026-01-20T14:33:18.312+0000] {processor.py:830} INFO - Processing file /opt/airflow/dags/pipeline_one_off.py for tasks to queue
[2026-01-20T14:33:18.315+0000] {logging_mixin.py:188} INFO - [2026-01-20T14:33:18.314+0000] {dagbag.py:545} INFO - Filling up the DagBag from /opt/airflow/dags/pipeline_one_off.py
[2026-01-20T14:33:18.338+0000] {processor.py:840} INFO - DAG(s) 'pipeline_one_off' retrieved from /opt/airflow/dags/pipeline_one_off.py
[2026-01-20T14:33:18.370+0000] {logging_mixin.py:188} INFO - [2026-01-20T14:33:18.370+0000] {dag.py:3089} INFO - Sync 1 DAGs
[2026-01-20T14:33:18.387+0000] {logging_mixin.py:188} INFO - [2026-01-20T14:33:18.387+0000] {dag.py:3947} INFO - Setting next_dagrun for pipeline_one_off to None, run_after=None
[2026-01-20T14:33:18.414+0000] {processor.py:183} INFO - Processing /opt/airflow/dags/pipeline_one_off.py took 0.110 seconds
[2026-01-20T14:33:48.706+0000] {processor.py:161} INFO - Started process (PID=21568) to work on /opt/airflow/dags/pipeline_one_off.py
[2026-01-20T14:33:48.708+0000] {processor.py:830} INFO - Processing file /opt/airflow/dags/pipeline_one_off.py for tasks to queue
[2026-01-20T14:33:48.711+0000] {logging_mixin.py:188} INFO - [2026-01-20T14:33:48.711+0000] {dagbag.py:545} INFO - Filling up the DagBag from /opt/airflow/dags/pipeline_one_off.py
[2026-01-20T14:33:48.735+0000] {processor.py:840} INFO - DAG(s) 'pipeline_one_off' retrieved from /opt/airflow/dags/pipeline_one_off.py
[2026-01-20T14:33:48.773+0000] {logging_mixin.py:188} INFO - [2026-01-20T14:33:48.773+0000] {dag.py:3089} INFO - Sync 1 DAGs
[2026-01-20T14:33:48.788+0000] {logging_mixin.py:188} INFO - [2026-01-20T14:33:48.787+0000] {dag.py:3947} INFO - Setting next_dagrun for pipeline_one_off to None, run_after=None
[2026-01-20T14:33:48.813+0000] {processor.py:183} INFO - Processing /opt/airflow/dags/pipeline_one_off.py took 0.114 seconds
[2026-01-20T14:34:19.164+0000] {processor.py:161} INFO - Started process (PID=21578) to work on /opt/airflow/dags/pipeline_one_off.py
[2026-01-20T14:34:19.165+0000] {processor.py:830} INFO - Processing file /opt/airflow/dags/pipeline_one_off.py for tasks to queue
[2026-01-20T14:34:19.168+0000] {logging_mixin.py:188} INFO - [2026-01-20T14:34:19.167+0000] {dagbag.py:545} INFO - Filling up the DagBag from /opt/airflow/dags/pipeline_one_off.py
[2026-01-20T14:34:19.194+0000] {processor.py:840} INFO - DAG(s) 'pipeline_one_off' retrieved from /opt/airflow/dags/pipeline_one_off.py
[2026-01-20T14:34:19.235+0000] {logging_mixin.py:188} INFO - [2026-01-20T14:34:19.235+0000] {dag.py:3089} INFO - Sync 1 DAGs
[2026-01-20T14:34:19.248+0000] {logging_mixin.py:188} INFO - [2026-01-20T14:34:19.248+0000] {dag.py:3947} INFO - Setting next_dagrun for pipeline_one_off to None, run_after=None
[2026-01-20T14:34:19.270+0000] {processor.py:183} INFO - Processing /opt/airflow/dags/pipeline_one_off.py took 0.113 seconds
[2026-01-20T14:34:49.551+0000] {processor.py:161} INFO - Started process (PID=21588) to work on /opt/airflow/dags/pipeline_one_off.py
[2026-01-20T14:34:49.552+0000] {processor.py:830} INFO - Processing file /opt/airflow/dags/pipeline_one_off.py for tasks to queue
[2026-01-20T14:34:49.555+0000] {logging_mixin.py:188} INFO - [2026-01-20T14:34:49.554+0000] {dagbag.py:545} INFO - Filling up the DagBag from /opt/airflow/dags/pipeline_one_off.py
[2026-01-20T14:34:49.576+0000] {processor.py:840} INFO - DAG(s) 'pipeline_one_off' retrieved from /opt/airflow/dags/pipeline_one_off.py
[2026-01-20T14:34:49.608+0000] {logging_mixin.py:188} INFO - [2026-01-20T14:34:49.607+0000] {dag.py:3089} INFO - Sync 1 DAGs
[2026-01-20T14:34:49.619+0000] {logging_mixin.py:188} INFO - [2026-01-20T14:34:49.619+0000] {dag.py:3947} INFO - Setting next_dagrun for pipeline_one_off to None, run_after=None
[2026-01-20T14:34:49.644+0000] {processor.py:183} INFO - Processing /opt/airflow/dags/pipeline_one_off.py took 0.099 seconds
[2026-01-20T14:35:19.898+0000] {processor.py:161} INFO - Started process (PID=21598) to work on /opt/airflow/dags/pipeline_one_off.py
[2026-01-20T14:35:19.900+0000] {processor.py:830} INFO - Processing file /opt/airflow/dags/pipeline_one_off.py for tasks to queue
[2026-01-20T14:35:19.902+0000] {logging_mixin.py:188} INFO - [2026-01-20T14:35:19.902+0000] {dagbag.py:545} INFO - Filling up the DagBag from /opt/airflow/dags/pipeline_one_off.py
[2026-01-20T14:35:19.929+0000] {processor.py:840} INFO - DAG(s) 'pipeline_one_off' retrieved from /opt/airflow/dags/pipeline_one_off.py
[2026-01-20T14:35:19.966+0000] {logging_mixin.py:188} INFO - [2026-01-20T14:35:19.966+0000] {dag.py:3089} INFO - Sync 1 DAGs
[2026-01-20T14:35:19.982+0000] {logging_mixin.py:188} INFO - [2026-01-20T14:35:19.982+0000] {dag.py:3947} INFO - Setting next_dagrun for pipeline_one_off to None, run_after=None
[2026-01-20T14:35:20.008+0000] {processor.py:183} INFO - Processing /opt/airflow/dags/pipeline_one_off.py took 0.117 seconds
[2026-01-20T14:35:50.261+0000] {processor.py:161} INFO - Started process (PID=21608) to work on /opt/airflow/dags/pipeline_one_off.py
[2026-01-20T14:35:50.263+0000] {processor.py:830} INFO - Processing file /opt/airflow/dags/pipeline_one_off.py for tasks to queue
[2026-01-20T14:35:50.266+0000] {logging_mixin.py:188} INFO - [2026-01-20T14:35:50.265+0000] {dagbag.py:545} INFO - Filling up the DagBag from /opt/airflow/dags/pipeline_one_off.py
[2026-01-20T14:35:50.291+0000] {processor.py:840} INFO - DAG(s) 'pipeline_one_off' retrieved from /opt/airflow/dags/pipeline_one_off.py
[2026-01-20T14:35:50.337+0000] {logging_mixin.py:188} INFO - [2026-01-20T14:35:50.336+0000] {dag.py:3089} INFO - Sync 1 DAGs
[2026-01-20T14:35:50.354+0000] {logging_mixin.py:188} INFO - [2026-01-20T14:35:50.353+0000] {dag.py:3947} INFO - Setting next_dagrun for pipeline_one_off to None, run_after=None
[2026-01-20T14:35:50.381+0000] {processor.py:183} INFO - Processing /opt/airflow/dags/pipeline_one_off.py took 0.127 seconds
[2026-01-20T14:36:20.642+0000] {processor.py:161} INFO - Started process (PID=21618) to work on /opt/airflow/dags/pipeline_one_off.py
[2026-01-20T14:36:20.643+0000] {processor.py:830} INFO - Processing file /opt/airflow/dags/pipeline_one_off.py for tasks to queue
[2026-01-20T14:36:20.646+0000] {logging_mixin.py:188} INFO - [2026-01-20T14:36:20.646+0000] {dagbag.py:545} INFO - Filling up the DagBag from /opt/airflow/dags/pipeline_one_off.py
[2026-01-20T14:36:20.673+0000] {processor.py:840} INFO - DAG(s) 'pipeline_one_off' retrieved from /opt/airflow/dags/pipeline_one_off.py
[2026-01-20T14:36:20.716+0000] {logging_mixin.py:188} INFO - [2026-01-20T14:36:20.715+0000] {dag.py:3089} INFO - Sync 1 DAGs
[2026-01-20T14:36:20.731+0000] {logging_mixin.py:188} INFO - [2026-01-20T14:36:20.730+0000] {dag.py:3947} INFO - Setting next_dagrun for pipeline_one_off to None, run_after=None
[2026-01-20T14:36:20.758+0000] {processor.py:183} INFO - Processing /opt/airflow/dags/pipeline_one_off.py took 0.123 seconds
[2026-01-20T14:36:51.034+0000] {processor.py:161} INFO - Started process (PID=21628) to work on /opt/airflow/dags/pipeline_one_off.py
[2026-01-20T14:36:51.035+0000] {processor.py:830} INFO - Processing file /opt/airflow/dags/pipeline_one_off.py for tasks to queue
[2026-01-20T14:36:51.038+0000] {logging_mixin.py:188} INFO - [2026-01-20T14:36:51.038+0000] {dagbag.py:545} INFO - Filling up the DagBag from /opt/airflow/dags/pipeline_one_off.py
[2026-01-20T14:36:51.063+0000] {processor.py:840} INFO - DAG(s) 'pipeline_one_off' retrieved from /opt/airflow/dags/pipeline_one_off.py
[2026-01-20T14:36:51.105+0000] {logging_mixin.py:188} INFO - [2026-01-20T14:36:51.105+0000] {dag.py:3089} INFO - Sync 1 DAGs
[2026-01-20T14:36:51.120+0000] {logging_mixin.py:188} INFO - [2026-01-20T14:36:51.120+0000] {dag.py:3947} INFO - Setting next_dagrun for pipeline_one_off to None, run_after=None
[2026-01-20T14:36:51.145+0000] {processor.py:183} INFO - Processing /opt/airflow/dags/pipeline_one_off.py took 0.118 seconds
[2026-01-20T14:37:21.433+0000] {processor.py:161} INFO - Started process (PID=21638) to work on /opt/airflow/dags/pipeline_one_off.py
[2026-01-20T14:37:21.435+0000] {processor.py:830} INFO - Processing file /opt/airflow/dags/pipeline_one_off.py for tasks to queue
[2026-01-20T14:37:21.437+0000] {logging_mixin.py:188} INFO - [2026-01-20T14:37:21.437+0000] {dagbag.py:545} INFO - Filling up the DagBag from /opt/airflow/dags/pipeline_one_off.py
[2026-01-20T14:37:21.463+0000] {processor.py:840} INFO - DAG(s) 'pipeline_one_off' retrieved from /opt/airflow/dags/pipeline_one_off.py
[2026-01-20T14:37:21.499+0000] {logging_mixin.py:188} INFO - [2026-01-20T14:37:21.499+0000] {dag.py:3089} INFO - Sync 1 DAGs
[2026-01-20T14:37:21.514+0000] {logging_mixin.py:188} INFO - [2026-01-20T14:37:21.514+0000] {dag.py:3947} INFO - Setting next_dagrun for pipeline_one_off to None, run_after=None
[2026-01-20T14:37:21.537+0000] {processor.py:183} INFO - Processing /opt/airflow/dags/pipeline_one_off.py took 0.111 seconds
[2026-01-20T14:37:51.778+0000] {processor.py:161} INFO - Started process (PID=21648) to work on /opt/airflow/dags/pipeline_one_off.py
[2026-01-20T14:37:51.779+0000] {processor.py:830} INFO - Processing file /opt/airflow/dags/pipeline_one_off.py for tasks to queue
[2026-01-20T14:37:51.783+0000] {logging_mixin.py:188} INFO - [2026-01-20T14:37:51.782+0000] {dagbag.py:545} INFO - Filling up the DagBag from /opt/airflow/dags/pipeline_one_off.py
[2026-01-20T14:37:51.806+0000] {processor.py:840} INFO - DAG(s) 'pipeline_one_off' retrieved from /opt/airflow/dags/pipeline_one_off.py
[2026-01-20T14:37:51.843+0000] {logging_mixin.py:188} INFO - [2026-01-20T14:37:51.842+0000] {dag.py:3089} INFO - Sync 1 DAGs
[2026-01-20T14:37:51.856+0000] {logging_mixin.py:188} INFO - [2026-01-20T14:37:51.856+0000] {dag.py:3947} INFO - Setting next_dagrun for pipeline_one_off to None, run_after=None
[2026-01-20T14:37:51.879+0000] {processor.py:183} INFO - Processing /opt/airflow/dags/pipeline_one_off.py took 0.109 seconds
[2026-01-20T14:38:22.135+0000] {processor.py:161} INFO - Started process (PID=21658) to work on /opt/airflow/dags/pipeline_one_off.py
[2026-01-20T14:38:22.136+0000] {processor.py:830} INFO - Processing file /opt/airflow/dags/pipeline_one_off.py for tasks to queue
[2026-01-20T14:38:22.139+0000] {logging_mixin.py:188} INFO - [2026-01-20T14:38:22.138+0000] {dagbag.py:545} INFO - Filling up the DagBag from /opt/airflow/dags/pipeline_one_off.py
[2026-01-20T14:38:22.161+0000] {processor.py:840} INFO - DAG(s) 'pipeline_one_off' retrieved from /opt/airflow/dags/pipeline_one_off.py
[2026-01-20T14:38:22.202+0000] {logging_mixin.py:188} INFO - [2026-01-20T14:38:22.201+0000] {dag.py:3089} INFO - Sync 1 DAGs
[2026-01-20T14:38:22.215+0000] {logging_mixin.py:188} INFO - [2026-01-20T14:38:22.215+0000] {dag.py:3947} INFO - Setting next_dagrun for pipeline_one_off to None, run_after=None
[2026-01-20T14:38:22.237+0000] {processor.py:183} INFO - Processing /opt/airflow/dags/pipeline_one_off.py took 0.109 seconds
[2026-01-20T14:38:52.508+0000] {processor.py:161} INFO - Started process (PID=21668) to work on /opt/airflow/dags/pipeline_one_off.py
[2026-01-20T14:38:52.509+0000] {processor.py:830} INFO - Processing file /opt/airflow/dags/pipeline_one_off.py for tasks to queue
[2026-01-20T14:38:52.511+0000] {logging_mixin.py:188} INFO - [2026-01-20T14:38:52.511+0000] {dagbag.py:545} INFO - Filling up the DagBag from /opt/airflow/dags/pipeline_one_off.py
[2026-01-20T14:38:52.534+0000] {processor.py:840} INFO - DAG(s) 'pipeline_one_off' retrieved from /opt/airflow/dags/pipeline_one_off.py
[2026-01-20T14:38:52.571+0000] {logging_mixin.py:188} INFO - [2026-01-20T14:38:52.571+0000] {dag.py:3089} INFO - Sync 1 DAGs
[2026-01-20T14:38:52.584+0000] {logging_mixin.py:188} INFO - [2026-01-20T14:38:52.583+0000] {dag.py:3947} INFO - Setting next_dagrun for pipeline_one_off to None, run_after=None
[2026-01-20T14:38:52.606+0000] {processor.py:183} INFO - Processing /opt/airflow/dags/pipeline_one_off.py took 0.106 seconds
[2026-01-20T14:39:22.867+0000] {processor.py:161} INFO - Started process (PID=21690) to work on /opt/airflow/dags/pipeline_one_off.py
[2026-01-20T14:39:22.868+0000] {processor.py:830} INFO - Processing file /opt/airflow/dags/pipeline_one_off.py for tasks to queue
[2026-01-20T14:39:22.871+0000] {logging_mixin.py:188} INFO - [2026-01-20T14:39:22.870+0000] {dagbag.py:545} INFO - Filling up the DagBag from /opt/airflow/dags/pipeline_one_off.py
[2026-01-20T14:39:22.894+0000] {processor.py:840} INFO - DAG(s) 'pipeline_one_off' retrieved from /opt/airflow/dags/pipeline_one_off.py
[2026-01-20T14:39:22.929+0000] {logging_mixin.py:188} INFO - [2026-01-20T14:39:22.929+0000] {dag.py:3089} INFO - Sync 1 DAGs
[2026-01-20T14:39:22.944+0000] {logging_mixin.py:188} INFO - [2026-01-20T14:39:22.943+0000] {dag.py:3947} INFO - Setting next_dagrun for pipeline_one_off to None, run_after=None
[2026-01-20T14:39:22.966+0000] {processor.py:183} INFO - Processing /opt/airflow/dags/pipeline_one_off.py took 0.107 seconds
[2026-01-20T14:39:53.218+0000] {processor.py:161} INFO - Started process (PID=21700) to work on /opt/airflow/dags/pipeline_one_off.py
[2026-01-20T14:39:53.219+0000] {processor.py:830} INFO - Processing file /opt/airflow/dags/pipeline_one_off.py for tasks to queue
[2026-01-20T14:39:53.221+0000] {logging_mixin.py:188} INFO - [2026-01-20T14:39:53.221+0000] {dagbag.py:545} INFO - Filling up the DagBag from /opt/airflow/dags/pipeline_one_off.py
[2026-01-20T14:39:53.242+0000] {processor.py:840} INFO - DAG(s) 'pipeline_one_off' retrieved from /opt/airflow/dags/pipeline_one_off.py
[2026-01-20T14:39:53.279+0000] {logging_mixin.py:188} INFO - [2026-01-20T14:39:53.279+0000] {dag.py:3089} INFO - Sync 1 DAGs
[2026-01-20T14:39:53.292+0000] {logging_mixin.py:188} INFO - [2026-01-20T14:39:53.292+0000] {dag.py:3947} INFO - Setting next_dagrun for pipeline_one_off to None, run_after=None
[2026-01-20T14:39:53.312+0000] {processor.py:183} INFO - Processing /opt/airflow/dags/pipeline_one_off.py took 0.101 seconds
[2026-01-20T14:40:23.576+0000] {processor.py:161} INFO - Started process (PID=21710) to work on /opt/airflow/dags/pipeline_one_off.py
[2026-01-20T14:40:23.578+0000] {processor.py:830} INFO - Processing file /opt/airflow/dags/pipeline_one_off.py for tasks to queue
[2026-01-20T14:40:23.581+0000] {logging_mixin.py:188} INFO - [2026-01-20T14:40:23.580+0000] {dagbag.py:545} INFO - Filling up the DagBag from /opt/airflow/dags/pipeline_one_off.py
[2026-01-20T14:40:23.606+0000] {processor.py:840} INFO - DAG(s) 'pipeline_one_off' retrieved from /opt/airflow/dags/pipeline_one_off.py
[2026-01-20T14:40:23.642+0000] {logging_mixin.py:188} INFO - [2026-01-20T14:40:23.642+0000] {dag.py:3089} INFO - Sync 1 DAGs
[2026-01-20T14:40:23.657+0000] {logging_mixin.py:188} INFO - [2026-01-20T14:40:23.657+0000] {dag.py:3947} INFO - Setting next_dagrun for pipeline_one_off to None, run_after=None
[2026-01-20T14:40:23.680+0000] {processor.py:183} INFO - Processing /opt/airflow/dags/pipeline_one_off.py took 0.111 seconds
[2026-01-20T14:40:53.937+0000] {processor.py:161} INFO - Started process (PID=21720) to work on /opt/airflow/dags/pipeline_one_off.py
[2026-01-20T14:40:53.939+0000] {processor.py:830} INFO - Processing file /opt/airflow/dags/pipeline_one_off.py for tasks to queue
[2026-01-20T14:40:53.941+0000] {logging_mixin.py:188} INFO - [2026-01-20T14:40:53.941+0000] {dagbag.py:545} INFO - Filling up the DagBag from /opt/airflow/dags/pipeline_one_off.py
[2026-01-20T14:40:53.964+0000] {processor.py:840} INFO - DAG(s) 'pipeline_one_off' retrieved from /opt/airflow/dags/pipeline_one_off.py
[2026-01-20T14:40:54.007+0000] {logging_mixin.py:188} INFO - [2026-01-20T14:40:54.006+0000] {dag.py:3089} INFO - Sync 1 DAGs
[2026-01-20T14:40:54.021+0000] {logging_mixin.py:188} INFO - [2026-01-20T14:40:54.021+0000] {dag.py:3947} INFO - Setting next_dagrun for pipeline_one_off to None, run_after=None
[2026-01-20T14:40:54.045+0000] {processor.py:183} INFO - Processing /opt/airflow/dags/pipeline_one_off.py took 0.114 seconds
[2026-01-20T14:41:24.303+0000] {processor.py:161} INFO - Started process (PID=21730) to work on /opt/airflow/dags/pipeline_one_off.py
[2026-01-20T14:41:24.304+0000] {processor.py:830} INFO - Processing file /opt/airflow/dags/pipeline_one_off.py for tasks to queue
[2026-01-20T14:41:24.306+0000] {logging_mixin.py:188} INFO - [2026-01-20T14:41:24.306+0000] {dagbag.py:545} INFO - Filling up the DagBag from /opt/airflow/dags/pipeline_one_off.py
[2026-01-20T14:41:24.330+0000] {processor.py:840} INFO - DAG(s) 'pipeline_one_off' retrieved from /opt/airflow/dags/pipeline_one_off.py
[2026-01-20T14:41:24.366+0000] {logging_mixin.py:188} INFO - [2026-01-20T14:41:24.365+0000] {dag.py:3089} INFO - Sync 1 DAGs
[2026-01-20T14:41:24.381+0000] {logging_mixin.py:188} INFO - [2026-01-20T14:41:24.381+0000] {dag.py:3947} INFO - Setting next_dagrun for pipeline_one_off to None, run_after=None
[2026-01-20T14:41:24.402+0000] {processor.py:183} INFO - Processing /opt/airflow/dags/pipeline_one_off.py took 0.106 seconds
[2026-01-20T14:41:54.675+0000] {processor.py:161} INFO - Started process (PID=21740) to work on /opt/airflow/dags/pipeline_one_off.py
[2026-01-20T14:41:54.676+0000] {processor.py:830} INFO - Processing file /opt/airflow/dags/pipeline_one_off.py for tasks to queue
[2026-01-20T14:41:54.678+0000] {logging_mixin.py:188} INFO - [2026-01-20T14:41:54.678+0000] {dagbag.py:545} INFO - Filling up the DagBag from /opt/airflow/dags/pipeline_one_off.py
[2026-01-20T14:41:54.701+0000] {processor.py:840} INFO - DAG(s) 'pipeline_one_off' retrieved from /opt/airflow/dags/pipeline_one_off.py
[2026-01-20T14:41:54.731+0000] {logging_mixin.py:188} INFO - [2026-01-20T14:41:54.730+0000] {dag.py:3089} INFO - Sync 1 DAGs
[2026-01-20T14:41:54.742+0000] {logging_mixin.py:188} INFO - [2026-01-20T14:41:54.742+0000] {dag.py:3947} INFO - Setting next_dagrun for pipeline_one_off to None, run_after=None
[2026-01-20T14:41:54.761+0000] {processor.py:183} INFO - Processing /opt/airflow/dags/pipeline_one_off.py took 0.092 seconds
[2026-01-20T14:42:25.054+0000] {processor.py:161} INFO - Started process (PID=21750) to work on /opt/airflow/dags/pipeline_one_off.py
[2026-01-20T14:42:25.056+0000] {processor.py:830} INFO - Processing file /opt/airflow/dags/pipeline_one_off.py for tasks to queue
[2026-01-20T14:42:25.057+0000] {logging_mixin.py:188} INFO - [2026-01-20T14:42:25.057+0000] {dagbag.py:545} INFO - Filling up the DagBag from /opt/airflow/dags/pipeline_one_off.py
[2026-01-20T14:42:25.081+0000] {processor.py:840} INFO - DAG(s) 'pipeline_one_off' retrieved from /opt/airflow/dags/pipeline_one_off.py
[2026-01-20T14:42:25.118+0000] {logging_mixin.py:188} INFO - [2026-01-20T14:42:25.117+0000] {dag.py:3089} INFO - Sync 1 DAGs
[2026-01-20T14:42:25.132+0000] {logging_mixin.py:188} INFO - [2026-01-20T14:42:25.132+0000] {dag.py:3947} INFO - Setting next_dagrun for pipeline_one_off to None, run_after=None
[2026-01-20T14:42:25.152+0000] {processor.py:183} INFO - Processing /opt/airflow/dags/pipeline_one_off.py took 0.104 seconds
[2026-01-20T14:42:55.453+0000] {processor.py:161} INFO - Started process (PID=21760) to work on /opt/airflow/dags/pipeline_one_off.py
[2026-01-20T14:42:55.455+0000] {processor.py:830} INFO - Processing file /opt/airflow/dags/pipeline_one_off.py for tasks to queue
[2026-01-20T14:42:55.457+0000] {logging_mixin.py:188} INFO - [2026-01-20T14:42:55.456+0000] {dagbag.py:545} INFO - Filling up the DagBag from /opt/airflow/dags/pipeline_one_off.py
[2026-01-20T14:42:55.482+0000] {processor.py:840} INFO - DAG(s) 'pipeline_one_off' retrieved from /opt/airflow/dags/pipeline_one_off.py
[2026-01-20T14:42:55.516+0000] {logging_mixin.py:188} INFO - [2026-01-20T14:42:55.516+0000] {dag.py:3089} INFO - Sync 1 DAGs
[2026-01-20T14:42:55.527+0000] {logging_mixin.py:188} INFO - [2026-01-20T14:42:55.527+0000] {dag.py:3947} INFO - Setting next_dagrun for pipeline_one_off to None, run_after=None
[2026-01-20T14:42:55.549+0000] {processor.py:183} INFO - Processing /opt/airflow/dags/pipeline_one_off.py took 0.103 seconds
[2026-01-20T14:43:25.847+0000] {processor.py:161} INFO - Started process (PID=21770) to work on /opt/airflow/dags/pipeline_one_off.py
[2026-01-20T14:43:25.849+0000] {processor.py:830} INFO - Processing file /opt/airflow/dags/pipeline_one_off.py for tasks to queue
[2026-01-20T14:43:25.851+0000] {logging_mixin.py:188} INFO - [2026-01-20T14:43:25.851+0000] {dagbag.py:545} INFO - Filling up the DagBag from /opt/airflow/dags/pipeline_one_off.py
[2026-01-20T14:43:25.875+0000] {processor.py:840} INFO - DAG(s) 'pipeline_one_off' retrieved from /opt/airflow/dags/pipeline_one_off.py
[2026-01-20T14:43:25.915+0000] {logging_mixin.py:188} INFO - [2026-01-20T14:43:25.915+0000] {dag.py:3089} INFO - Sync 1 DAGs
[2026-01-20T14:43:25.930+0000] {logging_mixin.py:188} INFO - [2026-01-20T14:43:25.929+0000] {dag.py:3947} INFO - Setting next_dagrun for pipeline_one_off to None, run_after=None
[2026-01-20T14:43:25.950+0000] {processor.py:183} INFO - Processing /opt/airflow/dags/pipeline_one_off.py took 0.110 seconds
[2026-01-20T14:43:56.248+0000] {processor.py:161} INFO - Started process (PID=21780) to work on /opt/airflow/dags/pipeline_one_off.py
[2026-01-20T14:43:56.249+0000] {processor.py:830} INFO - Processing file /opt/airflow/dags/pipeline_one_off.py for tasks to queue
[2026-01-20T14:43:56.252+0000] {logging_mixin.py:188} INFO - [2026-01-20T14:43:56.252+0000] {dagbag.py:545} INFO - Filling up the DagBag from /opt/airflow/dags/pipeline_one_off.py
[2026-01-20T14:43:56.275+0000] {processor.py:840} INFO - DAG(s) 'pipeline_one_off' retrieved from /opt/airflow/dags/pipeline_one_off.py
[2026-01-20T14:43:56.310+0000] {logging_mixin.py:188} INFO - [2026-01-20T14:43:56.310+0000] {dag.py:3089} INFO - Sync 1 DAGs
[2026-01-20T14:43:56.323+0000] {logging_mixin.py:188} INFO - [2026-01-20T14:43:56.323+0000] {dag.py:3947} INFO - Setting next_dagrun for pipeline_one_off to None, run_after=None
[2026-01-20T14:43:56.347+0000] {processor.py:183} INFO - Processing /opt/airflow/dags/pipeline_one_off.py took 0.105 seconds
[2026-01-20T14:44:26.608+0000] {processor.py:161} INFO - Started process (PID=21790) to work on /opt/airflow/dags/pipeline_one_off.py
[2026-01-20T14:44:26.609+0000] {processor.py:830} INFO - Processing file /opt/airflow/dags/pipeline_one_off.py for tasks to queue
[2026-01-20T14:44:26.612+0000] {logging_mixin.py:188} INFO - [2026-01-20T14:44:26.612+0000] {dagbag.py:545} INFO - Filling up the DagBag from /opt/airflow/dags/pipeline_one_off.py
[2026-01-20T14:44:26.638+0000] {processor.py:840} INFO - DAG(s) 'pipeline_one_off' retrieved from /opt/airflow/dags/pipeline_one_off.py
[2026-01-20T14:44:26.677+0000] {logging_mixin.py:188} INFO - [2026-01-20T14:44:26.676+0000] {dag.py:3089} INFO - Sync 1 DAGs
[2026-01-20T14:44:26.691+0000] {logging_mixin.py:188} INFO - [2026-01-20T14:44:26.691+0000] {dag.py:3947} INFO - Setting next_dagrun for pipeline_one_off to None, run_after=None
[2026-01-20T14:44:26.711+0000] {processor.py:183} INFO - Processing /opt/airflow/dags/pipeline_one_off.py took 0.110 seconds
[2026-01-20T14:44:56.976+0000] {processor.py:161} INFO - Started process (PID=21800) to work on /opt/airflow/dags/pipeline_one_off.py
[2026-01-20T14:44:56.977+0000] {processor.py:830} INFO - Processing file /opt/airflow/dags/pipeline_one_off.py for tasks to queue
[2026-01-20T14:44:56.980+0000] {logging_mixin.py:188} INFO - [2026-01-20T14:44:56.979+0000] {dagbag.py:545} INFO - Filling up the DagBag from /opt/airflow/dags/pipeline_one_off.py
[2026-01-20T14:44:57.003+0000] {processor.py:840} INFO - DAG(s) 'pipeline_one_off' retrieved from /opt/airflow/dags/pipeline_one_off.py
[2026-01-20T14:44:57.038+0000] {logging_mixin.py:188} INFO - [2026-01-20T14:44:57.038+0000] {dag.py:3089} INFO - Sync 1 DAGs
[2026-01-20T14:44:57.051+0000] {logging_mixin.py:188} INFO - [2026-01-20T14:44:57.051+0000] {dag.py:3947} INFO - Setting next_dagrun for pipeline_one_off to None, run_after=None
[2026-01-20T14:44:57.074+0000] {processor.py:183} INFO - Processing /opt/airflow/dags/pipeline_one_off.py took 0.105 seconds
[2026-01-20T14:45:27.381+0000] {processor.py:161} INFO - Started process (PID=21810) to work on /opt/airflow/dags/pipeline_one_off.py
[2026-01-20T14:45:27.382+0000] {processor.py:830} INFO - Processing file /opt/airflow/dags/pipeline_one_off.py for tasks to queue
[2026-01-20T14:45:27.385+0000] {logging_mixin.py:188} INFO - [2026-01-20T14:45:27.384+0000] {dagbag.py:545} INFO - Filling up the DagBag from /opt/airflow/dags/pipeline_one_off.py
[2026-01-20T14:45:27.408+0000] {processor.py:840} INFO - DAG(s) 'pipeline_one_off' retrieved from /opt/airflow/dags/pipeline_one_off.py
[2026-01-20T14:45:27.443+0000] {logging_mixin.py:188} INFO - [2026-01-20T14:45:27.443+0000] {dag.py:3089} INFO - Sync 1 DAGs
[2026-01-20T14:45:27.455+0000] {logging_mixin.py:188} INFO - [2026-01-20T14:45:27.455+0000] {dag.py:3947} INFO - Setting next_dagrun for pipeline_one_off to None, run_after=None
[2026-01-20T14:45:27.475+0000] {processor.py:183} INFO - Processing /opt/airflow/dags/pipeline_one_off.py took 0.102 seconds
[2026-01-20T14:45:57.777+0000] {processor.py:161} INFO - Started process (PID=21820) to work on /opt/airflow/dags/pipeline_one_off.py
[2026-01-20T14:45:57.778+0000] {processor.py:830} INFO - Processing file /opt/airflow/dags/pipeline_one_off.py for tasks to queue
[2026-01-20T14:45:57.780+0000] {logging_mixin.py:188} INFO - [2026-01-20T14:45:57.780+0000] {dagbag.py:545} INFO - Filling up the DagBag from /opt/airflow/dags/pipeline_one_off.py
[2026-01-20T14:45:57.802+0000] {processor.py:840} INFO - DAG(s) 'pipeline_one_off' retrieved from /opt/airflow/dags/pipeline_one_off.py
[2026-01-20T14:45:57.837+0000] {logging_mixin.py:188} INFO - [2026-01-20T14:45:57.837+0000] {dag.py:3089} INFO - Sync 1 DAGs
[2026-01-20T14:45:57.851+0000] {logging_mixin.py:188} INFO - [2026-01-20T14:45:57.850+0000] {dag.py:3947} INFO - Setting next_dagrun for pipeline_one_off to None, run_after=None
[2026-01-20T14:45:57.870+0000] {processor.py:183} INFO - Processing /opt/airflow/dags/pipeline_one_off.py took 0.100 seconds
[2026-01-20T14:46:28.137+0000] {processor.py:161} INFO - Started process (PID=21830) to work on /opt/airflow/dags/pipeline_one_off.py
[2026-01-20T14:46:28.138+0000] {processor.py:830} INFO - Processing file /opt/airflow/dags/pipeline_one_off.py for tasks to queue
[2026-01-20T14:46:28.141+0000] {logging_mixin.py:188} INFO - [2026-01-20T14:46:28.140+0000] {dagbag.py:545} INFO - Filling up the DagBag from /opt/airflow/dags/pipeline_one_off.py
[2026-01-20T14:46:28.164+0000] {processor.py:840} INFO - DAG(s) 'pipeline_one_off' retrieved from /opt/airflow/dags/pipeline_one_off.py
[2026-01-20T14:46:28.200+0000] {logging_mixin.py:188} INFO - [2026-01-20T14:46:28.199+0000] {dag.py:3089} INFO - Sync 1 DAGs
[2026-01-20T14:46:28.214+0000] {logging_mixin.py:188} INFO - [2026-01-20T14:46:28.214+0000] {dag.py:3947} INFO - Setting next_dagrun for pipeline_one_off to None, run_after=None
[2026-01-20T14:46:28.235+0000] {processor.py:183} INFO - Processing /opt/airflow/dags/pipeline_one_off.py took 0.105 seconds
[2026-01-20T14:46:58.482+0000] {processor.py:161} INFO - Started process (PID=21840) to work on /opt/airflow/dags/pipeline_one_off.py
[2026-01-20T14:46:58.483+0000] {processor.py:830} INFO - Processing file /opt/airflow/dags/pipeline_one_off.py for tasks to queue
[2026-01-20T14:46:58.486+0000] {logging_mixin.py:188} INFO - [2026-01-20T14:46:58.485+0000] {dagbag.py:545} INFO - Filling up the DagBag from /opt/airflow/dags/pipeline_one_off.py
[2026-01-20T14:46:58.511+0000] {processor.py:840} INFO - DAG(s) 'pipeline_one_off' retrieved from /opt/airflow/dags/pipeline_one_off.py
[2026-01-20T14:46:58.551+0000] {logging_mixin.py:188} INFO - [2026-01-20T14:46:58.550+0000] {dag.py:3089} INFO - Sync 1 DAGs
[2026-01-20T14:46:58.565+0000] {logging_mixin.py:188} INFO - [2026-01-20T14:46:58.565+0000] {dag.py:3947} INFO - Setting next_dagrun for pipeline_one_off to None, run_after=None
[2026-01-20T14:46:58.587+0000] {processor.py:183} INFO - Processing /opt/airflow/dags/pipeline_one_off.py took 0.113 seconds
[2026-01-20T14:47:28.843+0000] {processor.py:161} INFO - Started process (PID=21850) to work on /opt/airflow/dags/pipeline_one_off.py
[2026-01-20T14:47:28.844+0000] {processor.py:830} INFO - Processing file /opt/airflow/dags/pipeline_one_off.py for tasks to queue
[2026-01-20T14:47:28.847+0000] {logging_mixin.py:188} INFO - [2026-01-20T14:47:28.846+0000] {dagbag.py:545} INFO - Filling up the DagBag from /opt/airflow/dags/pipeline_one_off.py
[2026-01-20T14:47:28.871+0000] {processor.py:840} INFO - DAG(s) 'pipeline_one_off' retrieved from /opt/airflow/dags/pipeline_one_off.py
[2026-01-20T14:47:28.913+0000] {logging_mixin.py:188} INFO - [2026-01-20T14:47:28.913+0000] {dag.py:3089} INFO - Sync 1 DAGs
[2026-01-20T14:47:28.928+0000] {logging_mixin.py:188} INFO - [2026-01-20T14:47:28.928+0000] {dag.py:3947} INFO - Setting next_dagrun for pipeline_one_off to None, run_after=None
[2026-01-20T14:47:28.949+0000] {processor.py:183} INFO - Processing /opt/airflow/dags/pipeline_one_off.py took 0.114 seconds
[2026-01-20T14:47:59.247+0000] {processor.py:161} INFO - Started process (PID=21860) to work on /opt/airflow/dags/pipeline_one_off.py
[2026-01-20T14:47:59.248+0000] {processor.py:830} INFO - Processing file /opt/airflow/dags/pipeline_one_off.py for tasks to queue
[2026-01-20T14:47:59.251+0000] {logging_mixin.py:188} INFO - [2026-01-20T14:47:59.250+0000] {dagbag.py:545} INFO - Filling up the DagBag from /opt/airflow/dags/pipeline_one_off.py
[2026-01-20T14:47:59.272+0000] {processor.py:840} INFO - DAG(s) 'pipeline_one_off' retrieved from /opt/airflow/dags/pipeline_one_off.py
[2026-01-20T14:47:59.310+0000] {logging_mixin.py:188} INFO - [2026-01-20T14:47:59.309+0000] {dag.py:3089} INFO - Sync 1 DAGs
[2026-01-20T14:47:59.323+0000] {logging_mixin.py:188} INFO - [2026-01-20T14:47:59.323+0000] {dag.py:3947} INFO - Setting next_dagrun for pipeline_one_off to None, run_after=None
[2026-01-20T14:47:59.343+0000] {processor.py:183} INFO - Processing /opt/airflow/dags/pipeline_one_off.py took 0.103 seconds
[2026-01-20T14:48:29.608+0000] {processor.py:161} INFO - Started process (PID=21870) to work on /opt/airflow/dags/pipeline_one_off.py
[2026-01-20T14:48:29.610+0000] {processor.py:830} INFO - Processing file /opt/airflow/dags/pipeline_one_off.py for tasks to queue
[2026-01-20T14:48:29.612+0000] {logging_mixin.py:188} INFO - [2026-01-20T14:48:29.612+0000] {dagbag.py:545} INFO - Filling up the DagBag from /opt/airflow/dags/pipeline_one_off.py
[2026-01-20T14:48:29.635+0000] {processor.py:840} INFO - DAG(s) 'pipeline_one_off' retrieved from /opt/airflow/dags/pipeline_one_off.py
[2026-01-20T14:48:29.670+0000] {logging_mixin.py:188} INFO - [2026-01-20T14:48:29.670+0000] {dag.py:3089} INFO - Sync 1 DAGs
[2026-01-20T14:48:29.685+0000] {logging_mixin.py:188} INFO - [2026-01-20T14:48:29.684+0000] {dag.py:3947} INFO - Setting next_dagrun for pipeline_one_off to None, run_after=None
[2026-01-20T14:48:29.708+0000] {processor.py:183} INFO - Processing /opt/airflow/dags/pipeline_one_off.py took 0.106 seconds
[2026-01-20T14:48:59.989+0000] {processor.py:161} INFO - Started process (PID=21880) to work on /opt/airflow/dags/pipeline_one_off.py
[2026-01-20T14:48:59.990+0000] {processor.py:830} INFO - Processing file /opt/airflow/dags/pipeline_one_off.py for tasks to queue
[2026-01-20T14:48:59.993+0000] {logging_mixin.py:188} INFO - [2026-01-20T14:48:59.993+0000] {dagbag.py:545} INFO - Filling up the DagBag from /opt/airflow/dags/pipeline_one_off.py
[2026-01-20T14:49:00.020+0000] {processor.py:840} INFO - DAG(s) 'pipeline_one_off' retrieved from /opt/airflow/dags/pipeline_one_off.py
[2026-01-20T14:49:00.060+0000] {logging_mixin.py:188} INFO - [2026-01-20T14:49:00.060+0000] {dag.py:3089} INFO - Sync 1 DAGs
[2026-01-20T14:49:00.074+0000] {logging_mixin.py:188} INFO - [2026-01-20T14:49:00.074+0000] {dag.py:3947} INFO - Setting next_dagrun for pipeline_one_off to None, run_after=None
[2026-01-20T14:49:00.098+0000] {processor.py:183} INFO - Processing /opt/airflow/dags/pipeline_one_off.py took 0.119 seconds
[2026-01-20T14:49:30.350+0000] {processor.py:161} INFO - Started process (PID=21893) to work on /opt/airflow/dags/pipeline_one_off.py
[2026-01-20T14:49:30.351+0000] {processor.py:830} INFO - Processing file /opt/airflow/dags/pipeline_one_off.py for tasks to queue
[2026-01-20T14:49:30.354+0000] {logging_mixin.py:188} INFO - [2026-01-20T14:49:30.354+0000] {dagbag.py:545} INFO - Filling up the DagBag from /opt/airflow/dags/pipeline_one_off.py
[2026-01-20T14:49:30.376+0000] {processor.py:840} INFO - DAG(s) 'pipeline_one_off' retrieved from /opt/airflow/dags/pipeline_one_off.py
[2026-01-20T14:49:30.413+0000] {logging_mixin.py:188} INFO - [2026-01-20T14:49:30.412+0000] {dag.py:3089} INFO - Sync 1 DAGs
[2026-01-20T14:49:30.426+0000] {logging_mixin.py:188} INFO - [2026-01-20T14:49:30.426+0000] {dag.py:3947} INFO - Setting next_dagrun for pipeline_one_off to None, run_after=None
[2026-01-20T14:49:30.446+0000] {processor.py:183} INFO - Processing /opt/airflow/dags/pipeline_one_off.py took 0.103 seconds
[2026-01-20T14:50:00.708+0000] {processor.py:161} INFO - Started process (PID=21903) to work on /opt/airflow/dags/pipeline_one_off.py
[2026-01-20T14:50:00.710+0000] {processor.py:830} INFO - Processing file /opt/airflow/dags/pipeline_one_off.py for tasks to queue
[2026-01-20T14:50:00.712+0000] {logging_mixin.py:188} INFO - [2026-01-20T14:50:00.712+0000] {dagbag.py:545} INFO - Filling up the DagBag from /opt/airflow/dags/pipeline_one_off.py
[2026-01-20T14:50:00.734+0000] {processor.py:840} INFO - DAG(s) 'pipeline_one_off' retrieved from /opt/airflow/dags/pipeline_one_off.py
[2026-01-20T14:50:00.769+0000] {logging_mixin.py:188} INFO - [2026-01-20T14:50:00.769+0000] {dag.py:3089} INFO - Sync 1 DAGs
[2026-01-20T14:50:00.781+0000] {logging_mixin.py:188} INFO - [2026-01-20T14:50:00.781+0000] {dag.py:3947} INFO - Setting next_dagrun for pipeline_one_off to None, run_after=None
[2026-01-20T14:50:00.805+0000] {processor.py:183} INFO - Processing /opt/airflow/dags/pipeline_one_off.py took 0.104 seconds
[2026-01-20T14:50:31.058+0000] {processor.py:161} INFO - Started process (PID=21913) to work on /opt/airflow/dags/pipeline_one_off.py
[2026-01-20T14:50:31.059+0000] {processor.py:830} INFO - Processing file /opt/airflow/dags/pipeline_one_off.py for tasks to queue
[2026-01-20T14:50:31.061+0000] {logging_mixin.py:188} INFO - [2026-01-20T14:50:31.060+0000] {dagbag.py:545} INFO - Filling up the DagBag from /opt/airflow/dags/pipeline_one_off.py
[2026-01-20T14:50:31.085+0000] {processor.py:840} INFO - DAG(s) 'pipeline_one_off' retrieved from /opt/airflow/dags/pipeline_one_off.py
[2026-01-20T14:50:31.120+0000] {logging_mixin.py:188} INFO - [2026-01-20T14:50:31.120+0000] {dag.py:3089} INFO - Sync 1 DAGs
[2026-01-20T14:50:31.133+0000] {logging_mixin.py:188} INFO - [2026-01-20T14:50:31.133+0000] {dag.py:3947} INFO - Setting next_dagrun for pipeline_one_off to None, run_after=None
[2026-01-20T14:50:31.154+0000] {processor.py:183} INFO - Processing /opt/airflow/dags/pipeline_one_off.py took 0.102 seconds
[2026-01-20T14:51:01.425+0000] {processor.py:161} INFO - Started process (PID=21923) to work on /opt/airflow/dags/pipeline_one_off.py
[2026-01-20T14:51:01.426+0000] {processor.py:830} INFO - Processing file /opt/airflow/dags/pipeline_one_off.py for tasks to queue
[2026-01-20T14:51:01.428+0000] {logging_mixin.py:188} INFO - [2026-01-20T14:51:01.428+0000] {dagbag.py:545} INFO - Filling up the DagBag from /opt/airflow/dags/pipeline_one_off.py
[2026-01-20T14:51:01.451+0000] {processor.py:840} INFO - DAG(s) 'pipeline_one_off' retrieved from /opt/airflow/dags/pipeline_one_off.py
[2026-01-20T14:51:01.491+0000] {logging_mixin.py:188} INFO - [2026-01-20T14:51:01.490+0000] {dag.py:3089} INFO - Sync 1 DAGs
[2026-01-20T14:51:01.502+0000] {logging_mixin.py:188} INFO - [2026-01-20T14:51:01.502+0000] {dag.py:3947} INFO - Setting next_dagrun for pipeline_one_off to None, run_after=None
[2026-01-20T14:51:01.524+0000] {processor.py:183} INFO - Processing /opt/airflow/dags/pipeline_one_off.py took 0.105 seconds
[2026-01-20T14:51:31.793+0000] {processor.py:161} INFO - Started process (PID=21933) to work on /opt/airflow/dags/pipeline_one_off.py
[2026-01-20T14:51:31.794+0000] {processor.py:830} INFO - Processing file /opt/airflow/dags/pipeline_one_off.py for tasks to queue
[2026-01-20T14:51:31.797+0000] {logging_mixin.py:188} INFO - [2026-01-20T14:51:31.796+0000] {dagbag.py:545} INFO - Filling up the DagBag from /opt/airflow/dags/pipeline_one_off.py
[2026-01-20T14:51:31.822+0000] {processor.py:840} INFO - DAG(s) 'pipeline_one_off' retrieved from /opt/airflow/dags/pipeline_one_off.py
[2026-01-20T14:51:31.860+0000] {logging_mixin.py:188} INFO - [2026-01-20T14:51:31.859+0000] {dag.py:3089} INFO - Sync 1 DAGs
[2026-01-20T14:51:31.873+0000] {logging_mixin.py:188} INFO - [2026-01-20T14:51:31.873+0000] {dag.py:3947} INFO - Setting next_dagrun for pipeline_one_off to None, run_after=None
[2026-01-20T14:51:31.895+0000] {processor.py:183} INFO - Processing /opt/airflow/dags/pipeline_one_off.py took 0.109 seconds
[2026-01-20T14:52:02.139+0000] {processor.py:161} INFO - Started process (PID=21943) to work on /opt/airflow/dags/pipeline_one_off.py
[2026-01-20T14:52:02.140+0000] {processor.py:830} INFO - Processing file /opt/airflow/dags/pipeline_one_off.py for tasks to queue
[2026-01-20T14:52:02.143+0000] {logging_mixin.py:188} INFO - [2026-01-20T14:52:02.142+0000] {dagbag.py:545} INFO - Filling up the DagBag from /opt/airflow/dags/pipeline_one_off.py
[2026-01-20T14:52:02.166+0000] {processor.py:840} INFO - DAG(s) 'pipeline_one_off' retrieved from /opt/airflow/dags/pipeline_one_off.py
[2026-01-20T14:52:02.206+0000] {logging_mixin.py:188} INFO - [2026-01-20T14:52:02.206+0000] {dag.py:3089} INFO - Sync 1 DAGs
[2026-01-20T14:52:02.221+0000] {logging_mixin.py:188} INFO - [2026-01-20T14:52:02.220+0000] {dag.py:3947} INFO - Setting next_dagrun for pipeline_one_off to None, run_after=None
[2026-01-20T14:52:02.243+0000] {processor.py:183} INFO - Processing /opt/airflow/dags/pipeline_one_off.py took 0.111 seconds
[2026-01-20T14:52:32.494+0000] {processor.py:161} INFO - Started process (PID=21953) to work on /opt/airflow/dags/pipeline_one_off.py
[2026-01-20T14:52:32.496+0000] {processor.py:830} INFO - Processing file /opt/airflow/dags/pipeline_one_off.py for tasks to queue
[2026-01-20T14:52:32.498+0000] {logging_mixin.py:188} INFO - [2026-01-20T14:52:32.498+0000] {dagbag.py:545} INFO - Filling up the DagBag from /opt/airflow/dags/pipeline_one_off.py
[2026-01-20T14:52:32.520+0000] {processor.py:840} INFO - DAG(s) 'pipeline_one_off' retrieved from /opt/airflow/dags/pipeline_one_off.py
[2026-01-20T14:52:32.561+0000] {logging_mixin.py:188} INFO - [2026-01-20T14:52:32.561+0000] {dag.py:3089} INFO - Sync 1 DAGs
[2026-01-20T14:52:32.578+0000] {logging_mixin.py:188} INFO - [2026-01-20T14:52:32.578+0000] {dag.py:3947} INFO - Setting next_dagrun for pipeline_one_off to None, run_after=None
[2026-01-20T14:52:32.598+0000] {processor.py:183} INFO - Processing /opt/airflow/dags/pipeline_one_off.py took 0.111 seconds
[2026-01-20T14:53:02.895+0000] {processor.py:161} INFO - Started process (PID=21963) to work on /opt/airflow/dags/pipeline_one_off.py
[2026-01-20T14:53:02.897+0000] {processor.py:830} INFO - Processing file /opt/airflow/dags/pipeline_one_off.py for tasks to queue
[2026-01-20T14:53:02.899+0000] {logging_mixin.py:188} INFO - [2026-01-20T14:53:02.899+0000] {dagbag.py:545} INFO - Filling up the DagBag from /opt/airflow/dags/pipeline_one_off.py
[2026-01-20T14:53:02.924+0000] {processor.py:840} INFO - DAG(s) 'pipeline_one_off' retrieved from /opt/airflow/dags/pipeline_one_off.py
[2026-01-20T14:53:02.962+0000] {logging_mixin.py:188} INFO - [2026-01-20T14:53:02.961+0000] {dag.py:3089} INFO - Sync 1 DAGs
[2026-01-20T14:53:02.977+0000] {logging_mixin.py:188} INFO - [2026-01-20T14:53:02.977+0000] {dag.py:3947} INFO - Setting next_dagrun for pipeline_one_off to None, run_after=None
[2026-01-20T14:53:03.000+0000] {processor.py:183} INFO - Processing /opt/airflow/dags/pipeline_one_off.py took 0.113 seconds
[2026-01-20T14:53:33.284+0000] {processor.py:161} INFO - Started process (PID=21973) to work on /opt/airflow/dags/pipeline_one_off.py
[2026-01-20T14:53:33.286+0000] {processor.py:830} INFO - Processing file /opt/airflow/dags/pipeline_one_off.py for tasks to queue
[2026-01-20T14:53:33.289+0000] {logging_mixin.py:188} INFO - [2026-01-20T14:53:33.288+0000] {dagbag.py:545} INFO - Filling up the DagBag from /opt/airflow/dags/pipeline_one_off.py
[2026-01-20T14:53:33.312+0000] {processor.py:840} INFO - DAG(s) 'pipeline_one_off' retrieved from /opt/airflow/dags/pipeline_one_off.py
[2026-01-20T14:53:33.351+0000] {logging_mixin.py:188} INFO - [2026-01-20T14:53:33.351+0000] {dag.py:3089} INFO - Sync 1 DAGs
[2026-01-20T14:53:33.367+0000] {logging_mixin.py:188} INFO - [2026-01-20T14:53:33.367+0000] {dag.py:3947} INFO - Setting next_dagrun for pipeline_one_off to None, run_after=None
[2026-01-20T14:53:33.391+0000] {processor.py:183} INFO - Processing /opt/airflow/dags/pipeline_one_off.py took 0.113 seconds
[2026-01-20T14:54:03.667+0000] {processor.py:161} INFO - Started process (PID=21983) to work on /opt/airflow/dags/pipeline_one_off.py
[2026-01-20T14:54:03.669+0000] {processor.py:830} INFO - Processing file /opt/airflow/dags/pipeline_one_off.py for tasks to queue
[2026-01-20T14:54:03.671+0000] {logging_mixin.py:188} INFO - [2026-01-20T14:54:03.671+0000] {dagbag.py:545} INFO - Filling up the DagBag from /opt/airflow/dags/pipeline_one_off.py
[2026-01-20T14:54:03.696+0000] {processor.py:840} INFO - DAG(s) 'pipeline_one_off' retrieved from /opt/airflow/dags/pipeline_one_off.py
[2026-01-20T14:54:03.730+0000] {logging_mixin.py:188} INFO - [2026-01-20T14:54:03.729+0000] {dag.py:3089} INFO - Sync 1 DAGs
[2026-01-20T14:54:03.742+0000] {logging_mixin.py:188} INFO - [2026-01-20T14:54:03.742+0000] {dag.py:3947} INFO - Setting next_dagrun for pipeline_one_off to None, run_after=None
[2026-01-20T14:54:03.767+0000] {processor.py:183} INFO - Processing /opt/airflow/dags/pipeline_one_off.py took 0.105 seconds
[2026-01-20T14:54:34.018+0000] {processor.py:161} INFO - Started process (PID=21993) to work on /opt/airflow/dags/pipeline_one_off.py
[2026-01-20T14:54:34.020+0000] {processor.py:830} INFO - Processing file /opt/airflow/dags/pipeline_one_off.py for tasks to queue
[2026-01-20T14:54:34.023+0000] {logging_mixin.py:188} INFO - [2026-01-20T14:54:34.023+0000] {dagbag.py:545} INFO - Filling up the DagBag from /opt/airflow/dags/pipeline_one_off.py
[2026-01-20T14:54:34.046+0000] {processor.py:840} INFO - DAG(s) 'pipeline_one_off' retrieved from /opt/airflow/dags/pipeline_one_off.py
[2026-01-20T14:54:34.086+0000] {logging_mixin.py:188} INFO - [2026-01-20T14:54:34.086+0000] {dag.py:3089} INFO - Sync 1 DAGs
[2026-01-20T14:54:34.101+0000] {logging_mixin.py:188} INFO - [2026-01-20T14:54:34.100+0000] {dag.py:3947} INFO - Setting next_dagrun for pipeline_one_off to None, run_after=None
[2026-01-20T14:54:34.123+0000] {processor.py:183} INFO - Processing /opt/airflow/dags/pipeline_one_off.py took 0.112 seconds
[2026-01-20T14:55:04.401+0000] {processor.py:161} INFO - Started process (PID=22003) to work on /opt/airflow/dags/pipeline_one_off.py
[2026-01-20T14:55:04.402+0000] {processor.py:830} INFO - Processing file /opt/airflow/dags/pipeline_one_off.py for tasks to queue
[2026-01-20T14:55:04.405+0000] {logging_mixin.py:188} INFO - [2026-01-20T14:55:04.405+0000] {dagbag.py:545} INFO - Filling up the DagBag from /opt/airflow/dags/pipeline_one_off.py
[2026-01-20T14:55:04.428+0000] {processor.py:840} INFO - DAG(s) 'pipeline_one_off' retrieved from /opt/airflow/dags/pipeline_one_off.py
[2026-01-20T14:55:04.465+0000] {logging_mixin.py:188} INFO - [2026-01-20T14:55:04.464+0000] {dag.py:3089} INFO - Sync 1 DAGs
[2026-01-20T14:55:04.477+0000] {logging_mixin.py:188} INFO - [2026-01-20T14:55:04.477+0000] {dag.py:3947} INFO - Setting next_dagrun for pipeline_one_off to None, run_after=None
[2026-01-20T14:55:04.500+0000] {processor.py:183} INFO - Processing /opt/airflow/dags/pipeline_one_off.py took 0.107 seconds
[2026-01-20T14:55:34.796+0000] {processor.py:161} INFO - Started process (PID=22013) to work on /opt/airflow/dags/pipeline_one_off.py
[2026-01-20T14:55:34.798+0000] {processor.py:830} INFO - Processing file /opt/airflow/dags/pipeline_one_off.py for tasks to queue
[2026-01-20T14:55:34.801+0000] {logging_mixin.py:188} INFO - [2026-01-20T14:55:34.800+0000] {dagbag.py:545} INFO - Filling up the DagBag from /opt/airflow/dags/pipeline_one_off.py
[2026-01-20T14:55:34.823+0000] {processor.py:840} INFO - DAG(s) 'pipeline_one_off' retrieved from /opt/airflow/dags/pipeline_one_off.py
[2026-01-20T14:55:34.857+0000] {logging_mixin.py:188} INFO - [2026-01-20T14:55:34.857+0000] {dag.py:3089} INFO - Sync 1 DAGs
[2026-01-20T14:55:34.870+0000] {logging_mixin.py:188} INFO - [2026-01-20T14:55:34.870+0000] {dag.py:3947} INFO - Setting next_dagrun for pipeline_one_off to None, run_after=None
[2026-01-20T14:55:34.890+0000] {processor.py:183} INFO - Processing /opt/airflow/dags/pipeline_one_off.py took 0.100 seconds
[2026-01-20T14:56:05.154+0000] {processor.py:161} INFO - Started process (PID=22023) to work on /opt/airflow/dags/pipeline_one_off.py
[2026-01-20T14:56:05.155+0000] {processor.py:830} INFO - Processing file /opt/airflow/dags/pipeline_one_off.py for tasks to queue
[2026-01-20T14:56:05.158+0000] {logging_mixin.py:188} INFO - [2026-01-20T14:56:05.157+0000] {dagbag.py:545} INFO - Filling up the DagBag from /opt/airflow/dags/pipeline_one_off.py
[2026-01-20T14:56:05.181+0000] {processor.py:840} INFO - DAG(s) 'pipeline_one_off' retrieved from /opt/airflow/dags/pipeline_one_off.py
[2026-01-20T14:56:05.222+0000] {logging_mixin.py:188} INFO - [2026-01-20T14:56:05.222+0000] {dag.py:3089} INFO - Sync 1 DAGs
[2026-01-20T14:56:05.236+0000] {logging_mixin.py:188} INFO - [2026-01-20T14:56:05.236+0000] {dag.py:3947} INFO - Setting next_dagrun for pipeline_one_off to None, run_after=None
[2026-01-20T14:56:05.258+0000] {processor.py:183} INFO - Processing /opt/airflow/dags/pipeline_one_off.py took 0.111 seconds
[2026-01-20T14:56:35.518+0000] {processor.py:161} INFO - Started process (PID=22033) to work on /opt/airflow/dags/pipeline_one_off.py
[2026-01-20T14:56:35.520+0000] {processor.py:830} INFO - Processing file /opt/airflow/dags/pipeline_one_off.py for tasks to queue
[2026-01-20T14:56:35.523+0000] {logging_mixin.py:188} INFO - [2026-01-20T14:56:35.522+0000] {dagbag.py:545} INFO - Filling up the DagBag from /opt/airflow/dags/pipeline_one_off.py
[2026-01-20T14:56:35.548+0000] {processor.py:840} INFO - DAG(s) 'pipeline_one_off' retrieved from /opt/airflow/dags/pipeline_one_off.py
[2026-01-20T14:56:35.581+0000] {logging_mixin.py:188} INFO - [2026-01-20T14:56:35.580+0000] {dag.py:3089} INFO - Sync 1 DAGs
[2026-01-20T14:56:35.593+0000] {logging_mixin.py:188} INFO - [2026-01-20T14:56:35.593+0000] {dag.py:3947} INFO - Setting next_dagrun for pipeline_one_off to None, run_after=None
[2026-01-20T14:56:35.616+0000] {processor.py:183} INFO - Processing /opt/airflow/dags/pipeline_one_off.py took 0.105 seconds
[2026-01-20T14:57:05.869+0000] {processor.py:161} INFO - Started process (PID=22043) to work on /opt/airflow/dags/pipeline_one_off.py
[2026-01-20T14:57:05.870+0000] {processor.py:830} INFO - Processing file /opt/airflow/dags/pipeline_one_off.py for tasks to queue
[2026-01-20T14:57:05.872+0000] {logging_mixin.py:188} INFO - [2026-01-20T14:57:05.872+0000] {dagbag.py:545} INFO - Filling up the DagBag from /opt/airflow/dags/pipeline_one_off.py
[2026-01-20T14:57:05.894+0000] {processor.py:840} INFO - DAG(s) 'pipeline_one_off' retrieved from /opt/airflow/dags/pipeline_one_off.py
[2026-01-20T14:57:05.928+0000] {logging_mixin.py:188} INFO - [2026-01-20T14:57:05.928+0000] {dag.py:3089} INFO - Sync 1 DAGs
[2026-01-20T14:57:05.940+0000] {logging_mixin.py:188} INFO - [2026-01-20T14:57:05.940+0000] {dag.py:3947} INFO - Setting next_dagrun for pipeline_one_off to None, run_after=None
[2026-01-20T14:57:05.963+0000] {processor.py:183} INFO - Processing /opt/airflow/dags/pipeline_one_off.py took 0.101 seconds
[2026-01-20T14:57:36.234+0000] {processor.py:161} INFO - Started process (PID=22053) to work on /opt/airflow/dags/pipeline_one_off.py
[2026-01-20T14:57:36.235+0000] {processor.py:830} INFO - Processing file /opt/airflow/dags/pipeline_one_off.py for tasks to queue
[2026-01-20T14:57:36.238+0000] {logging_mixin.py:188} INFO - [2026-01-20T14:57:36.237+0000] {dagbag.py:545} INFO - Filling up the DagBag from /opt/airflow/dags/pipeline_one_off.py
[2026-01-20T14:57:36.263+0000] {processor.py:840} INFO - DAG(s) 'pipeline_one_off' retrieved from /opt/airflow/dags/pipeline_one_off.py
[2026-01-20T14:57:36.302+0000] {logging_mixin.py:188} INFO - [2026-01-20T14:57:36.302+0000] {dag.py:3089} INFO - Sync 1 DAGs
[2026-01-20T14:57:36.317+0000] {logging_mixin.py:188} INFO - [2026-01-20T14:57:36.316+0000] {dag.py:3947} INFO - Setting next_dagrun for pipeline_one_off to None, run_after=None
[2026-01-20T14:57:36.339+0000] {processor.py:183} INFO - Processing /opt/airflow/dags/pipeline_one_off.py took 0.115 seconds
[2026-01-20T14:58:06.593+0000] {processor.py:161} INFO - Started process (PID=22063) to work on /opt/airflow/dags/pipeline_one_off.py
[2026-01-20T14:58:06.594+0000] {processor.py:830} INFO - Processing file /opt/airflow/dags/pipeline_one_off.py for tasks to queue
[2026-01-20T14:58:06.597+0000] {logging_mixin.py:188} INFO - [2026-01-20T14:58:06.597+0000] {dagbag.py:545} INFO - Filling up the DagBag from /opt/airflow/dags/pipeline_one_off.py
[2026-01-20T14:58:06.625+0000] {processor.py:840} INFO - DAG(s) 'pipeline_one_off' retrieved from /opt/airflow/dags/pipeline_one_off.py
[2026-01-20T14:58:06.668+0000] {logging_mixin.py:188} INFO - [2026-01-20T14:58:06.668+0000] {dag.py:3089} INFO - Sync 1 DAGs
[2026-01-20T14:58:06.686+0000] {logging_mixin.py:188} INFO - [2026-01-20T14:58:06.686+0000] {dag.py:3947} INFO - Setting next_dagrun for pipeline_one_off to None, run_after=None
[2026-01-20T14:58:06.714+0000] {processor.py:183} INFO - Processing /opt/airflow/dags/pipeline_one_off.py took 0.129 seconds
[2026-01-20T14:58:36.964+0000] {processor.py:161} INFO - Started process (PID=22073) to work on /opt/airflow/dags/pipeline_one_off.py
[2026-01-20T14:58:36.966+0000] {processor.py:830} INFO - Processing file /opt/airflow/dags/pipeline_one_off.py for tasks to queue
[2026-01-20T14:58:36.968+0000] {logging_mixin.py:188} INFO - [2026-01-20T14:58:36.967+0000] {dagbag.py:545} INFO - Filling up the DagBag from /opt/airflow/dags/pipeline_one_off.py
[2026-01-20T14:58:36.990+0000] {processor.py:840} INFO - DAG(s) 'pipeline_one_off' retrieved from /opt/airflow/dags/pipeline_one_off.py
[2026-01-20T14:58:37.026+0000] {logging_mixin.py:188} INFO - [2026-01-20T14:58:37.026+0000] {dag.py:3089} INFO - Sync 1 DAGs
[2026-01-20T14:58:37.039+0000] {logging_mixin.py:188} INFO - [2026-01-20T14:58:37.039+0000] {dag.py:3947} INFO - Setting next_dagrun for pipeline_one_off to None, run_after=None
[2026-01-20T14:58:37.070+0000] {processor.py:183} INFO - Processing /opt/airflow/dags/pipeline_one_off.py took 0.114 seconds
[2026-01-20T14:59:07.348+0000] {processor.py:161} INFO - Started process (PID=22083) to work on /opt/airflow/dags/pipeline_one_off.py
[2026-01-20T14:59:07.349+0000] {processor.py:830} INFO - Processing file /opt/airflow/dags/pipeline_one_off.py for tasks to queue
[2026-01-20T14:59:07.352+0000] {logging_mixin.py:188} INFO - [2026-01-20T14:59:07.352+0000] {dagbag.py:545} INFO - Filling up the DagBag from /opt/airflow/dags/pipeline_one_off.py
[2026-01-20T14:59:07.378+0000] {processor.py:840} INFO - DAG(s) 'pipeline_one_off' retrieved from /opt/airflow/dags/pipeline_one_off.py
[2026-01-20T14:59:07.416+0000] {logging_mixin.py:188} INFO - [2026-01-20T14:59:07.415+0000] {dag.py:3089} INFO - Sync 1 DAGs
[2026-01-20T14:59:07.430+0000] {logging_mixin.py:188} INFO - [2026-01-20T14:59:07.430+0000] {dag.py:3947} INFO - Setting next_dagrun for pipeline_one_off to None, run_after=None
[2026-01-20T14:59:07.455+0000] {processor.py:183} INFO - Processing /opt/airflow/dags/pipeline_one_off.py took 0.114 seconds
[2026-01-20T14:59:37.712+0000] {processor.py:161} INFO - Started process (PID=22093) to work on /opt/airflow/dags/pipeline_one_off.py
[2026-01-20T14:59:37.713+0000] {processor.py:830} INFO - Processing file /opt/airflow/dags/pipeline_one_off.py for tasks to queue
[2026-01-20T14:59:37.716+0000] {logging_mixin.py:188} INFO - [2026-01-20T14:59:37.716+0000] {dagbag.py:545} INFO - Filling up the DagBag from /opt/airflow/dags/pipeline_one_off.py
[2026-01-20T14:59:37.738+0000] {processor.py:840} INFO - DAG(s) 'pipeline_one_off' retrieved from /opt/airflow/dags/pipeline_one_off.py
[2026-01-20T14:59:37.778+0000] {logging_mixin.py:188} INFO - [2026-01-20T14:59:37.777+0000] {dag.py:3089} INFO - Sync 1 DAGs
[2026-01-20T14:59:37.792+0000] {logging_mixin.py:188} INFO - [2026-01-20T14:59:37.792+0000] {dag.py:3947} INFO - Setting next_dagrun for pipeline_one_off to None, run_after=None
[2026-01-20T14:59:37.816+0000] {processor.py:183} INFO - Processing /opt/airflow/dags/pipeline_one_off.py took 0.112 seconds
[2026-01-20T15:00:08.084+0000] {processor.py:161} INFO - Started process (PID=22106) to work on /opt/airflow/dags/pipeline_one_off.py
[2026-01-20T15:00:08.086+0000] {processor.py:830} INFO - Processing file /opt/airflow/dags/pipeline_one_off.py for tasks to queue
[2026-01-20T15:00:08.089+0000] {logging_mixin.py:188} INFO - [2026-01-20T15:00:08.089+0000] {dagbag.py:545} INFO - Filling up the DagBag from /opt/airflow/dags/pipeline_one_off.py
[2026-01-20T15:00:08.112+0000] {processor.py:840} INFO - DAG(s) 'pipeline_one_off' retrieved from /opt/airflow/dags/pipeline_one_off.py
[2026-01-20T15:00:08.147+0000] {logging_mixin.py:188} INFO - [2026-01-20T15:00:08.146+0000] {dag.py:3089} INFO - Sync 1 DAGs
[2026-01-20T15:00:08.160+0000] {logging_mixin.py:188} INFO - [2026-01-20T15:00:08.159+0000] {dag.py:3947} INFO - Setting next_dagrun for pipeline_one_off to None, run_after=None
[2026-01-20T15:00:08.181+0000] {processor.py:183} INFO - Processing /opt/airflow/dags/pipeline_one_off.py took 0.104 seconds
[2026-01-20T15:00:38.449+0000] {processor.py:161} INFO - Started process (PID=22116) to work on /opt/airflow/dags/pipeline_one_off.py
[2026-01-20T15:00:38.451+0000] {processor.py:830} INFO - Processing file /opt/airflow/dags/pipeline_one_off.py for tasks to queue
[2026-01-20T15:00:38.454+0000] {logging_mixin.py:188} INFO - [2026-01-20T15:00:38.454+0000] {dagbag.py:545} INFO - Filling up the DagBag from /opt/airflow/dags/pipeline_one_off.py
[2026-01-20T15:00:38.479+0000] {processor.py:840} INFO - DAG(s) 'pipeline_one_off' retrieved from /opt/airflow/dags/pipeline_one_off.py
[2026-01-20T15:00:38.518+0000] {logging_mixin.py:188} INFO - [2026-01-20T15:00:38.518+0000] {dag.py:3089} INFO - Sync 1 DAGs
[2026-01-20T15:00:38.532+0000] {logging_mixin.py:188} INFO - [2026-01-20T15:00:38.532+0000] {dag.py:3947} INFO - Setting next_dagrun for pipeline_one_off to None, run_after=None
[2026-01-20T15:00:38.557+0000] {processor.py:183} INFO - Processing /opt/airflow/dags/pipeline_one_off.py took 0.115 seconds
[2026-01-20T15:01:08.834+0000] {processor.py:161} INFO - Started process (PID=22126) to work on /opt/airflow/dags/pipeline_one_off.py
[2026-01-20T15:01:08.836+0000] {processor.py:830} INFO - Processing file /opt/airflow/dags/pipeline_one_off.py for tasks to queue
[2026-01-20T15:01:08.838+0000] {logging_mixin.py:188} INFO - [2026-01-20T15:01:08.838+0000] {dagbag.py:545} INFO - Filling up the DagBag from /opt/airflow/dags/pipeline_one_off.py
[2026-01-20T15:01:08.862+0000] {processor.py:840} INFO - DAG(s) 'pipeline_one_off' retrieved from /opt/airflow/dags/pipeline_one_off.py
[2026-01-20T15:01:08.897+0000] {logging_mixin.py:188} INFO - [2026-01-20T15:01:08.897+0000] {dag.py:3089} INFO - Sync 1 DAGs
[2026-01-20T15:01:08.910+0000] {logging_mixin.py:188} INFO - [2026-01-20T15:01:08.910+0000] {dag.py:3947} INFO - Setting next_dagrun for pipeline_one_off to None, run_after=None
[2026-01-20T15:01:08.933+0000] {processor.py:183} INFO - Processing /opt/airflow/dags/pipeline_one_off.py took 0.105 seconds
[2026-01-20T15:01:39.231+0000] {processor.py:161} INFO - Started process (PID=22136) to work on /opt/airflow/dags/pipeline_one_off.py
[2026-01-20T15:01:39.232+0000] {processor.py:830} INFO - Processing file /opt/airflow/dags/pipeline_one_off.py for tasks to queue
[2026-01-20T15:01:39.235+0000] {logging_mixin.py:188} INFO - [2026-01-20T15:01:39.234+0000] {dagbag.py:545} INFO - Filling up the DagBag from /opt/airflow/dags/pipeline_one_off.py
[2026-01-20T15:01:39.258+0000] {processor.py:840} INFO - DAG(s) 'pipeline_one_off' retrieved from /opt/airflow/dags/pipeline_one_off.py
[2026-01-20T15:01:39.293+0000] {logging_mixin.py:188} INFO - [2026-01-20T15:01:39.292+0000] {dag.py:3089} INFO - Sync 1 DAGs
[2026-01-20T15:01:39.305+0000] {logging_mixin.py:188} INFO - [2026-01-20T15:01:39.305+0000] {dag.py:3947} INFO - Setting next_dagrun for pipeline_one_off to None, run_after=None
[2026-01-20T15:01:39.326+0000] {processor.py:183} INFO - Processing /opt/airflow/dags/pipeline_one_off.py took 0.102 seconds
[2026-01-20T15:02:09.583+0000] {processor.py:161} INFO - Started process (PID=22146) to work on /opt/airflow/dags/pipeline_one_off.py
[2026-01-20T15:02:09.584+0000] {processor.py:830} INFO - Processing file /opt/airflow/dags/pipeline_one_off.py for tasks to queue
[2026-01-20T15:02:09.586+0000] {logging_mixin.py:188} INFO - [2026-01-20T15:02:09.586+0000] {dagbag.py:545} INFO - Filling up the DagBag from /opt/airflow/dags/pipeline_one_off.py
[2026-01-20T15:02:09.611+0000] {processor.py:840} INFO - DAG(s) 'pipeline_one_off' retrieved from /opt/airflow/dags/pipeline_one_off.py
[2026-01-20T15:02:09.651+0000] {logging_mixin.py:188} INFO - [2026-01-20T15:02:09.650+0000] {dag.py:3089} INFO - Sync 1 DAGs
[2026-01-20T15:02:09.667+0000] {logging_mixin.py:188} INFO - [2026-01-20T15:02:09.666+0000] {dag.py:3947} INFO - Setting next_dagrun for pipeline_one_off to None, run_after=None
[2026-01-20T15:02:09.692+0000] {processor.py:183} INFO - Processing /opt/airflow/dags/pipeline_one_off.py took 0.117 seconds
[2026-01-20T15:02:39.936+0000] {processor.py:161} INFO - Started process (PID=22156) to work on /opt/airflow/dags/pipeline_one_off.py
[2026-01-20T15:02:39.951+0000] {processor.py:830} INFO - Processing file /opt/airflow/dags/pipeline_one_off.py for tasks to queue
[2026-01-20T15:02:39.954+0000] {logging_mixin.py:188} INFO - [2026-01-20T15:02:39.954+0000] {dagbag.py:545} INFO - Filling up the DagBag from /opt/airflow/dags/pipeline_one_off.py
[2026-01-20T15:02:39.979+0000] {processor.py:840} INFO - DAG(s) 'pipeline_one_off' retrieved from /opt/airflow/dags/pipeline_one_off.py
[2026-01-20T15:02:40.015+0000] {logging_mixin.py:188} INFO - [2026-01-20T15:02:40.014+0000] {dag.py:3089} INFO - Sync 1 DAGs
[2026-01-20T15:02:40.029+0000] {logging_mixin.py:188} INFO - [2026-01-20T15:02:40.029+0000] {dag.py:3947} INFO - Setting next_dagrun for pipeline_one_off to None, run_after=None
[2026-01-20T15:02:40.053+0000] {processor.py:183} INFO - Processing /opt/airflow/dags/pipeline_one_off.py took 0.127 seconds
[2026-01-20T15:03:10.311+0000] {processor.py:161} INFO - Started process (PID=22166) to work on /opt/airflow/dags/pipeline_one_off.py
[2026-01-20T15:03:10.313+0000] {processor.py:830} INFO - Processing file /opt/airflow/dags/pipeline_one_off.py for tasks to queue
[2026-01-20T15:03:10.315+0000] {logging_mixin.py:188} INFO - [2026-01-20T15:03:10.315+0000] {dagbag.py:545} INFO - Filling up the DagBag from /opt/airflow/dags/pipeline_one_off.py
[2026-01-20T15:03:10.339+0000] {processor.py:840} INFO - DAG(s) 'pipeline_one_off' retrieved from /opt/airflow/dags/pipeline_one_off.py
[2026-01-20T15:03:10.379+0000] {logging_mixin.py:188} INFO - [2026-01-20T15:03:10.379+0000] {dag.py:3089} INFO - Sync 1 DAGs
[2026-01-20T15:03:10.397+0000] {logging_mixin.py:188} INFO - [2026-01-20T15:03:10.396+0000] {dag.py:3947} INFO - Setting next_dagrun for pipeline_one_off to None, run_after=None
[2026-01-20T15:03:10.422+0000] {processor.py:183} INFO - Processing /opt/airflow/dags/pipeline_one_off.py took 0.118 seconds
[2026-01-20T15:03:40.673+0000] {processor.py:161} INFO - Started process (PID=22176) to work on /opt/airflow/dags/pipeline_one_off.py
[2026-01-20T15:03:40.674+0000] {processor.py:830} INFO - Processing file /opt/airflow/dags/pipeline_one_off.py for tasks to queue
[2026-01-20T15:03:40.676+0000] {logging_mixin.py:188} INFO - [2026-01-20T15:03:40.676+0000] {dagbag.py:545} INFO - Filling up the DagBag from /opt/airflow/dags/pipeline_one_off.py
[2026-01-20T15:03:40.698+0000] {processor.py:840} INFO - DAG(s) 'pipeline_one_off' retrieved from /opt/airflow/dags/pipeline_one_off.py
[2026-01-20T15:03:40.732+0000] {logging_mixin.py:188} INFO - [2026-01-20T15:03:40.732+0000] {dag.py:3089} INFO - Sync 1 DAGs
[2026-01-20T15:03:40.745+0000] {logging_mixin.py:188} INFO - [2026-01-20T15:03:40.745+0000] {dag.py:3947} INFO - Setting next_dagrun for pipeline_one_off to None, run_after=None
[2026-01-20T15:03:40.765+0000] {processor.py:183} INFO - Processing /opt/airflow/dags/pipeline_one_off.py took 0.099 seconds
[2026-01-20T15:04:11.021+0000] {processor.py:161} INFO - Started process (PID=22186) to work on /opt/airflow/dags/pipeline_one_off.py
[2026-01-20T15:04:11.023+0000] {processor.py:830} INFO - Processing file /opt/airflow/dags/pipeline_one_off.py for tasks to queue
[2026-01-20T15:04:11.025+0000] {logging_mixin.py:188} INFO - [2026-01-20T15:04:11.024+0000] {dagbag.py:545} INFO - Filling up the DagBag from /opt/airflow/dags/pipeline_one_off.py
[2026-01-20T15:04:11.052+0000] {processor.py:840} INFO - DAG(s) 'pipeline_one_off' retrieved from /opt/airflow/dags/pipeline_one_off.py
[2026-01-20T15:04:11.092+0000] {logging_mixin.py:188} INFO - [2026-01-20T15:04:11.091+0000] {dag.py:3089} INFO - Sync 1 DAGs
[2026-01-20T15:04:11.107+0000] {logging_mixin.py:188} INFO - [2026-01-20T15:04:11.106+0000] {dag.py:3947} INFO - Setting next_dagrun for pipeline_one_off to None, run_after=None
[2026-01-20T15:04:11.132+0000] {processor.py:183} INFO - Processing /opt/airflow/dags/pipeline_one_off.py took 0.117 seconds
[2026-01-20T15:04:41.377+0000] {processor.py:161} INFO - Started process (PID=22196) to work on /opt/airflow/dags/pipeline_one_off.py
[2026-01-20T15:04:41.378+0000] {processor.py:830} INFO - Processing file /opt/airflow/dags/pipeline_one_off.py for tasks to queue
[2026-01-20T15:04:41.381+0000] {logging_mixin.py:188} INFO - [2026-01-20T15:04:41.381+0000] {dagbag.py:545} INFO - Filling up the DagBag from /opt/airflow/dags/pipeline_one_off.py
[2026-01-20T15:04:41.403+0000] {processor.py:840} INFO - DAG(s) 'pipeline_one_off' retrieved from /opt/airflow/dags/pipeline_one_off.py
[2026-01-20T15:04:41.438+0000] {logging_mixin.py:188} INFO - [2026-01-20T15:04:41.438+0000] {dag.py:3089} INFO - Sync 1 DAGs
[2026-01-20T15:04:41.452+0000] {logging_mixin.py:188} INFO - [2026-01-20T15:04:41.451+0000] {dag.py:3947} INFO - Setting next_dagrun for pipeline_one_off to None, run_after=None
[2026-01-20T15:04:41.476+0000] {processor.py:183} INFO - Processing /opt/airflow/dags/pipeline_one_off.py took 0.106 seconds
[2026-01-20T15:05:11.762+0000] {processor.py:161} INFO - Started process (PID=22206) to work on /opt/airflow/dags/pipeline_one_off.py
[2026-01-20T15:05:11.763+0000] {processor.py:830} INFO - Processing file /opt/airflow/dags/pipeline_one_off.py for tasks to queue
[2026-01-20T15:05:11.765+0000] {logging_mixin.py:188} INFO - [2026-01-20T15:05:11.765+0000] {dagbag.py:545} INFO - Filling up the DagBag from /opt/airflow/dags/pipeline_one_off.py
[2026-01-20T15:05:11.789+0000] {processor.py:840} INFO - DAG(s) 'pipeline_one_off' retrieved from /opt/airflow/dags/pipeline_one_off.py
[2026-01-20T15:05:11.824+0000] {logging_mixin.py:188} INFO - [2026-01-20T15:05:11.824+0000] {dag.py:3089} INFO - Sync 1 DAGs
[2026-01-20T15:05:11.837+0000] {logging_mixin.py:188} INFO - [2026-01-20T15:05:11.837+0000] {dag.py:3947} INFO - Setting next_dagrun for pipeline_one_off to None, run_after=None
[2026-01-20T15:05:11.857+0000] {processor.py:183} INFO - Processing /opt/airflow/dags/pipeline_one_off.py took 0.102 seconds
[2026-01-20T15:05:42.125+0000] {processor.py:161} INFO - Started process (PID=22216) to work on /opt/airflow/dags/pipeline_one_off.py
[2026-01-20T15:05:42.127+0000] {processor.py:830} INFO - Processing file /opt/airflow/dags/pipeline_one_off.py for tasks to queue
[2026-01-20T15:05:42.130+0000] {logging_mixin.py:188} INFO - [2026-01-20T15:05:42.130+0000] {dagbag.py:545} INFO - Filling up the DagBag from /opt/airflow/dags/pipeline_one_off.py
[2026-01-20T15:05:42.157+0000] {processor.py:840} INFO - DAG(s) 'pipeline_one_off' retrieved from /opt/airflow/dags/pipeline_one_off.py
[2026-01-20T15:05:42.195+0000] {logging_mixin.py:188} INFO - [2026-01-20T15:05:42.194+0000] {dag.py:3089} INFO - Sync 1 DAGs
[2026-01-20T15:05:42.210+0000] {logging_mixin.py:188} INFO - [2026-01-20T15:05:42.210+0000] {dag.py:3947} INFO - Setting next_dagrun for pipeline_one_off to None, run_after=None
[2026-01-20T15:05:42.231+0000] {processor.py:183} INFO - Processing /opt/airflow/dags/pipeline_one_off.py took 0.112 seconds
[2026-01-20T15:06:12.484+0000] {processor.py:161} INFO - Started process (PID=22226) to work on /opt/airflow/dags/pipeline_one_off.py
[2026-01-20T15:06:12.485+0000] {processor.py:830} INFO - Processing file /opt/airflow/dags/pipeline_one_off.py for tasks to queue
[2026-01-20T15:06:12.488+0000] {logging_mixin.py:188} INFO - [2026-01-20T15:06:12.487+0000] {dagbag.py:545} INFO - Filling up the DagBag from /opt/airflow/dags/pipeline_one_off.py
[2026-01-20T15:06:12.512+0000] {processor.py:840} INFO - DAG(s) 'pipeline_one_off' retrieved from /opt/airflow/dags/pipeline_one_off.py
[2026-01-20T15:06:12.550+0000] {logging_mixin.py:188} INFO - [2026-01-20T15:06:12.550+0000] {dag.py:3089} INFO - Sync 1 DAGs
[2026-01-20T15:06:12.564+0000] {logging_mixin.py:188} INFO - [2026-01-20T15:06:12.564+0000] {dag.py:3947} INFO - Setting next_dagrun for pipeline_one_off to None, run_after=None
[2026-01-20T15:06:12.588+0000] {processor.py:183} INFO - Processing /opt/airflow/dags/pipeline_one_off.py took 0.111 seconds
[2026-01-20T15:06:42.834+0000] {processor.py:161} INFO - Started process (PID=22236) to work on /opt/airflow/dags/pipeline_one_off.py
[2026-01-20T15:06:42.835+0000] {processor.py:830} INFO - Processing file /opt/airflow/dags/pipeline_one_off.py for tasks to queue
[2026-01-20T15:06:42.838+0000] {logging_mixin.py:188} INFO - [2026-01-20T15:06:42.837+0000] {dagbag.py:545} INFO - Filling up the DagBag from /opt/airflow/dags/pipeline_one_off.py
[2026-01-20T15:06:42.860+0000] {processor.py:840} INFO - DAG(s) 'pipeline_one_off' retrieved from /opt/airflow/dags/pipeline_one_off.py
[2026-01-20T15:06:42.893+0000] {logging_mixin.py:188} INFO - [2026-01-20T15:06:42.893+0000] {dag.py:3089} INFO - Sync 1 DAGs
[2026-01-20T15:06:42.905+0000] {logging_mixin.py:188} INFO - [2026-01-20T15:06:42.905+0000] {dag.py:3947} INFO - Setting next_dagrun for pipeline_one_off to None, run_after=None
[2026-01-20T15:06:42.926+0000] {processor.py:183} INFO - Processing /opt/airflow/dags/pipeline_one_off.py took 0.098 seconds
[2026-01-20T15:07:13.208+0000] {processor.py:161} INFO - Started process (PID=22246) to work on /opt/airflow/dags/pipeline_one_off.py
[2026-01-20T15:07:13.209+0000] {processor.py:830} INFO - Processing file /opt/airflow/dags/pipeline_one_off.py for tasks to queue
[2026-01-20T15:07:13.212+0000] {logging_mixin.py:188} INFO - [2026-01-20T15:07:13.212+0000] {dagbag.py:545} INFO - Filling up the DagBag from /opt/airflow/dags/pipeline_one_off.py
[2026-01-20T15:07:13.234+0000] {processor.py:840} INFO - DAG(s) 'pipeline_one_off' retrieved from /opt/airflow/dags/pipeline_one_off.py
[2026-01-20T15:07:13.272+0000] {logging_mixin.py:188} INFO - [2026-01-20T15:07:13.271+0000] {dag.py:3089} INFO - Sync 1 DAGs
[2026-01-20T15:07:13.286+0000] {logging_mixin.py:188} INFO - [2026-01-20T15:07:13.286+0000] {dag.py:3947} INFO - Setting next_dagrun for pipeline_one_off to None, run_after=None
[2026-01-20T15:07:13.308+0000] {processor.py:183} INFO - Processing /opt/airflow/dags/pipeline_one_off.py took 0.107 seconds
[2026-01-20T15:07:43.608+0000] {processor.py:161} INFO - Started process (PID=22256) to work on /opt/airflow/dags/pipeline_one_off.py
[2026-01-20T15:07:43.610+0000] {processor.py:830} INFO - Processing file /opt/airflow/dags/pipeline_one_off.py for tasks to queue
[2026-01-20T15:07:43.612+0000] {logging_mixin.py:188} INFO - [2026-01-20T15:07:43.612+0000] {dagbag.py:545} INFO - Filling up the DagBag from /opt/airflow/dags/pipeline_one_off.py
[2026-01-20T15:07:43.634+0000] {processor.py:840} INFO - DAG(s) 'pipeline_one_off' retrieved from /opt/airflow/dags/pipeline_one_off.py
[2026-01-20T15:07:43.678+0000] {logging_mixin.py:188} INFO - [2026-01-20T15:07:43.678+0000] {dag.py:3089} INFO - Sync 1 DAGs
[2026-01-20T15:07:43.694+0000] {logging_mixin.py:188} INFO - [2026-01-20T15:07:43.693+0000] {dag.py:3947} INFO - Setting next_dagrun for pipeline_one_off to None, run_after=None
[2026-01-20T15:07:43.718+0000] {processor.py:183} INFO - Processing /opt/airflow/dags/pipeline_one_off.py took 0.117 seconds
[2026-01-20T15:08:14.008+0000] {processor.py:161} INFO - Started process (PID=22266) to work on /opt/airflow/dags/pipeline_one_off.py
[2026-01-20T15:08:14.010+0000] {processor.py:830} INFO - Processing file /opt/airflow/dags/pipeline_one_off.py for tasks to queue
[2026-01-20T15:08:14.013+0000] {logging_mixin.py:188} INFO - [2026-01-20T15:08:14.012+0000] {dagbag.py:545} INFO - Filling up the DagBag from /opt/airflow/dags/pipeline_one_off.py
[2026-01-20T15:08:14.038+0000] {processor.py:840} INFO - DAG(s) 'pipeline_one_off' retrieved from /opt/airflow/dags/pipeline_one_off.py
[2026-01-20T15:08:14.077+0000] {logging_mixin.py:188} INFO - [2026-01-20T15:08:14.077+0000] {dag.py:3089} INFO - Sync 1 DAGs
[2026-01-20T15:08:14.094+0000] {logging_mixin.py:188} INFO - [2026-01-20T15:08:14.094+0000] {dag.py:3947} INFO - Setting next_dagrun for pipeline_one_off to None, run_after=None
[2026-01-20T15:08:14.117+0000] {processor.py:183} INFO - Processing /opt/airflow/dags/pipeline_one_off.py took 0.116 seconds
[2026-01-20T15:08:44.411+0000] {processor.py:161} INFO - Started process (PID=22276) to work on /opt/airflow/dags/pipeline_one_off.py
[2026-01-20T15:08:44.413+0000] {processor.py:830} INFO - Processing file /opt/airflow/dags/pipeline_one_off.py for tasks to queue
[2026-01-20T15:08:44.416+0000] {logging_mixin.py:188} INFO - [2026-01-20T15:08:44.415+0000] {dagbag.py:545} INFO - Filling up the DagBag from /opt/airflow/dags/pipeline_one_off.py
[2026-01-20T15:08:44.441+0000] {processor.py:840} INFO - DAG(s) 'pipeline_one_off' retrieved from /opt/airflow/dags/pipeline_one_off.py
[2026-01-20T15:08:44.476+0000] {logging_mixin.py:188} INFO - [2026-01-20T15:08:44.476+0000] {dag.py:3089} INFO - Sync 1 DAGs
[2026-01-20T15:08:44.489+0000] {logging_mixin.py:188} INFO - [2026-01-20T15:08:44.488+0000] {dag.py:3947} INFO - Setting next_dagrun for pipeline_one_off to None, run_after=None
[2026-01-20T15:08:44.510+0000] {processor.py:183} INFO - Processing /opt/airflow/dags/pipeline_one_off.py took 0.105 seconds
[2026-01-20T15:09:14.766+0000] {processor.py:161} INFO - Started process (PID=22286) to work on /opt/airflow/dags/pipeline_one_off.py
[2026-01-20T15:09:14.767+0000] {processor.py:830} INFO - Processing file /opt/airflow/dags/pipeline_one_off.py for tasks to queue
[2026-01-20T15:09:14.769+0000] {logging_mixin.py:188} INFO - [2026-01-20T15:09:14.769+0000] {dagbag.py:545} INFO - Filling up the DagBag from /opt/airflow/dags/pipeline_one_off.py
[2026-01-20T15:09:14.792+0000] {processor.py:840} INFO - DAG(s) 'pipeline_one_off' retrieved from /opt/airflow/dags/pipeline_one_off.py
[2026-01-20T15:09:14.828+0000] {logging_mixin.py:188} INFO - [2026-01-20T15:09:14.828+0000] {dag.py:3089} INFO - Sync 1 DAGs
[2026-01-20T15:09:14.841+0000] {logging_mixin.py:188} INFO - [2026-01-20T15:09:14.841+0000] {dag.py:3947} INFO - Setting next_dagrun for pipeline_one_off to None, run_after=None
[2026-01-20T15:09:14.865+0000] {processor.py:183} INFO - Processing /opt/airflow/dags/pipeline_one_off.py took 0.106 seconds
[2026-01-20T15:09:45.120+0000] {processor.py:161} INFO - Started process (PID=22296) to work on /opt/airflow/dags/pipeline_one_off.py
[2026-01-20T15:09:45.121+0000] {processor.py:830} INFO - Processing file /opt/airflow/dags/pipeline_one_off.py for tasks to queue
[2026-01-20T15:09:45.123+0000] {logging_mixin.py:188} INFO - [2026-01-20T15:09:45.123+0000] {dagbag.py:545} INFO - Filling up the DagBag from /opt/airflow/dags/pipeline_one_off.py
[2026-01-20T15:09:45.146+0000] {processor.py:840} INFO - DAG(s) 'pipeline_one_off' retrieved from /opt/airflow/dags/pipeline_one_off.py
[2026-01-20T15:09:45.181+0000] {logging_mixin.py:188} INFO - [2026-01-20T15:09:45.181+0000] {dag.py:3089} INFO - Sync 1 DAGs
[2026-01-20T15:09:45.194+0000] {logging_mixin.py:188} INFO - [2026-01-20T15:09:45.193+0000] {dag.py:3947} INFO - Setting next_dagrun for pipeline_one_off to None, run_after=None
[2026-01-20T15:09:45.215+0000] {processor.py:183} INFO - Processing /opt/airflow/dags/pipeline_one_off.py took 0.101 seconds
[2026-01-20T15:10:15.471+0000] {processor.py:161} INFO - Started process (PID=22309) to work on /opt/airflow/dags/pipeline_one_off.py
[2026-01-20T15:10:15.473+0000] {processor.py:830} INFO - Processing file /opt/airflow/dags/pipeline_one_off.py for tasks to queue
[2026-01-20T15:10:15.476+0000] {logging_mixin.py:188} INFO - [2026-01-20T15:10:15.476+0000] {dagbag.py:545} INFO - Filling up the DagBag from /opt/airflow/dags/pipeline_one_off.py
[2026-01-20T15:10:15.501+0000] {processor.py:840} INFO - DAG(s) 'pipeline_one_off' retrieved from /opt/airflow/dags/pipeline_one_off.py
[2026-01-20T15:10:15.543+0000] {logging_mixin.py:188} INFO - [2026-01-20T15:10:15.543+0000] {dag.py:3089} INFO - Sync 1 DAGs
[2026-01-20T15:10:15.558+0000] {logging_mixin.py:188} INFO - [2026-01-20T15:10:15.558+0000] {dag.py:3947} INFO - Setting next_dagrun for pipeline_one_off to None, run_after=None
[2026-01-20T15:10:15.584+0000] {processor.py:183} INFO - Processing /opt/airflow/dags/pipeline_one_off.py took 0.121 seconds
[2026-01-20T15:10:45.835+0000] {processor.py:161} INFO - Started process (PID=22319) to work on /opt/airflow/dags/pipeline_one_off.py
[2026-01-20T15:10:45.837+0000] {processor.py:830} INFO - Processing file /opt/airflow/dags/pipeline_one_off.py for tasks to queue
[2026-01-20T15:10:45.840+0000] {logging_mixin.py:188} INFO - [2026-01-20T15:10:45.839+0000] {dagbag.py:545} INFO - Filling up the DagBag from /opt/airflow/dags/pipeline_one_off.py
[2026-01-20T15:10:45.865+0000] {processor.py:840} INFO - DAG(s) 'pipeline_one_off' retrieved from /opt/airflow/dags/pipeline_one_off.py
[2026-01-20T15:10:45.906+0000] {logging_mixin.py:188} INFO - [2026-01-20T15:10:45.905+0000] {dag.py:3089} INFO - Sync 1 DAGs
[2026-01-20T15:10:45.921+0000] {logging_mixin.py:188} INFO - [2026-01-20T15:10:45.921+0000] {dag.py:3947} INFO - Setting next_dagrun for pipeline_one_off to None, run_after=None
[2026-01-20T15:10:45.949+0000] {processor.py:183} INFO - Processing /opt/airflow/dags/pipeline_one_off.py took 0.120 seconds
[2026-01-20T15:11:16.195+0000] {processor.py:161} INFO - Started process (PID=22329) to work on /opt/airflow/dags/pipeline_one_off.py
[2026-01-20T15:11:16.197+0000] {processor.py:830} INFO - Processing file /opt/airflow/dags/pipeline_one_off.py for tasks to queue
[2026-01-20T15:11:16.201+0000] {logging_mixin.py:188} INFO - [2026-01-20T15:11:16.200+0000] {dagbag.py:545} INFO - Filling up the DagBag from /opt/airflow/dags/pipeline_one_off.py
[2026-01-20T15:11:16.227+0000] {processor.py:840} INFO - DAG(s) 'pipeline_one_off' retrieved from /opt/airflow/dags/pipeline_one_off.py
[2026-01-20T15:11:16.267+0000] {logging_mixin.py:188} INFO - [2026-01-20T15:11:16.267+0000] {dag.py:3089} INFO - Sync 1 DAGs
[2026-01-20T15:11:16.283+0000] {logging_mixin.py:188} INFO - [2026-01-20T15:11:16.283+0000] {dag.py:3947} INFO - Setting next_dagrun for pipeline_one_off to None, run_after=None
[2026-01-20T15:11:16.308+0000] {processor.py:183} INFO - Processing /opt/airflow/dags/pipeline_one_off.py took 0.119 seconds
[2026-01-20T15:11:46.556+0000] {processor.py:161} INFO - Started process (PID=22339) to work on /opt/airflow/dags/pipeline_one_off.py
[2026-01-20T15:11:46.558+0000] {processor.py:830} INFO - Processing file /opt/airflow/dags/pipeline_one_off.py for tasks to queue
[2026-01-20T15:11:46.560+0000] {logging_mixin.py:188} INFO - [2026-01-20T15:11:46.560+0000] {dagbag.py:545} INFO - Filling up the DagBag from /opt/airflow/dags/pipeline_one_off.py
[2026-01-20T15:11:46.584+0000] {processor.py:840} INFO - DAG(s) 'pipeline_one_off' retrieved from /opt/airflow/dags/pipeline_one_off.py
[2026-01-20T15:11:46.628+0000] {logging_mixin.py:188} INFO - [2026-01-20T15:11:46.628+0000] {dag.py:3089} INFO - Sync 1 DAGs
[2026-01-20T15:11:46.644+0000] {logging_mixin.py:188} INFO - [2026-01-20T15:11:46.643+0000] {dag.py:3947} INFO - Setting next_dagrun for pipeline_one_off to None, run_after=None
[2026-01-20T15:11:46.665+0000] {processor.py:183} INFO - Processing /opt/airflow/dags/pipeline_one_off.py took 0.116 seconds
[2026-01-20T15:12:16.937+0000] {processor.py:161} INFO - Started process (PID=22349) to work on /opt/airflow/dags/pipeline_one_off.py
[2026-01-20T15:12:16.939+0000] {processor.py:830} INFO - Processing file /opt/airflow/dags/pipeline_one_off.py for tasks to queue
[2026-01-20T15:12:16.941+0000] {logging_mixin.py:188} INFO - [2026-01-20T15:12:16.941+0000] {dagbag.py:545} INFO - Filling up the DagBag from /opt/airflow/dags/pipeline_one_off.py
[2026-01-20T15:12:16.967+0000] {processor.py:840} INFO - DAG(s) 'pipeline_one_off' retrieved from /opt/airflow/dags/pipeline_one_off.py
[2026-01-20T15:12:17.009+0000] {logging_mixin.py:188} INFO - [2026-01-20T15:12:17.009+0000] {dag.py:3089} INFO - Sync 1 DAGs
[2026-01-20T15:12:17.025+0000] {logging_mixin.py:188} INFO - [2026-01-20T15:12:17.025+0000] {dag.py:3947} INFO - Setting next_dagrun for pipeline_one_off to None, run_after=None
[2026-01-20T15:12:17.050+0000] {processor.py:183} INFO - Processing /opt/airflow/dags/pipeline_one_off.py took 0.124 seconds
[2026-01-20T15:12:47.335+0000] {processor.py:161} INFO - Started process (PID=22359) to work on /opt/airflow/dags/pipeline_one_off.py
[2026-01-20T15:12:47.337+0000] {processor.py:830} INFO - Processing file /opt/airflow/dags/pipeline_one_off.py for tasks to queue
[2026-01-20T15:12:47.340+0000] {logging_mixin.py:188} INFO - [2026-01-20T15:12:47.339+0000] {dagbag.py:545} INFO - Filling up the DagBag from /opt/airflow/dags/pipeline_one_off.py
[2026-01-20T15:12:47.361+0000] {processor.py:840} INFO - DAG(s) 'pipeline_one_off' retrieved from /opt/airflow/dags/pipeline_one_off.py
[2026-01-20T15:12:47.396+0000] {logging_mixin.py:188} INFO - [2026-01-20T15:12:47.396+0000] {dag.py:3089} INFO - Sync 1 DAGs
[2026-01-20T15:12:47.409+0000] {logging_mixin.py:188} INFO - [2026-01-20T15:12:47.409+0000] {dag.py:3947} INFO - Setting next_dagrun for pipeline_one_off to None, run_after=None
[2026-01-20T15:12:47.431+0000] {processor.py:183} INFO - Processing /opt/airflow/dags/pipeline_one_off.py took 0.102 seconds
[2026-01-20T15:13:17.694+0000] {processor.py:161} INFO - Started process (PID=22369) to work on /opt/airflow/dags/pipeline_one_off.py
[2026-01-20T15:13:17.696+0000] {processor.py:830} INFO - Processing file /opt/airflow/dags/pipeline_one_off.py for tasks to queue
[2026-01-20T15:13:17.699+0000] {logging_mixin.py:188} INFO - [2026-01-20T15:13:17.699+0000] {dagbag.py:545} INFO - Filling up the DagBag from /opt/airflow/dags/pipeline_one_off.py
[2026-01-20T15:13:17.724+0000] {processor.py:840} INFO - DAG(s) 'pipeline_one_off' retrieved from /opt/airflow/dags/pipeline_one_off.py
[2026-01-20T15:13:17.762+0000] {logging_mixin.py:188} INFO - [2026-01-20T15:13:17.762+0000] {dag.py:3089} INFO - Sync 1 DAGs
[2026-01-20T15:13:17.777+0000] {logging_mixin.py:188} INFO - [2026-01-20T15:13:17.777+0000] {dag.py:3947} INFO - Setting next_dagrun for pipeline_one_off to None, run_after=None
[2026-01-20T15:13:17.800+0000] {processor.py:183} INFO - Processing /opt/airflow/dags/pipeline_one_off.py took 0.113 seconds
[2026-01-20T15:13:48.053+0000] {processor.py:161} INFO - Started process (PID=22379) to work on /opt/airflow/dags/pipeline_one_off.py
[2026-01-20T15:13:48.055+0000] {processor.py:830} INFO - Processing file /opt/airflow/dags/pipeline_one_off.py for tasks to queue
[2026-01-20T15:13:48.057+0000] {logging_mixin.py:188} INFO - [2026-01-20T15:13:48.057+0000] {dagbag.py:545} INFO - Filling up the DagBag from /opt/airflow/dags/pipeline_one_off.py
[2026-01-20T15:13:48.079+0000] {processor.py:840} INFO - DAG(s) 'pipeline_one_off' retrieved from /opt/airflow/dags/pipeline_one_off.py
[2026-01-20T15:13:48.118+0000] {logging_mixin.py:188} INFO - [2026-01-20T15:13:48.117+0000] {dag.py:3089} INFO - Sync 1 DAGs
[2026-01-20T15:13:48.134+0000] {logging_mixin.py:188} INFO - [2026-01-20T15:13:48.134+0000] {dag.py:3947} INFO - Setting next_dagrun for pipeline_one_off to None, run_after=None
[2026-01-20T15:13:48.159+0000] {processor.py:183} INFO - Processing /opt/airflow/dags/pipeline_one_off.py took 0.113 seconds
[2026-01-20T15:14:18.456+0000] {processor.py:161} INFO - Started process (PID=22389) to work on /opt/airflow/dags/pipeline_one_off.py
[2026-01-20T15:14:18.458+0000] {processor.py:830} INFO - Processing file /opt/airflow/dags/pipeline_one_off.py for tasks to queue
[2026-01-20T15:14:18.460+0000] {logging_mixin.py:188} INFO - [2026-01-20T15:14:18.460+0000] {dagbag.py:545} INFO - Filling up the DagBag from /opt/airflow/dags/pipeline_one_off.py
[2026-01-20T15:14:18.490+0000] {processor.py:840} INFO - DAG(s) 'pipeline_one_off' retrieved from /opt/airflow/dags/pipeline_one_off.py
[2026-01-20T15:14:18.532+0000] {logging_mixin.py:188} INFO - [2026-01-20T15:14:18.532+0000] {dag.py:3089} INFO - Sync 1 DAGs
[2026-01-20T15:14:18.549+0000] {logging_mixin.py:188} INFO - [2026-01-20T15:14:18.549+0000] {dag.py:3947} INFO - Setting next_dagrun for pipeline_one_off to None, run_after=None
[2026-01-20T15:14:18.576+0000] {processor.py:183} INFO - Processing /opt/airflow/dags/pipeline_one_off.py took 0.127 seconds
[2026-01-20T15:14:48.859+0000] {processor.py:161} INFO - Started process (PID=22399) to work on /opt/airflow/dags/pipeline_one_off.py
[2026-01-20T15:14:48.860+0000] {processor.py:830} INFO - Processing file /opt/airflow/dags/pipeline_one_off.py for tasks to queue
[2026-01-20T15:14:48.862+0000] {logging_mixin.py:188} INFO - [2026-01-20T15:14:48.862+0000] {dagbag.py:545} INFO - Filling up the DagBag from /opt/airflow/dags/pipeline_one_off.py
[2026-01-20T15:14:48.885+0000] {processor.py:840} INFO - DAG(s) 'pipeline_one_off' retrieved from /opt/airflow/dags/pipeline_one_off.py
[2026-01-20T15:14:48.921+0000] {logging_mixin.py:188} INFO - [2026-01-20T15:14:48.921+0000] {dag.py:3089} INFO - Sync 1 DAGs
[2026-01-20T15:14:48.934+0000] {logging_mixin.py:188} INFO - [2026-01-20T15:14:48.933+0000] {dag.py:3947} INFO - Setting next_dagrun for pipeline_one_off to None, run_after=None
[2026-01-20T15:14:48.955+0000] {processor.py:183} INFO - Processing /opt/airflow/dags/pipeline_one_off.py took 0.103 seconds
[2026-01-20T15:15:19.210+0000] {processor.py:161} INFO - Started process (PID=22409) to work on /opt/airflow/dags/pipeline_one_off.py
[2026-01-20T15:15:19.211+0000] {processor.py:830} INFO - Processing file /opt/airflow/dags/pipeline_one_off.py for tasks to queue
[2026-01-20T15:15:19.214+0000] {logging_mixin.py:188} INFO - [2026-01-20T15:15:19.214+0000] {dagbag.py:545} INFO - Filling up the DagBag from /opt/airflow/dags/pipeline_one_off.py
[2026-01-20T15:15:19.238+0000] {processor.py:840} INFO - DAG(s) 'pipeline_one_off' retrieved from /opt/airflow/dags/pipeline_one_off.py
[2026-01-20T15:15:19.276+0000] {logging_mixin.py:188} INFO - [2026-01-20T15:15:19.276+0000] {dag.py:3089} INFO - Sync 1 DAGs
[2026-01-20T15:15:19.291+0000] {logging_mixin.py:188} INFO - [2026-01-20T15:15:19.290+0000] {dag.py:3947} INFO - Setting next_dagrun for pipeline_one_off to None, run_after=None
[2026-01-20T15:15:19.313+0000] {processor.py:183} INFO - Processing /opt/airflow/dags/pipeline_one_off.py took 0.110 seconds
[2026-01-20T15:15:49.566+0000] {processor.py:161} INFO - Started process (PID=22419) to work on /opt/airflow/dags/pipeline_one_off.py
[2026-01-20T15:15:49.567+0000] {processor.py:830} INFO - Processing file /opt/airflow/dags/pipeline_one_off.py for tasks to queue
[2026-01-20T15:15:49.569+0000] {logging_mixin.py:188} INFO - [2026-01-20T15:15:49.569+0000] {dagbag.py:545} INFO - Filling up the DagBag from /opt/airflow/dags/pipeline_one_off.py
[2026-01-20T15:15:49.591+0000] {processor.py:840} INFO - DAG(s) 'pipeline_one_off' retrieved from /opt/airflow/dags/pipeline_one_off.py
[2026-01-20T15:15:49.632+0000] {logging_mixin.py:188} INFO - [2026-01-20T15:15:49.632+0000] {dag.py:3089} INFO - Sync 1 DAGs
[2026-01-20T15:15:49.647+0000] {logging_mixin.py:188} INFO - [2026-01-20T15:15:49.646+0000] {dag.py:3947} INFO - Setting next_dagrun for pipeline_one_off to None, run_after=None
[2026-01-20T15:15:49.673+0000] {processor.py:183} INFO - Processing /opt/airflow/dags/pipeline_one_off.py took 0.114 seconds
[2026-01-20T15:16:19.924+0000] {processor.py:161} INFO - Started process (PID=22429) to work on /opt/airflow/dags/pipeline_one_off.py
[2026-01-20T15:16:19.926+0000] {processor.py:830} INFO - Processing file /opt/airflow/dags/pipeline_one_off.py for tasks to queue
[2026-01-20T15:16:19.928+0000] {logging_mixin.py:188} INFO - [2026-01-20T15:16:19.928+0000] {dagbag.py:545} INFO - Filling up the DagBag from /opt/airflow/dags/pipeline_one_off.py
[2026-01-20T15:16:19.952+0000] {processor.py:840} INFO - DAG(s) 'pipeline_one_off' retrieved from /opt/airflow/dags/pipeline_one_off.py
[2026-01-20T15:16:19.991+0000] {logging_mixin.py:188} INFO - [2026-01-20T15:16:19.991+0000] {dag.py:3089} INFO - Sync 1 DAGs
[2026-01-20T15:16:20.005+0000] {logging_mixin.py:188} INFO - [2026-01-20T15:16:20.005+0000] {dag.py:3947} INFO - Setting next_dagrun for pipeline_one_off to None, run_after=None
[2026-01-20T15:16:20.029+0000] {processor.py:183} INFO - Processing /opt/airflow/dags/pipeline_one_off.py took 0.111 seconds
[2026-01-20T15:16:50.296+0000] {processor.py:161} INFO - Started process (PID=22439) to work on /opt/airflow/dags/pipeline_one_off.py
[2026-01-20T15:16:50.297+0000] {processor.py:830} INFO - Processing file /opt/airflow/dags/pipeline_one_off.py for tasks to queue
[2026-01-20T15:16:50.300+0000] {logging_mixin.py:188} INFO - [2026-01-20T15:16:50.299+0000] {dagbag.py:545} INFO - Filling up the DagBag from /opt/airflow/dags/pipeline_one_off.py
[2026-01-20T15:16:50.322+0000] {processor.py:840} INFO - DAG(s) 'pipeline_one_off' retrieved from /opt/airflow/dags/pipeline_one_off.py
[2026-01-20T15:16:50.357+0000] {logging_mixin.py:188} INFO - [2026-01-20T15:16:50.357+0000] {dag.py:3089} INFO - Sync 1 DAGs
[2026-01-20T15:16:50.372+0000] {logging_mixin.py:188} INFO - [2026-01-20T15:16:50.371+0000] {dag.py:3947} INFO - Setting next_dagrun for pipeline_one_off to None, run_after=None
[2026-01-20T15:16:50.395+0000] {processor.py:183} INFO - Processing /opt/airflow/dags/pipeline_one_off.py took 0.107 seconds
[2026-01-20T15:17:20.691+0000] {processor.py:161} INFO - Started process (PID=22449) to work on /opt/airflow/dags/pipeline_one_off.py
[2026-01-20T15:17:20.692+0000] {processor.py:830} INFO - Processing file /opt/airflow/dags/pipeline_one_off.py for tasks to queue
[2026-01-20T15:17:20.696+0000] {logging_mixin.py:188} INFO - [2026-01-20T15:17:20.695+0000] {dagbag.py:545} INFO - Filling up the DagBag from /opt/airflow/dags/pipeline_one_off.py
[2026-01-20T15:17:20.717+0000] {processor.py:840} INFO - DAG(s) 'pipeline_one_off' retrieved from /opt/airflow/dags/pipeline_one_off.py
[2026-01-20T15:17:20.757+0000] {logging_mixin.py:188} INFO - [2026-01-20T15:17:20.757+0000] {dag.py:3089} INFO - Sync 1 DAGs
[2026-01-20T15:17:20.772+0000] {logging_mixin.py:188} INFO - [2026-01-20T15:17:20.771+0000] {dag.py:3947} INFO - Setting next_dagrun for pipeline_one_off to None, run_after=None
[2026-01-20T15:17:20.796+0000] {processor.py:183} INFO - Processing /opt/airflow/dags/pipeline_one_off.py took 0.112 seconds
[2026-01-20T15:17:51.095+0000] {processor.py:161} INFO - Started process (PID=22459) to work on /opt/airflow/dags/pipeline_one_off.py
[2026-01-20T15:17:51.096+0000] {processor.py:830} INFO - Processing file /opt/airflow/dags/pipeline_one_off.py for tasks to queue
[2026-01-20T15:17:51.099+0000] {logging_mixin.py:188} INFO - [2026-01-20T15:17:51.099+0000] {dagbag.py:545} INFO - Filling up the DagBag from /opt/airflow/dags/pipeline_one_off.py
[2026-01-20T15:17:51.122+0000] {processor.py:840} INFO - DAG(s) 'pipeline_one_off' retrieved from /opt/airflow/dags/pipeline_one_off.py
[2026-01-20T15:17:51.161+0000] {logging_mixin.py:188} INFO - [2026-01-20T15:17:51.161+0000] {dag.py:3089} INFO - Sync 1 DAGs
[2026-01-20T15:17:51.176+0000] {logging_mixin.py:188} INFO - [2026-01-20T15:17:51.176+0000] {dag.py:3947} INFO - Setting next_dagrun for pipeline_one_off to None, run_after=None
[2026-01-20T15:17:51.199+0000] {processor.py:183} INFO - Processing /opt/airflow/dags/pipeline_one_off.py took 0.113 seconds
[2026-01-20T15:18:21.492+0000] {processor.py:161} INFO - Started process (PID=22469) to work on /opt/airflow/dags/pipeline_one_off.py
[2026-01-20T15:18:21.493+0000] {processor.py:830} INFO - Processing file /opt/airflow/dags/pipeline_one_off.py for tasks to queue
[2026-01-20T15:18:21.497+0000] {logging_mixin.py:188} INFO - [2026-01-20T15:18:21.496+0000] {dagbag.py:545} INFO - Filling up the DagBag from /opt/airflow/dags/pipeline_one_off.py
[2026-01-20T15:18:21.519+0000] {processor.py:840} INFO - DAG(s) 'pipeline_one_off' retrieved from /opt/airflow/dags/pipeline_one_off.py
[2026-01-20T15:18:21.555+0000] {logging_mixin.py:188} INFO - [2026-01-20T15:18:21.555+0000] {dag.py:3089} INFO - Sync 1 DAGs
[2026-01-20T15:18:21.568+0000] {logging_mixin.py:188} INFO - [2026-01-20T15:18:21.568+0000] {dag.py:3947} INFO - Setting next_dagrun for pipeline_one_off to None, run_after=None
[2026-01-20T15:18:21.592+0000] {processor.py:183} INFO - Processing /opt/airflow/dags/pipeline_one_off.py took 0.107 seconds
[2026-01-20T15:18:51.863+0000] {processor.py:161} INFO - Started process (PID=22479) to work on /opt/airflow/dags/pipeline_one_off.py
[2026-01-20T15:18:51.865+0000] {processor.py:830} INFO - Processing file /opt/airflow/dags/pipeline_one_off.py for tasks to queue
[2026-01-20T15:18:51.868+0000] {logging_mixin.py:188} INFO - [2026-01-20T15:18:51.868+0000] {dagbag.py:545} INFO - Filling up the DagBag from /opt/airflow/dags/pipeline_one_off.py
[2026-01-20T15:18:51.892+0000] {processor.py:840} INFO - DAG(s) 'pipeline_one_off' retrieved from /opt/airflow/dags/pipeline_one_off.py
[2026-01-20T15:18:51.935+0000] {logging_mixin.py:188} INFO - [2026-01-20T15:18:51.935+0000] {dag.py:3089} INFO - Sync 1 DAGs
[2026-01-20T15:18:51.950+0000] {logging_mixin.py:188} INFO - [2026-01-20T15:18:51.950+0000] {dag.py:3947} INFO - Setting next_dagrun for pipeline_one_off to None, run_after=None
[2026-01-20T15:18:51.977+0000] {processor.py:183} INFO - Processing /opt/airflow/dags/pipeline_one_off.py took 0.122 seconds
[2026-01-20T15:19:22.236+0000] {processor.py:161} INFO - Started process (PID=22489) to work on /opt/airflow/dags/pipeline_one_off.py
[2026-01-20T15:19:22.237+0000] {processor.py:830} INFO - Processing file /opt/airflow/dags/pipeline_one_off.py for tasks to queue
[2026-01-20T15:19:22.239+0000] {logging_mixin.py:188} INFO - [2026-01-20T15:19:22.239+0000] {dagbag.py:545} INFO - Filling up the DagBag from /opt/airflow/dags/pipeline_one_off.py
[2026-01-20T15:19:22.263+0000] {processor.py:840} INFO - DAG(s) 'pipeline_one_off' retrieved from /opt/airflow/dags/pipeline_one_off.py
[2026-01-20T15:19:22.300+0000] {logging_mixin.py:188} INFO - [2026-01-20T15:19:22.300+0000] {dag.py:3089} INFO - Sync 1 DAGs
[2026-01-20T15:19:22.315+0000] {logging_mixin.py:188} INFO - [2026-01-20T15:19:22.315+0000] {dag.py:3947} INFO - Setting next_dagrun for pipeline_one_off to None, run_after=None
[2026-01-20T15:19:22.340+0000] {processor.py:183} INFO - Processing /opt/airflow/dags/pipeline_one_off.py took 0.111 seconds
[2026-01-20T15:19:52.592+0000] {processor.py:161} INFO - Started process (PID=22499) to work on /opt/airflow/dags/pipeline_one_off.py
[2026-01-20T15:19:52.593+0000] {processor.py:830} INFO - Processing file /opt/airflow/dags/pipeline_one_off.py for tasks to queue
[2026-01-20T15:19:52.596+0000] {logging_mixin.py:188} INFO - [2026-01-20T15:19:52.595+0000] {dagbag.py:545} INFO - Filling up the DagBag from /opt/airflow/dags/pipeline_one_off.py
[2026-01-20T15:19:52.619+0000] {processor.py:840} INFO - DAG(s) 'pipeline_one_off' retrieved from /opt/airflow/dags/pipeline_one_off.py
[2026-01-20T15:19:52.656+0000] {logging_mixin.py:188} INFO - [2026-01-20T15:19:52.656+0000] {dag.py:3089} INFO - Sync 1 DAGs
[2026-01-20T15:19:52.670+0000] {logging_mixin.py:188} INFO - [2026-01-20T15:19:52.670+0000] {dag.py:3947} INFO - Setting next_dagrun for pipeline_one_off to None, run_after=None
[2026-01-20T15:19:52.694+0000] {processor.py:183} INFO - Processing /opt/airflow/dags/pipeline_one_off.py took 0.109 seconds
[2026-01-20T15:20:22.938+0000] {processor.py:161} INFO - Started process (PID=22512) to work on /opt/airflow/dags/pipeline_one_off.py
[2026-01-20T15:20:22.939+0000] {processor.py:830} INFO - Processing file /opt/airflow/dags/pipeline_one_off.py for tasks to queue
[2026-01-20T15:20:22.942+0000] {logging_mixin.py:188} INFO - [2026-01-20T15:20:22.941+0000] {dagbag.py:545} INFO - Filling up the DagBag from /opt/airflow/dags/pipeline_one_off.py
[2026-01-20T15:20:22.965+0000] {processor.py:840} INFO - DAG(s) 'pipeline_one_off' retrieved from /opt/airflow/dags/pipeline_one_off.py
[2026-01-20T15:20:23.003+0000] {logging_mixin.py:188} INFO - [2026-01-20T15:20:23.003+0000] {dag.py:3089} INFO - Sync 1 DAGs
[2026-01-20T15:20:23.017+0000] {logging_mixin.py:188} INFO - [2026-01-20T15:20:23.017+0000] {dag.py:3947} INFO - Setting next_dagrun for pipeline_one_off to None, run_after=None
[2026-01-20T15:20:23.040+0000] {processor.py:183} INFO - Processing /opt/airflow/dags/pipeline_one_off.py took 0.109 seconds
[2026-01-20T15:20:53.286+0000] {processor.py:161} INFO - Started process (PID=22522) to work on /opt/airflow/dags/pipeline_one_off.py
[2026-01-20T15:20:53.288+0000] {processor.py:830} INFO - Processing file /opt/airflow/dags/pipeline_one_off.py for tasks to queue
[2026-01-20T15:20:53.290+0000] {logging_mixin.py:188} INFO - [2026-01-20T15:20:53.290+0000] {dagbag.py:545} INFO - Filling up the DagBag from /opt/airflow/dags/pipeline_one_off.py
[2026-01-20T15:20:53.314+0000] {processor.py:840} INFO - DAG(s) 'pipeline_one_off' retrieved from /opt/airflow/dags/pipeline_one_off.py
[2026-01-20T15:20:53.355+0000] {logging_mixin.py:188} INFO - [2026-01-20T15:20:53.354+0000] {dag.py:3089} INFO - Sync 1 DAGs
[2026-01-20T15:20:53.369+0000] {logging_mixin.py:188} INFO - [2026-01-20T15:20:53.369+0000] {dag.py:3947} INFO - Setting next_dagrun for pipeline_one_off to None, run_after=None
[2026-01-20T15:20:53.393+0000] {processor.py:183} INFO - Processing /opt/airflow/dags/pipeline_one_off.py took 0.114 seconds
[2026-01-20T15:21:23.662+0000] {processor.py:161} INFO - Started process (PID=22532) to work on /opt/airflow/dags/pipeline_one_off.py
[2026-01-20T15:21:23.664+0000] {processor.py:830} INFO - Processing file /opt/airflow/dags/pipeline_one_off.py for tasks to queue
[2026-01-20T15:21:23.670+0000] {logging_mixin.py:188} INFO - [2026-01-20T15:21:23.668+0000] {dagbag.py:545} INFO - Filling up the DagBag from /opt/airflow/dags/pipeline_one_off.py
[2026-01-20T15:21:23.702+0000] {processor.py:840} INFO - DAG(s) 'pipeline_one_off' retrieved from /opt/airflow/dags/pipeline_one_off.py
[2026-01-20T15:21:23.773+0000] {logging_mixin.py:188} INFO - [2026-01-20T15:21:23.772+0000] {dag.py:3089} INFO - Sync 1 DAGs
[2026-01-20T15:21:23.803+0000] {logging_mixin.py:188} INFO - [2026-01-20T15:21:23.802+0000] {dag.py:3947} INFO - Setting next_dagrun for pipeline_one_off to None, run_after=None
[2026-01-20T15:21:23.846+0000] {processor.py:183} INFO - Processing /opt/airflow/dags/pipeline_one_off.py took 0.195 seconds
[2026-01-20T15:21:54.114+0000] {processor.py:161} INFO - Started process (PID=22542) to work on /opt/airflow/dags/pipeline_one_off.py
[2026-01-20T15:21:54.115+0000] {processor.py:830} INFO - Processing file /opt/airflow/dags/pipeline_one_off.py for tasks to queue
[2026-01-20T15:21:54.118+0000] {logging_mixin.py:188} INFO - [2026-01-20T15:21:54.117+0000] {dagbag.py:545} INFO - Filling up the DagBag from /opt/airflow/dags/pipeline_one_off.py
[2026-01-20T15:21:54.145+0000] {processor.py:840} INFO - DAG(s) 'pipeline_one_off' retrieved from /opt/airflow/dags/pipeline_one_off.py
[2026-01-20T15:21:54.182+0000] {logging_mixin.py:188} INFO - [2026-01-20T15:21:54.182+0000] {dag.py:3089} INFO - Sync 1 DAGs
[2026-01-20T15:21:54.197+0000] {logging_mixin.py:188} INFO - [2026-01-20T15:21:54.197+0000] {dag.py:3947} INFO - Setting next_dagrun for pipeline_one_off to None, run_after=None
[2026-01-20T15:21:54.222+0000] {processor.py:183} INFO - Processing /opt/airflow/dags/pipeline_one_off.py took 0.115 seconds
[2026-01-20T15:22:24.473+0000] {processor.py:161} INFO - Started process (PID=22552) to work on /opt/airflow/dags/pipeline_one_off.py
[2026-01-20T15:22:24.475+0000] {processor.py:830} INFO - Processing file /opt/airflow/dags/pipeline_one_off.py for tasks to queue
[2026-01-20T15:22:24.477+0000] {logging_mixin.py:188} INFO - [2026-01-20T15:22:24.476+0000] {dagbag.py:545} INFO - Filling up the DagBag from /opt/airflow/dags/pipeline_one_off.py
[2026-01-20T15:22:24.501+0000] {processor.py:840} INFO - DAG(s) 'pipeline_one_off' retrieved from /opt/airflow/dags/pipeline_one_off.py
[2026-01-20T15:22:24.540+0000] {logging_mixin.py:188} INFO - [2026-01-20T15:22:24.539+0000] {dag.py:3089} INFO - Sync 1 DAGs
[2026-01-20T15:22:24.555+0000] {logging_mixin.py:188} INFO - [2026-01-20T15:22:24.555+0000] {dag.py:3947} INFO - Setting next_dagrun for pipeline_one_off to None, run_after=None
[2026-01-20T15:22:24.579+0000] {processor.py:183} INFO - Processing /opt/airflow/dags/pipeline_one_off.py took 0.112 seconds
[2026-01-20T15:22:54.828+0000] {processor.py:161} INFO - Started process (PID=22562) to work on /opt/airflow/dags/pipeline_one_off.py
[2026-01-20T15:22:54.829+0000] {processor.py:830} INFO - Processing file /opt/airflow/dags/pipeline_one_off.py for tasks to queue
[2026-01-20T15:22:54.831+0000] {logging_mixin.py:188} INFO - [2026-01-20T15:22:54.831+0000] {dagbag.py:545} INFO - Filling up the DagBag from /opt/airflow/dags/pipeline_one_off.py
[2026-01-20T15:22:54.854+0000] {processor.py:840} INFO - DAG(s) 'pipeline_one_off' retrieved from /opt/airflow/dags/pipeline_one_off.py
[2026-01-20T15:22:54.889+0000] {logging_mixin.py:188} INFO - [2026-01-20T15:22:54.889+0000] {dag.py:3089} INFO - Sync 1 DAGs
[2026-01-20T15:22:54.904+0000] {logging_mixin.py:188} INFO - [2026-01-20T15:22:54.904+0000] {dag.py:3947} INFO - Setting next_dagrun for pipeline_one_off to None, run_after=None
[2026-01-20T15:22:54.928+0000] {processor.py:183} INFO - Processing /opt/airflow/dags/pipeline_one_off.py took 0.107 seconds
[2026-01-20T15:23:25.174+0000] {processor.py:161} INFO - Started process (PID=22572) to work on /opt/airflow/dags/pipeline_one_off.py
[2026-01-20T15:23:25.175+0000] {processor.py:830} INFO - Processing file /opt/airflow/dags/pipeline_one_off.py for tasks to queue
[2026-01-20T15:23:25.178+0000] {logging_mixin.py:188} INFO - [2026-01-20T15:23:25.178+0000] {dagbag.py:545} INFO - Filling up the DagBag from /opt/airflow/dags/pipeline_one_off.py
[2026-01-20T15:23:25.202+0000] {processor.py:840} INFO - DAG(s) 'pipeline_one_off' retrieved from /opt/airflow/dags/pipeline_one_off.py
[2026-01-20T15:23:25.247+0000] {logging_mixin.py:188} INFO - [2026-01-20T15:23:25.246+0000] {dag.py:3089} INFO - Sync 1 DAGs
[2026-01-20T15:23:25.263+0000] {logging_mixin.py:188} INFO - [2026-01-20T15:23:25.263+0000] {dag.py:3947} INFO - Setting next_dagrun for pipeline_one_off to None, run_after=None
[2026-01-20T15:23:25.288+0000] {processor.py:183} INFO - Processing /opt/airflow/dags/pipeline_one_off.py took 0.121 seconds
[2026-01-20T15:23:55.530+0000] {processor.py:161} INFO - Started process (PID=22582) to work on /opt/airflow/dags/pipeline_one_off.py
[2026-01-20T15:23:55.531+0000] {processor.py:830} INFO - Processing file /opt/airflow/dags/pipeline_one_off.py for tasks to queue
[2026-01-20T15:23:55.534+0000] {logging_mixin.py:188} INFO - [2026-01-20T15:23:55.534+0000] {dagbag.py:545} INFO - Filling up the DagBag from /opt/airflow/dags/pipeline_one_off.py
[2026-01-20T15:23:55.560+0000] {processor.py:840} INFO - DAG(s) 'pipeline_one_off' retrieved from /opt/airflow/dags/pipeline_one_off.py
[2026-01-20T15:23:55.602+0000] {logging_mixin.py:188} INFO - [2026-01-20T15:23:55.602+0000] {dag.py:3089} INFO - Sync 1 DAGs
[2026-01-20T15:23:55.615+0000] {logging_mixin.py:188} INFO - [2026-01-20T15:23:55.615+0000] {dag.py:3947} INFO - Setting next_dagrun for pipeline_one_off to None, run_after=None
[2026-01-20T15:23:55.638+0000] {processor.py:183} INFO - Processing /opt/airflow/dags/pipeline_one_off.py took 0.115 seconds
[2026-01-20T15:24:25.898+0000] {processor.py:161} INFO - Started process (PID=22592) to work on /opt/airflow/dags/pipeline_one_off.py
[2026-01-20T15:24:25.899+0000] {processor.py:830} INFO - Processing file /opt/airflow/dags/pipeline_one_off.py for tasks to queue
[2026-01-20T15:24:25.902+0000] {logging_mixin.py:188} INFO - [2026-01-20T15:24:25.902+0000] {dagbag.py:545} INFO - Filling up the DagBag from /opt/airflow/dags/pipeline_one_off.py
[2026-01-20T15:24:25.926+0000] {processor.py:840} INFO - DAG(s) 'pipeline_one_off' retrieved from /opt/airflow/dags/pipeline_one_off.py
[2026-01-20T15:24:25.966+0000] {logging_mixin.py:188} INFO - [2026-01-20T15:24:25.966+0000] {dag.py:3089} INFO - Sync 1 DAGs
[2026-01-20T15:24:25.980+0000] {logging_mixin.py:188} INFO - [2026-01-20T15:24:25.980+0000] {dag.py:3947} INFO - Setting next_dagrun for pipeline_one_off to None, run_after=None
[2026-01-20T15:24:26.001+0000] {processor.py:183} INFO - Processing /opt/airflow/dags/pipeline_one_off.py took 0.110 seconds
[2026-01-20T15:24:56.296+0000] {processor.py:161} INFO - Started process (PID=22602) to work on /opt/airflow/dags/pipeline_one_off.py
[2026-01-20T15:24:56.297+0000] {processor.py:830} INFO - Processing file /opt/airflow/dags/pipeline_one_off.py for tasks to queue
[2026-01-20T15:24:56.300+0000] {logging_mixin.py:188} INFO - [2026-01-20T15:24:56.299+0000] {dagbag.py:545} INFO - Filling up the DagBag from /opt/airflow/dags/pipeline_one_off.py
[2026-01-20T15:24:56.323+0000] {processor.py:840} INFO - DAG(s) 'pipeline_one_off' retrieved from /opt/airflow/dags/pipeline_one_off.py
[2026-01-20T15:24:56.362+0000] {logging_mixin.py:188} INFO - [2026-01-20T15:24:56.361+0000] {dag.py:3089} INFO - Sync 1 DAGs
[2026-01-20T15:24:56.376+0000] {logging_mixin.py:188} INFO - [2026-01-20T15:24:56.376+0000] {dag.py:3947} INFO - Setting next_dagrun for pipeline_one_off to None, run_after=None
[2026-01-20T15:24:56.398+0000] {processor.py:183} INFO - Processing /opt/airflow/dags/pipeline_one_off.py took 0.109 seconds
[2026-01-20T15:25:26.650+0000] {processor.py:161} INFO - Started process (PID=22612) to work on /opt/airflow/dags/pipeline_one_off.py
[2026-01-20T15:25:26.652+0000] {processor.py:830} INFO - Processing file /opt/airflow/dags/pipeline_one_off.py for tasks to queue
[2026-01-20T15:25:26.654+0000] {logging_mixin.py:188} INFO - [2026-01-20T15:25:26.654+0000] {dagbag.py:545} INFO - Filling up the DagBag from /opt/airflow/dags/pipeline_one_off.py
[2026-01-20T15:25:26.677+0000] {processor.py:840} INFO - DAG(s) 'pipeline_one_off' retrieved from /opt/airflow/dags/pipeline_one_off.py
[2026-01-20T15:25:26.716+0000] {logging_mixin.py:188} INFO - [2026-01-20T15:25:26.715+0000] {dag.py:3089} INFO - Sync 1 DAGs
[2026-01-20T15:25:26.730+0000] {logging_mixin.py:188} INFO - [2026-01-20T15:25:26.730+0000] {dag.py:3947} INFO - Setting next_dagrun for pipeline_one_off to None, run_after=None
[2026-01-20T15:25:26.754+0000] {processor.py:183} INFO - Processing /opt/airflow/dags/pipeline_one_off.py took 0.111 seconds
[2026-01-20T15:25:57.021+0000] {processor.py:161} INFO - Started process (PID=22622) to work on /opt/airflow/dags/pipeline_one_off.py
[2026-01-20T15:25:57.023+0000] {processor.py:830} INFO - Processing file /opt/airflow/dags/pipeline_one_off.py for tasks to queue
[2026-01-20T15:25:57.025+0000] {logging_mixin.py:188} INFO - [2026-01-20T15:25:57.025+0000] {dagbag.py:545} INFO - Filling up the DagBag from /opt/airflow/dags/pipeline_one_off.py
[2026-01-20T15:25:57.049+0000] {processor.py:840} INFO - DAG(s) 'pipeline_one_off' retrieved from /opt/airflow/dags/pipeline_one_off.py
[2026-01-20T15:25:57.088+0000] {logging_mixin.py:188} INFO - [2026-01-20T15:25:57.088+0000] {dag.py:3089} INFO - Sync 1 DAGs
[2026-01-20T15:25:57.102+0000] {logging_mixin.py:188} INFO - [2026-01-20T15:25:57.102+0000] {dag.py:3947} INFO - Setting next_dagrun for pipeline_one_off to None, run_after=None
[2026-01-20T15:25:57.126+0000] {processor.py:183} INFO - Processing /opt/airflow/dags/pipeline_one_off.py took 0.112 seconds
[2026-01-20T15:26:27.382+0000] {processor.py:161} INFO - Started process (PID=22632) to work on /opt/airflow/dags/pipeline_one_off.py
[2026-01-20T15:26:27.383+0000] {processor.py:830} INFO - Processing file /opt/airflow/dags/pipeline_one_off.py for tasks to queue
[2026-01-20T15:26:27.386+0000] {logging_mixin.py:188} INFO - [2026-01-20T15:26:27.385+0000] {dagbag.py:545} INFO - Filling up the DagBag from /opt/airflow/dags/pipeline_one_off.py
[2026-01-20T15:26:27.409+0000] {processor.py:840} INFO - DAG(s) 'pipeline_one_off' retrieved from /opt/airflow/dags/pipeline_one_off.py
[2026-01-20T15:26:27.445+0000] {logging_mixin.py:188} INFO - [2026-01-20T15:26:27.444+0000] {dag.py:3089} INFO - Sync 1 DAGs
[2026-01-20T15:26:27.457+0000] {logging_mixin.py:188} INFO - [2026-01-20T15:26:27.457+0000] {dag.py:3947} INFO - Setting next_dagrun for pipeline_one_off to None, run_after=None
[2026-01-20T15:26:27.478+0000] {processor.py:183} INFO - Processing /opt/airflow/dags/pipeline_one_off.py took 0.103 seconds
[2026-01-20T15:26:57.731+0000] {processor.py:161} INFO - Started process (PID=22642) to work on /opt/airflow/dags/pipeline_one_off.py
[2026-01-20T15:26:57.733+0000] {processor.py:830} INFO - Processing file /opt/airflow/dags/pipeline_one_off.py for tasks to queue
[2026-01-20T15:26:57.735+0000] {logging_mixin.py:188} INFO - [2026-01-20T15:26:57.735+0000] {dagbag.py:545} INFO - Filling up the DagBag from /opt/airflow/dags/pipeline_one_off.py
[2026-01-20T15:26:57.758+0000] {processor.py:840} INFO - DAG(s) 'pipeline_one_off' retrieved from /opt/airflow/dags/pipeline_one_off.py
[2026-01-20T15:26:57.793+0000] {logging_mixin.py:188} INFO - [2026-01-20T15:26:57.792+0000] {dag.py:3089} INFO - Sync 1 DAGs
[2026-01-20T15:26:57.808+0000] {logging_mixin.py:188} INFO - [2026-01-20T15:26:57.808+0000] {dag.py:3947} INFO - Setting next_dagrun for pipeline_one_off to None, run_after=None
[2026-01-20T15:26:57.831+0000] {processor.py:183} INFO - Processing /opt/airflow/dags/pipeline_one_off.py took 0.106 seconds
[2026-01-20T15:27:28.080+0000] {processor.py:161} INFO - Started process (PID=22652) to work on /opt/airflow/dags/pipeline_one_off.py
[2026-01-20T15:27:28.081+0000] {processor.py:830} INFO - Processing file /opt/airflow/dags/pipeline_one_off.py for tasks to queue
[2026-01-20T15:27:28.084+0000] {logging_mixin.py:188} INFO - [2026-01-20T15:27:28.084+0000] {dagbag.py:545} INFO - Filling up the DagBag from /opt/airflow/dags/pipeline_one_off.py
[2026-01-20T15:27:28.108+0000] {processor.py:840} INFO - DAG(s) 'pipeline_one_off' retrieved from /opt/airflow/dags/pipeline_one_off.py
[2026-01-20T15:27:28.144+0000] {logging_mixin.py:188} INFO - [2026-01-20T15:27:28.144+0000] {dag.py:3089} INFO - Sync 1 DAGs
[2026-01-20T15:27:28.160+0000] {logging_mixin.py:188} INFO - [2026-01-20T15:27:28.159+0000] {dag.py:3947} INFO - Setting next_dagrun for pipeline_one_off to None, run_after=None
[2026-01-20T15:27:28.181+0000] {processor.py:183} INFO - Processing /opt/airflow/dags/pipeline_one_off.py took 0.108 seconds
[2026-01-20T15:27:58.449+0000] {processor.py:161} INFO - Started process (PID=22662) to work on /opt/airflow/dags/pipeline_one_off.py
[2026-01-20T15:27:58.451+0000] {processor.py:830} INFO - Processing file /opt/airflow/dags/pipeline_one_off.py for tasks to queue
[2026-01-20T15:27:58.453+0000] {logging_mixin.py:188} INFO - [2026-01-20T15:27:58.452+0000] {dagbag.py:545} INFO - Filling up the DagBag from /opt/airflow/dags/pipeline_one_off.py
[2026-01-20T15:27:58.476+0000] {processor.py:840} INFO - DAG(s) 'pipeline_one_off' retrieved from /opt/airflow/dags/pipeline_one_off.py
[2026-01-20T15:27:58.512+0000] {logging_mixin.py:188} INFO - [2026-01-20T15:27:58.512+0000] {dag.py:3089} INFO - Sync 1 DAGs
[2026-01-20T15:27:58.525+0000] {logging_mixin.py:188} INFO - [2026-01-20T15:27:58.524+0000] {dag.py:3947} INFO - Setting next_dagrun for pipeline_one_off to None, run_after=None
[2026-01-20T15:27:58.549+0000] {processor.py:183} INFO - Processing /opt/airflow/dags/pipeline_one_off.py took 0.106 seconds
[2026-01-20T15:28:28.844+0000] {processor.py:161} INFO - Started process (PID=22672) to work on /opt/airflow/dags/pipeline_one_off.py
[2026-01-20T15:28:28.846+0000] {processor.py:830} INFO - Processing file /opt/airflow/dags/pipeline_one_off.py for tasks to queue
[2026-01-20T15:28:28.848+0000] {logging_mixin.py:188} INFO - [2026-01-20T15:28:28.847+0000] {dagbag.py:545} INFO - Filling up the DagBag from /opt/airflow/dags/pipeline_one_off.py
[2026-01-20T15:28:28.873+0000] {processor.py:840} INFO - DAG(s) 'pipeline_one_off' retrieved from /opt/airflow/dags/pipeline_one_off.py
[2026-01-20T15:28:28.910+0000] {logging_mixin.py:188} INFO - [2026-01-20T15:28:28.910+0000] {dag.py:3089} INFO - Sync 1 DAGs
[2026-01-20T15:28:28.925+0000] {logging_mixin.py:188} INFO - [2026-01-20T15:28:28.925+0000] {dag.py:3947} INFO - Setting next_dagrun for pipeline_one_off to None, run_after=None
[2026-01-20T15:28:28.946+0000] {processor.py:183} INFO - Processing /opt/airflow/dags/pipeline_one_off.py took 0.109 seconds
[2026-01-20T15:28:59.244+0000] {processor.py:161} INFO - Started process (PID=22682) to work on /opt/airflow/dags/pipeline_one_off.py
[2026-01-20T15:28:59.245+0000] {processor.py:830} INFO - Processing file /opt/airflow/dags/pipeline_one_off.py for tasks to queue
[2026-01-20T15:28:59.248+0000] {logging_mixin.py:188} INFO - [2026-01-20T15:28:59.248+0000] {dagbag.py:545} INFO - Filling up the DagBag from /opt/airflow/dags/pipeline_one_off.py
[2026-01-20T15:28:59.273+0000] {processor.py:840} INFO - DAG(s) 'pipeline_one_off' retrieved from /opt/airflow/dags/pipeline_one_off.py
[2026-01-20T15:28:59.310+0000] {logging_mixin.py:188} INFO - [2026-01-20T15:28:59.309+0000] {dag.py:3089} INFO - Sync 1 DAGs
[2026-01-20T15:28:59.323+0000] {logging_mixin.py:188} INFO - [2026-01-20T15:28:59.323+0000] {dag.py:3947} INFO - Setting next_dagrun for pipeline_one_off to None, run_after=None
[2026-01-20T15:28:59.345+0000] {processor.py:183} INFO - Processing /opt/airflow/dags/pipeline_one_off.py took 0.109 seconds
[2026-01-20T15:29:29.599+0000] {processor.py:161} INFO - Started process (PID=22692) to work on /opt/airflow/dags/pipeline_one_off.py
[2026-01-20T15:29:29.600+0000] {processor.py:830} INFO - Processing file /opt/airflow/dags/pipeline_one_off.py for tasks to queue
[2026-01-20T15:29:29.602+0000] {logging_mixin.py:188} INFO - [2026-01-20T15:29:29.602+0000] {dagbag.py:545} INFO - Filling up the DagBag from /opt/airflow/dags/pipeline_one_off.py
[2026-01-20T15:29:29.627+0000] {processor.py:840} INFO - DAG(s) 'pipeline_one_off' retrieved from /opt/airflow/dags/pipeline_one_off.py
[2026-01-20T15:29:29.662+0000] {logging_mixin.py:188} INFO - [2026-01-20T15:29:29.662+0000] {dag.py:3089} INFO - Sync 1 DAGs
[2026-01-20T15:29:29.674+0000] {logging_mixin.py:188} INFO - [2026-01-20T15:29:29.674+0000] {dag.py:3947} INFO - Setting next_dagrun for pipeline_one_off to None, run_after=None
[2026-01-20T15:29:29.700+0000] {processor.py:183} INFO - Processing /opt/airflow/dags/pipeline_one_off.py took 0.108 seconds
[2026-01-20T15:29:59.950+0000] {processor.py:161} INFO - Started process (PID=22702) to work on /opt/airflow/dags/pipeline_one_off.py
[2026-01-20T15:29:59.952+0000] {processor.py:830} INFO - Processing file /opt/airflow/dags/pipeline_one_off.py for tasks to queue
[2026-01-20T15:29:59.954+0000] {logging_mixin.py:188} INFO - [2026-01-20T15:29:59.954+0000] {dagbag.py:545} INFO - Filling up the DagBag from /opt/airflow/dags/pipeline_one_off.py
[2026-01-20T15:29:59.990+0000] {processor.py:840} INFO - DAG(s) 'pipeline_one_off' retrieved from /opt/airflow/dags/pipeline_one_off.py
[2026-01-20T15:30:00.047+0000] {logging_mixin.py:188} INFO - [2026-01-20T15:30:00.047+0000] {dag.py:3089} INFO - Sync 1 DAGs
[2026-01-20T15:30:00.062+0000] {logging_mixin.py:188} INFO - [2026-01-20T15:30:00.061+0000] {dag.py:3947} INFO - Setting next_dagrun for pipeline_one_off to None, run_after=None
[2026-01-20T15:30:00.085+0000] {processor.py:183} INFO - Processing /opt/airflow/dags/pipeline_one_off.py took 0.146 seconds
[2026-01-20T15:30:30.323+0000] {processor.py:161} INFO - Started process (PID=22715) to work on /opt/airflow/dags/pipeline_one_off.py
[2026-01-20T15:30:30.324+0000] {processor.py:830} INFO - Processing file /opt/airflow/dags/pipeline_one_off.py for tasks to queue
[2026-01-20T15:30:30.326+0000] {logging_mixin.py:188} INFO - [2026-01-20T15:30:30.326+0000] {dagbag.py:545} INFO - Filling up the DagBag from /opt/airflow/dags/pipeline_one_off.py
[2026-01-20T15:30:30.348+0000] {processor.py:840} INFO - DAG(s) 'pipeline_one_off' retrieved from /opt/airflow/dags/pipeline_one_off.py
[2026-01-20T15:30:30.379+0000] {logging_mixin.py:188} INFO - [2026-01-20T15:30:30.379+0000] {dag.py:3089} INFO - Sync 1 DAGs
[2026-01-20T15:30:30.392+0000] {logging_mixin.py:188} INFO - [2026-01-20T15:30:30.392+0000] {dag.py:3947} INFO - Setting next_dagrun for pipeline_one_off to None, run_after=None
[2026-01-20T15:30:30.416+0000] {processor.py:183} INFO - Processing /opt/airflow/dags/pipeline_one_off.py took 0.100 seconds
[2026-01-20T15:31:00.670+0000] {processor.py:161} INFO - Started process (PID=22725) to work on /opt/airflow/dags/pipeline_one_off.py
[2026-01-20T15:31:00.672+0000] {processor.py:830} INFO - Processing file /opt/airflow/dags/pipeline_one_off.py for tasks to queue
[2026-01-20T15:31:00.675+0000] {logging_mixin.py:188} INFO - [2026-01-20T15:31:00.674+0000] {dagbag.py:545} INFO - Filling up the DagBag from /opt/airflow/dags/pipeline_one_off.py
[2026-01-20T15:31:00.699+0000] {processor.py:840} INFO - DAG(s) 'pipeline_one_off' retrieved from /opt/airflow/dags/pipeline_one_off.py
[2026-01-20T15:31:00.736+0000] {logging_mixin.py:188} INFO - [2026-01-20T15:31:00.736+0000] {dag.py:3089} INFO - Sync 1 DAGs
[2026-01-20T15:31:00.751+0000] {logging_mixin.py:188} INFO - [2026-01-20T15:31:00.751+0000] {dag.py:3947} INFO - Setting next_dagrun for pipeline_one_off to None, run_after=None
[2026-01-20T15:31:00.776+0000] {processor.py:183} INFO - Processing /opt/airflow/dags/pipeline_one_off.py took 0.112 seconds
[2026-01-20T15:31:31.024+0000] {processor.py:161} INFO - Started process (PID=22735) to work on /opt/airflow/dags/pipeline_one_off.py
[2026-01-20T15:31:31.026+0000] {processor.py:830} INFO - Processing file /opt/airflow/dags/pipeline_one_off.py for tasks to queue
[2026-01-20T15:31:31.029+0000] {logging_mixin.py:188} INFO - [2026-01-20T15:31:31.028+0000] {dagbag.py:545} INFO - Filling up the DagBag from /opt/airflow/dags/pipeline_one_off.py
[2026-01-20T15:31:31.054+0000] {processor.py:840} INFO - DAG(s) 'pipeline_one_off' retrieved from /opt/airflow/dags/pipeline_one_off.py
[2026-01-20T15:31:31.090+0000] {logging_mixin.py:188} INFO - [2026-01-20T15:31:31.089+0000] {dag.py:3089} INFO - Sync 1 DAGs
[2026-01-20T15:31:31.105+0000] {logging_mixin.py:188} INFO - [2026-01-20T15:31:31.105+0000] {dag.py:3947} INFO - Setting next_dagrun for pipeline_one_off to None, run_after=None
[2026-01-20T15:31:31.128+0000] {processor.py:183} INFO - Processing /opt/airflow/dags/pipeline_one_off.py took 0.111 seconds
[2026-01-20T15:32:01.373+0000] {processor.py:161} INFO - Started process (PID=22745) to work on /opt/airflow/dags/pipeline_one_off.py
[2026-01-20T15:32:01.374+0000] {processor.py:830} INFO - Processing file /opt/airflow/dags/pipeline_one_off.py for tasks to queue
[2026-01-20T15:32:01.376+0000] {logging_mixin.py:188} INFO - [2026-01-20T15:32:01.376+0000] {dagbag.py:545} INFO - Filling up the DagBag from /opt/airflow/dags/pipeline_one_off.py
[2026-01-20T15:32:01.412+0000] {processor.py:840} INFO - DAG(s) 'pipeline_one_off' retrieved from /opt/airflow/dags/pipeline_one_off.py
[2026-01-20T15:32:01.456+0000] {logging_mixin.py:188} INFO - [2026-01-20T15:32:01.456+0000] {dag.py:3089} INFO - Sync 1 DAGs
[2026-01-20T15:32:01.472+0000] {logging_mixin.py:188} INFO - [2026-01-20T15:32:01.471+0000] {dag.py:3947} INFO - Setting next_dagrun for pipeline_one_off to None, run_after=None
[2026-01-20T15:32:01.495+0000] {processor.py:183} INFO - Processing /opt/airflow/dags/pipeline_one_off.py took 0.130 seconds
[2026-01-20T15:32:31.740+0000] {processor.py:161} INFO - Started process (PID=22755) to work on /opt/airflow/dags/pipeline_one_off.py
[2026-01-20T15:32:31.741+0000] {processor.py:830} INFO - Processing file /opt/airflow/dags/pipeline_one_off.py for tasks to queue
[2026-01-20T15:32:31.744+0000] {logging_mixin.py:188} INFO - [2026-01-20T15:32:31.743+0000] {dagbag.py:545} INFO - Filling up the DagBag from /opt/airflow/dags/pipeline_one_off.py
[2026-01-20T15:32:31.768+0000] {processor.py:840} INFO - DAG(s) 'pipeline_one_off' retrieved from /opt/airflow/dags/pipeline_one_off.py
[2026-01-20T15:32:31.808+0000] {logging_mixin.py:188} INFO - [2026-01-20T15:32:31.808+0000] {dag.py:3089} INFO - Sync 1 DAGs
[2026-01-20T15:32:31.822+0000] {logging_mixin.py:188} INFO - [2026-01-20T15:32:31.822+0000] {dag.py:3947} INFO - Setting next_dagrun for pipeline_one_off to None, run_after=None
[2026-01-20T15:32:31.845+0000] {processor.py:183} INFO - Processing /opt/airflow/dags/pipeline_one_off.py took 0.113 seconds
[2026-01-20T15:33:02.114+0000] {processor.py:161} INFO - Started process (PID=22765) to work on /opt/airflow/dags/pipeline_one_off.py
[2026-01-20T15:33:02.116+0000] {processor.py:830} INFO - Processing file /opt/airflow/dags/pipeline_one_off.py for tasks to queue
[2026-01-20T15:33:02.119+0000] {logging_mixin.py:188} INFO - [2026-01-20T15:33:02.118+0000] {dagbag.py:545} INFO - Filling up the DagBag from /opt/airflow/dags/pipeline_one_off.py
[2026-01-20T15:33:02.143+0000] {processor.py:840} INFO - DAG(s) 'pipeline_one_off' retrieved from /opt/airflow/dags/pipeline_one_off.py
[2026-01-20T15:33:02.185+0000] {logging_mixin.py:188} INFO - [2026-01-20T15:33:02.185+0000] {dag.py:3089} INFO - Sync 1 DAGs
[2026-01-20T15:33:02.200+0000] {logging_mixin.py:188} INFO - [2026-01-20T15:33:02.199+0000] {dag.py:3947} INFO - Setting next_dagrun for pipeline_one_off to None, run_after=None
[2026-01-20T15:33:02.227+0000] {processor.py:183} INFO - Processing /opt/airflow/dags/pipeline_one_off.py took 0.121 seconds
[2026-01-20T15:33:32.514+0000] {processor.py:161} INFO - Started process (PID=22775) to work on /opt/airflow/dags/pipeline_one_off.py
[2026-01-20T15:33:32.515+0000] {processor.py:830} INFO - Processing file /opt/airflow/dags/pipeline_one_off.py for tasks to queue
[2026-01-20T15:33:32.518+0000] {logging_mixin.py:188} INFO - [2026-01-20T15:33:32.517+0000] {dagbag.py:545} INFO - Filling up the DagBag from /opt/airflow/dags/pipeline_one_off.py
[2026-01-20T15:33:32.542+0000] {processor.py:840} INFO - DAG(s) 'pipeline_one_off' retrieved from /opt/airflow/dags/pipeline_one_off.py
[2026-01-20T15:33:32.583+0000] {logging_mixin.py:188} INFO - [2026-01-20T15:33:32.582+0000] {dag.py:3089} INFO - Sync 1 DAGs
[2026-01-20T15:33:32.597+0000] {logging_mixin.py:188} INFO - [2026-01-20T15:33:32.597+0000] {dag.py:3947} INFO - Setting next_dagrun for pipeline_one_off to None, run_after=None
[2026-01-20T15:33:32.620+0000] {processor.py:183} INFO - Processing /opt/airflow/dags/pipeline_one_off.py took 0.115 seconds
[2026-01-20T15:34:02.867+0000] {processor.py:161} INFO - Started process (PID=22785) to work on /opt/airflow/dags/pipeline_one_off.py
[2026-01-20T15:34:02.869+0000] {processor.py:830} INFO - Processing file /opt/airflow/dags/pipeline_one_off.py for tasks to queue
[2026-01-20T15:34:02.872+0000] {logging_mixin.py:188} INFO - [2026-01-20T15:34:02.871+0000] {dagbag.py:545} INFO - Filling up the DagBag from /opt/airflow/dags/pipeline_one_off.py
[2026-01-20T15:34:02.896+0000] {processor.py:840} INFO - DAG(s) 'pipeline_one_off' retrieved from /opt/airflow/dags/pipeline_one_off.py
[2026-01-20T15:34:02.937+0000] {logging_mixin.py:188} INFO - [2026-01-20T15:34:02.936+0000] {dag.py:3089} INFO - Sync 1 DAGs
[2026-01-20T15:34:02.952+0000] {logging_mixin.py:188} INFO - [2026-01-20T15:34:02.952+0000] {dag.py:3947} INFO - Setting next_dagrun for pipeline_one_off to None, run_after=None
[2026-01-20T15:34:02.978+0000] {processor.py:183} INFO - Processing /opt/airflow/dags/pipeline_one_off.py took 0.118 seconds
[2026-01-20T15:34:33.223+0000] {processor.py:161} INFO - Started process (PID=22795) to work on /opt/airflow/dags/pipeline_one_off.py
[2026-01-20T15:34:33.225+0000] {processor.py:830} INFO - Processing file /opt/airflow/dags/pipeline_one_off.py for tasks to queue
[2026-01-20T15:34:33.228+0000] {logging_mixin.py:188} INFO - [2026-01-20T15:34:33.227+0000] {dagbag.py:545} INFO - Filling up the DagBag from /opt/airflow/dags/pipeline_one_off.py
[2026-01-20T15:34:33.251+0000] {processor.py:840} INFO - DAG(s) 'pipeline_one_off' retrieved from /opt/airflow/dags/pipeline_one_off.py
[2026-01-20T15:34:33.291+0000] {logging_mixin.py:188} INFO - [2026-01-20T15:34:33.290+0000] {dag.py:3089} INFO - Sync 1 DAGs
[2026-01-20T15:34:33.302+0000] {logging_mixin.py:188} INFO - [2026-01-20T15:34:33.302+0000] {dag.py:3947} INFO - Setting next_dagrun for pipeline_one_off to None, run_after=None
[2026-01-20T15:34:33.326+0000] {processor.py:183} INFO - Processing /opt/airflow/dags/pipeline_one_off.py took 0.110 seconds
[2026-01-20T15:35:03.566+0000] {processor.py:161} INFO - Started process (PID=22805) to work on /opt/airflow/dags/pipeline_one_off.py
[2026-01-20T15:35:03.567+0000] {processor.py:830} INFO - Processing file /opt/airflow/dags/pipeline_one_off.py for tasks to queue
[2026-01-20T15:35:03.570+0000] {logging_mixin.py:188} INFO - [2026-01-20T15:35:03.570+0000] {dagbag.py:545} INFO - Filling up the DagBag from /opt/airflow/dags/pipeline_one_off.py
[2026-01-20T15:35:03.597+0000] {processor.py:840} INFO - DAG(s) 'pipeline_one_off' retrieved from /opt/airflow/dags/pipeline_one_off.py
[2026-01-20T15:35:03.642+0000] {logging_mixin.py:188} INFO - [2026-01-20T15:35:03.641+0000] {dag.py:3089} INFO - Sync 1 DAGs
[2026-01-20T15:35:03.657+0000] {logging_mixin.py:188} INFO - [2026-01-20T15:35:03.656+0000] {dag.py:3947} INFO - Setting next_dagrun for pipeline_one_off to None, run_after=None
[2026-01-20T15:35:03.682+0000] {processor.py:183} INFO - Processing /opt/airflow/dags/pipeline_one_off.py took 0.124 seconds
[2026-01-20T15:35:33.925+0000] {processor.py:161} INFO - Started process (PID=22815) to work on /opt/airflow/dags/pipeline_one_off.py
[2026-01-20T15:35:33.927+0000] {processor.py:830} INFO - Processing file /opt/airflow/dags/pipeline_one_off.py for tasks to queue
[2026-01-20T15:35:33.930+0000] {logging_mixin.py:188} INFO - [2026-01-20T15:35:33.929+0000] {dagbag.py:545} INFO - Filling up the DagBag from /opt/airflow/dags/pipeline_one_off.py
[2026-01-20T15:35:33.956+0000] {processor.py:840} INFO - DAG(s) 'pipeline_one_off' retrieved from /opt/airflow/dags/pipeline_one_off.py
[2026-01-20T15:35:33.992+0000] {logging_mixin.py:188} INFO - [2026-01-20T15:35:33.992+0000] {dag.py:3089} INFO - Sync 1 DAGs
[2026-01-20T15:35:34.006+0000] {logging_mixin.py:188} INFO - [2026-01-20T15:35:34.005+0000] {dag.py:3947} INFO - Setting next_dagrun for pipeline_one_off to None, run_after=None
[2026-01-20T15:35:34.026+0000] {processor.py:183} INFO - Processing /opt/airflow/dags/pipeline_one_off.py took 0.107 seconds
[2026-01-20T15:36:04.261+0000] {processor.py:161} INFO - Started process (PID=22825) to work on /opt/airflow/dags/pipeline_one_off.py
[2026-01-20T15:36:04.263+0000] {processor.py:830} INFO - Processing file /opt/airflow/dags/pipeline_one_off.py for tasks to queue
[2026-01-20T15:36:04.266+0000] {logging_mixin.py:188} INFO - [2026-01-20T15:36:04.265+0000] {dagbag.py:545} INFO - Filling up the DagBag from /opt/airflow/dags/pipeline_one_off.py
[2026-01-20T15:36:04.290+0000] {processor.py:840} INFO - DAG(s) 'pipeline_one_off' retrieved from /opt/airflow/dags/pipeline_one_off.py
[2026-01-20T15:36:04.325+0000] {logging_mixin.py:188} INFO - [2026-01-20T15:36:04.325+0000] {dag.py:3089} INFO - Sync 1 DAGs
[2026-01-20T15:36:04.337+0000] {logging_mixin.py:188} INFO - [2026-01-20T15:36:04.337+0000] {dag.py:3947} INFO - Setting next_dagrun for pipeline_one_off to None, run_after=None
[2026-01-20T15:36:04.361+0000] {processor.py:183} INFO - Processing /opt/airflow/dags/pipeline_one_off.py took 0.106 seconds
[2026-01-20T15:36:34.631+0000] {processor.py:161} INFO - Started process (PID=22835) to work on /opt/airflow/dags/pipeline_one_off.py
[2026-01-20T15:36:34.632+0000] {processor.py:830} INFO - Processing file /opt/airflow/dags/pipeline_one_off.py for tasks to queue
[2026-01-20T15:36:34.635+0000] {logging_mixin.py:188} INFO - [2026-01-20T15:36:34.634+0000] {dagbag.py:545} INFO - Filling up the DagBag from /opt/airflow/dags/pipeline_one_off.py
[2026-01-20T15:36:34.659+0000] {processor.py:840} INFO - DAG(s) 'pipeline_one_off' retrieved from /opt/airflow/dags/pipeline_one_off.py
[2026-01-20T15:36:34.696+0000] {logging_mixin.py:188} INFO - [2026-01-20T15:36:34.696+0000] {dag.py:3089} INFO - Sync 1 DAGs
[2026-01-20T15:36:34.710+0000] {logging_mixin.py:188} INFO - [2026-01-20T15:36:34.709+0000] {dag.py:3947} INFO - Setting next_dagrun for pipeline_one_off to None, run_after=None
[2026-01-20T15:36:34.734+0000] {processor.py:183} INFO - Processing /opt/airflow/dags/pipeline_one_off.py took 0.111 seconds
[2026-01-20T15:37:04.981+0000] {processor.py:161} INFO - Started process (PID=22845) to work on /opt/airflow/dags/pipeline_one_off.py
[2026-01-20T15:37:04.982+0000] {processor.py:830} INFO - Processing file /opt/airflow/dags/pipeline_one_off.py for tasks to queue
[2026-01-20T15:37:04.985+0000] {logging_mixin.py:188} INFO - [2026-01-20T15:37:04.985+0000] {dagbag.py:545} INFO - Filling up the DagBag from /opt/airflow/dags/pipeline_one_off.py
[2026-01-20T15:37:05.007+0000] {processor.py:840} INFO - DAG(s) 'pipeline_one_off' retrieved from /opt/airflow/dags/pipeline_one_off.py
[2026-01-20T15:37:05.046+0000] {logging_mixin.py:188} INFO - [2026-01-20T15:37:05.045+0000] {dag.py:3089} INFO - Sync 1 DAGs
[2026-01-20T15:37:05.062+0000] {logging_mixin.py:188} INFO - [2026-01-20T15:37:05.062+0000] {dag.py:3947} INFO - Setting next_dagrun for pipeline_one_off to None, run_after=None
[2026-01-20T15:37:05.085+0000] {processor.py:183} INFO - Processing /opt/airflow/dags/pipeline_one_off.py took 0.112 seconds
[2026-01-20T15:37:35.340+0000] {processor.py:161} INFO - Started process (PID=22855) to work on /opt/airflow/dags/pipeline_one_off.py
[2026-01-20T15:37:35.341+0000] {processor.py:830} INFO - Processing file /opt/airflow/dags/pipeline_one_off.py for tasks to queue
[2026-01-20T15:37:35.344+0000] {logging_mixin.py:188} INFO - [2026-01-20T15:37:35.343+0000] {dagbag.py:545} INFO - Filling up the DagBag from /opt/airflow/dags/pipeline_one_off.py
[2026-01-20T15:37:35.368+0000] {processor.py:840} INFO - DAG(s) 'pipeline_one_off' retrieved from /opt/airflow/dags/pipeline_one_off.py
[2026-01-20T15:37:35.410+0000] {logging_mixin.py:188} INFO - [2026-01-20T15:37:35.410+0000] {dag.py:3089} INFO - Sync 1 DAGs
[2026-01-20T15:37:35.427+0000] {logging_mixin.py:188} INFO - [2026-01-20T15:37:35.426+0000] {dag.py:3947} INFO - Setting next_dagrun for pipeline_one_off to None, run_after=None
[2026-01-20T15:37:35.449+0000] {processor.py:183} INFO - Processing /opt/airflow/dags/pipeline_one_off.py took 0.117 seconds
[2026-01-20T15:38:05.694+0000] {processor.py:161} INFO - Started process (PID=22865) to work on /opt/airflow/dags/pipeline_one_off.py
[2026-01-20T15:38:05.695+0000] {processor.py:830} INFO - Processing file /opt/airflow/dags/pipeline_one_off.py for tasks to queue
[2026-01-20T15:38:05.698+0000] {logging_mixin.py:188} INFO - [2026-01-20T15:38:05.697+0000] {dagbag.py:545} INFO - Filling up the DagBag from /opt/airflow/dags/pipeline_one_off.py
[2026-01-20T15:38:05.723+0000] {processor.py:840} INFO - DAG(s) 'pipeline_one_off' retrieved from /opt/airflow/dags/pipeline_one_off.py
[2026-01-20T15:38:05.760+0000] {logging_mixin.py:188} INFO - [2026-01-20T15:38:05.759+0000] {dag.py:3089} INFO - Sync 1 DAGs
[2026-01-20T15:38:05.775+0000] {logging_mixin.py:188} INFO - [2026-01-20T15:38:05.774+0000] {dag.py:3947} INFO - Setting next_dagrun for pipeline_one_off to None, run_after=None
[2026-01-20T15:38:05.800+0000] {processor.py:183} INFO - Processing /opt/airflow/dags/pipeline_one_off.py took 0.114 seconds
[2026-01-20T15:38:36.068+0000] {processor.py:161} INFO - Started process (PID=22875) to work on /opt/airflow/dags/pipeline_one_off.py
[2026-01-20T15:38:36.069+0000] {processor.py:830} INFO - Processing file /opt/airflow/dags/pipeline_one_off.py for tasks to queue
[2026-01-20T15:38:36.072+0000] {logging_mixin.py:188} INFO - [2026-01-20T15:38:36.071+0000] {dagbag.py:545} INFO - Filling up the DagBag from /opt/airflow/dags/pipeline_one_off.py
[2026-01-20T15:38:36.094+0000] {processor.py:840} INFO - DAG(s) 'pipeline_one_off' retrieved from /opt/airflow/dags/pipeline_one_off.py
[2026-01-20T15:38:36.128+0000] {logging_mixin.py:188} INFO - [2026-01-20T15:38:36.128+0000] {dag.py:3089} INFO - Sync 1 DAGs
[2026-01-20T15:38:36.139+0000] {logging_mixin.py:188} INFO - [2026-01-20T15:38:36.139+0000] {dag.py:3947} INFO - Setting next_dagrun for pipeline_one_off to None, run_after=None
[2026-01-20T15:38:36.161+0000] {processor.py:183} INFO - Processing /opt/airflow/dags/pipeline_one_off.py took 0.100 seconds
[2026-01-20T15:39:06.401+0000] {processor.py:161} INFO - Started process (PID=22885) to work on /opt/airflow/dags/pipeline_one_off.py
[2026-01-20T15:39:06.402+0000] {processor.py:830} INFO - Processing file /opt/airflow/dags/pipeline_one_off.py for tasks to queue
[2026-01-20T15:39:06.405+0000] {logging_mixin.py:188} INFO - [2026-01-20T15:39:06.405+0000] {dagbag.py:545} INFO - Filling up the DagBag from /opt/airflow/dags/pipeline_one_off.py
[2026-01-20T15:39:06.432+0000] {processor.py:840} INFO - DAG(s) 'pipeline_one_off' retrieved from /opt/airflow/dags/pipeline_one_off.py
[2026-01-20T15:39:06.472+0000] {logging_mixin.py:188} INFO - [2026-01-20T15:39:06.472+0000] {dag.py:3089} INFO - Sync 1 DAGs
[2026-01-20T15:39:06.489+0000] {logging_mixin.py:188} INFO - [2026-01-20T15:39:06.489+0000] {dag.py:3947} INFO - Setting next_dagrun for pipeline_one_off to None, run_after=None
[2026-01-20T15:39:06.512+0000] {processor.py:183} INFO - Processing /opt/airflow/dags/pipeline_one_off.py took 0.119 seconds
[2026-01-20T15:39:36.768+0000] {processor.py:161} INFO - Started process (PID=22895) to work on /opt/airflow/dags/pipeline_one_off.py
[2026-01-20T15:39:36.770+0000] {processor.py:830} INFO - Processing file /opt/airflow/dags/pipeline_one_off.py for tasks to queue
[2026-01-20T15:39:36.773+0000] {logging_mixin.py:188} INFO - [2026-01-20T15:39:36.772+0000] {dagbag.py:545} INFO - Filling up the DagBag from /opt/airflow/dags/pipeline_one_off.py
[2026-01-20T15:39:36.799+0000] {processor.py:840} INFO - DAG(s) 'pipeline_one_off' retrieved from /opt/airflow/dags/pipeline_one_off.py
[2026-01-20T15:39:36.841+0000] {logging_mixin.py:188} INFO - [2026-01-20T15:39:36.840+0000] {dag.py:3089} INFO - Sync 1 DAGs
[2026-01-20T15:39:36.857+0000] {logging_mixin.py:188} INFO - [2026-01-20T15:39:36.857+0000] {dag.py:3947} INFO - Setting next_dagrun for pipeline_one_off to None, run_after=None
[2026-01-20T15:39:36.881+0000] {processor.py:183} INFO - Processing /opt/airflow/dags/pipeline_one_off.py took 0.121 seconds
[2026-01-20T15:40:07.126+0000] {processor.py:161} INFO - Started process (PID=22905) to work on /opt/airflow/dags/pipeline_one_off.py
[2026-01-20T15:40:07.128+0000] {processor.py:830} INFO - Processing file /opt/airflow/dags/pipeline_one_off.py for tasks to queue
[2026-01-20T15:40:07.131+0000] {logging_mixin.py:188} INFO - [2026-01-20T15:40:07.130+0000] {dagbag.py:545} INFO - Filling up the DagBag from /opt/airflow/dags/pipeline_one_off.py
[2026-01-20T15:40:07.154+0000] {processor.py:840} INFO - DAG(s) 'pipeline_one_off' retrieved from /opt/airflow/dags/pipeline_one_off.py
[2026-01-20T15:40:07.193+0000] {logging_mixin.py:188} INFO - [2026-01-20T15:40:07.193+0000] {dag.py:3089} INFO - Sync 1 DAGs
[2026-01-20T15:40:07.210+0000] {logging_mixin.py:188} INFO - [2026-01-20T15:40:07.210+0000] {dag.py:3947} INFO - Setting next_dagrun for pipeline_one_off to None, run_after=None
[2026-01-20T15:40:07.234+0000] {processor.py:183} INFO - Processing /opt/airflow/dags/pipeline_one_off.py took 0.115 seconds
[2026-01-20T15:40:37.482+0000] {processor.py:161} INFO - Started process (PID=22915) to work on /opt/airflow/dags/pipeline_one_off.py
[2026-01-20T15:40:37.483+0000] {processor.py:830} INFO - Processing file /opt/airflow/dags/pipeline_one_off.py for tasks to queue
[2026-01-20T15:40:37.485+0000] {logging_mixin.py:188} INFO - [2026-01-20T15:40:37.485+0000] {dagbag.py:545} INFO - Filling up the DagBag from /opt/airflow/dags/pipeline_one_off.py
[2026-01-20T15:40:37.509+0000] {processor.py:840} INFO - DAG(s) 'pipeline_one_off' retrieved from /opt/airflow/dags/pipeline_one_off.py
[2026-01-20T15:40:37.556+0000] {logging_mixin.py:188} INFO - [2026-01-20T15:40:37.555+0000] {dag.py:3089} INFO - Sync 1 DAGs
[2026-01-20T15:40:37.575+0000] {logging_mixin.py:188} INFO - [2026-01-20T15:40:37.574+0000] {dag.py:3947} INFO - Setting next_dagrun for pipeline_one_off to None, run_after=None
[2026-01-20T15:40:37.602+0000] {processor.py:183} INFO - Processing /opt/airflow/dags/pipeline_one_off.py took 0.128 seconds
[2026-01-20T15:41:07.846+0000] {processor.py:161} INFO - Started process (PID=22925) to work on /opt/airflow/dags/pipeline_one_off.py
[2026-01-20T15:41:07.847+0000] {processor.py:830} INFO - Processing file /opt/airflow/dags/pipeline_one_off.py for tasks to queue
[2026-01-20T15:41:07.850+0000] {logging_mixin.py:188} INFO - [2026-01-20T15:41:07.849+0000] {dagbag.py:545} INFO - Filling up the DagBag from /opt/airflow/dags/pipeline_one_off.py
[2026-01-20T15:41:07.872+0000] {processor.py:840} INFO - DAG(s) 'pipeline_one_off' retrieved from /opt/airflow/dags/pipeline_one_off.py
[2026-01-20T15:41:07.906+0000] {logging_mixin.py:188} INFO - [2026-01-20T15:41:07.905+0000] {dag.py:3089} INFO - Sync 1 DAGs
[2026-01-20T15:41:07.922+0000] {logging_mixin.py:188} INFO - [2026-01-20T15:41:07.922+0000] {dag.py:3947} INFO - Setting next_dagrun for pipeline_one_off to None, run_after=None
[2026-01-20T15:41:07.944+0000] {processor.py:183} INFO - Processing /opt/airflow/dags/pipeline_one_off.py took 0.105 seconds
[2026-01-20T15:41:38.201+0000] {processor.py:161} INFO - Started process (PID=22935) to work on /opt/airflow/dags/pipeline_one_off.py
[2026-01-20T15:41:38.202+0000] {processor.py:830} INFO - Processing file /opt/airflow/dags/pipeline_one_off.py for tasks to queue
[2026-01-20T15:41:38.205+0000] {logging_mixin.py:188} INFO - [2026-01-20T15:41:38.204+0000] {dagbag.py:545} INFO - Filling up the DagBag from /opt/airflow/dags/pipeline_one_off.py
[2026-01-20T15:41:38.230+0000] {processor.py:840} INFO - DAG(s) 'pipeline_one_off' retrieved from /opt/airflow/dags/pipeline_one_off.py
[2026-01-20T15:41:38.268+0000] {logging_mixin.py:188} INFO - [2026-01-20T15:41:38.268+0000] {dag.py:3089} INFO - Sync 1 DAGs
[2026-01-20T15:41:38.281+0000] {logging_mixin.py:188} INFO - [2026-01-20T15:41:38.280+0000] {dag.py:3947} INFO - Setting next_dagrun for pipeline_one_off to None, run_after=None
[2026-01-20T15:41:38.305+0000] {processor.py:183} INFO - Processing /opt/airflow/dags/pipeline_one_off.py took 0.110 seconds
[2026-01-20T15:42:08.590+0000] {processor.py:161} INFO - Started process (PID=22945) to work on /opt/airflow/dags/pipeline_one_off.py
[2026-01-20T15:42:08.591+0000] {processor.py:830} INFO - Processing file /opt/airflow/dags/pipeline_one_off.py for tasks to queue
[2026-01-20T15:42:08.593+0000] {logging_mixin.py:188} INFO - [2026-01-20T15:42:08.593+0000] {dagbag.py:545} INFO - Filling up the DagBag from /opt/airflow/dags/pipeline_one_off.py
[2026-01-20T15:42:08.618+0000] {processor.py:840} INFO - DAG(s) 'pipeline_one_off' retrieved from /opt/airflow/dags/pipeline_one_off.py
[2026-01-20T15:42:08.659+0000] {logging_mixin.py:188} INFO - [2026-01-20T15:42:08.659+0000] {dag.py:3089} INFO - Sync 1 DAGs
[2026-01-20T15:42:08.674+0000] {logging_mixin.py:188} INFO - [2026-01-20T15:42:08.674+0000] {dag.py:3947} INFO - Setting next_dagrun for pipeline_one_off to None, run_after=None
[2026-01-20T15:42:08.700+0000] {processor.py:183} INFO - Processing /opt/airflow/dags/pipeline_one_off.py took 0.117 seconds
[2026-01-20T15:42:38.948+0000] {processor.py:161} INFO - Started process (PID=22955) to work on /opt/airflow/dags/pipeline_one_off.py
[2026-01-20T15:42:38.950+0000] {processor.py:830} INFO - Processing file /opt/airflow/dags/pipeline_one_off.py for tasks to queue
[2026-01-20T15:42:38.952+0000] {logging_mixin.py:188} INFO - [2026-01-20T15:42:38.952+0000] {dagbag.py:545} INFO - Filling up the DagBag from /opt/airflow/dags/pipeline_one_off.py
[2026-01-20T15:42:38.976+0000] {processor.py:840} INFO - DAG(s) 'pipeline_one_off' retrieved from /opt/airflow/dags/pipeline_one_off.py
[2026-01-20T15:42:39.012+0000] {logging_mixin.py:188} INFO - [2026-01-20T15:42:39.012+0000] {dag.py:3089} INFO - Sync 1 DAGs
[2026-01-20T15:42:39.028+0000] {logging_mixin.py:188} INFO - [2026-01-20T15:42:39.028+0000] {dag.py:3947} INFO - Setting next_dagrun for pipeline_one_off to None, run_after=None
[2026-01-20T15:42:39.052+0000] {processor.py:183} INFO - Processing /opt/airflow/dags/pipeline_one_off.py took 0.111 seconds
[2026-01-20T15:43:09.296+0000] {processor.py:161} INFO - Started process (PID=22965) to work on /opt/airflow/dags/pipeline_one_off.py
[2026-01-20T15:43:09.298+0000] {processor.py:830} INFO - Processing file /opt/airflow/dags/pipeline_one_off.py for tasks to queue
[2026-01-20T15:43:09.300+0000] {logging_mixin.py:188} INFO - [2026-01-20T15:43:09.300+0000] {dagbag.py:545} INFO - Filling up the DagBag from /opt/airflow/dags/pipeline_one_off.py
[2026-01-20T15:43:09.328+0000] {processor.py:840} INFO - DAG(s) 'pipeline_one_off' retrieved from /opt/airflow/dags/pipeline_one_off.py
[2026-01-20T15:43:09.370+0000] {logging_mixin.py:188} INFO - [2026-01-20T15:43:09.370+0000] {dag.py:3089} INFO - Sync 1 DAGs
[2026-01-20T15:43:09.387+0000] {logging_mixin.py:188} INFO - [2026-01-20T15:43:09.387+0000] {dag.py:3947} INFO - Setting next_dagrun for pipeline_one_off to None, run_after=None
[2026-01-20T15:43:09.413+0000] {processor.py:183} INFO - Processing /opt/airflow/dags/pipeline_one_off.py took 0.125 seconds
[2026-01-20T15:43:39.653+0000] {processor.py:161} INFO - Started process (PID=22975) to work on /opt/airflow/dags/pipeline_one_off.py
[2026-01-20T15:43:39.654+0000] {processor.py:830} INFO - Processing file /opt/airflow/dags/pipeline_one_off.py for tasks to queue
[2026-01-20T15:43:39.657+0000] {logging_mixin.py:188} INFO - [2026-01-20T15:43:39.656+0000] {dagbag.py:545} INFO - Filling up the DagBag from /opt/airflow/dags/pipeline_one_off.py
[2026-01-20T15:43:39.679+0000] {processor.py:840} INFO - DAG(s) 'pipeline_one_off' retrieved from /opt/airflow/dags/pipeline_one_off.py
[2026-01-20T15:43:39.715+0000] {logging_mixin.py:188} INFO - [2026-01-20T15:43:39.714+0000] {dag.py:3089} INFO - Sync 1 DAGs
[2026-01-20T15:43:39.728+0000] {logging_mixin.py:188} INFO - [2026-01-20T15:43:39.728+0000] {dag.py:3947} INFO - Setting next_dagrun for pipeline_one_off to None, run_after=None
[2026-01-20T15:43:39.748+0000] {processor.py:183} INFO - Processing /opt/airflow/dags/pipeline_one_off.py took 0.102 seconds
[2026-01-20T15:44:10.006+0000] {processor.py:161} INFO - Started process (PID=22985) to work on /opt/airflow/dags/pipeline_one_off.py
[2026-01-20T15:44:10.007+0000] {processor.py:830} INFO - Processing file /opt/airflow/dags/pipeline_one_off.py for tasks to queue
[2026-01-20T15:44:10.010+0000] {logging_mixin.py:188} INFO - [2026-01-20T15:44:10.010+0000] {dagbag.py:545} INFO - Filling up the DagBag from /opt/airflow/dags/pipeline_one_off.py
[2026-01-20T15:44:10.030+0000] {processor.py:840} INFO - DAG(s) 'pipeline_one_off' retrieved from /opt/airflow/dags/pipeline_one_off.py
[2026-01-20T15:44:10.059+0000] {logging_mixin.py:188} INFO - [2026-01-20T15:44:10.059+0000] {dag.py:3089} INFO - Sync 1 DAGs
[2026-01-20T15:44:10.071+0000] {logging_mixin.py:188} INFO - [2026-01-20T15:44:10.071+0000] {dag.py:3947} INFO - Setting next_dagrun for pipeline_one_off to None, run_after=None
[2026-01-20T15:44:10.090+0000] {processor.py:183} INFO - Processing /opt/airflow/dags/pipeline_one_off.py took 0.093 seconds
[2026-01-20T15:44:40.330+0000] {processor.py:161} INFO - Started process (PID=22995) to work on /opt/airflow/dags/pipeline_one_off.py
[2026-01-20T15:44:40.331+0000] {processor.py:830} INFO - Processing file /opt/airflow/dags/pipeline_one_off.py for tasks to queue
[2026-01-20T15:44:40.333+0000] {logging_mixin.py:188} INFO - [2026-01-20T15:44:40.333+0000] {dagbag.py:545} INFO - Filling up the DagBag from /opt/airflow/dags/pipeline_one_off.py
[2026-01-20T15:44:40.354+0000] {processor.py:840} INFO - DAG(s) 'pipeline_one_off' retrieved from /opt/airflow/dags/pipeline_one_off.py
[2026-01-20T15:44:40.387+0000] {logging_mixin.py:188} INFO - [2026-01-20T15:44:40.386+0000] {dag.py:3089} INFO - Sync 1 DAGs
[2026-01-20T15:44:40.399+0000] {logging_mixin.py:188} INFO - [2026-01-20T15:44:40.399+0000] {dag.py:3947} INFO - Setting next_dagrun for pipeline_one_off to None, run_after=None
[2026-01-20T15:44:40.423+0000] {processor.py:183} INFO - Processing /opt/airflow/dags/pipeline_one_off.py took 0.100 seconds
[2026-01-20T15:45:10.698+0000] {processor.py:161} INFO - Started process (PID=23005) to work on /opt/airflow/dags/pipeline_one_off.py
[2026-01-20T15:45:10.700+0000] {processor.py:830} INFO - Processing file /opt/airflow/dags/pipeline_one_off.py for tasks to queue
[2026-01-20T15:45:10.703+0000] {logging_mixin.py:188} INFO - [2026-01-20T15:45:10.703+0000] {dagbag.py:545} INFO - Filling up the DagBag from /opt/airflow/dags/pipeline_one_off.py
[2026-01-20T15:45:10.724+0000] {processor.py:840} INFO - DAG(s) 'pipeline_one_off' retrieved from /opt/airflow/dags/pipeline_one_off.py
[2026-01-20T15:45:10.759+0000] {logging_mixin.py:188} INFO - [2026-01-20T15:45:10.758+0000] {dag.py:3089} INFO - Sync 1 DAGs
[2026-01-20T15:45:10.771+0000] {logging_mixin.py:188} INFO - [2026-01-20T15:45:10.770+0000] {dag.py:3947} INFO - Setting next_dagrun for pipeline_one_off to None, run_after=None
[2026-01-20T15:45:10.798+0000] {processor.py:183} INFO - Processing /opt/airflow/dags/pipeline_one_off.py took 0.106 seconds
[2026-01-20T15:45:41.050+0000] {processor.py:161} INFO - Started process (PID=23015) to work on /opt/airflow/dags/pipeline_one_off.py
[2026-01-20T15:45:41.051+0000] {processor.py:830} INFO - Processing file /opt/airflow/dags/pipeline_one_off.py for tasks to queue
[2026-01-20T15:45:41.054+0000] {logging_mixin.py:188} INFO - [2026-01-20T15:45:41.054+0000] {dagbag.py:545} INFO - Filling up the DagBag from /opt/airflow/dags/pipeline_one_off.py
[2026-01-20T15:45:41.080+0000] {processor.py:840} INFO - DAG(s) 'pipeline_one_off' retrieved from /opt/airflow/dags/pipeline_one_off.py
[2026-01-20T15:45:41.119+0000] {logging_mixin.py:188} INFO - [2026-01-20T15:45:41.119+0000] {dag.py:3089} INFO - Sync 1 DAGs
[2026-01-20T15:45:41.136+0000] {logging_mixin.py:188} INFO - [2026-01-20T15:45:41.135+0000] {dag.py:3947} INFO - Setting next_dagrun for pipeline_one_off to None, run_after=None
[2026-01-20T15:45:41.158+0000] {processor.py:183} INFO - Processing /opt/airflow/dags/pipeline_one_off.py took 0.118 seconds
[2026-01-20T15:46:11.401+0000] {processor.py:161} INFO - Started process (PID=23025) to work on /opt/airflow/dags/pipeline_one_off.py
[2026-01-20T15:46:11.403+0000] {processor.py:830} INFO - Processing file /opt/airflow/dags/pipeline_one_off.py for tasks to queue
[2026-01-20T15:46:11.405+0000] {logging_mixin.py:188} INFO - [2026-01-20T15:46:11.405+0000] {dagbag.py:545} INFO - Filling up the DagBag from /opt/airflow/dags/pipeline_one_off.py
[2026-01-20T15:46:11.429+0000] {processor.py:840} INFO - DAG(s) 'pipeline_one_off' retrieved from /opt/airflow/dags/pipeline_one_off.py
[2026-01-20T15:46:11.471+0000] {logging_mixin.py:188} INFO - [2026-01-20T15:46:11.471+0000] {dag.py:3089} INFO - Sync 1 DAGs
[2026-01-20T15:46:11.486+0000] {logging_mixin.py:188} INFO - [2026-01-20T15:46:11.486+0000] {dag.py:3947} INFO - Setting next_dagrun for pipeline_one_off to None, run_after=None
[2026-01-20T15:46:11.510+0000] {processor.py:183} INFO - Processing /opt/airflow/dags/pipeline_one_off.py took 0.115 seconds
[2026-01-20T15:46:41.759+0000] {processor.py:161} INFO - Started process (PID=23035) to work on /opt/airflow/dags/pipeline_one_off.py
[2026-01-20T15:46:41.761+0000] {processor.py:830} INFO - Processing file /opt/airflow/dags/pipeline_one_off.py for tasks to queue
[2026-01-20T15:46:41.763+0000] {logging_mixin.py:188} INFO - [2026-01-20T15:46:41.763+0000] {dagbag.py:545} INFO - Filling up the DagBag from /opt/airflow/dags/pipeline_one_off.py
[2026-01-20T15:46:41.788+0000] {processor.py:840} INFO - DAG(s) 'pipeline_one_off' retrieved from /opt/airflow/dags/pipeline_one_off.py
[2026-01-20T15:46:41.831+0000] {logging_mixin.py:188} INFO - [2026-01-20T15:46:41.831+0000] {dag.py:3089} INFO - Sync 1 DAGs
[2026-01-20T15:46:41.847+0000] {logging_mixin.py:188} INFO - [2026-01-20T15:46:41.847+0000] {dag.py:3947} INFO - Setting next_dagrun for pipeline_one_off to None, run_after=None
[2026-01-20T15:46:41.873+0000] {processor.py:183} INFO - Processing /opt/airflow/dags/pipeline_one_off.py took 0.122 seconds
[2026-01-20T15:47:12.133+0000] {processor.py:161} INFO - Started process (PID=23045) to work on /opt/airflow/dags/pipeline_one_off.py
[2026-01-20T15:47:12.134+0000] {processor.py:830} INFO - Processing file /opt/airflow/dags/pipeline_one_off.py for tasks to queue
[2026-01-20T15:47:12.137+0000] {logging_mixin.py:188} INFO - [2026-01-20T15:47:12.136+0000] {dagbag.py:545} INFO - Filling up the DagBag from /opt/airflow/dags/pipeline_one_off.py
[2026-01-20T15:47:12.159+0000] {processor.py:840} INFO - DAG(s) 'pipeline_one_off' retrieved from /opt/airflow/dags/pipeline_one_off.py
[2026-01-20T15:47:12.193+0000] {logging_mixin.py:188} INFO - [2026-01-20T15:47:12.193+0000] {dag.py:3089} INFO - Sync 1 DAGs
[2026-01-20T15:47:12.205+0000] {logging_mixin.py:188} INFO - [2026-01-20T15:47:12.204+0000] {dag.py:3947} INFO - Setting next_dagrun for pipeline_one_off to None, run_after=None
[2026-01-20T15:47:12.227+0000] {processor.py:183} INFO - Processing /opt/airflow/dags/pipeline_one_off.py took 0.101 seconds
[2026-01-20T15:47:42.467+0000] {processor.py:161} INFO - Started process (PID=23055) to work on /opt/airflow/dags/pipeline_one_off.py
[2026-01-20T15:47:42.469+0000] {processor.py:830} INFO - Processing file /opt/airflow/dags/pipeline_one_off.py for tasks to queue
[2026-01-20T15:47:42.471+0000] {logging_mixin.py:188} INFO - [2026-01-20T15:47:42.471+0000] {dagbag.py:545} INFO - Filling up the DagBag from /opt/airflow/dags/pipeline_one_off.py
[2026-01-20T15:47:42.495+0000] {processor.py:840} INFO - DAG(s) 'pipeline_one_off' retrieved from /opt/airflow/dags/pipeline_one_off.py
[2026-01-20T15:47:42.532+0000] {logging_mixin.py:188} INFO - [2026-01-20T15:47:42.531+0000] {dag.py:3089} INFO - Sync 1 DAGs
[2026-01-20T15:47:42.549+0000] {logging_mixin.py:188} INFO - [2026-01-20T15:47:42.548+0000] {dag.py:3947} INFO - Setting next_dagrun for pipeline_one_off to None, run_after=None
[2026-01-20T15:47:42.573+0000] {processor.py:183} INFO - Processing /opt/airflow/dags/pipeline_one_off.py took 0.113 seconds
[2026-01-20T15:48:12.815+0000] {processor.py:161} INFO - Started process (PID=23065) to work on /opt/airflow/dags/pipeline_one_off.py
[2026-01-20T15:48:12.816+0000] {processor.py:830} INFO - Processing file /opt/airflow/dags/pipeline_one_off.py for tasks to queue
[2026-01-20T15:48:12.818+0000] {logging_mixin.py:188} INFO - [2026-01-20T15:48:12.818+0000] {dagbag.py:545} INFO - Filling up the DagBag from /opt/airflow/dags/pipeline_one_off.py
[2026-01-20T15:48:12.844+0000] {processor.py:840} INFO - DAG(s) 'pipeline_one_off' retrieved from /opt/airflow/dags/pipeline_one_off.py
[2026-01-20T15:48:12.884+0000] {logging_mixin.py:188} INFO - [2026-01-20T15:48:12.884+0000] {dag.py:3089} INFO - Sync 1 DAGs
[2026-01-20T15:48:12.900+0000] {logging_mixin.py:188} INFO - [2026-01-20T15:48:12.900+0000] {dag.py:3947} INFO - Setting next_dagrun for pipeline_one_off to None, run_after=None
[2026-01-20T15:48:12.929+0000] {processor.py:183} INFO - Processing /opt/airflow/dags/pipeline_one_off.py took 0.122 seconds
[2026-01-20T15:48:43.172+0000] {processor.py:161} INFO - Started process (PID=23075) to work on /opt/airflow/dags/pipeline_one_off.py
[2026-01-20T15:48:43.173+0000] {processor.py:830} INFO - Processing file /opt/airflow/dags/pipeline_one_off.py for tasks to queue
[2026-01-20T15:48:43.176+0000] {logging_mixin.py:188} INFO - [2026-01-20T15:48:43.175+0000] {dagbag.py:545} INFO - Filling up the DagBag from /opt/airflow/dags/pipeline_one_off.py
[2026-01-20T15:48:43.199+0000] {processor.py:840} INFO - DAG(s) 'pipeline_one_off' retrieved from /opt/airflow/dags/pipeline_one_off.py
[2026-01-20T15:48:43.231+0000] {logging_mixin.py:188} INFO - [2026-01-20T15:48:43.230+0000] {dag.py:3089} INFO - Sync 1 DAGs
[2026-01-20T15:48:43.244+0000] {logging_mixin.py:188} INFO - [2026-01-20T15:48:43.243+0000] {dag.py:3947} INFO - Setting next_dagrun for pipeline_one_off to None, run_after=None
[2026-01-20T15:48:43.264+0000] {processor.py:183} INFO - Processing /opt/airflow/dags/pipeline_one_off.py took 0.098 seconds
[2026-01-20T15:49:13.502+0000] {processor.py:161} INFO - Started process (PID=23085) to work on /opt/airflow/dags/pipeline_one_off.py
[2026-01-20T15:49:13.504+0000] {processor.py:830} INFO - Processing file /opt/airflow/dags/pipeline_one_off.py for tasks to queue
[2026-01-20T15:49:13.506+0000] {logging_mixin.py:188} INFO - [2026-01-20T15:49:13.506+0000] {dagbag.py:545} INFO - Filling up the DagBag from /opt/airflow/dags/pipeline_one_off.py
[2026-01-20T15:49:13.530+0000] {processor.py:840} INFO - DAG(s) 'pipeline_one_off' retrieved from /opt/airflow/dags/pipeline_one_off.py
[2026-01-20T15:49:13.568+0000] {logging_mixin.py:188} INFO - [2026-01-20T15:49:13.568+0000] {dag.py:3089} INFO - Sync 1 DAGs
[2026-01-20T15:49:13.582+0000] {logging_mixin.py:188} INFO - [2026-01-20T15:49:13.582+0000] {dag.py:3947} INFO - Setting next_dagrun for pipeline_one_off to None, run_after=None
[2026-01-20T15:49:13.604+0000] {processor.py:183} INFO - Processing /opt/airflow/dags/pipeline_one_off.py took 0.109 seconds
[2026-01-20T15:49:43.870+0000] {processor.py:161} INFO - Started process (PID=23095) to work on /opt/airflow/dags/pipeline_one_off.py
[2026-01-20T15:49:43.872+0000] {processor.py:830} INFO - Processing file /opt/airflow/dags/pipeline_one_off.py for tasks to queue
[2026-01-20T15:49:43.874+0000] {logging_mixin.py:188} INFO - [2026-01-20T15:49:43.873+0000] {dagbag.py:545} INFO - Filling up the DagBag from /opt/airflow/dags/pipeline_one_off.py
[2026-01-20T15:49:43.899+0000] {processor.py:840} INFO - DAG(s) 'pipeline_one_off' retrieved from /opt/airflow/dags/pipeline_one_off.py
[2026-01-20T15:49:43.939+0000] {logging_mixin.py:188} INFO - [2026-01-20T15:49:43.939+0000] {dag.py:3089} INFO - Sync 1 DAGs
[2026-01-20T15:49:43.953+0000] {logging_mixin.py:188} INFO - [2026-01-20T15:49:43.953+0000] {dag.py:3947} INFO - Setting next_dagrun for pipeline_one_off to None, run_after=None
[2026-01-20T15:49:43.976+0000] {processor.py:183} INFO - Processing /opt/airflow/dags/pipeline_one_off.py took 0.113 seconds
[2026-01-20T15:50:14.219+0000] {processor.py:161} INFO - Started process (PID=23105) to work on /opt/airflow/dags/pipeline_one_off.py
[2026-01-20T15:50:14.220+0000] {processor.py:830} INFO - Processing file /opt/airflow/dags/pipeline_one_off.py for tasks to queue
[2026-01-20T15:50:14.223+0000] {logging_mixin.py:188} INFO - [2026-01-20T15:50:14.223+0000] {dagbag.py:545} INFO - Filling up the DagBag from /opt/airflow/dags/pipeline_one_off.py
[2026-01-20T15:50:14.248+0000] {processor.py:840} INFO - DAG(s) 'pipeline_one_off' retrieved from /opt/airflow/dags/pipeline_one_off.py
[2026-01-20T15:50:14.286+0000] {logging_mixin.py:188} INFO - [2026-01-20T15:50:14.285+0000] {dag.py:3089} INFO - Sync 1 DAGs
[2026-01-20T15:50:14.300+0000] {logging_mixin.py:188} INFO - [2026-01-20T15:50:14.300+0000] {dag.py:3947} INFO - Setting next_dagrun for pipeline_one_off to None, run_after=None
[2026-01-20T15:50:14.324+0000] {processor.py:183} INFO - Processing /opt/airflow/dags/pipeline_one_off.py took 0.114 seconds
[2026-01-20T15:50:44.570+0000] {processor.py:161} INFO - Started process (PID=23115) to work on /opt/airflow/dags/pipeline_one_off.py
[2026-01-20T15:50:44.572+0000] {processor.py:830} INFO - Processing file /opt/airflow/dags/pipeline_one_off.py for tasks to queue
[2026-01-20T15:50:44.575+0000] {logging_mixin.py:188} INFO - [2026-01-20T15:50:44.574+0000] {dagbag.py:545} INFO - Filling up the DagBag from /opt/airflow/dags/pipeline_one_off.py
[2026-01-20T15:50:44.598+0000] {processor.py:840} INFO - DAG(s) 'pipeline_one_off' retrieved from /opt/airflow/dags/pipeline_one_off.py
[2026-01-20T15:50:44.638+0000] {logging_mixin.py:188} INFO - [2026-01-20T15:50:44.638+0000] {dag.py:3089} INFO - Sync 1 DAGs
[2026-01-20T15:50:44.652+0000] {logging_mixin.py:188} INFO - [2026-01-20T15:50:44.651+0000] {dag.py:3947} INFO - Setting next_dagrun for pipeline_one_off to None, run_after=None
[2026-01-20T15:50:44.675+0000] {processor.py:183} INFO - Processing /opt/airflow/dags/pipeline_one_off.py took 0.111 seconds
[2026-01-20T15:51:14.913+0000] {processor.py:161} INFO - Started process (PID=23125) to work on /opt/airflow/dags/pipeline_one_off.py
[2026-01-20T15:51:14.914+0000] {processor.py:830} INFO - Processing file /opt/airflow/dags/pipeline_one_off.py for tasks to queue
[2026-01-20T15:51:14.917+0000] {logging_mixin.py:188} INFO - [2026-01-20T15:51:14.917+0000] {dagbag.py:545} INFO - Filling up the DagBag from /opt/airflow/dags/pipeline_one_off.py
[2026-01-20T15:51:14.938+0000] {processor.py:840} INFO - DAG(s) 'pipeline_one_off' retrieved from /opt/airflow/dags/pipeline_one_off.py
[2026-01-20T15:51:14.970+0000] {logging_mixin.py:188} INFO - [2026-01-20T15:51:14.969+0000] {dag.py:3089} INFO - Sync 1 DAGs
[2026-01-20T15:51:14.983+0000] {logging_mixin.py:188} INFO - [2026-01-20T15:51:14.982+0000] {dag.py:3947} INFO - Setting next_dagrun for pipeline_one_off to None, run_after=None
[2026-01-20T15:51:15.004+0000] {processor.py:183} INFO - Processing /opt/airflow/dags/pipeline_one_off.py took 0.098 seconds
[2026-01-20T15:51:45.286+0000] {processor.py:161} INFO - Started process (PID=23135) to work on /opt/airflow/dags/pipeline_one_off.py
[2026-01-20T15:51:45.288+0000] {processor.py:830} INFO - Processing file /opt/airflow/dags/pipeline_one_off.py for tasks to queue
[2026-01-20T15:51:45.290+0000] {logging_mixin.py:188} INFO - [2026-01-20T15:51:45.290+0000] {dagbag.py:545} INFO - Filling up the DagBag from /opt/airflow/dags/pipeline_one_off.py
[2026-01-20T15:51:45.315+0000] {processor.py:840} INFO - DAG(s) 'pipeline_one_off' retrieved from /opt/airflow/dags/pipeline_one_off.py
[2026-01-20T15:51:45.352+0000] {logging_mixin.py:188} INFO - [2026-01-20T15:51:45.352+0000] {dag.py:3089} INFO - Sync 1 DAGs
[2026-01-20T15:51:45.368+0000] {logging_mixin.py:188} INFO - [2026-01-20T15:51:45.368+0000] {dag.py:3947} INFO - Setting next_dagrun for pipeline_one_off to None, run_after=None
[2026-01-20T15:51:45.390+0000] {processor.py:183} INFO - Processing /opt/airflow/dags/pipeline_one_off.py took 0.110 seconds
[2026-01-20T15:52:15.629+0000] {processor.py:161} INFO - Started process (PID=23145) to work on /opt/airflow/dags/pipeline_one_off.py
[2026-01-20T15:52:15.630+0000] {processor.py:830} INFO - Processing file /opt/airflow/dags/pipeline_one_off.py for tasks to queue
[2026-01-20T15:52:15.632+0000] {logging_mixin.py:188} INFO - [2026-01-20T15:52:15.632+0000] {dagbag.py:545} INFO - Filling up the DagBag from /opt/airflow/dags/pipeline_one_off.py
[2026-01-20T15:52:15.663+0000] {processor.py:840} INFO - DAG(s) 'pipeline_one_off' retrieved from /opt/airflow/dags/pipeline_one_off.py
[2026-01-20T15:52:15.715+0000] {logging_mixin.py:188} INFO - [2026-01-20T15:52:15.715+0000] {dag.py:3089} INFO - Sync 1 DAGs
[2026-01-20T15:52:15.731+0000] {logging_mixin.py:188} INFO - [2026-01-20T15:52:15.731+0000] {dag.py:3947} INFO - Setting next_dagrun for pipeline_one_off to None, run_after=None
[2026-01-20T15:52:15.760+0000] {processor.py:183} INFO - Processing /opt/airflow/dags/pipeline_one_off.py took 0.138 seconds
[2026-01-20T15:52:46.004+0000] {processor.py:161} INFO - Started process (PID=23155) to work on /opt/airflow/dags/pipeline_one_off.py
[2026-01-20T15:52:46.006+0000] {processor.py:830} INFO - Processing file /opt/airflow/dags/pipeline_one_off.py for tasks to queue
[2026-01-20T15:52:46.008+0000] {logging_mixin.py:188} INFO - [2026-01-20T15:52:46.007+0000] {dagbag.py:545} INFO - Filling up the DagBag from /opt/airflow/dags/pipeline_one_off.py
[2026-01-20T15:52:46.033+0000] {processor.py:840} INFO - DAG(s) 'pipeline_one_off' retrieved from /opt/airflow/dags/pipeline_one_off.py
[2026-01-20T15:52:46.067+0000] {logging_mixin.py:188} INFO - [2026-01-20T15:52:46.067+0000] {dag.py:3089} INFO - Sync 1 DAGs
[2026-01-20T15:52:46.083+0000] {logging_mixin.py:188} INFO - [2026-01-20T15:52:46.082+0000] {dag.py:3947} INFO - Setting next_dagrun for pipeline_one_off to None, run_after=None
[2026-01-20T15:52:46.104+0000] {processor.py:183} INFO - Processing /opt/airflow/dags/pipeline_one_off.py took 0.107 seconds
[2026-01-20T15:53:16.340+0000] {processor.py:161} INFO - Started process (PID=23165) to work on /opt/airflow/dags/pipeline_one_off.py
[2026-01-20T15:53:16.341+0000] {processor.py:830} INFO - Processing file /opt/airflow/dags/pipeline_one_off.py for tasks to queue
[2026-01-20T15:53:16.343+0000] {logging_mixin.py:188} INFO - [2026-01-20T15:53:16.343+0000] {dagbag.py:545} INFO - Filling up the DagBag from /opt/airflow/dags/pipeline_one_off.py
[2026-01-20T15:53:16.366+0000] {processor.py:840} INFO - DAG(s) 'pipeline_one_off' retrieved from /opt/airflow/dags/pipeline_one_off.py
[2026-01-20T15:53:16.399+0000] {logging_mixin.py:188} INFO - [2026-01-20T15:53:16.399+0000] {dag.py:3089} INFO - Sync 1 DAGs
[2026-01-20T15:53:16.412+0000] {logging_mixin.py:188} INFO - [2026-01-20T15:53:16.412+0000] {dag.py:3947} INFO - Setting next_dagrun for pipeline_one_off to None, run_after=None
[2026-01-20T15:53:16.435+0000] {processor.py:183} INFO - Processing /opt/airflow/dags/pipeline_one_off.py took 0.101 seconds
[2026-01-20T15:53:46.711+0000] {processor.py:161} INFO - Started process (PID=23175) to work on /opt/airflow/dags/pipeline_one_off.py
[2026-01-20T15:53:46.712+0000] {processor.py:830} INFO - Processing file /opt/airflow/dags/pipeline_one_off.py for tasks to queue
[2026-01-20T15:53:46.714+0000] {logging_mixin.py:188} INFO - [2026-01-20T15:53:46.714+0000] {dagbag.py:545} INFO - Filling up the DagBag from /opt/airflow/dags/pipeline_one_off.py
[2026-01-20T15:53:46.736+0000] {processor.py:840} INFO - DAG(s) 'pipeline_one_off' retrieved from /opt/airflow/dags/pipeline_one_off.py
[2026-01-20T15:53:46.769+0000] {logging_mixin.py:188} INFO - [2026-01-20T15:53:46.768+0000] {dag.py:3089} INFO - Sync 1 DAGs
[2026-01-20T15:53:46.783+0000] {logging_mixin.py:188} INFO - [2026-01-20T15:53:46.782+0000] {dag.py:3947} INFO - Setting next_dagrun for pipeline_one_off to None, run_after=None
[2026-01-20T15:53:46.806+0000] {processor.py:183} INFO - Processing /opt/airflow/dags/pipeline_one_off.py took 0.101 seconds
[2026-01-20T15:54:17.044+0000] {processor.py:161} INFO - Started process (PID=23185) to work on /opt/airflow/dags/pipeline_one_off.py
[2026-01-20T15:54:17.045+0000] {processor.py:830} INFO - Processing file /opt/airflow/dags/pipeline_one_off.py for tasks to queue
[2026-01-20T15:54:17.047+0000] {logging_mixin.py:188} INFO - [2026-01-20T15:54:17.047+0000] {dagbag.py:545} INFO - Filling up the DagBag from /opt/airflow/dags/pipeline_one_off.py
[2026-01-20T15:54:17.072+0000] {processor.py:840} INFO - DAG(s) 'pipeline_one_off' retrieved from /opt/airflow/dags/pipeline_one_off.py
[2026-01-20T15:54:17.114+0000] {logging_mixin.py:188} INFO - [2026-01-20T15:54:17.113+0000] {dag.py:3089} INFO - Sync 1 DAGs
[2026-01-20T15:54:17.130+0000] {logging_mixin.py:188} INFO - [2026-01-20T15:54:17.130+0000] {dag.py:3947} INFO - Setting next_dagrun for pipeline_one_off to None, run_after=None
[2026-01-20T15:54:17.154+0000] {processor.py:183} INFO - Processing /opt/airflow/dags/pipeline_one_off.py took 0.118 seconds
[2026-01-20T15:54:47.422+0000] {processor.py:161} INFO - Started process (PID=23195) to work on /opt/airflow/dags/pipeline_one_off.py
[2026-01-20T15:54:47.424+0000] {processor.py:830} INFO - Processing file /opt/airflow/dags/pipeline_one_off.py for tasks to queue
[2026-01-20T15:54:47.426+0000] {logging_mixin.py:188} INFO - [2026-01-20T15:54:47.426+0000] {dagbag.py:545} INFO - Filling up the DagBag from /opt/airflow/dags/pipeline_one_off.py
[2026-01-20T15:54:47.449+0000] {processor.py:840} INFO - DAG(s) 'pipeline_one_off' retrieved from /opt/airflow/dags/pipeline_one_off.py
[2026-01-20T15:54:47.483+0000] {logging_mixin.py:188} INFO - [2026-01-20T15:54:47.483+0000] {dag.py:3089} INFO - Sync 1 DAGs
[2026-01-20T15:54:47.496+0000] {logging_mixin.py:188} INFO - [2026-01-20T15:54:47.496+0000] {dag.py:3947} INFO - Setting next_dagrun for pipeline_one_off to None, run_after=None
[2026-01-20T15:54:47.517+0000] {processor.py:183} INFO - Processing /opt/airflow/dags/pipeline_one_off.py took 0.102 seconds
[2026-01-20T15:55:17.759+0000] {processor.py:161} INFO - Started process (PID=23205) to work on /opt/airflow/dags/pipeline_one_off.py
[2026-01-20T15:55:17.761+0000] {processor.py:830} INFO - Processing file /opt/airflow/dags/pipeline_one_off.py for tasks to queue
[2026-01-20T15:55:17.764+0000] {logging_mixin.py:188} INFO - [2026-01-20T15:55:17.764+0000] {dagbag.py:545} INFO - Filling up the DagBag from /opt/airflow/dags/pipeline_one_off.py
[2026-01-20T15:55:17.793+0000] {processor.py:840} INFO - DAG(s) 'pipeline_one_off' retrieved from /opt/airflow/dags/pipeline_one_off.py
[2026-01-20T15:55:17.834+0000] {logging_mixin.py:188} INFO - [2026-01-20T15:55:17.833+0000] {dag.py:3089} INFO - Sync 1 DAGs
[2026-01-20T15:55:17.851+0000] {logging_mixin.py:188} INFO - [2026-01-20T15:55:17.851+0000] {dag.py:3947} INFO - Setting next_dagrun for pipeline_one_off to None, run_after=None
[2026-01-20T15:55:17.876+0000] {processor.py:183} INFO - Processing /opt/airflow/dags/pipeline_one_off.py took 0.124 seconds
[2026-01-20T15:55:48.118+0000] {processor.py:161} INFO - Started process (PID=23215) to work on /opt/airflow/dags/pipeline_one_off.py
[2026-01-20T15:55:48.119+0000] {processor.py:830} INFO - Processing file /opt/airflow/dags/pipeline_one_off.py for tasks to queue
[2026-01-20T15:55:48.121+0000] {logging_mixin.py:188} INFO - [2026-01-20T15:55:48.121+0000] {dagbag.py:545} INFO - Filling up the DagBag from /opt/airflow/dags/pipeline_one_off.py
[2026-01-20T15:55:48.142+0000] {processor.py:840} INFO - DAG(s) 'pipeline_one_off' retrieved from /opt/airflow/dags/pipeline_one_off.py
[2026-01-20T15:55:48.179+0000] {logging_mixin.py:188} INFO - [2026-01-20T15:55:48.178+0000] {dag.py:3089} INFO - Sync 1 DAGs
[2026-01-20T15:55:48.193+0000] {logging_mixin.py:188} INFO - [2026-01-20T15:55:48.193+0000] {dag.py:3947} INFO - Setting next_dagrun for pipeline_one_off to None, run_after=None
[2026-01-20T15:55:48.214+0000] {processor.py:183} INFO - Processing /opt/airflow/dags/pipeline_one_off.py took 0.103 seconds
[2026-01-20T15:56:18.450+0000] {processor.py:161} INFO - Started process (PID=23225) to work on /opt/airflow/dags/pipeline_one_off.py
[2026-01-20T15:56:18.451+0000] {processor.py:830} INFO - Processing file /opt/airflow/dags/pipeline_one_off.py for tasks to queue
[2026-01-20T15:56:18.454+0000] {logging_mixin.py:188} INFO - [2026-01-20T15:56:18.454+0000] {dagbag.py:545} INFO - Filling up the DagBag from /opt/airflow/dags/pipeline_one_off.py
[2026-01-20T15:56:18.477+0000] {processor.py:840} INFO - DAG(s) 'pipeline_one_off' retrieved from /opt/airflow/dags/pipeline_one_off.py
[2026-01-20T15:56:18.513+0000] {logging_mixin.py:188} INFO - [2026-01-20T15:56:18.513+0000] {dag.py:3089} INFO - Sync 1 DAGs
[2026-01-20T15:56:18.526+0000] {logging_mixin.py:188} INFO - [2026-01-20T15:56:18.526+0000] {dag.py:3947} INFO - Setting next_dagrun for pipeline_one_off to None, run_after=None
[2026-01-20T15:56:18.550+0000] {processor.py:183} INFO - Processing /opt/airflow/dags/pipeline_one_off.py took 0.107 seconds
[2026-01-20T15:56:48.831+0000] {processor.py:161} INFO - Started process (PID=23235) to work on /opt/airflow/dags/pipeline_one_off.py
[2026-01-20T15:56:48.832+0000] {processor.py:830} INFO - Processing file /opt/airflow/dags/pipeline_one_off.py for tasks to queue
[2026-01-20T15:56:48.835+0000] {logging_mixin.py:188} INFO - [2026-01-20T15:56:48.834+0000] {dagbag.py:545} INFO - Filling up the DagBag from /opt/airflow/dags/pipeline_one_off.py
[2026-01-20T15:56:48.861+0000] {processor.py:840} INFO - DAG(s) 'pipeline_one_off' retrieved from /opt/airflow/dags/pipeline_one_off.py
[2026-01-20T15:56:48.896+0000] {logging_mixin.py:188} INFO - [2026-01-20T15:56:48.895+0000] {dag.py:3089} INFO - Sync 1 DAGs
[2026-01-20T15:56:48.911+0000] {logging_mixin.py:188} INFO - [2026-01-20T15:56:48.910+0000] {dag.py:3947} INFO - Setting next_dagrun for pipeline_one_off to None, run_after=None
[2026-01-20T15:56:48.936+0000] {processor.py:183} INFO - Processing /opt/airflow/dags/pipeline_one_off.py took 0.113 seconds
[2026-01-20T15:57:19.178+0000] {processor.py:161} INFO - Started process (PID=23245) to work on /opt/airflow/dags/pipeline_one_off.py
[2026-01-20T15:57:19.179+0000] {processor.py:830} INFO - Processing file /opt/airflow/dags/pipeline_one_off.py for tasks to queue
[2026-01-20T15:57:19.181+0000] {logging_mixin.py:188} INFO - [2026-01-20T15:57:19.181+0000] {dagbag.py:545} INFO - Filling up the DagBag from /opt/airflow/dags/pipeline_one_off.py
[2026-01-20T15:57:19.202+0000] {processor.py:840} INFO - DAG(s) 'pipeline_one_off' retrieved from /opt/airflow/dags/pipeline_one_off.py
[2026-01-20T15:57:19.240+0000] {logging_mixin.py:188} INFO - [2026-01-20T15:57:19.240+0000] {dag.py:3089} INFO - Sync 1 DAGs
[2026-01-20T15:57:19.255+0000] {logging_mixin.py:188} INFO - [2026-01-20T15:57:19.255+0000] {dag.py:3947} INFO - Setting next_dagrun for pipeline_one_off to None, run_after=None
[2026-01-20T15:57:19.281+0000] {processor.py:183} INFO - Processing /opt/airflow/dags/pipeline_one_off.py took 0.110 seconds
[2026-01-20T15:57:49.523+0000] {processor.py:161} INFO - Started process (PID=23255) to work on /opt/airflow/dags/pipeline_one_off.py
[2026-01-20T15:57:49.524+0000] {processor.py:830} INFO - Processing file /opt/airflow/dags/pipeline_one_off.py for tasks to queue
[2026-01-20T15:57:49.527+0000] {logging_mixin.py:188} INFO - [2026-01-20T15:57:49.526+0000] {dagbag.py:545} INFO - Filling up the DagBag from /opt/airflow/dags/pipeline_one_off.py
[2026-01-20T15:57:49.551+0000] {processor.py:840} INFO - DAG(s) 'pipeline_one_off' retrieved from /opt/airflow/dags/pipeline_one_off.py
[2026-01-20T15:57:49.589+0000] {logging_mixin.py:188} INFO - [2026-01-20T15:57:49.589+0000] {dag.py:3089} INFO - Sync 1 DAGs
[2026-01-20T15:57:49.604+0000] {logging_mixin.py:188} INFO - [2026-01-20T15:57:49.604+0000] {dag.py:3947} INFO - Setting next_dagrun for pipeline_one_off to None, run_after=None
[2026-01-20T15:57:49.625+0000] {processor.py:183} INFO - Processing /opt/airflow/dags/pipeline_one_off.py took 0.109 seconds
[2026-01-20T15:58:19.864+0000] {processor.py:161} INFO - Started process (PID=23265) to work on /opt/airflow/dags/pipeline_one_off.py
[2026-01-20T15:58:19.865+0000] {processor.py:830} INFO - Processing file /opt/airflow/dags/pipeline_one_off.py for tasks to queue
[2026-01-20T15:58:19.868+0000] {logging_mixin.py:188} INFO - [2026-01-20T15:58:19.867+0000] {dagbag.py:545} INFO - Filling up the DagBag from /opt/airflow/dags/pipeline_one_off.py
[2026-01-20T15:58:19.890+0000] {processor.py:840} INFO - DAG(s) 'pipeline_one_off' retrieved from /opt/airflow/dags/pipeline_one_off.py
[2026-01-20T15:58:19.933+0000] {logging_mixin.py:188} INFO - [2026-01-20T15:58:19.933+0000] {dag.py:3089} INFO - Sync 1 DAGs
[2026-01-20T15:58:19.949+0000] {logging_mixin.py:188} INFO - [2026-01-20T15:58:19.949+0000] {dag.py:3947} INFO - Setting next_dagrun for pipeline_one_off to None, run_after=None
[2026-01-20T15:58:19.971+0000] {processor.py:183} INFO - Processing /opt/airflow/dags/pipeline_one_off.py took 0.115 seconds
[2026-01-20T15:58:50.236+0000] {processor.py:161} INFO - Started process (PID=23275) to work on /opt/airflow/dags/pipeline_one_off.py
[2026-01-20T15:58:50.237+0000] {processor.py:830} INFO - Processing file /opt/airflow/dags/pipeline_one_off.py for tasks to queue
[2026-01-20T15:58:50.240+0000] {logging_mixin.py:188} INFO - [2026-01-20T15:58:50.239+0000] {dagbag.py:545} INFO - Filling up the DagBag from /opt/airflow/dags/pipeline_one_off.py
[2026-01-20T15:58:50.263+0000] {processor.py:840} INFO - DAG(s) 'pipeline_one_off' retrieved from /opt/airflow/dags/pipeline_one_off.py
[2026-01-20T15:58:50.296+0000] {logging_mixin.py:188} INFO - [2026-01-20T15:58:50.296+0000] {dag.py:3089} INFO - Sync 1 DAGs
[2026-01-20T15:58:50.309+0000] {logging_mixin.py:188} INFO - [2026-01-20T15:58:50.308+0000] {dag.py:3947} INFO - Setting next_dagrun for pipeline_one_off to None, run_after=None
[2026-01-20T15:58:50.334+0000] {processor.py:183} INFO - Processing /opt/airflow/dags/pipeline_one_off.py took 0.104 seconds
[2026-01-20T15:59:20.583+0000] {processor.py:161} INFO - Started process (PID=23285) to work on /opt/airflow/dags/pipeline_one_off.py
[2026-01-20T15:59:20.584+0000] {processor.py:830} INFO - Processing file /opt/airflow/dags/pipeline_one_off.py for tasks to queue
[2026-01-20T15:59:20.586+0000] {logging_mixin.py:188} INFO - [2026-01-20T15:59:20.586+0000] {dagbag.py:545} INFO - Filling up the DagBag from /opt/airflow/dags/pipeline_one_off.py
[2026-01-20T15:59:20.610+0000] {processor.py:840} INFO - DAG(s) 'pipeline_one_off' retrieved from /opt/airflow/dags/pipeline_one_off.py
[2026-01-20T15:59:20.644+0000] {logging_mixin.py:188} INFO - [2026-01-20T15:59:20.644+0000] {dag.py:3089} INFO - Sync 1 DAGs
[2026-01-20T15:59:20.657+0000] {logging_mixin.py:188} INFO - [2026-01-20T15:59:20.657+0000] {dag.py:3947} INFO - Setting next_dagrun for pipeline_one_off to None, run_after=None
[2026-01-20T15:59:20.682+0000] {processor.py:183} INFO - Processing /opt/airflow/dags/pipeline_one_off.py took 0.107 seconds
[2026-01-20T15:59:50.924+0000] {processor.py:161} INFO - Started process (PID=23295) to work on /opt/airflow/dags/pipeline_one_off.py
[2026-01-20T15:59:50.925+0000] {processor.py:830} INFO - Processing file /opt/airflow/dags/pipeline_one_off.py for tasks to queue
[2026-01-20T15:59:50.928+0000] {logging_mixin.py:188} INFO - [2026-01-20T15:59:50.927+0000] {dagbag.py:545} INFO - Filling up the DagBag from /opt/airflow/dags/pipeline_one_off.py
[2026-01-20T15:59:50.947+0000] {processor.py:840} INFO - DAG(s) 'pipeline_one_off' retrieved from /opt/airflow/dags/pipeline_one_off.py
[2026-01-20T15:59:50.982+0000] {logging_mixin.py:188} INFO - [2026-01-20T15:59:50.982+0000] {dag.py:3089} INFO - Sync 1 DAGs
[2026-01-20T15:59:50.996+0000] {logging_mixin.py:188} INFO - [2026-01-20T15:59:50.996+0000] {dag.py:3947} INFO - Setting next_dagrun for pipeline_one_off to None, run_after=None
[2026-01-20T15:59:51.022+0000] {processor.py:183} INFO - Processing /opt/airflow/dags/pipeline_one_off.py took 0.104 seconds
[2026-01-20T16:00:21.264+0000] {processor.py:161} INFO - Started process (PID=23308) to work on /opt/airflow/dags/pipeline_one_off.py
[2026-01-20T16:00:21.266+0000] {processor.py:830} INFO - Processing file /opt/airflow/dags/pipeline_one_off.py for tasks to queue
[2026-01-20T16:00:21.269+0000] {logging_mixin.py:188} INFO - [2026-01-20T16:00:21.269+0000] {dagbag.py:545} INFO - Filling up the DagBag from /opt/airflow/dags/pipeline_one_off.py
[2026-01-20T16:00:21.301+0000] {processor.py:840} INFO - DAG(s) 'pipeline_one_off' retrieved from /opt/airflow/dags/pipeline_one_off.py
[2026-01-20T16:00:21.343+0000] {logging_mixin.py:188} INFO - [2026-01-20T16:00:21.342+0000] {dag.py:3089} INFO - Sync 1 DAGs
[2026-01-20T16:00:21.360+0000] {logging_mixin.py:188} INFO - [2026-01-20T16:00:21.360+0000] {dag.py:3947} INFO - Setting next_dagrun for pipeline_one_off to None, run_after=None
[2026-01-20T16:00:21.387+0000] {processor.py:183} INFO - Processing /opt/airflow/dags/pipeline_one_off.py took 0.131 seconds
[2026-01-20T16:00:51.626+0000] {processor.py:161} INFO - Started process (PID=23318) to work on /opt/airflow/dags/pipeline_one_off.py
[2026-01-20T16:00:51.628+0000] {processor.py:830} INFO - Processing file /opt/airflow/dags/pipeline_one_off.py for tasks to queue
[2026-01-20T16:00:51.631+0000] {logging_mixin.py:188} INFO - [2026-01-20T16:00:51.631+0000] {dagbag.py:545} INFO - Filling up the DagBag from /opt/airflow/dags/pipeline_one_off.py
[2026-01-20T16:00:51.655+0000] {processor.py:840} INFO - DAG(s) 'pipeline_one_off' retrieved from /opt/airflow/dags/pipeline_one_off.py
[2026-01-20T16:00:51.693+0000] {logging_mixin.py:188} INFO - [2026-01-20T16:00:51.692+0000] {dag.py:3089} INFO - Sync 1 DAGs
[2026-01-20T16:00:51.706+0000] {logging_mixin.py:188} INFO - [2026-01-20T16:00:51.706+0000] {dag.py:3947} INFO - Setting next_dagrun for pipeline_one_off to None, run_after=None
[2026-01-20T16:00:51.730+0000] {processor.py:183} INFO - Processing /opt/airflow/dags/pipeline_one_off.py took 0.111 seconds
[2026-01-20T16:01:21.972+0000] {processor.py:161} INFO - Started process (PID=23328) to work on /opt/airflow/dags/pipeline_one_off.py
[2026-01-20T16:01:21.974+0000] {processor.py:830} INFO - Processing file /opt/airflow/dags/pipeline_one_off.py for tasks to queue
[2026-01-20T16:01:21.976+0000] {logging_mixin.py:188} INFO - [2026-01-20T16:01:21.976+0000] {dagbag.py:545} INFO - Filling up the DagBag from /opt/airflow/dags/pipeline_one_off.py
[2026-01-20T16:01:22.001+0000] {processor.py:840} INFO - DAG(s) 'pipeline_one_off' retrieved from /opt/airflow/dags/pipeline_one_off.py
[2026-01-20T16:01:22.037+0000] {logging_mixin.py:188} INFO - [2026-01-20T16:01:22.036+0000] {dag.py:3089} INFO - Sync 1 DAGs
[2026-01-20T16:01:22.051+0000] {logging_mixin.py:188} INFO - [2026-01-20T16:01:22.051+0000] {dag.py:3947} INFO - Setting next_dagrun for pipeline_one_off to None, run_after=None
[2026-01-20T16:01:22.076+0000] {processor.py:183} INFO - Processing /opt/airflow/dags/pipeline_one_off.py took 0.113 seconds
[2026-01-20T16:01:52.312+0000] {processor.py:161} INFO - Started process (PID=23338) to work on /opt/airflow/dags/pipeline_one_off.py
[2026-01-20T16:01:52.313+0000] {processor.py:830} INFO - Processing file /opt/airflow/dags/pipeline_one_off.py for tasks to queue
[2026-01-20T16:01:52.315+0000] {logging_mixin.py:188} INFO - [2026-01-20T16:01:52.315+0000] {dagbag.py:545} INFO - Filling up the DagBag from /opt/airflow/dags/pipeline_one_off.py
[2026-01-20T16:01:52.338+0000] {processor.py:840} INFO - DAG(s) 'pipeline_one_off' retrieved from /opt/airflow/dags/pipeline_one_off.py
[2026-01-20T16:01:52.375+0000] {logging_mixin.py:188} INFO - [2026-01-20T16:01:52.375+0000] {dag.py:3089} INFO - Sync 1 DAGs
[2026-01-20T16:01:52.389+0000] {logging_mixin.py:188} INFO - [2026-01-20T16:01:52.389+0000] {dag.py:3947} INFO - Setting next_dagrun for pipeline_one_off to None, run_after=None
[2026-01-20T16:01:52.414+0000] {processor.py:183} INFO - Processing /opt/airflow/dags/pipeline_one_off.py took 0.109 seconds
[2026-01-20T16:02:22.655+0000] {processor.py:161} INFO - Started process (PID=23348) to work on /opt/airflow/dags/pipeline_one_off.py
[2026-01-20T16:02:22.657+0000] {processor.py:830} INFO - Processing file /opt/airflow/dags/pipeline_one_off.py for tasks to queue
[2026-01-20T16:02:22.659+0000] {logging_mixin.py:188} INFO - [2026-01-20T16:02:22.659+0000] {dagbag.py:545} INFO - Filling up the DagBag from /opt/airflow/dags/pipeline_one_off.py
[2026-01-20T16:02:22.683+0000] {processor.py:840} INFO - DAG(s) 'pipeline_one_off' retrieved from /opt/airflow/dags/pipeline_one_off.py
[2026-01-20T16:02:22.717+0000] {logging_mixin.py:188} INFO - [2026-01-20T16:02:22.716+0000] {dag.py:3089} INFO - Sync 1 DAGs
[2026-01-20T16:02:22.729+0000] {logging_mixin.py:188} INFO - [2026-01-20T16:02:22.729+0000] {dag.py:3947} INFO - Setting next_dagrun for pipeline_one_off to None, run_after=None
[2026-01-20T16:02:22.753+0000] {processor.py:183} INFO - Processing /opt/airflow/dags/pipeline_one_off.py took 0.104 seconds
[2026-01-20T16:02:52.996+0000] {processor.py:161} INFO - Started process (PID=23358) to work on /opt/airflow/dags/pipeline_one_off.py
[2026-01-20T16:02:52.998+0000] {processor.py:830} INFO - Processing file /opt/airflow/dags/pipeline_one_off.py for tasks to queue
[2026-01-20T16:02:53.000+0000] {logging_mixin.py:188} INFO - [2026-01-20T16:02:53.000+0000] {dagbag.py:545} INFO - Filling up the DagBag from /opt/airflow/dags/pipeline_one_off.py
[2026-01-20T16:02:53.027+0000] {processor.py:840} INFO - DAG(s) 'pipeline_one_off' retrieved from /opt/airflow/dags/pipeline_one_off.py
[2026-01-20T16:02:53.064+0000] {logging_mixin.py:188} INFO - [2026-01-20T16:02:53.063+0000] {dag.py:3089} INFO - Sync 1 DAGs
[2026-01-20T16:02:53.078+0000] {logging_mixin.py:188} INFO - [2026-01-20T16:02:53.078+0000] {dag.py:3947} INFO - Setting next_dagrun for pipeline_one_off to None, run_after=None
[2026-01-20T16:02:53.103+0000] {processor.py:183} INFO - Processing /opt/airflow/dags/pipeline_one_off.py took 0.113 seconds
[2026-01-20T16:03:23.337+0000] {processor.py:161} INFO - Started process (PID=23368) to work on /opt/airflow/dags/pipeline_one_off.py
[2026-01-20T16:03:23.338+0000] {processor.py:830} INFO - Processing file /opt/airflow/dags/pipeline_one_off.py for tasks to queue
[2026-01-20T16:03:23.340+0000] {logging_mixin.py:188} INFO - [2026-01-20T16:03:23.340+0000] {dagbag.py:545} INFO - Filling up the DagBag from /opt/airflow/dags/pipeline_one_off.py
[2026-01-20T16:03:23.362+0000] {processor.py:840} INFO - DAG(s) 'pipeline_one_off' retrieved from /opt/airflow/dags/pipeline_one_off.py
[2026-01-20T16:03:23.399+0000] {logging_mixin.py:188} INFO - [2026-01-20T16:03:23.399+0000] {dag.py:3089} INFO - Sync 1 DAGs
[2026-01-20T16:03:23.415+0000] {logging_mixin.py:188} INFO - [2026-01-20T16:03:23.415+0000] {dag.py:3947} INFO - Setting next_dagrun for pipeline_one_off to None, run_after=None
[2026-01-20T16:03:23.439+0000] {processor.py:183} INFO - Processing /opt/airflow/dags/pipeline_one_off.py took 0.108 seconds
[2026-01-20T16:03:53.675+0000] {processor.py:161} INFO - Started process (PID=23378) to work on /opt/airflow/dags/pipeline_one_off.py
[2026-01-20T16:03:53.676+0000] {processor.py:830} INFO - Processing file /opt/airflow/dags/pipeline_one_off.py for tasks to queue
[2026-01-20T16:03:53.679+0000] {logging_mixin.py:188} INFO - [2026-01-20T16:03:53.678+0000] {dagbag.py:545} INFO - Filling up the DagBag from /opt/airflow/dags/pipeline_one_off.py
[2026-01-20T16:03:53.700+0000] {processor.py:840} INFO - DAG(s) 'pipeline_one_off' retrieved from /opt/airflow/dags/pipeline_one_off.py
[2026-01-20T16:03:53.736+0000] {logging_mixin.py:188} INFO - [2026-01-20T16:03:53.736+0000] {dag.py:3089} INFO - Sync 1 DAGs
[2026-01-20T16:03:53.749+0000] {logging_mixin.py:188} INFO - [2026-01-20T16:03:53.749+0000] {dag.py:3947} INFO - Setting next_dagrun for pipeline_one_off to None, run_after=None
[2026-01-20T16:03:53.772+0000] {processor.py:183} INFO - Processing /opt/airflow/dags/pipeline_one_off.py took 0.103 seconds
[2026-01-20T16:04:24.022+0000] {processor.py:161} INFO - Started process (PID=23388) to work on /opt/airflow/dags/pipeline_one_off.py
[2026-01-20T16:04:24.023+0000] {processor.py:830} INFO - Processing file /opt/airflow/dags/pipeline_one_off.py for tasks to queue
[2026-01-20T16:04:24.026+0000] {logging_mixin.py:188} INFO - [2026-01-20T16:04:24.026+0000] {dagbag.py:545} INFO - Filling up the DagBag from /opt/airflow/dags/pipeline_one_off.py
[2026-01-20T16:04:24.051+0000] {processor.py:840} INFO - DAG(s) 'pipeline_one_off' retrieved from /opt/airflow/dags/pipeline_one_off.py
[2026-01-20T16:04:24.091+0000] {logging_mixin.py:188} INFO - [2026-01-20T16:04:24.090+0000] {dag.py:3089} INFO - Sync 1 DAGs
[2026-01-20T16:04:24.105+0000] {logging_mixin.py:188} INFO - [2026-01-20T16:04:24.105+0000] {dag.py:3947} INFO - Setting next_dagrun for pipeline_one_off to None, run_after=None
[2026-01-20T16:04:24.133+0000] {processor.py:183} INFO - Processing /opt/airflow/dags/pipeline_one_off.py took 0.118 seconds
[2026-01-20T16:04:54.365+0000] {processor.py:161} INFO - Started process (PID=23398) to work on /opt/airflow/dags/pipeline_one_off.py
[2026-01-20T16:04:54.367+0000] {processor.py:830} INFO - Processing file /opt/airflow/dags/pipeline_one_off.py for tasks to queue
[2026-01-20T16:04:54.370+0000] {logging_mixin.py:188} INFO - [2026-01-20T16:04:54.369+0000] {dagbag.py:545} INFO - Filling up the DagBag from /opt/airflow/dags/pipeline_one_off.py
[2026-01-20T16:04:54.394+0000] {processor.py:840} INFO - DAG(s) 'pipeline_one_off' retrieved from /opt/airflow/dags/pipeline_one_off.py
[2026-01-20T16:04:54.433+0000] {logging_mixin.py:188} INFO - [2026-01-20T16:04:54.433+0000] {dag.py:3089} INFO - Sync 1 DAGs
[2026-01-20T16:04:54.447+0000] {logging_mixin.py:188} INFO - [2026-01-20T16:04:54.446+0000] {dag.py:3947} INFO - Setting next_dagrun for pipeline_one_off to None, run_after=None
[2026-01-20T16:04:54.468+0000] {processor.py:183} INFO - Processing /opt/airflow/dags/pipeline_one_off.py took 0.110 seconds
[2026-01-20T16:05:24.722+0000] {processor.py:161} INFO - Started process (PID=23408) to work on /opt/airflow/dags/pipeline_one_off.py
[2026-01-20T16:05:24.724+0000] {processor.py:830} INFO - Processing file /opt/airflow/dags/pipeline_one_off.py for tasks to queue
[2026-01-20T16:05:24.726+0000] {logging_mixin.py:188} INFO - [2026-01-20T16:05:24.726+0000] {dagbag.py:545} INFO - Filling up the DagBag from /opt/airflow/dags/pipeline_one_off.py
[2026-01-20T16:05:24.749+0000] {processor.py:840} INFO - DAG(s) 'pipeline_one_off' retrieved from /opt/airflow/dags/pipeline_one_off.py
[2026-01-20T16:05:24.787+0000] {logging_mixin.py:188} INFO - [2026-01-20T16:05:24.787+0000] {dag.py:3089} INFO - Sync 1 DAGs
[2026-01-20T16:05:24.800+0000] {logging_mixin.py:188} INFO - [2026-01-20T16:05:24.800+0000] {dag.py:3947} INFO - Setting next_dagrun for pipeline_one_off to None, run_after=None
[2026-01-20T16:05:24.823+0000] {processor.py:183} INFO - Processing /opt/airflow/dags/pipeline_one_off.py took 0.107 seconds
[2026-01-20T16:05:55.062+0000] {processor.py:161} INFO - Started process (PID=23418) to work on /opt/airflow/dags/pipeline_one_off.py
[2026-01-20T16:05:55.066+0000] {processor.py:830} INFO - Processing file /opt/airflow/dags/pipeline_one_off.py for tasks to queue
[2026-01-20T16:05:55.069+0000] {logging_mixin.py:188} INFO - [2026-01-20T16:05:55.068+0000] {dagbag.py:545} INFO - Filling up the DagBag from /opt/airflow/dags/pipeline_one_off.py
[2026-01-20T16:05:55.092+0000] {processor.py:840} INFO - DAG(s) 'pipeline_one_off' retrieved from /opt/airflow/dags/pipeline_one_off.py
[2026-01-20T16:05:55.127+0000] {logging_mixin.py:188} INFO - [2026-01-20T16:05:55.127+0000] {dag.py:3089} INFO - Sync 1 DAGs
[2026-01-20T16:05:55.141+0000] {logging_mixin.py:188} INFO - [2026-01-20T16:05:55.141+0000] {dag.py:3947} INFO - Setting next_dagrun for pipeline_one_off to None, run_after=None
[2026-01-20T16:05:55.163+0000] {processor.py:183} INFO - Processing /opt/airflow/dags/pipeline_one_off.py took 0.107 seconds
[2026-01-20T16:06:25.401+0000] {processor.py:161} INFO - Started process (PID=23428) to work on /opt/airflow/dags/pipeline_one_off.py
[2026-01-20T16:06:25.403+0000] {processor.py:830} INFO - Processing file /opt/airflow/dags/pipeline_one_off.py for tasks to queue
[2026-01-20T16:06:25.405+0000] {logging_mixin.py:188} INFO - [2026-01-20T16:06:25.405+0000] {dagbag.py:545} INFO - Filling up the DagBag from /opt/airflow/dags/pipeline_one_off.py
[2026-01-20T16:06:25.429+0000] {processor.py:840} INFO - DAG(s) 'pipeline_one_off' retrieved from /opt/airflow/dags/pipeline_one_off.py
[2026-01-20T16:06:25.469+0000] {logging_mixin.py:188} INFO - [2026-01-20T16:06:25.469+0000] {dag.py:3089} INFO - Sync 1 DAGs
[2026-01-20T16:06:25.485+0000] {logging_mixin.py:188} INFO - [2026-01-20T16:06:25.485+0000] {dag.py:3947} INFO - Setting next_dagrun for pipeline_one_off to None, run_after=None
[2026-01-20T16:06:25.511+0000] {processor.py:183} INFO - Processing /opt/airflow/dags/pipeline_one_off.py took 0.117 seconds
[2026-01-20T16:06:55.748+0000] {processor.py:161} INFO - Started process (PID=23438) to work on /opt/airflow/dags/pipeline_one_off.py
[2026-01-20T16:06:55.750+0000] {processor.py:830} INFO - Processing file /opt/airflow/dags/pipeline_one_off.py for tasks to queue
[2026-01-20T16:06:55.752+0000] {logging_mixin.py:188} INFO - [2026-01-20T16:06:55.751+0000] {dagbag.py:545} INFO - Filling up the DagBag from /opt/airflow/dags/pipeline_one_off.py
[2026-01-20T16:06:55.777+0000] {processor.py:840} INFO - DAG(s) 'pipeline_one_off' retrieved from /opt/airflow/dags/pipeline_one_off.py
[2026-01-20T16:06:55.808+0000] {logging_mixin.py:188} INFO - [2026-01-20T16:06:55.808+0000] {dag.py:3089} INFO - Sync 1 DAGs
[2026-01-20T16:06:55.820+0000] {logging_mixin.py:188} INFO - [2026-01-20T16:06:55.820+0000] {dag.py:3947} INFO - Setting next_dagrun for pipeline_one_off to None, run_after=None
[2026-01-20T16:06:55.845+0000] {processor.py:183} INFO - Processing /opt/airflow/dags/pipeline_one_off.py took 0.103 seconds
[2026-01-20T16:07:26.123+0000] {processor.py:161} INFO - Started process (PID=23448) to work on /opt/airflow/dags/pipeline_one_off.py
[2026-01-20T16:07:26.125+0000] {processor.py:830} INFO - Processing file /opt/airflow/dags/pipeline_one_off.py for tasks to queue
[2026-01-20T16:07:26.127+0000] {logging_mixin.py:188} INFO - [2026-01-20T16:07:26.127+0000] {dagbag.py:545} INFO - Filling up the DagBag from /opt/airflow/dags/pipeline_one_off.py
[2026-01-20T16:07:26.151+0000] {processor.py:840} INFO - DAG(s) 'pipeline_one_off' retrieved from /opt/airflow/dags/pipeline_one_off.py
[2026-01-20T16:07:26.190+0000] {logging_mixin.py:188} INFO - [2026-01-20T16:07:26.189+0000] {dag.py:3089} INFO - Sync 1 DAGs
[2026-01-20T16:07:26.202+0000] {logging_mixin.py:188} INFO - [2026-01-20T16:07:26.202+0000] {dag.py:3947} INFO - Setting next_dagrun for pipeline_one_off to None, run_after=None
[2026-01-20T16:07:26.222+0000] {processor.py:183} INFO - Processing /opt/airflow/dags/pipeline_one_off.py took 0.106 seconds
[2026-01-20T16:07:56.467+0000] {processor.py:161} INFO - Started process (PID=23458) to work on /opt/airflow/dags/pipeline_one_off.py
[2026-01-20T16:07:56.468+0000] {processor.py:830} INFO - Processing file /opt/airflow/dags/pipeline_one_off.py for tasks to queue
[2026-01-20T16:07:56.470+0000] {logging_mixin.py:188} INFO - [2026-01-20T16:07:56.470+0000] {dagbag.py:545} INFO - Filling up the DagBag from /opt/airflow/dags/pipeline_one_off.py
[2026-01-20T16:07:56.497+0000] {processor.py:840} INFO - DAG(s) 'pipeline_one_off' retrieved from /opt/airflow/dags/pipeline_one_off.py
[2026-01-20T16:07:56.538+0000] {logging_mixin.py:188} INFO - [2026-01-20T16:07:56.538+0000] {dag.py:3089} INFO - Sync 1 DAGs
[2026-01-20T16:07:56.554+0000] {logging_mixin.py:188} INFO - [2026-01-20T16:07:56.553+0000] {dag.py:3947} INFO - Setting next_dagrun for pipeline_one_off to None, run_after=None
[2026-01-20T16:07:56.577+0000] {processor.py:183} INFO - Processing /opt/airflow/dags/pipeline_one_off.py took 0.118 seconds
[2026-01-20T16:08:26.821+0000] {processor.py:161} INFO - Started process (PID=23468) to work on /opt/airflow/dags/pipeline_one_off.py
[2026-01-20T16:08:26.822+0000] {processor.py:830} INFO - Processing file /opt/airflow/dags/pipeline_one_off.py for tasks to queue
[2026-01-20T16:08:26.825+0000] {logging_mixin.py:188} INFO - [2026-01-20T16:08:26.824+0000] {dagbag.py:545} INFO - Filling up the DagBag from /opt/airflow/dags/pipeline_one_off.py
[2026-01-20T16:08:26.852+0000] {processor.py:840} INFO - DAG(s) 'pipeline_one_off' retrieved from /opt/airflow/dags/pipeline_one_off.py
[2026-01-20T16:08:26.890+0000] {logging_mixin.py:188} INFO - [2026-01-20T16:08:26.890+0000] {dag.py:3089} INFO - Sync 1 DAGs
[2026-01-20T16:08:26.905+0000] {logging_mixin.py:188} INFO - [2026-01-20T16:08:26.904+0000] {dag.py:3947} INFO - Setting next_dagrun for pipeline_one_off to None, run_after=None
[2026-01-20T16:08:26.929+0000] {processor.py:183} INFO - Processing /opt/airflow/dags/pipeline_one_off.py took 0.115 seconds
[2026-01-20T16:08:57.169+0000] {processor.py:161} INFO - Started process (PID=23478) to work on /opt/airflow/dags/pipeline_one_off.py
[2026-01-20T16:08:57.170+0000] {processor.py:830} INFO - Processing file /opt/airflow/dags/pipeline_one_off.py for tasks to queue
[2026-01-20T16:08:57.173+0000] {logging_mixin.py:188} INFO - [2026-01-20T16:08:57.172+0000] {dagbag.py:545} INFO - Filling up the DagBag from /opt/airflow/dags/pipeline_one_off.py
[2026-01-20T16:08:57.200+0000] {processor.py:840} INFO - DAG(s) 'pipeline_one_off' retrieved from /opt/airflow/dags/pipeline_one_off.py
[2026-01-20T16:08:57.236+0000] {logging_mixin.py:188} INFO - [2026-01-20T16:08:57.235+0000] {dag.py:3089} INFO - Sync 1 DAGs
[2026-01-20T16:08:57.251+0000] {logging_mixin.py:188} INFO - [2026-01-20T16:08:57.251+0000] {dag.py:3947} INFO - Setting next_dagrun for pipeline_one_off to None, run_after=None
[2026-01-20T16:08:57.282+0000] {processor.py:183} INFO - Processing /opt/airflow/dags/pipeline_one_off.py took 0.119 seconds
[2026-01-20T16:09:27.614+0000] {processor.py:161} INFO - Started process (PID=23488) to work on /opt/airflow/dags/pipeline_one_off.py
[2026-01-20T16:09:27.616+0000] {processor.py:830} INFO - Processing file /opt/airflow/dags/pipeline_one_off.py for tasks to queue
[2026-01-20T16:09:27.619+0000] {logging_mixin.py:188} INFO - [2026-01-20T16:09:27.618+0000] {dagbag.py:545} INFO - Filling up the DagBag from /opt/airflow/dags/pipeline_one_off.py
[2026-01-20T16:09:27.642+0000] {processor.py:840} INFO - DAG(s) 'pipeline_one_off' retrieved from /opt/airflow/dags/pipeline_one_off.py
[2026-01-20T16:09:27.677+0000] {logging_mixin.py:188} INFO - [2026-01-20T16:09:27.677+0000] {dag.py:3089} INFO - Sync 1 DAGs
[2026-01-20T16:09:27.690+0000] {logging_mixin.py:188} INFO - [2026-01-20T16:09:27.689+0000] {dag.py:3947} INFO - Setting next_dagrun for pipeline_one_off to None, run_after=None
[2026-01-20T16:09:27.712+0000] {processor.py:183} INFO - Processing /opt/airflow/dags/pipeline_one_off.py took 0.104 seconds
[2026-01-20T16:09:57.946+0000] {processor.py:161} INFO - Started process (PID=23498) to work on /opt/airflow/dags/pipeline_one_off.py
[2026-01-20T16:09:57.947+0000] {processor.py:830} INFO - Processing file /opt/airflow/dags/pipeline_one_off.py for tasks to queue
[2026-01-20T16:09:57.950+0000] {logging_mixin.py:188} INFO - [2026-01-20T16:09:57.950+0000] {dagbag.py:545} INFO - Filling up the DagBag from /opt/airflow/dags/pipeline_one_off.py
[2026-01-20T16:09:57.973+0000] {processor.py:840} INFO - DAG(s) 'pipeline_one_off' retrieved from /opt/airflow/dags/pipeline_one_off.py
[2026-01-20T16:09:58.009+0000] {logging_mixin.py:188} INFO - [2026-01-20T16:09:58.009+0000] {dag.py:3089} INFO - Sync 1 DAGs
[2026-01-20T16:09:58.022+0000] {logging_mixin.py:188} INFO - [2026-01-20T16:09:58.022+0000] {dag.py:3947} INFO - Setting next_dagrun for pipeline_one_off to None, run_after=None
[2026-01-20T16:09:58.048+0000] {processor.py:183} INFO - Processing /opt/airflow/dags/pipeline_one_off.py took 0.109 seconds
[2026-01-20T16:10:28.278+0000] {processor.py:161} INFO - Started process (PID=23511) to work on /opt/airflow/dags/pipeline_one_off.py
[2026-01-20T16:10:28.280+0000] {processor.py:830} INFO - Processing file /opt/airflow/dags/pipeline_one_off.py for tasks to queue
[2026-01-20T16:10:28.284+0000] {logging_mixin.py:188} INFO - [2026-01-20T16:10:28.283+0000] {dagbag.py:545} INFO - Filling up the DagBag from /opt/airflow/dags/pipeline_one_off.py
[2026-01-20T16:10:28.310+0000] {processor.py:840} INFO - DAG(s) 'pipeline_one_off' retrieved from /opt/airflow/dags/pipeline_one_off.py
[2026-01-20T16:10:28.361+0000] {logging_mixin.py:188} INFO - [2026-01-20T16:10:28.360+0000] {dag.py:3089} INFO - Sync 1 DAGs
[2026-01-20T16:10:28.382+0000] {logging_mixin.py:188} INFO - [2026-01-20T16:10:28.382+0000] {dag.py:3947} INFO - Setting next_dagrun for pipeline_one_off to None, run_after=None
[2026-01-20T16:10:28.421+0000] {processor.py:183} INFO - Processing /opt/airflow/dags/pipeline_one_off.py took 0.150 seconds
[2026-01-20T16:10:58.673+0000] {processor.py:161} INFO - Started process (PID=23521) to work on /opt/airflow/dags/pipeline_one_off.py
[2026-01-20T16:10:58.675+0000] {processor.py:830} INFO - Processing file /opt/airflow/dags/pipeline_one_off.py for tasks to queue
[2026-01-20T16:10:58.679+0000] {logging_mixin.py:188} INFO - [2026-01-20T16:10:58.679+0000] {dagbag.py:545} INFO - Filling up the DagBag from /opt/airflow/dags/pipeline_one_off.py
[2026-01-20T16:10:58.710+0000] {processor.py:840} INFO - DAG(s) 'pipeline_one_off' retrieved from /opt/airflow/dags/pipeline_one_off.py
[2026-01-20T16:10:58.759+0000] {logging_mixin.py:188} INFO - [2026-01-20T16:10:58.759+0000] {dag.py:3089} INFO - Sync 1 DAGs
[2026-01-20T16:10:58.776+0000] {logging_mixin.py:188} INFO - [2026-01-20T16:10:58.776+0000] {dag.py:3947} INFO - Setting next_dagrun for pipeline_one_off to None, run_after=None
[2026-01-20T16:10:58.811+0000] {processor.py:183} INFO - Processing /opt/airflow/dags/pipeline_one_off.py took 0.148 seconds
[2026-01-20T16:11:29.074+0000] {processor.py:161} INFO - Started process (PID=23531) to work on /opt/airflow/dags/pipeline_one_off.py
[2026-01-20T16:11:29.076+0000] {processor.py:830} INFO - Processing file /opt/airflow/dags/pipeline_one_off.py for tasks to queue
[2026-01-20T16:11:29.079+0000] {logging_mixin.py:188} INFO - [2026-01-20T16:11:29.078+0000] {dagbag.py:545} INFO - Filling up the DagBag from /opt/airflow/dags/pipeline_one_off.py
[2026-01-20T16:11:29.102+0000] {processor.py:840} INFO - DAG(s) 'pipeline_one_off' retrieved from /opt/airflow/dags/pipeline_one_off.py
[2026-01-20T16:11:29.139+0000] {logging_mixin.py:188} INFO - [2026-01-20T16:11:29.139+0000] {dag.py:3089} INFO - Sync 1 DAGs
[2026-01-20T16:11:29.153+0000] {logging_mixin.py:188} INFO - [2026-01-20T16:11:29.153+0000] {dag.py:3947} INFO - Setting next_dagrun for pipeline_one_off to None, run_after=None
[2026-01-20T16:11:29.179+0000] {processor.py:183} INFO - Processing /opt/airflow/dags/pipeline_one_off.py took 0.112 seconds
[2026-01-20T16:11:59.418+0000] {processor.py:161} INFO - Started process (PID=23541) to work on /opt/airflow/dags/pipeline_one_off.py
[2026-01-20T16:11:59.419+0000] {processor.py:830} INFO - Processing file /opt/airflow/dags/pipeline_one_off.py for tasks to queue
[2026-01-20T16:11:59.422+0000] {logging_mixin.py:188} INFO - [2026-01-20T16:11:59.422+0000] {dagbag.py:545} INFO - Filling up the DagBag from /opt/airflow/dags/pipeline_one_off.py
[2026-01-20T16:11:59.447+0000] {processor.py:840} INFO - DAG(s) 'pipeline_one_off' retrieved from /opt/airflow/dags/pipeline_one_off.py
[2026-01-20T16:11:59.480+0000] {logging_mixin.py:188} INFO - [2026-01-20T16:11:59.480+0000] {dag.py:3089} INFO - Sync 1 DAGs
[2026-01-20T16:11:59.494+0000] {logging_mixin.py:188} INFO - [2026-01-20T16:11:59.494+0000] {dag.py:3947} INFO - Setting next_dagrun for pipeline_one_off to None, run_after=None
[2026-01-20T16:11:59.518+0000] {processor.py:183} INFO - Processing /opt/airflow/dags/pipeline_one_off.py took 0.106 seconds
[2026-01-20T16:12:29.755+0000] {processor.py:161} INFO - Started process (PID=23551) to work on /opt/airflow/dags/pipeline_one_off.py
[2026-01-20T16:12:29.756+0000] {processor.py:830} INFO - Processing file /opt/airflow/dags/pipeline_one_off.py for tasks to queue
[2026-01-20T16:12:29.759+0000] {logging_mixin.py:188} INFO - [2026-01-20T16:12:29.758+0000] {dagbag.py:545} INFO - Filling up the DagBag from /opt/airflow/dags/pipeline_one_off.py
[2026-01-20T16:12:29.782+0000] {processor.py:840} INFO - DAG(s) 'pipeline_one_off' retrieved from /opt/airflow/dags/pipeline_one_off.py
[2026-01-20T16:12:29.818+0000] {logging_mixin.py:188} INFO - [2026-01-20T16:12:29.818+0000] {dag.py:3089} INFO - Sync 1 DAGs
[2026-01-20T16:12:29.833+0000] {logging_mixin.py:188} INFO - [2026-01-20T16:12:29.832+0000] {dag.py:3947} INFO - Setting next_dagrun for pipeline_one_off to None, run_after=None
[2026-01-20T16:12:29.855+0000] {processor.py:183} INFO - Processing /opt/airflow/dags/pipeline_one_off.py took 0.106 seconds
[2026-01-20T16:13:00.090+0000] {processor.py:161} INFO - Started process (PID=23561) to work on /opt/airflow/dags/pipeline_one_off.py
[2026-01-20T16:13:00.092+0000] {processor.py:830} INFO - Processing file /opt/airflow/dags/pipeline_one_off.py for tasks to queue
[2026-01-20T16:13:00.094+0000] {logging_mixin.py:188} INFO - [2026-01-20T16:13:00.093+0000] {dagbag.py:545} INFO - Filling up the DagBag from /opt/airflow/dags/pipeline_one_off.py
[2026-01-20T16:13:00.117+0000] {processor.py:840} INFO - DAG(s) 'pipeline_one_off' retrieved from /opt/airflow/dags/pipeline_one_off.py
[2026-01-20T16:13:00.153+0000] {logging_mixin.py:188} INFO - [2026-01-20T16:13:00.152+0000] {dag.py:3089} INFO - Sync 1 DAGs
[2026-01-20T16:13:00.167+0000] {logging_mixin.py:188} INFO - [2026-01-20T16:13:00.166+0000] {dag.py:3947} INFO - Setting next_dagrun for pipeline_one_off to None, run_after=None
[2026-01-20T16:13:00.190+0000] {processor.py:183} INFO - Processing /opt/airflow/dags/pipeline_one_off.py took 0.106 seconds
[2026-01-20T16:13:30.464+0000] {processor.py:161} INFO - Started process (PID=23571) to work on /opt/airflow/dags/pipeline_one_off.py
[2026-01-20T16:13:30.466+0000] {processor.py:830} INFO - Processing file /opt/airflow/dags/pipeline_one_off.py for tasks to queue
[2026-01-20T16:13:30.468+0000] {logging_mixin.py:188} INFO - [2026-01-20T16:13:30.468+0000] {dagbag.py:545} INFO - Filling up the DagBag from /opt/airflow/dags/pipeline_one_off.py
[2026-01-20T16:13:30.494+0000] {processor.py:840} INFO - DAG(s) 'pipeline_one_off' retrieved from /opt/airflow/dags/pipeline_one_off.py
[2026-01-20T16:13:30.536+0000] {logging_mixin.py:188} INFO - [2026-01-20T16:13:30.535+0000] {dag.py:3089} INFO - Sync 1 DAGs
[2026-01-20T16:13:30.551+0000] {logging_mixin.py:188} INFO - [2026-01-20T16:13:30.551+0000] {dag.py:3947} INFO - Setting next_dagrun for pipeline_one_off to None, run_after=None
[2026-01-20T16:13:30.575+0000] {processor.py:183} INFO - Processing /opt/airflow/dags/pipeline_one_off.py took 0.118 seconds
[2026-01-20T16:14:00.811+0000] {processor.py:161} INFO - Started process (PID=23581) to work on /opt/airflow/dags/pipeline_one_off.py
[2026-01-20T16:14:00.813+0000] {processor.py:830} INFO - Processing file /opt/airflow/dags/pipeline_one_off.py for tasks to queue
[2026-01-20T16:14:00.816+0000] {logging_mixin.py:188} INFO - [2026-01-20T16:14:00.815+0000] {dagbag.py:545} INFO - Filling up the DagBag from /opt/airflow/dags/pipeline_one_off.py
[2026-01-20T16:14:00.843+0000] {processor.py:840} INFO - DAG(s) 'pipeline_one_off' retrieved from /opt/airflow/dags/pipeline_one_off.py
[2026-01-20T16:14:00.883+0000] {logging_mixin.py:188} INFO - [2026-01-20T16:14:00.883+0000] {dag.py:3089} INFO - Sync 1 DAGs
[2026-01-20T16:14:00.898+0000] {logging_mixin.py:188} INFO - [2026-01-20T16:14:00.898+0000] {dag.py:3947} INFO - Setting next_dagrun for pipeline_one_off to None, run_after=None
[2026-01-20T16:14:00.921+0000] {processor.py:183} INFO - Processing /opt/airflow/dags/pipeline_one_off.py took 0.118 seconds
[2026-01-20T16:14:31.159+0000] {processor.py:161} INFO - Started process (PID=23591) to work on /opt/airflow/dags/pipeline_one_off.py
[2026-01-20T16:14:31.160+0000] {processor.py:830} INFO - Processing file /opt/airflow/dags/pipeline_one_off.py for tasks to queue
[2026-01-20T16:14:31.163+0000] {logging_mixin.py:188} INFO - [2026-01-20T16:14:31.163+0000] {dagbag.py:545} INFO - Filling up the DagBag from /opt/airflow/dags/pipeline_one_off.py
[2026-01-20T16:14:31.184+0000] {processor.py:840} INFO - DAG(s) 'pipeline_one_off' retrieved from /opt/airflow/dags/pipeline_one_off.py
[2026-01-20T16:14:31.221+0000] {logging_mixin.py:188} INFO - [2026-01-20T16:14:31.221+0000] {dag.py:3089} INFO - Sync 1 DAGs
[2026-01-20T16:14:31.234+0000] {logging_mixin.py:188} INFO - [2026-01-20T16:14:31.234+0000] {dag.py:3947} INFO - Setting next_dagrun for pipeline_one_off to None, run_after=None
[2026-01-20T16:14:31.260+0000] {processor.py:183} INFO - Processing /opt/airflow/dags/pipeline_one_off.py took 0.107 seconds
[2026-01-20T16:15:01.494+0000] {processor.py:161} INFO - Started process (PID=23601) to work on /opt/airflow/dags/pipeline_one_off.py
[2026-01-20T16:15:01.496+0000] {processor.py:830} INFO - Processing file /opt/airflow/dags/pipeline_one_off.py for tasks to queue
[2026-01-20T16:15:01.499+0000] {logging_mixin.py:188} INFO - [2026-01-20T16:15:01.499+0000] {dagbag.py:545} INFO - Filling up the DagBag from /opt/airflow/dags/pipeline_one_off.py
[2026-01-20T16:15:01.525+0000] {processor.py:840} INFO - DAG(s) 'pipeline_one_off' retrieved from /opt/airflow/dags/pipeline_one_off.py
[2026-01-20T16:15:01.568+0000] {logging_mixin.py:188} INFO - [2026-01-20T16:15:01.567+0000] {dag.py:3089} INFO - Sync 1 DAGs
[2026-01-20T16:15:01.583+0000] {logging_mixin.py:188} INFO - [2026-01-20T16:15:01.583+0000] {dag.py:3947} INFO - Setting next_dagrun for pipeline_one_off to None, run_after=None
[2026-01-20T16:15:01.608+0000] {processor.py:183} INFO - Processing /opt/airflow/dags/pipeline_one_off.py took 0.121 seconds
[2026-01-20T16:15:31.848+0000] {processor.py:161} INFO - Started process (PID=23611) to work on /opt/airflow/dags/pipeline_one_off.py
[2026-01-20T16:15:31.850+0000] {processor.py:830} INFO - Processing file /opt/airflow/dags/pipeline_one_off.py for tasks to queue
[2026-01-20T16:15:31.852+0000] {logging_mixin.py:188} INFO - [2026-01-20T16:15:31.852+0000] {dagbag.py:545} INFO - Filling up the DagBag from /opt/airflow/dags/pipeline_one_off.py
[2026-01-20T16:15:31.874+0000] {processor.py:840} INFO - DAG(s) 'pipeline_one_off' retrieved from /opt/airflow/dags/pipeline_one_off.py
[2026-01-20T16:15:31.908+0000] {logging_mixin.py:188} INFO - [2026-01-20T16:15:31.908+0000] {dag.py:3089} INFO - Sync 1 DAGs
[2026-01-20T16:15:31.922+0000] {logging_mixin.py:188} INFO - [2026-01-20T16:15:31.922+0000] {dag.py:3947} INFO - Setting next_dagrun for pipeline_one_off to None, run_after=None
[2026-01-20T16:15:31.950+0000] {processor.py:183} INFO - Processing /opt/airflow/dags/pipeline_one_off.py took 0.109 seconds
[2026-01-20T16:16:02.194+0000] {processor.py:161} INFO - Started process (PID=23621) to work on /opt/airflow/dags/pipeline_one_off.py
[2026-01-20T16:16:02.195+0000] {processor.py:830} INFO - Processing file /opt/airflow/dags/pipeline_one_off.py for tasks to queue
[2026-01-20T16:16:02.197+0000] {logging_mixin.py:188} INFO - [2026-01-20T16:16:02.197+0000] {dagbag.py:545} INFO - Filling up the DagBag from /opt/airflow/dags/pipeline_one_off.py
[2026-01-20T16:16:02.220+0000] {processor.py:840} INFO - DAG(s) 'pipeline_one_off' retrieved from /opt/airflow/dags/pipeline_one_off.py
[2026-01-20T16:16:02.254+0000] {logging_mixin.py:188} INFO - [2026-01-20T16:16:02.254+0000] {dag.py:3089} INFO - Sync 1 DAGs
[2026-01-20T16:16:02.267+0000] {logging_mixin.py:188} INFO - [2026-01-20T16:16:02.266+0000] {dag.py:3947} INFO - Setting next_dagrun for pipeline_one_off to None, run_after=None
[2026-01-20T16:16:02.290+0000] {processor.py:183} INFO - Processing /opt/airflow/dags/pipeline_one_off.py took 0.103 seconds
[2026-01-20T16:16:32.572+0000] {processor.py:161} INFO - Started process (PID=23631) to work on /opt/airflow/dags/pipeline_one_off.py
[2026-01-20T16:16:32.573+0000] {processor.py:830} INFO - Processing file /opt/airflow/dags/pipeline_one_off.py for tasks to queue
[2026-01-20T16:16:32.575+0000] {logging_mixin.py:188} INFO - [2026-01-20T16:16:32.575+0000] {dagbag.py:545} INFO - Filling up the DagBag from /opt/airflow/dags/pipeline_one_off.py
[2026-01-20T16:16:32.598+0000] {processor.py:840} INFO - DAG(s) 'pipeline_one_off' retrieved from /opt/airflow/dags/pipeline_one_off.py
[2026-01-20T16:16:32.631+0000] {logging_mixin.py:188} INFO - [2026-01-20T16:16:32.631+0000] {dag.py:3089} INFO - Sync 1 DAGs
[2026-01-20T16:16:32.644+0000] {logging_mixin.py:188} INFO - [2026-01-20T16:16:32.644+0000] {dag.py:3947} INFO - Setting next_dagrun for pipeline_one_off to None, run_after=None
[2026-01-20T16:16:32.667+0000] {processor.py:183} INFO - Processing /opt/airflow/dags/pipeline_one_off.py took 0.101 seconds
[2026-01-20T16:17:02.896+0000] {processor.py:161} INFO - Started process (PID=23641) to work on /opt/airflow/dags/pipeline_one_off.py
[2026-01-20T16:17:02.897+0000] {processor.py:830} INFO - Processing file /opt/airflow/dags/pipeline_one_off.py for tasks to queue
[2026-01-20T16:17:02.899+0000] {logging_mixin.py:188} INFO - [2026-01-20T16:17:02.899+0000] {dagbag.py:545} INFO - Filling up the DagBag from /opt/airflow/dags/pipeline_one_off.py
[2026-01-20T16:17:02.920+0000] {processor.py:840} INFO - DAG(s) 'pipeline_one_off' retrieved from /opt/airflow/dags/pipeline_one_off.py
[2026-01-20T16:17:02.957+0000] {logging_mixin.py:188} INFO - [2026-01-20T16:17:02.956+0000] {dag.py:3089} INFO - Sync 1 DAGs
[2026-01-20T16:17:02.969+0000] {logging_mixin.py:188} INFO - [2026-01-20T16:17:02.969+0000] {dag.py:3947} INFO - Setting next_dagrun for pipeline_one_off to None, run_after=None
[2026-01-20T16:17:02.991+0000] {processor.py:183} INFO - Processing /opt/airflow/dags/pipeline_one_off.py took 0.101 seconds
[2026-01-20T16:17:33.235+0000] {processor.py:161} INFO - Started process (PID=23651) to work on /opt/airflow/dags/pipeline_one_off.py
[2026-01-20T16:17:33.237+0000] {processor.py:830} INFO - Processing file /opt/airflow/dags/pipeline_one_off.py for tasks to queue
[2026-01-20T16:17:33.240+0000] {logging_mixin.py:188} INFO - [2026-01-20T16:17:33.240+0000] {dagbag.py:545} INFO - Filling up the DagBag from /opt/airflow/dags/pipeline_one_off.py
[2026-01-20T16:17:33.265+0000] {processor.py:840} INFO - DAG(s) 'pipeline_one_off' retrieved from /opt/airflow/dags/pipeline_one_off.py
[2026-01-20T16:17:33.308+0000] {logging_mixin.py:188} INFO - [2026-01-20T16:17:33.307+0000] {dag.py:3089} INFO - Sync 1 DAGs
[2026-01-20T16:17:33.325+0000] {logging_mixin.py:188} INFO - [2026-01-20T16:17:33.324+0000] {dag.py:3947} INFO - Setting next_dagrun for pipeline_one_off to None, run_after=None
[2026-01-20T16:17:33.352+0000] {processor.py:183} INFO - Processing /opt/airflow/dags/pipeline_one_off.py took 0.126 seconds
[2026-01-20T16:18:03.596+0000] {processor.py:161} INFO - Started process (PID=23661) to work on /opt/airflow/dags/pipeline_one_off.py
[2026-01-20T16:18:03.597+0000] {processor.py:830} INFO - Processing file /opt/airflow/dags/pipeline_one_off.py for tasks to queue
[2026-01-20T16:18:03.600+0000] {logging_mixin.py:188} INFO - [2026-01-20T16:18:03.599+0000] {dagbag.py:545} INFO - Filling up the DagBag from /opt/airflow/dags/pipeline_one_off.py
[2026-01-20T16:18:03.623+0000] {processor.py:840} INFO - DAG(s) 'pipeline_one_off' retrieved from /opt/airflow/dags/pipeline_one_off.py
[2026-01-20T16:18:03.659+0000] {logging_mixin.py:188} INFO - [2026-01-20T16:18:03.659+0000] {dag.py:3089} INFO - Sync 1 DAGs
[2026-01-20T16:18:03.671+0000] {logging_mixin.py:188} INFO - [2026-01-20T16:18:03.670+0000] {dag.py:3947} INFO - Setting next_dagrun for pipeline_one_off to None, run_after=None
[2026-01-20T16:18:03.692+0000] {processor.py:183} INFO - Processing /opt/airflow/dags/pipeline_one_off.py took 0.103 seconds
[2026-01-20T16:18:33.942+0000] {processor.py:161} INFO - Started process (PID=23671) to work on /opt/airflow/dags/pipeline_one_off.py
[2026-01-20T16:18:33.944+0000] {processor.py:830} INFO - Processing file /opt/airflow/dags/pipeline_one_off.py for tasks to queue
[2026-01-20T16:18:33.947+0000] {logging_mixin.py:188} INFO - [2026-01-20T16:18:33.946+0000] {dagbag.py:545} INFO - Filling up the DagBag from /opt/airflow/dags/pipeline_one_off.py
[2026-01-20T16:18:33.983+0000] {processor.py:840} INFO - DAG(s) 'pipeline_one_off' retrieved from /opt/airflow/dags/pipeline_one_off.py
[2026-01-20T16:18:34.045+0000] {logging_mixin.py:188} INFO - [2026-01-20T16:18:34.045+0000] {dag.py:3089} INFO - Sync 1 DAGs
[2026-01-20T16:18:34.065+0000] {logging_mixin.py:188} INFO - [2026-01-20T16:18:34.065+0000] {dag.py:3947} INFO - Setting next_dagrun for pipeline_one_off to None, run_after=None
[2026-01-20T16:18:34.098+0000] {processor.py:183} INFO - Processing /opt/airflow/dags/pipeline_one_off.py took 0.165 seconds
[2026-01-20T16:19:04.355+0000] {processor.py:161} INFO - Started process (PID=23681) to work on /opt/airflow/dags/pipeline_one_off.py
[2026-01-20T16:19:04.357+0000] {processor.py:830} INFO - Processing file /opt/airflow/dags/pipeline_one_off.py for tasks to queue
[2026-01-20T16:19:04.359+0000] {logging_mixin.py:188} INFO - [2026-01-20T16:19:04.359+0000] {dagbag.py:545} INFO - Filling up the DagBag from /opt/airflow/dags/pipeline_one_off.py
[2026-01-20T16:19:04.390+0000] {processor.py:840} INFO - DAG(s) 'pipeline_one_off' retrieved from /opt/airflow/dags/pipeline_one_off.py
[2026-01-20T16:19:04.426+0000] {logging_mixin.py:188} INFO - [2026-01-20T16:19:04.425+0000] {dag.py:3089} INFO - Sync 1 DAGs
[2026-01-20T16:19:04.440+0000] {logging_mixin.py:188} INFO - [2026-01-20T16:19:04.440+0000] {dag.py:3947} INFO - Setting next_dagrun for pipeline_one_off to None, run_after=None
[2026-01-20T16:19:04.464+0000] {processor.py:183} INFO - Processing /opt/airflow/dags/pipeline_one_off.py took 0.117 seconds
[2026-01-20T16:19:34.707+0000] {processor.py:161} INFO - Started process (PID=23691) to work on /opt/airflow/dags/pipeline_one_off.py
[2026-01-20T16:19:34.708+0000] {processor.py:830} INFO - Processing file /opt/airflow/dags/pipeline_one_off.py for tasks to queue
[2026-01-20T16:19:34.713+0000] {logging_mixin.py:188} INFO - [2026-01-20T16:19:34.712+0000] {dagbag.py:545} INFO - Filling up the DagBag from /opt/airflow/dags/pipeline_one_off.py
[2026-01-20T16:19:34.741+0000] {processor.py:840} INFO - DAG(s) 'pipeline_one_off' retrieved from /opt/airflow/dags/pipeline_one_off.py
[2026-01-20T16:19:34.780+0000] {logging_mixin.py:188} INFO - [2026-01-20T16:19:34.780+0000] {dag.py:3089} INFO - Sync 1 DAGs
[2026-01-20T16:19:34.794+0000] {logging_mixin.py:188} INFO - [2026-01-20T16:19:34.794+0000] {dag.py:3947} INFO - Setting next_dagrun for pipeline_one_off to None, run_after=None
[2026-01-20T16:19:34.816+0000] {processor.py:183} INFO - Processing /opt/airflow/dags/pipeline_one_off.py took 0.116 seconds
[2026-01-20T16:20:05.065+0000] {processor.py:161} INFO - Started process (PID=23704) to work on /opt/airflow/dags/pipeline_one_off.py
[2026-01-20T16:20:05.066+0000] {processor.py:830} INFO - Processing file /opt/airflow/dags/pipeline_one_off.py for tasks to queue
[2026-01-20T16:20:05.070+0000] {logging_mixin.py:188} INFO - [2026-01-20T16:20:05.069+0000] {dagbag.py:545} INFO - Filling up the DagBag from /opt/airflow/dags/pipeline_one_off.py
[2026-01-20T16:20:05.092+0000] {processor.py:840} INFO - DAG(s) 'pipeline_one_off' retrieved from /opt/airflow/dags/pipeline_one_off.py
[2026-01-20T16:20:05.130+0000] {logging_mixin.py:188} INFO - [2026-01-20T16:20:05.130+0000] {dag.py:3089} INFO - Sync 1 DAGs
[2026-01-20T16:20:05.143+0000] {logging_mixin.py:188} INFO - [2026-01-20T16:20:05.143+0000] {dag.py:3947} INFO - Setting next_dagrun for pipeline_one_off to None, run_after=None
[2026-01-20T16:20:05.172+0000] {processor.py:183} INFO - Processing /opt/airflow/dags/pipeline_one_off.py took 0.115 seconds
[2026-01-20T16:20:35.417+0000] {processor.py:161} INFO - Started process (PID=23714) to work on /opt/airflow/dags/pipeline_one_off.py
[2026-01-20T16:20:35.419+0000] {processor.py:830} INFO - Processing file /opt/airflow/dags/pipeline_one_off.py for tasks to queue
[2026-01-20T16:20:35.422+0000] {logging_mixin.py:188} INFO - [2026-01-20T16:20:35.422+0000] {dagbag.py:545} INFO - Filling up the DagBag from /opt/airflow/dags/pipeline_one_off.py
[2026-01-20T16:20:35.444+0000] {processor.py:840} INFO - DAG(s) 'pipeline_one_off' retrieved from /opt/airflow/dags/pipeline_one_off.py
[2026-01-20T16:20:35.481+0000] {logging_mixin.py:188} INFO - [2026-01-20T16:20:35.481+0000] {dag.py:3089} INFO - Sync 1 DAGs
[2026-01-20T16:20:35.498+0000] {logging_mixin.py:188} INFO - [2026-01-20T16:20:35.497+0000] {dag.py:3947} INFO - Setting next_dagrun for pipeline_one_off to None, run_after=None
[2026-01-20T16:20:35.524+0000] {processor.py:183} INFO - Processing /opt/airflow/dags/pipeline_one_off.py took 0.114 seconds
[2026-01-20T16:21:05.765+0000] {processor.py:161} INFO - Started process (PID=23724) to work on /opt/airflow/dags/pipeline_one_off.py
[2026-01-20T16:21:05.766+0000] {processor.py:830} INFO - Processing file /opt/airflow/dags/pipeline_one_off.py for tasks to queue
[2026-01-20T16:21:05.768+0000] {logging_mixin.py:188} INFO - [2026-01-20T16:21:05.768+0000] {dagbag.py:545} INFO - Filling up the DagBag from /opt/airflow/dags/pipeline_one_off.py
[2026-01-20T16:21:05.795+0000] {processor.py:840} INFO - DAG(s) 'pipeline_one_off' retrieved from /opt/airflow/dags/pipeline_one_off.py
[2026-01-20T16:21:05.835+0000] {logging_mixin.py:188} INFO - [2026-01-20T16:21:05.835+0000] {dag.py:3089} INFO - Sync 1 DAGs
[2026-01-20T16:21:05.850+0000] {logging_mixin.py:188} INFO - [2026-01-20T16:21:05.850+0000] {dag.py:3947} INFO - Setting next_dagrun for pipeline_one_off to None, run_after=None
[2026-01-20T16:21:05.876+0000] {processor.py:183} INFO - Processing /opt/airflow/dags/pipeline_one_off.py took 0.119 seconds
[2026-01-20T16:21:36.158+0000] {processor.py:161} INFO - Started process (PID=23734) to work on /opt/airflow/dags/pipeline_one_off.py
[2026-01-20T16:21:36.159+0000] {processor.py:830} INFO - Processing file /opt/airflow/dags/pipeline_one_off.py for tasks to queue
[2026-01-20T16:21:36.161+0000] {logging_mixin.py:188} INFO - [2026-01-20T16:21:36.161+0000] {dagbag.py:545} INFO - Filling up the DagBag from /opt/airflow/dags/pipeline_one_off.py
[2026-01-20T16:21:36.185+0000] {processor.py:840} INFO - DAG(s) 'pipeline_one_off' retrieved from /opt/airflow/dags/pipeline_one_off.py
[2026-01-20T16:21:36.218+0000] {logging_mixin.py:188} INFO - [2026-01-20T16:21:36.218+0000] {dag.py:3089} INFO - Sync 1 DAGs
[2026-01-20T16:21:36.230+0000] {logging_mixin.py:188} INFO - [2026-01-20T16:21:36.230+0000] {dag.py:3947} INFO - Setting next_dagrun for pipeline_one_off to None, run_after=None
[2026-01-20T16:21:36.256+0000] {processor.py:183} INFO - Processing /opt/airflow/dags/pipeline_one_off.py took 0.106 seconds
[2026-01-20T16:22:06.536+0000] {processor.py:161} INFO - Started process (PID=23744) to work on /opt/airflow/dags/pipeline_one_off.py
[2026-01-20T16:22:06.538+0000] {processor.py:830} INFO - Processing file /opt/airflow/dags/pipeline_one_off.py for tasks to queue
[2026-01-20T16:22:06.541+0000] {logging_mixin.py:188} INFO - [2026-01-20T16:22:06.541+0000] {dagbag.py:545} INFO - Filling up the DagBag from /opt/airflow/dags/pipeline_one_off.py
[2026-01-20T16:22:06.563+0000] {processor.py:840} INFO - DAG(s) 'pipeline_one_off' retrieved from /opt/airflow/dags/pipeline_one_off.py
[2026-01-20T16:22:06.610+0000] {logging_mixin.py:188} INFO - [2026-01-20T16:22:06.609+0000] {dag.py:3089} INFO - Sync 1 DAGs
[2026-01-20T16:22:06.627+0000] {logging_mixin.py:188} INFO - [2026-01-20T16:22:06.627+0000] {dag.py:3947} INFO - Setting next_dagrun for pipeline_one_off to None, run_after=None
[2026-01-20T16:22:06.654+0000] {processor.py:183} INFO - Processing /opt/airflow/dags/pipeline_one_off.py took 0.125 seconds
[2026-01-20T16:22:36.928+0000] {processor.py:161} INFO - Started process (PID=23754) to work on /opt/airflow/dags/pipeline_one_off.py
[2026-01-20T16:22:36.930+0000] {processor.py:830} INFO - Processing file /opt/airflow/dags/pipeline_one_off.py for tasks to queue
[2026-01-20T16:22:36.933+0000] {logging_mixin.py:188} INFO - [2026-01-20T16:22:36.932+0000] {dagbag.py:545} INFO - Filling up the DagBag from /opt/airflow/dags/pipeline_one_off.py
[2026-01-20T16:22:36.956+0000] {processor.py:840} INFO - DAG(s) 'pipeline_one_off' retrieved from /opt/airflow/dags/pipeline_one_off.py
[2026-01-20T16:22:36.995+0000] {logging_mixin.py:188} INFO - [2026-01-20T16:22:36.995+0000] {dag.py:3089} INFO - Sync 1 DAGs
[2026-01-20T16:22:37.010+0000] {logging_mixin.py:188} INFO - [2026-01-20T16:22:37.010+0000] {dag.py:3947} INFO - Setting next_dagrun for pipeline_one_off to None, run_after=None
[2026-01-20T16:22:37.035+0000] {processor.py:183} INFO - Processing /opt/airflow/dags/pipeline_one_off.py took 0.115 seconds
[2026-01-20T16:23:07.284+0000] {processor.py:161} INFO - Started process (PID=23764) to work on /opt/airflow/dags/pipeline_one_off.py
[2026-01-20T16:23:07.286+0000] {processor.py:830} INFO - Processing file /opt/airflow/dags/pipeline_one_off.py for tasks to queue
[2026-01-20T16:23:07.288+0000] {logging_mixin.py:188} INFO - [2026-01-20T16:23:07.288+0000] {dagbag.py:545} INFO - Filling up the DagBag from /opt/airflow/dags/pipeline_one_off.py
[2026-01-20T16:23:07.319+0000] {processor.py:840} INFO - DAG(s) 'pipeline_one_off' retrieved from /opt/airflow/dags/pipeline_one_off.py
[2026-01-20T16:23:07.362+0000] {logging_mixin.py:188} INFO - [2026-01-20T16:23:07.362+0000] {dag.py:3089} INFO - Sync 1 DAGs
[2026-01-20T16:23:07.379+0000] {logging_mixin.py:188} INFO - [2026-01-20T16:23:07.379+0000] {dag.py:3947} INFO - Setting next_dagrun for pipeline_one_off to None, run_after=None
[2026-01-20T16:23:07.418+0000] {processor.py:183} INFO - Processing /opt/airflow/dags/pipeline_one_off.py took 0.142 seconds
[2026-01-20T16:23:37.660+0000] {processor.py:161} INFO - Started process (PID=23774) to work on /opt/airflow/dags/pipeline_one_off.py
[2026-01-20T16:23:37.661+0000] {processor.py:830} INFO - Processing file /opt/airflow/dags/pipeline_one_off.py for tasks to queue
[2026-01-20T16:23:37.664+0000] {logging_mixin.py:188} INFO - [2026-01-20T16:23:37.663+0000] {dagbag.py:545} INFO - Filling up the DagBag from /opt/airflow/dags/pipeline_one_off.py
[2026-01-20T16:23:37.691+0000] {processor.py:840} INFO - DAG(s) 'pipeline_one_off' retrieved from /opt/airflow/dags/pipeline_one_off.py
[2026-01-20T16:23:37.731+0000] {logging_mixin.py:188} INFO - [2026-01-20T16:23:37.731+0000] {dag.py:3089} INFO - Sync 1 DAGs
[2026-01-20T16:23:37.746+0000] {logging_mixin.py:188} INFO - [2026-01-20T16:23:37.745+0000] {dag.py:3947} INFO - Setting next_dagrun for pipeline_one_off to None, run_after=None
[2026-01-20T16:23:37.767+0000] {processor.py:183} INFO - Processing /opt/airflow/dags/pipeline_one_off.py took 0.113 seconds
[2026-01-20T16:24:08.005+0000] {processor.py:161} INFO - Started process (PID=23784) to work on /opt/airflow/dags/pipeline_one_off.py
[2026-01-20T16:24:08.007+0000] {processor.py:830} INFO - Processing file /opt/airflow/dags/pipeline_one_off.py for tasks to queue
[2026-01-20T16:24:08.009+0000] {logging_mixin.py:188} INFO - [2026-01-20T16:24:08.008+0000] {dagbag.py:545} INFO - Filling up the DagBag from /opt/airflow/dags/pipeline_one_off.py
[2026-01-20T16:24:08.033+0000] {processor.py:840} INFO - DAG(s) 'pipeline_one_off' retrieved from /opt/airflow/dags/pipeline_one_off.py
[2026-01-20T16:24:08.066+0000] {logging_mixin.py:188} INFO - [2026-01-20T16:24:08.066+0000] {dag.py:3089} INFO - Sync 1 DAGs
[2026-01-20T16:24:08.083+0000] {logging_mixin.py:188} INFO - [2026-01-20T16:24:08.082+0000] {dag.py:3947} INFO - Setting next_dagrun for pipeline_one_off to None, run_after=None
[2026-01-20T16:24:08.108+0000] {processor.py:183} INFO - Processing /opt/airflow/dags/pipeline_one_off.py took 0.110 seconds
[2026-01-20T16:24:38.412+0000] {processor.py:161} INFO - Started process (PID=23794) to work on /opt/airflow/dags/pipeline_one_off.py
[2026-01-20T16:24:38.413+0000] {processor.py:830} INFO - Processing file /opt/airflow/dags/pipeline_one_off.py for tasks to queue
[2026-01-20T16:24:38.416+0000] {logging_mixin.py:188} INFO - [2026-01-20T16:24:38.416+0000] {dagbag.py:545} INFO - Filling up the DagBag from /opt/airflow/dags/pipeline_one_off.py
[2026-01-20T16:24:38.442+0000] {processor.py:840} INFO - DAG(s) 'pipeline_one_off' retrieved from /opt/airflow/dags/pipeline_one_off.py
[2026-01-20T16:24:38.479+0000] {logging_mixin.py:188} INFO - [2026-01-20T16:24:38.478+0000] {dag.py:3089} INFO - Sync 1 DAGs
[2026-01-20T16:24:38.492+0000] {logging_mixin.py:188} INFO - [2026-01-20T16:24:38.492+0000] {dag.py:3947} INFO - Setting next_dagrun for pipeline_one_off to None, run_after=None
[2026-01-20T16:24:38.517+0000] {processor.py:183} INFO - Processing /opt/airflow/dags/pipeline_one_off.py took 0.112 seconds
[2026-01-20T16:25:08.750+0000] {processor.py:161} INFO - Started process (PID=23804) to work on /opt/airflow/dags/pipeline_one_off.py
[2026-01-20T16:25:08.751+0000] {processor.py:830} INFO - Processing file /opt/airflow/dags/pipeline_one_off.py for tasks to queue
[2026-01-20T16:25:08.754+0000] {logging_mixin.py:188} INFO - [2026-01-20T16:25:08.754+0000] {dagbag.py:545} INFO - Filling up the DagBag from /opt/airflow/dags/pipeline_one_off.py
[2026-01-20T16:25:08.779+0000] {processor.py:840} INFO - DAG(s) 'pipeline_one_off' retrieved from /opt/airflow/dags/pipeline_one_off.py
[2026-01-20T16:25:08.817+0000] {logging_mixin.py:188} INFO - [2026-01-20T16:25:08.816+0000] {dag.py:3089} INFO - Sync 1 DAGs
[2026-01-20T16:25:08.832+0000] {logging_mixin.py:188} INFO - [2026-01-20T16:25:08.832+0000] {dag.py:3947} INFO - Setting next_dagrun for pipeline_one_off to None, run_after=None
[2026-01-20T16:25:08.858+0000] {processor.py:183} INFO - Processing /opt/airflow/dags/pipeline_one_off.py took 0.115 seconds
[2026-01-20T16:25:39.089+0000] {processor.py:161} INFO - Started process (PID=23814) to work on /opt/airflow/dags/pipeline_one_off.py
[2026-01-20T16:25:39.091+0000] {processor.py:830} INFO - Processing file /opt/airflow/dags/pipeline_one_off.py for tasks to queue
[2026-01-20T16:25:39.093+0000] {logging_mixin.py:188} INFO - [2026-01-20T16:25:39.093+0000] {dagbag.py:545} INFO - Filling up the DagBag from /opt/airflow/dags/pipeline_one_off.py
[2026-01-20T16:25:39.116+0000] {processor.py:840} INFO - DAG(s) 'pipeline_one_off' retrieved from /opt/airflow/dags/pipeline_one_off.py
[2026-01-20T16:25:39.156+0000] {logging_mixin.py:188} INFO - [2026-01-20T16:25:39.156+0000] {dag.py:3089} INFO - Sync 1 DAGs
[2026-01-20T16:25:39.171+0000] {logging_mixin.py:188} INFO - [2026-01-20T16:25:39.170+0000] {dag.py:3947} INFO - Setting next_dagrun for pipeline_one_off to None, run_after=None
[2026-01-20T16:25:39.196+0000] {processor.py:183} INFO - Processing /opt/airflow/dags/pipeline_one_off.py took 0.114 seconds
[2026-01-20T16:26:09.424+0000] {processor.py:161} INFO - Started process (PID=23824) to work on /opt/airflow/dags/pipeline_one_off.py
[2026-01-20T16:26:09.426+0000] {processor.py:830} INFO - Processing file /opt/airflow/dags/pipeline_one_off.py for tasks to queue
[2026-01-20T16:26:09.428+0000] {logging_mixin.py:188} INFO - [2026-01-20T16:26:09.427+0000] {dagbag.py:545} INFO - Filling up the DagBag from /opt/airflow/dags/pipeline_one_off.py
[2026-01-20T16:26:09.449+0000] {processor.py:840} INFO - DAG(s) 'pipeline_one_off' retrieved from /opt/airflow/dags/pipeline_one_off.py
[2026-01-20T16:26:09.488+0000] {logging_mixin.py:188} INFO - [2026-01-20T16:26:09.488+0000] {dag.py:3089} INFO - Sync 1 DAGs
[2026-01-20T16:26:09.504+0000] {logging_mixin.py:188} INFO - [2026-01-20T16:26:09.503+0000] {dag.py:3947} INFO - Setting next_dagrun for pipeline_one_off to None, run_after=None
[2026-01-20T16:26:09.529+0000] {processor.py:183} INFO - Processing /opt/airflow/dags/pipeline_one_off.py took 0.114 seconds
[2026-01-20T16:26:39.808+0000] {processor.py:161} INFO - Started process (PID=23834) to work on /opt/airflow/dags/pipeline_one_off.py
[2026-01-20T16:26:39.809+0000] {processor.py:830} INFO - Processing file /opt/airflow/dags/pipeline_one_off.py for tasks to queue
[2026-01-20T16:26:39.812+0000] {logging_mixin.py:188} INFO - [2026-01-20T16:26:39.811+0000] {dagbag.py:545} INFO - Filling up the DagBag from /opt/airflow/dags/pipeline_one_off.py
[2026-01-20T16:26:39.835+0000] {processor.py:840} INFO - DAG(s) 'pipeline_one_off' retrieved from /opt/airflow/dags/pipeline_one_off.py
[2026-01-20T16:26:39.873+0000] {logging_mixin.py:188} INFO - [2026-01-20T16:26:39.873+0000] {dag.py:3089} INFO - Sync 1 DAGs
[2026-01-20T16:26:39.887+0000] {logging_mixin.py:188} INFO - [2026-01-20T16:26:39.887+0000] {dag.py:3947} INFO - Setting next_dagrun for pipeline_one_off to None, run_after=None
[2026-01-20T16:26:39.918+0000] {processor.py:183} INFO - Processing /opt/airflow/dags/pipeline_one_off.py took 0.116 seconds
[2026-01-20T16:27:10.174+0000] {processor.py:161} INFO - Started process (PID=23844) to work on /opt/airflow/dags/pipeline_one_off.py
[2026-01-20T16:27:10.175+0000] {processor.py:830} INFO - Processing file /opt/airflow/dags/pipeline_one_off.py for tasks to queue
[2026-01-20T16:27:10.178+0000] {logging_mixin.py:188} INFO - [2026-01-20T16:27:10.178+0000] {dagbag.py:545} INFO - Filling up the DagBag from /opt/airflow/dags/pipeline_one_off.py
[2026-01-20T16:27:10.202+0000] {processor.py:840} INFO - DAG(s) 'pipeline_one_off' retrieved from /opt/airflow/dags/pipeline_one_off.py
[2026-01-20T16:27:10.236+0000] {logging_mixin.py:188} INFO - [2026-01-20T16:27:10.236+0000] {dag.py:3089} INFO - Sync 1 DAGs
[2026-01-20T16:27:10.252+0000] {logging_mixin.py:188} INFO - [2026-01-20T16:27:10.252+0000] {dag.py:3947} INFO - Setting next_dagrun for pipeline_one_off to None, run_after=None
[2026-01-20T16:27:10.275+0000] {processor.py:183} INFO - Processing /opt/airflow/dags/pipeline_one_off.py took 0.109 seconds
[2026-01-20T16:27:40.510+0000] {processor.py:161} INFO - Started process (PID=23854) to work on /opt/airflow/dags/pipeline_one_off.py
[2026-01-20T16:27:40.511+0000] {processor.py:830} INFO - Processing file /opt/airflow/dags/pipeline_one_off.py for tasks to queue
[2026-01-20T16:27:40.513+0000] {logging_mixin.py:188} INFO - [2026-01-20T16:27:40.513+0000] {dagbag.py:545} INFO - Filling up the DagBag from /opt/airflow/dags/pipeline_one_off.py
[2026-01-20T16:27:40.538+0000] {processor.py:840} INFO - DAG(s) 'pipeline_one_off' retrieved from /opt/airflow/dags/pipeline_one_off.py
[2026-01-20T16:27:40.574+0000] {logging_mixin.py:188} INFO - [2026-01-20T16:27:40.574+0000] {dag.py:3089} INFO - Sync 1 DAGs
[2026-01-20T16:27:40.587+0000] {logging_mixin.py:188} INFO - [2026-01-20T16:27:40.587+0000] {dag.py:3947} INFO - Setting next_dagrun for pipeline_one_off to None, run_after=None
[2026-01-20T16:27:40.612+0000] {processor.py:183} INFO - Processing /opt/airflow/dags/pipeline_one_off.py took 0.109 seconds
[2026-01-20T16:28:10.844+0000] {processor.py:161} INFO - Started process (PID=23864) to work on /opt/airflow/dags/pipeline_one_off.py
[2026-01-20T16:28:10.846+0000] {processor.py:830} INFO - Processing file /opt/airflow/dags/pipeline_one_off.py for tasks to queue
[2026-01-20T16:28:10.848+0000] {logging_mixin.py:188} INFO - [2026-01-20T16:28:10.848+0000] {dagbag.py:545} INFO - Filling up the DagBag from /opt/airflow/dags/pipeline_one_off.py
[2026-01-20T16:28:10.871+0000] {processor.py:840} INFO - DAG(s) 'pipeline_one_off' retrieved from /opt/airflow/dags/pipeline_one_off.py
[2026-01-20T16:28:10.905+0000] {logging_mixin.py:188} INFO - [2026-01-20T16:28:10.905+0000] {dag.py:3089} INFO - Sync 1 DAGs
[2026-01-20T16:28:10.920+0000] {logging_mixin.py:188} INFO - [2026-01-20T16:28:10.920+0000] {dag.py:3947} INFO - Setting next_dagrun for pipeline_one_off to None, run_after=None
[2026-01-20T16:28:10.946+0000] {processor.py:183} INFO - Processing /opt/airflow/dags/pipeline_one_off.py took 0.110 seconds
[2026-01-20T16:28:41.223+0000] {processor.py:161} INFO - Started process (PID=23874) to work on /opt/airflow/dags/pipeline_one_off.py
[2026-01-20T16:28:41.224+0000] {processor.py:830} INFO - Processing file /opt/airflow/dags/pipeline_one_off.py for tasks to queue
[2026-01-20T16:28:41.227+0000] {logging_mixin.py:188} INFO - [2026-01-20T16:28:41.226+0000] {dagbag.py:545} INFO - Filling up the DagBag from /opt/airflow/dags/pipeline_one_off.py
[2026-01-20T16:28:41.253+0000] {processor.py:840} INFO - DAG(s) 'pipeline_one_off' retrieved from /opt/airflow/dags/pipeline_one_off.py
[2026-01-20T16:28:41.292+0000] {logging_mixin.py:188} INFO - [2026-01-20T16:28:41.292+0000] {dag.py:3089} INFO - Sync 1 DAGs
[2026-01-20T16:28:41.308+0000] {logging_mixin.py:188} INFO - [2026-01-20T16:28:41.308+0000] {dag.py:3947} INFO - Setting next_dagrun for pipeline_one_off to None, run_after=None
[2026-01-20T16:28:41.337+0000] {processor.py:183} INFO - Processing /opt/airflow/dags/pipeline_one_off.py took 0.120 seconds
[2026-01-20T16:29:11.583+0000] {processor.py:161} INFO - Started process (PID=23884) to work on /opt/airflow/dags/pipeline_one_off.py
[2026-01-20T16:29:11.584+0000] {processor.py:830} INFO - Processing file /opt/airflow/dags/pipeline_one_off.py for tasks to queue
[2026-01-20T16:29:11.587+0000] {logging_mixin.py:188} INFO - [2026-01-20T16:29:11.586+0000] {dagbag.py:545} INFO - Filling up the DagBag from /opt/airflow/dags/pipeline_one_off.py
[2026-01-20T16:29:11.610+0000] {processor.py:840} INFO - DAG(s) 'pipeline_one_off' retrieved from /opt/airflow/dags/pipeline_one_off.py
[2026-01-20T16:29:11.649+0000] {logging_mixin.py:188} INFO - [2026-01-20T16:29:11.649+0000] {dag.py:3089} INFO - Sync 1 DAGs
[2026-01-20T16:29:11.664+0000] {logging_mixin.py:188} INFO - [2026-01-20T16:29:11.663+0000] {dag.py:3947} INFO - Setting next_dagrun for pipeline_one_off to None, run_after=None
[2026-01-20T16:29:11.689+0000] {processor.py:183} INFO - Processing /opt/airflow/dags/pipeline_one_off.py took 0.113 seconds
[2026-01-20T16:29:41.928+0000] {processor.py:161} INFO - Started process (PID=23894) to work on /opt/airflow/dags/pipeline_one_off.py
[2026-01-20T16:29:41.930+0000] {processor.py:830} INFO - Processing file /opt/airflow/dags/pipeline_one_off.py for tasks to queue
[2026-01-20T16:29:41.933+0000] {logging_mixin.py:188} INFO - [2026-01-20T16:29:41.933+0000] {dagbag.py:545} INFO - Filling up the DagBag from /opt/airflow/dags/pipeline_one_off.py
[2026-01-20T16:29:41.958+0000] {processor.py:840} INFO - DAG(s) 'pipeline_one_off' retrieved from /opt/airflow/dags/pipeline_one_off.py
[2026-01-20T16:29:41.999+0000] {logging_mixin.py:188} INFO - [2026-01-20T16:29:41.998+0000] {dag.py:3089} INFO - Sync 1 DAGs
[2026-01-20T16:29:42.014+0000] {logging_mixin.py:188} INFO - [2026-01-20T16:29:42.013+0000] {dag.py:3947} INFO - Setting next_dagrun for pipeline_one_off to None, run_after=None
[2026-01-20T16:29:42.038+0000] {processor.py:183} INFO - Processing /opt/airflow/dags/pipeline_one_off.py took 0.118 seconds
[2026-01-20T16:30:12.288+0000] {processor.py:161} INFO - Started process (PID=23907) to work on /opt/airflow/dags/pipeline_one_off.py
[2026-01-20T16:30:12.289+0000] {processor.py:830} INFO - Processing file /opt/airflow/dags/pipeline_one_off.py for tasks to queue
[2026-01-20T16:30:12.293+0000] {logging_mixin.py:188} INFO - [2026-01-20T16:30:12.292+0000] {dagbag.py:545} INFO - Filling up the DagBag from /opt/airflow/dags/pipeline_one_off.py
[2026-01-20T16:30:12.315+0000] {processor.py:840} INFO - DAG(s) 'pipeline_one_off' retrieved from /opt/airflow/dags/pipeline_one_off.py
[2026-01-20T16:30:12.348+0000] {logging_mixin.py:188} INFO - [2026-01-20T16:30:12.347+0000] {dag.py:3089} INFO - Sync 1 DAGs
[2026-01-20T16:30:12.361+0000] {logging_mixin.py:188} INFO - [2026-01-20T16:30:12.361+0000] {dag.py:3947} INFO - Setting next_dagrun for pipeline_one_off to None, run_after=None
[2026-01-20T16:30:12.382+0000] {processor.py:183} INFO - Processing /opt/airflow/dags/pipeline_one_off.py took 0.101 seconds
[2026-01-20T16:30:42.630+0000] {processor.py:161} INFO - Started process (PID=23917) to work on /opt/airflow/dags/pipeline_one_off.py
[2026-01-20T16:30:42.632+0000] {processor.py:830} INFO - Processing file /opt/airflow/dags/pipeline_one_off.py for tasks to queue
[2026-01-20T16:30:42.635+0000] {logging_mixin.py:188} INFO - [2026-01-20T16:30:42.635+0000] {dagbag.py:545} INFO - Filling up the DagBag from /opt/airflow/dags/pipeline_one_off.py
[2026-01-20T16:30:42.662+0000] {processor.py:840} INFO - DAG(s) 'pipeline_one_off' retrieved from /opt/airflow/dags/pipeline_one_off.py
[2026-01-20T16:30:42.702+0000] {logging_mixin.py:188} INFO - [2026-01-20T16:30:42.702+0000] {dag.py:3089} INFO - Sync 1 DAGs
[2026-01-20T16:30:42.720+0000] {logging_mixin.py:188} INFO - [2026-01-20T16:30:42.719+0000] {dag.py:3947} INFO - Setting next_dagrun for pipeline_one_off to None, run_after=None
[2026-01-20T16:30:42.745+0000] {processor.py:183} INFO - Processing /opt/airflow/dags/pipeline_one_off.py took 0.123 seconds
[2026-01-20T16:31:12.986+0000] {processor.py:161} INFO - Started process (PID=23927) to work on /opt/airflow/dags/pipeline_one_off.py
[2026-01-20T16:31:12.988+0000] {processor.py:830} INFO - Processing file /opt/airflow/dags/pipeline_one_off.py for tasks to queue
[2026-01-20T16:31:12.991+0000] {logging_mixin.py:188} INFO - [2026-01-20T16:31:12.990+0000] {dagbag.py:545} INFO - Filling up the DagBag from /opt/airflow/dags/pipeline_one_off.py
[2026-01-20T16:31:13.016+0000] {processor.py:840} INFO - DAG(s) 'pipeline_one_off' retrieved from /opt/airflow/dags/pipeline_one_off.py
[2026-01-20T16:31:13.055+0000] {logging_mixin.py:188} INFO - [2026-01-20T16:31:13.054+0000] {dag.py:3089} INFO - Sync 1 DAGs
[2026-01-20T16:31:13.071+0000] {logging_mixin.py:188} INFO - [2026-01-20T16:31:13.071+0000] {dag.py:3947} INFO - Setting next_dagrun for pipeline_one_off to None, run_after=None
[2026-01-20T16:31:13.098+0000] {processor.py:183} INFO - Processing /opt/airflow/dags/pipeline_one_off.py took 0.119 seconds
[2026-01-20T16:31:43.333+0000] {processor.py:161} INFO - Started process (PID=23937) to work on /opt/airflow/dags/pipeline_one_off.py
[2026-01-20T16:31:43.334+0000] {processor.py:830} INFO - Processing file /opt/airflow/dags/pipeline_one_off.py for tasks to queue
[2026-01-20T16:31:43.336+0000] {logging_mixin.py:188} INFO - [2026-01-20T16:31:43.336+0000] {dagbag.py:545} INFO - Filling up the DagBag from /opt/airflow/dags/pipeline_one_off.py
[2026-01-20T16:31:43.359+0000] {processor.py:840} INFO - DAG(s) 'pipeline_one_off' retrieved from /opt/airflow/dags/pipeline_one_off.py
[2026-01-20T16:31:43.394+0000] {logging_mixin.py:188} INFO - [2026-01-20T16:31:43.394+0000] {dag.py:3089} INFO - Sync 1 DAGs
[2026-01-20T16:31:43.405+0000] {logging_mixin.py:188} INFO - [2026-01-20T16:31:43.405+0000] {dag.py:3947} INFO - Setting next_dagrun for pipeline_one_off to None, run_after=None
[2026-01-20T16:31:43.431+0000] {processor.py:183} INFO - Processing /opt/airflow/dags/pipeline_one_off.py took 0.105 seconds
[2026-01-20T16:32:13.676+0000] {processor.py:161} INFO - Started process (PID=23947) to work on /opt/airflow/dags/pipeline_one_off.py
[2026-01-20T16:32:13.677+0000] {processor.py:830} INFO - Processing file /opt/airflow/dags/pipeline_one_off.py for tasks to queue
[2026-01-20T16:32:13.680+0000] {logging_mixin.py:188} INFO - [2026-01-20T16:32:13.679+0000] {dagbag.py:545} INFO - Filling up the DagBag from /opt/airflow/dags/pipeline_one_off.py
[2026-01-20T16:32:13.704+0000] {processor.py:840} INFO - DAG(s) 'pipeline_one_off' retrieved from /opt/airflow/dags/pipeline_one_off.py
[2026-01-20T16:32:13.743+0000] {logging_mixin.py:188} INFO - [2026-01-20T16:32:13.742+0000] {dag.py:3089} INFO - Sync 1 DAGs
[2026-01-20T16:32:13.756+0000] {logging_mixin.py:188} INFO - [2026-01-20T16:32:13.756+0000] {dag.py:3947} INFO - Setting next_dagrun for pipeline_one_off to None, run_after=None
[2026-01-20T16:32:13.783+0000] {processor.py:183} INFO - Processing /opt/airflow/dags/pipeline_one_off.py took 0.114 seconds
[2026-01-20T16:32:44.024+0000] {processor.py:161} INFO - Started process (PID=23957) to work on /opt/airflow/dags/pipeline_one_off.py
[2026-01-20T16:32:44.026+0000] {processor.py:830} INFO - Processing file /opt/airflow/dags/pipeline_one_off.py for tasks to queue
[2026-01-20T16:32:44.028+0000] {logging_mixin.py:188} INFO - [2026-01-20T16:32:44.028+0000] {dagbag.py:545} INFO - Filling up the DagBag from /opt/airflow/dags/pipeline_one_off.py
[2026-01-20T16:32:44.052+0000] {processor.py:840} INFO - DAG(s) 'pipeline_one_off' retrieved from /opt/airflow/dags/pipeline_one_off.py
[2026-01-20T16:32:44.085+0000] {logging_mixin.py:188} INFO - [2026-01-20T16:32:44.085+0000] {dag.py:3089} INFO - Sync 1 DAGs
[2026-01-20T16:32:44.099+0000] {logging_mixin.py:188} INFO - [2026-01-20T16:32:44.099+0000] {dag.py:3947} INFO - Setting next_dagrun for pipeline_one_off to None, run_after=None
[2026-01-20T16:32:44.120+0000] {processor.py:183} INFO - Processing /opt/airflow/dags/pipeline_one_off.py took 0.101 seconds
[2026-01-20T16:33:14.374+0000] {processor.py:161} INFO - Started process (PID=23967) to work on /opt/airflow/dags/pipeline_one_off.py
[2026-01-20T16:33:14.375+0000] {processor.py:830} INFO - Processing file /opt/airflow/dags/pipeline_one_off.py for tasks to queue
[2026-01-20T16:33:14.378+0000] {logging_mixin.py:188} INFO - [2026-01-20T16:33:14.378+0000] {dagbag.py:545} INFO - Filling up the DagBag from /opt/airflow/dags/pipeline_one_off.py
[2026-01-20T16:33:14.402+0000] {processor.py:840} INFO - DAG(s) 'pipeline_one_off' retrieved from /opt/airflow/dags/pipeline_one_off.py
[2026-01-20T16:33:14.440+0000] {logging_mixin.py:188} INFO - [2026-01-20T16:33:14.440+0000] {dag.py:3089} INFO - Sync 1 DAGs
[2026-01-20T16:33:14.455+0000] {logging_mixin.py:188} INFO - [2026-01-20T16:33:14.454+0000] {dag.py:3947} INFO - Setting next_dagrun for pipeline_one_off to None, run_after=None
[2026-01-20T16:33:14.482+0000] {processor.py:183} INFO - Processing /opt/airflow/dags/pipeline_one_off.py took 0.115 seconds
[2026-01-20T16:33:44.751+0000] {processor.py:161} INFO - Started process (PID=23977) to work on /opt/airflow/dags/pipeline_one_off.py
[2026-01-20T16:33:44.752+0000] {processor.py:830} INFO - Processing file /opt/airflow/dags/pipeline_one_off.py for tasks to queue
[2026-01-20T16:33:44.755+0000] {logging_mixin.py:188} INFO - [2026-01-20T16:33:44.754+0000] {dagbag.py:545} INFO - Filling up the DagBag from /opt/airflow/dags/pipeline_one_off.py
[2026-01-20T16:33:44.777+0000] {processor.py:840} INFO - DAG(s) 'pipeline_one_off' retrieved from /opt/airflow/dags/pipeline_one_off.py
[2026-01-20T16:33:44.808+0000] {logging_mixin.py:188} INFO - [2026-01-20T16:33:44.808+0000] {dag.py:3089} INFO - Sync 1 DAGs
[2026-01-20T16:33:44.823+0000] {logging_mixin.py:188} INFO - [2026-01-20T16:33:44.823+0000] {dag.py:3947} INFO - Setting next_dagrun for pipeline_one_off to None, run_after=None
[2026-01-20T16:33:44.849+0000] {processor.py:183} INFO - Processing /opt/airflow/dags/pipeline_one_off.py took 0.104 seconds
[2026-01-20T16:34:15.126+0000] {processor.py:161} INFO - Started process (PID=23987) to work on /opt/airflow/dags/pipeline_one_off.py
[2026-01-20T16:34:15.128+0000] {processor.py:830} INFO - Processing file /opt/airflow/dags/pipeline_one_off.py for tasks to queue
[2026-01-20T16:34:15.130+0000] {logging_mixin.py:188} INFO - [2026-01-20T16:34:15.130+0000] {dagbag.py:545} INFO - Filling up the DagBag from /opt/airflow/dags/pipeline_one_off.py
[2026-01-20T16:34:15.154+0000] {processor.py:840} INFO - DAG(s) 'pipeline_one_off' retrieved from /opt/airflow/dags/pipeline_one_off.py
[2026-01-20T16:34:15.194+0000] {logging_mixin.py:188} INFO - [2026-01-20T16:34:15.194+0000] {dag.py:3089} INFO - Sync 1 DAGs
[2026-01-20T16:34:15.208+0000] {logging_mixin.py:188} INFO - [2026-01-20T16:34:15.208+0000] {dag.py:3947} INFO - Setting next_dagrun for pipeline_one_off to None, run_after=None
[2026-01-20T16:34:15.232+0000] {processor.py:183} INFO - Processing /opt/airflow/dags/pipeline_one_off.py took 0.114 seconds
[2026-01-20T16:34:45.573+0000] {processor.py:161} INFO - Started process (PID=23997) to work on /opt/airflow/dags/pipeline_one_off.py
[2026-01-20T16:34:45.575+0000] {processor.py:830} INFO - Processing file /opt/airflow/dags/pipeline_one_off.py for tasks to queue
[2026-01-20T16:34:45.579+0000] {logging_mixin.py:188} INFO - [2026-01-20T16:34:45.578+0000] {dagbag.py:545} INFO - Filling up the DagBag from /opt/airflow/dags/pipeline_one_off.py
[2026-01-20T16:34:45.602+0000] {processor.py:840} INFO - DAG(s) 'pipeline_one_off' retrieved from /opt/airflow/dags/pipeline_one_off.py
[2026-01-20T16:34:45.639+0000] {logging_mixin.py:188} INFO - [2026-01-20T16:34:45.639+0000] {dag.py:3089} INFO - Sync 1 DAGs
[2026-01-20T16:34:45.652+0000] {logging_mixin.py:188} INFO - [2026-01-20T16:34:45.652+0000] {dag.py:3947} INFO - Setting next_dagrun for pipeline_one_off to None, run_after=None
[2026-01-20T16:34:45.677+0000] {processor.py:183} INFO - Processing /opt/airflow/dags/pipeline_one_off.py took 0.111 seconds
[2026-01-20T16:35:15.921+0000] {processor.py:161} INFO - Started process (PID=24007) to work on /opt/airflow/dags/pipeline_one_off.py
[2026-01-20T16:35:15.922+0000] {processor.py:830} INFO - Processing file /opt/airflow/dags/pipeline_one_off.py for tasks to queue
[2026-01-20T16:35:15.925+0000] {logging_mixin.py:188} INFO - [2026-01-20T16:35:15.925+0000] {dagbag.py:545} INFO - Filling up the DagBag from /opt/airflow/dags/pipeline_one_off.py
[2026-01-20T16:35:15.950+0000] {processor.py:840} INFO - DAG(s) 'pipeline_one_off' retrieved from /opt/airflow/dags/pipeline_one_off.py
[2026-01-20T16:35:15.989+0000] {logging_mixin.py:188} INFO - [2026-01-20T16:35:15.988+0000] {dag.py:3089} INFO - Sync 1 DAGs
[2026-01-20T16:35:16.003+0000] {logging_mixin.py:188} INFO - [2026-01-20T16:35:16.002+0000] {dag.py:3947} INFO - Setting next_dagrun for pipeline_one_off to None, run_after=None
[2026-01-20T16:35:16.032+0000] {processor.py:183} INFO - Processing /opt/airflow/dags/pipeline_one_off.py took 0.118 seconds
[2026-01-20T16:35:46.266+0000] {processor.py:161} INFO - Started process (PID=24017) to work on /opt/airflow/dags/pipeline_one_off.py
[2026-01-20T16:35:46.268+0000] {processor.py:830} INFO - Processing file /opt/airflow/dags/pipeline_one_off.py for tasks to queue
[2026-01-20T16:35:46.270+0000] {logging_mixin.py:188} INFO - [2026-01-20T16:35:46.270+0000] {dagbag.py:545} INFO - Filling up the DagBag from /opt/airflow/dags/pipeline_one_off.py
[2026-01-20T16:35:46.294+0000] {processor.py:840} INFO - DAG(s) 'pipeline_one_off' retrieved from /opt/airflow/dags/pipeline_one_off.py
[2026-01-20T16:35:46.334+0000] {logging_mixin.py:188} INFO - [2026-01-20T16:35:46.333+0000] {dag.py:3089} INFO - Sync 1 DAGs
[2026-01-20T16:35:46.349+0000] {logging_mixin.py:188} INFO - [2026-01-20T16:35:46.349+0000] {dag.py:3947} INFO - Setting next_dagrun for pipeline_one_off to None, run_after=None
[2026-01-20T16:35:46.376+0000] {processor.py:183} INFO - Processing /opt/airflow/dags/pipeline_one_off.py took 0.117 seconds
[2026-01-20T16:36:16.612+0000] {processor.py:161} INFO - Started process (PID=24027) to work on /opt/airflow/dags/pipeline_one_off.py
[2026-01-20T16:36:16.614+0000] {processor.py:830} INFO - Processing file /opt/airflow/dags/pipeline_one_off.py for tasks to queue
[2026-01-20T16:36:16.617+0000] {logging_mixin.py:188} INFO - [2026-01-20T16:36:16.617+0000] {dagbag.py:545} INFO - Filling up the DagBag from /opt/airflow/dags/pipeline_one_off.py
[2026-01-20T16:36:16.641+0000] {processor.py:840} INFO - DAG(s) 'pipeline_one_off' retrieved from /opt/airflow/dags/pipeline_one_off.py
[2026-01-20T16:36:16.676+0000] {logging_mixin.py:188} INFO - [2026-01-20T16:36:16.676+0000] {dag.py:3089} INFO - Sync 1 DAGs
[2026-01-20T16:36:16.690+0000] {logging_mixin.py:188} INFO - [2026-01-20T16:36:16.690+0000] {dag.py:3947} INFO - Setting next_dagrun for pipeline_one_off to None, run_after=None
[2026-01-20T16:36:16.712+0000] {processor.py:183} INFO - Processing /opt/airflow/dags/pipeline_one_off.py took 0.107 seconds
[2026-01-20T17:01:21.660+0000] {processor.py:161} INFO - Started process (PID=24032) to work on /opt/airflow/dags/pipeline_one_off.py
[2026-01-20T17:01:21.663+0000] {processor.py:830} INFO - Processing file /opt/airflow/dags/pipeline_one_off.py for tasks to queue
[2026-01-20T17:01:21.689+0000] {logging_mixin.py:188} INFO - [2026-01-20T17:01:21.689+0000] {dagbag.py:545} INFO - Filling up the DagBag from /opt/airflow/dags/pipeline_one_off.py
[2026-01-20T17:01:21.790+0000] {processor.py:840} INFO - DAG(s) 'pipeline_one_off' retrieved from /opt/airflow/dags/pipeline_one_off.py
[2026-01-20T17:01:21.964+0000] {logging_mixin.py:188} INFO - [2026-01-20T17:01:21.963+0000] {dag.py:3089} INFO - Sync 1 DAGs
[2026-01-20T17:01:22.059+0000] {logging_mixin.py:188} INFO - [2026-01-20T17:01:22.058+0000] {dag.py:3947} INFO - Setting next_dagrun for pipeline_one_off to None, run_after=None
[2026-01-20T17:01:22.143+0000] {processor.py:183} INFO - Processing /opt/airflow/dags/pipeline_one_off.py took 0.535 seconds
[2026-01-20T17:01:52.623+0000] {processor.py:161} INFO - Started process (PID=24045) to work on /opt/airflow/dags/pipeline_one_off.py
[2026-01-20T17:01:52.626+0000] {processor.py:830} INFO - Processing file /opt/airflow/dags/pipeline_one_off.py for tasks to queue
[2026-01-20T17:01:52.630+0000] {logging_mixin.py:188} INFO - [2026-01-20T17:01:52.630+0000] {dagbag.py:545} INFO - Filling up the DagBag from /opt/airflow/dags/pipeline_one_off.py
[2026-01-20T17:01:52.669+0000] {processor.py:840} INFO - DAG(s) 'pipeline_one_off' retrieved from /opt/airflow/dags/pipeline_one_off.py
[2026-01-20T17:01:52.754+0000] {logging_mixin.py:188} INFO - [2026-01-20T17:01:52.754+0000] {dag.py:3089} INFO - Sync 1 DAGs
[2026-01-20T17:01:52.780+0000] {logging_mixin.py:188} INFO - [2026-01-20T17:01:52.780+0000] {dag.py:3947} INFO - Setting next_dagrun for pipeline_one_off to None, run_after=None
[2026-01-20T17:01:52.879+0000] {processor.py:183} INFO - Processing /opt/airflow/dags/pipeline_one_off.py took 0.268 seconds
[2026-01-20T17:02:23.353+0000] {processor.py:161} INFO - Started process (PID=24055) to work on /opt/airflow/dags/pipeline_one_off.py
[2026-01-20T17:02:23.356+0000] {processor.py:830} INFO - Processing file /opt/airflow/dags/pipeline_one_off.py for tasks to queue
[2026-01-20T17:02:23.360+0000] {logging_mixin.py:188} INFO - [2026-01-20T17:02:23.360+0000] {dagbag.py:545} INFO - Filling up the DagBag from /opt/airflow/dags/pipeline_one_off.py
[2026-01-20T17:02:23.414+0000] {processor.py:840} INFO - DAG(s) 'pipeline_one_off' retrieved from /opt/airflow/dags/pipeline_one_off.py
[2026-01-20T17:02:23.496+0000] {logging_mixin.py:188} INFO - [2026-01-20T17:02:23.496+0000] {dag.py:3089} INFO - Sync 1 DAGs
[2026-01-20T17:02:23.520+0000] {logging_mixin.py:188} INFO - [2026-01-20T17:02:23.519+0000] {dag.py:3947} INFO - Setting next_dagrun for pipeline_one_off to None, run_after=None
[2026-01-20T17:02:23.553+0000] {processor.py:183} INFO - Processing /opt/airflow/dags/pipeline_one_off.py took 0.213 seconds
[2026-01-20T17:02:53.956+0000] {processor.py:161} INFO - Started process (PID=24065) to work on /opt/airflow/dags/pipeline_one_off.py
[2026-01-20T17:02:53.959+0000] {processor.py:830} INFO - Processing file /opt/airflow/dags/pipeline_one_off.py for tasks to queue
[2026-01-20T17:02:53.965+0000] {logging_mixin.py:188} INFO - [2026-01-20T17:02:53.964+0000] {dagbag.py:545} INFO - Filling up the DagBag from /opt/airflow/dags/pipeline_one_off.py
[2026-01-20T17:02:54.007+0000] {processor.py:840} INFO - DAG(s) 'pipeline_one_off' retrieved from /opt/airflow/dags/pipeline_one_off.py
[2026-01-20T17:02:54.157+0000] {logging_mixin.py:188} INFO - [2026-01-20T17:02:54.156+0000] {dag.py:3089} INFO - Sync 1 DAGs
[2026-01-20T17:02:54.184+0000] {logging_mixin.py:188} INFO - [2026-01-20T17:02:54.183+0000] {dag.py:3947} INFO - Setting next_dagrun for pipeline_one_off to None, run_after=None
[2026-01-20T17:02:54.227+0000] {processor.py:183} INFO - Processing /opt/airflow/dags/pipeline_one_off.py took 0.286 seconds
[2026-01-20T17:03:24.627+0000] {processor.py:161} INFO - Started process (PID=24075) to work on /opt/airflow/dags/pipeline_one_off.py
[2026-01-20T17:03:24.630+0000] {processor.py:830} INFO - Processing file /opt/airflow/dags/pipeline_one_off.py for tasks to queue
[2026-01-20T17:03:24.636+0000] {logging_mixin.py:188} INFO - [2026-01-20T17:03:24.635+0000] {dagbag.py:545} INFO - Filling up the DagBag from /opt/airflow/dags/pipeline_one_off.py
[2026-01-20T17:03:24.675+0000] {processor.py:840} INFO - DAG(s) 'pipeline_one_off' retrieved from /opt/airflow/dags/pipeline_one_off.py
[2026-01-20T17:03:24.748+0000] {logging_mixin.py:188} INFO - [2026-01-20T17:03:24.747+0000] {dag.py:3089} INFO - Sync 1 DAGs
[2026-01-20T17:03:24.774+0000] {logging_mixin.py:188} INFO - [2026-01-20T17:03:24.774+0000] {dag.py:3947} INFO - Setting next_dagrun for pipeline_one_off to None, run_after=None
[2026-01-20T17:03:24.810+0000] {processor.py:183} INFO - Processing /opt/airflow/dags/pipeline_one_off.py took 0.199 seconds
[2026-01-20T17:03:55.205+0000] {processor.py:161} INFO - Started process (PID=24085) to work on /opt/airflow/dags/pipeline_one_off.py
[2026-01-20T17:03:55.207+0000] {processor.py:830} INFO - Processing file /opt/airflow/dags/pipeline_one_off.py for tasks to queue
[2026-01-20T17:03:55.211+0000] {logging_mixin.py:188} INFO - [2026-01-20T17:03:55.211+0000] {dagbag.py:545} INFO - Filling up the DagBag from /opt/airflow/dags/pipeline_one_off.py
[2026-01-20T17:03:55.255+0000] {processor.py:840} INFO - DAG(s) 'pipeline_one_off' retrieved from /opt/airflow/dags/pipeline_one_off.py
[2026-01-20T17:03:55.330+0000] {logging_mixin.py:188} INFO - [2026-01-20T17:03:55.329+0000] {dag.py:3089} INFO - Sync 1 DAGs
[2026-01-20T17:03:55.357+0000] {logging_mixin.py:188} INFO - [2026-01-20T17:03:55.356+0000] {dag.py:3947} INFO - Setting next_dagrun for pipeline_one_off to None, run_after=None
[2026-01-20T17:03:55.401+0000] {processor.py:183} INFO - Processing /opt/airflow/dags/pipeline_one_off.py took 0.217 seconds
[2026-01-20T17:04:25.784+0000] {processor.py:161} INFO - Started process (PID=24095) to work on /opt/airflow/dags/pipeline_one_off.py
[2026-01-20T17:04:25.787+0000] {processor.py:830} INFO - Processing file /opt/airflow/dags/pipeline_one_off.py for tasks to queue
[2026-01-20T17:04:25.792+0000] {logging_mixin.py:188} INFO - [2026-01-20T17:04:25.791+0000] {dagbag.py:545} INFO - Filling up the DagBag from /opt/airflow/dags/pipeline_one_off.py
[2026-01-20T17:04:25.835+0000] {processor.py:840} INFO - DAG(s) 'pipeline_one_off' retrieved from /opt/airflow/dags/pipeline_one_off.py
[2026-01-20T17:04:25.904+0000] {logging_mixin.py:188} INFO - [2026-01-20T17:04:25.904+0000] {dag.py:3089} INFO - Sync 1 DAGs
[2026-01-20T17:04:25.930+0000] {logging_mixin.py:188} INFO - [2026-01-20T17:04:25.930+0000] {dag.py:3947} INFO - Setting next_dagrun for pipeline_one_off to None, run_after=None
[2026-01-20T17:04:25.971+0000] {processor.py:183} INFO - Processing /opt/airflow/dags/pipeline_one_off.py took 0.201 seconds
[2026-01-20T17:04:56.359+0000] {processor.py:161} INFO - Started process (PID=24105) to work on /opt/airflow/dags/pipeline_one_off.py
[2026-01-20T17:04:56.361+0000] {processor.py:830} INFO - Processing file /opt/airflow/dags/pipeline_one_off.py for tasks to queue
[2026-01-20T17:04:56.365+0000] {logging_mixin.py:188} INFO - [2026-01-20T17:04:56.365+0000] {dagbag.py:545} INFO - Filling up the DagBag from /opt/airflow/dags/pipeline_one_off.py
[2026-01-20T17:04:56.411+0000] {processor.py:840} INFO - DAG(s) 'pipeline_one_off' retrieved from /opt/airflow/dags/pipeline_one_off.py
[2026-01-20T17:04:56.496+0000] {logging_mixin.py:188} INFO - [2026-01-20T17:04:56.496+0000] {dag.py:3089} INFO - Sync 1 DAGs
[2026-01-20T17:04:56.522+0000] {logging_mixin.py:188} INFO - [2026-01-20T17:04:56.521+0000] {dag.py:3947} INFO - Setting next_dagrun for pipeline_one_off to None, run_after=None
[2026-01-20T17:04:56.561+0000] {processor.py:183} INFO - Processing /opt/airflow/dags/pipeline_one_off.py took 0.219 seconds
[2026-01-20T17:05:27.022+0000] {processor.py:161} INFO - Started process (PID=24115) to work on /opt/airflow/dags/pipeline_one_off.py
[2026-01-20T17:05:27.024+0000] {processor.py:830} INFO - Processing file /opt/airflow/dags/pipeline_one_off.py for tasks to queue
[2026-01-20T17:05:27.028+0000] {logging_mixin.py:188} INFO - [2026-01-20T17:05:27.027+0000] {dagbag.py:545} INFO - Filling up the DagBag from /opt/airflow/dags/pipeline_one_off.py
[2026-01-20T17:05:27.065+0000] {processor.py:840} INFO - DAG(s) 'pipeline_one_off' retrieved from /opt/airflow/dags/pipeline_one_off.py
[2026-01-20T17:05:27.211+0000] {logging_mixin.py:188} INFO - [2026-01-20T17:05:27.210+0000] {dag.py:3089} INFO - Sync 1 DAGs
[2026-01-20T17:05:27.241+0000] {logging_mixin.py:188} INFO - [2026-01-20T17:05:27.240+0000] {dag.py:3947} INFO - Setting next_dagrun for pipeline_one_off to None, run_after=None
[2026-01-20T17:05:27.281+0000] {processor.py:183} INFO - Processing /opt/airflow/dags/pipeline_one_off.py took 0.271 seconds
[2026-01-20T17:05:57.688+0000] {processor.py:161} INFO - Started process (PID=24125) to work on /opt/airflow/dags/pipeline_one_off.py
[2026-01-20T17:05:57.691+0000] {processor.py:830} INFO - Processing file /opt/airflow/dags/pipeline_one_off.py for tasks to queue
[2026-01-20T17:05:57.695+0000] {logging_mixin.py:188} INFO - [2026-01-20T17:05:57.695+0000] {dagbag.py:545} INFO - Filling up the DagBag from /opt/airflow/dags/pipeline_one_off.py
[2026-01-20T17:05:57.748+0000] {processor.py:840} INFO - DAG(s) 'pipeline_one_off' retrieved from /opt/airflow/dags/pipeline_one_off.py
[2026-01-20T17:05:57.828+0000] {logging_mixin.py:188} INFO - [2026-01-20T17:05:57.828+0000] {dag.py:3089} INFO - Sync 1 DAGs
[2026-01-20T17:05:57.851+0000] {logging_mixin.py:188} INFO - [2026-01-20T17:05:57.850+0000] {dag.py:3947} INFO - Setting next_dagrun for pipeline_one_off to None, run_after=None
[2026-01-20T17:05:57.885+0000] {processor.py:183} INFO - Processing /opt/airflow/dags/pipeline_one_off.py took 0.215 seconds
[2026-01-20T17:06:28.407+0000] {processor.py:161} INFO - Started process (PID=24135) to work on /opt/airflow/dags/pipeline_one_off.py
[2026-01-20T17:06:28.409+0000] {processor.py:830} INFO - Processing file /opt/airflow/dags/pipeline_one_off.py for tasks to queue
[2026-01-20T17:06:28.414+0000] {logging_mixin.py:188} INFO - [2026-01-20T17:06:28.413+0000] {dagbag.py:545} INFO - Filling up the DagBag from /opt/airflow/dags/pipeline_one_off.py
[2026-01-20T17:06:28.500+0000] {processor.py:840} INFO - DAG(s) 'pipeline_one_off' retrieved from /opt/airflow/dags/pipeline_one_off.py
[2026-01-20T17:06:28.566+0000] {logging_mixin.py:188} INFO - [2026-01-20T17:06:28.565+0000] {dag.py:3089} INFO - Sync 1 DAGs
[2026-01-20T17:06:28.588+0000] {logging_mixin.py:188} INFO - [2026-01-20T17:06:28.587+0000] {dag.py:3947} INFO - Setting next_dagrun for pipeline_one_off to None, run_after=None
[2026-01-20T17:06:28.623+0000] {processor.py:183} INFO - Processing /opt/airflow/dags/pipeline_one_off.py took 0.228 seconds
[2026-01-20T17:06:59.008+0000] {processor.py:161} INFO - Started process (PID=24145) to work on /opt/airflow/dags/pipeline_one_off.py
[2026-01-20T17:06:59.010+0000] {processor.py:830} INFO - Processing file /opt/airflow/dags/pipeline_one_off.py for tasks to queue
[2026-01-20T17:06:59.015+0000] {logging_mixin.py:188} INFO - [2026-01-20T17:06:59.014+0000] {dagbag.py:545} INFO - Filling up the DagBag from /opt/airflow/dags/pipeline_one_off.py
[2026-01-20T17:06:59.050+0000] {processor.py:840} INFO - DAG(s) 'pipeline_one_off' retrieved from /opt/airflow/dags/pipeline_one_off.py
[2026-01-20T17:06:59.119+0000] {logging_mixin.py:188} INFO - [2026-01-20T17:06:59.119+0000] {dag.py:3089} INFO - Sync 1 DAGs
[2026-01-20T17:06:59.145+0000] {logging_mixin.py:188} INFO - [2026-01-20T17:06:59.144+0000] {dag.py:3947} INFO - Setting next_dagrun for pipeline_one_off to None, run_after=None
[2026-01-20T17:06:59.229+0000] {processor.py:183} INFO - Processing /opt/airflow/dags/pipeline_one_off.py took 0.233 seconds
[2026-01-20T17:07:29.591+0000] {processor.py:161} INFO - Started process (PID=24155) to work on /opt/airflow/dags/pipeline_one_off.py
[2026-01-20T17:07:29.593+0000] {processor.py:830} INFO - Processing file /opt/airflow/dags/pipeline_one_off.py for tasks to queue
[2026-01-20T17:07:29.602+0000] {logging_mixin.py:188} INFO - [2026-01-20T17:07:29.601+0000] {dagbag.py:545} INFO - Filling up the DagBag from /opt/airflow/dags/pipeline_one_off.py
[2026-01-20T17:07:29.647+0000] {processor.py:840} INFO - DAG(s) 'pipeline_one_off' retrieved from /opt/airflow/dags/pipeline_one_off.py
[2026-01-20T17:07:29.714+0000] {logging_mixin.py:188} INFO - [2026-01-20T17:07:29.713+0000] {dag.py:3089} INFO - Sync 1 DAGs
[2026-01-20T17:07:29.740+0000] {logging_mixin.py:188} INFO - [2026-01-20T17:07:29.740+0000] {dag.py:3947} INFO - Setting next_dagrun for pipeline_one_off to None, run_after=None
[2026-01-20T17:07:29.772+0000] {processor.py:183} INFO - Processing /opt/airflow/dags/pipeline_one_off.py took 0.194 seconds
[2026-01-20T17:08:00.214+0000] {processor.py:161} INFO - Started process (PID=24165) to work on /opt/airflow/dags/pipeline_one_off.py
[2026-01-20T17:08:00.216+0000] {processor.py:830} INFO - Processing file /opt/airflow/dags/pipeline_one_off.py for tasks to queue
[2026-01-20T17:08:00.222+0000] {logging_mixin.py:188} INFO - [2026-01-20T17:08:00.221+0000] {dagbag.py:545} INFO - Filling up the DagBag from /opt/airflow/dags/pipeline_one_off.py
[2026-01-20T17:08:00.273+0000] {processor.py:840} INFO - DAG(s) 'pipeline_one_off' retrieved from /opt/airflow/dags/pipeline_one_off.py
[2026-01-20T17:08:00.350+0000] {logging_mixin.py:188} INFO - [2026-01-20T17:08:00.349+0000] {dag.py:3089} INFO - Sync 1 DAGs
[2026-01-20T17:08:00.371+0000] {logging_mixin.py:188} INFO - [2026-01-20T17:08:00.371+0000] {dag.py:3947} INFO - Setting next_dagrun for pipeline_one_off to None, run_after=None
[2026-01-20T17:08:00.408+0000] {processor.py:183} INFO - Processing /opt/airflow/dags/pipeline_one_off.py took 0.273 seconds
[2026-01-20T17:08:30.806+0000] {processor.py:161} INFO - Started process (PID=24175) to work on /opt/airflow/dags/pipeline_one_off.py
[2026-01-20T17:08:30.809+0000] {processor.py:830} INFO - Processing file /opt/airflow/dags/pipeline_one_off.py for tasks to queue
[2026-01-20T17:08:30.815+0000] {logging_mixin.py:188} INFO - [2026-01-20T17:08:30.814+0000] {dagbag.py:545} INFO - Filling up the DagBag from /opt/airflow/dags/pipeline_one_off.py
[2026-01-20T17:08:30.864+0000] {processor.py:840} INFO - DAG(s) 'pipeline_one_off' retrieved from /opt/airflow/dags/pipeline_one_off.py
[2026-01-20T17:08:31.005+0000] {logging_mixin.py:188} INFO - [2026-01-20T17:08:31.005+0000] {dag.py:3089} INFO - Sync 1 DAGs
[2026-01-20T17:08:31.028+0000] {logging_mixin.py:188} INFO - [2026-01-20T17:08:31.028+0000] {dag.py:3947} INFO - Setting next_dagrun for pipeline_one_off to None, run_after=None
[2026-01-20T17:08:31.065+0000] {processor.py:183} INFO - Processing /opt/airflow/dags/pipeline_one_off.py took 0.273 seconds
[2026-01-20T17:09:01.464+0000] {processor.py:161} INFO - Started process (PID=24185) to work on /opt/airflow/dags/pipeline_one_off.py
[2026-01-20T17:09:01.467+0000] {processor.py:830} INFO - Processing file /opt/airflow/dags/pipeline_one_off.py for tasks to queue
[2026-01-20T17:09:01.471+0000] {logging_mixin.py:188} INFO - [2026-01-20T17:09:01.470+0000] {dagbag.py:545} INFO - Filling up the DagBag from /opt/airflow/dags/pipeline_one_off.py
[2026-01-20T17:09:01.514+0000] {processor.py:840} INFO - DAG(s) 'pipeline_one_off' retrieved from /opt/airflow/dags/pipeline_one_off.py
[2026-01-20T17:09:01.590+0000] {logging_mixin.py:188} INFO - [2026-01-20T17:09:01.590+0000] {dag.py:3089} INFO - Sync 1 DAGs
[2026-01-20T17:09:01.613+0000] {logging_mixin.py:188} INFO - [2026-01-20T17:09:01.613+0000] {dag.py:3947} INFO - Setting next_dagrun for pipeline_one_off to None, run_after=None
[2026-01-20T17:09:01.649+0000] {processor.py:183} INFO - Processing /opt/airflow/dags/pipeline_one_off.py took 0.197 seconds
[2026-01-20T17:09:32.216+0000] {processor.py:161} INFO - Started process (PID=24195) to work on /opt/airflow/dags/pipeline_one_off.py
[2026-01-20T17:09:32.218+0000] {processor.py:830} INFO - Processing file /opt/airflow/dags/pipeline_one_off.py for tasks to queue
[2026-01-20T17:09:32.223+0000] {logging_mixin.py:188} INFO - [2026-01-20T17:09:32.221+0000] {dagbag.py:545} INFO - Filling up the DagBag from /opt/airflow/dags/pipeline_one_off.py
[2026-01-20T17:09:32.267+0000] {processor.py:840} INFO - DAG(s) 'pipeline_one_off' retrieved from /opt/airflow/dags/pipeline_one_off.py
[2026-01-20T17:09:32.335+0000] {logging_mixin.py:188} INFO - [2026-01-20T17:09:32.335+0000] {dag.py:3089} INFO - Sync 1 DAGs
[2026-01-20T17:09:32.357+0000] {logging_mixin.py:188} INFO - [2026-01-20T17:09:32.357+0000] {dag.py:3947} INFO - Setting next_dagrun for pipeline_one_off to None, run_after=None
[2026-01-20T17:09:32.449+0000] {processor.py:183} INFO - Processing /opt/airflow/dags/pipeline_one_off.py took 0.248 seconds
[2026-01-20T17:10:02.911+0000] {processor.py:161} INFO - Started process (PID=24205) to work on /opt/airflow/dags/pipeline_one_off.py
[2026-01-20T17:10:02.913+0000] {processor.py:830} INFO - Processing file /opt/airflow/dags/pipeline_one_off.py for tasks to queue
[2026-01-20T17:10:02.917+0000] {logging_mixin.py:188} INFO - [2026-01-20T17:10:02.916+0000] {dagbag.py:545} INFO - Filling up the DagBag from /opt/airflow/dags/pipeline_one_off.py
[2026-01-20T17:10:02.958+0000] {processor.py:840} INFO - DAG(s) 'pipeline_one_off' retrieved from /opt/airflow/dags/pipeline_one_off.py
[2026-01-20T17:10:03.026+0000] {logging_mixin.py:188} INFO - [2026-01-20T17:10:03.026+0000] {dag.py:3089} INFO - Sync 1 DAGs
[2026-01-20T17:10:03.049+0000] {logging_mixin.py:188} INFO - [2026-01-20T17:10:03.049+0000] {dag.py:3947} INFO - Setting next_dagrun for pipeline_one_off to None, run_after=None
[2026-01-20T17:10:03.080+0000] {processor.py:183} INFO - Processing /opt/airflow/dags/pipeline_one_off.py took 0.184 seconds
[2026-01-20T17:10:33.226+0000] {processor.py:161} INFO - Started process (PID=24215) to work on /opt/airflow/dags/pipeline_one_off.py
[2026-01-20T17:10:33.228+0000] {processor.py:830} INFO - Processing file /opt/airflow/dags/pipeline_one_off.py for tasks to queue
[2026-01-20T17:10:33.233+0000] {logging_mixin.py:188} INFO - [2026-01-20T17:10:33.232+0000] {dagbag.py:545} INFO - Filling up the DagBag from /opt/airflow/dags/pipeline_one_off.py
[2026-01-20T17:10:33.273+0000] {processor.py:840} INFO - DAG(s) 'pipeline_one_off' retrieved from /opt/airflow/dags/pipeline_one_off.py
[2026-01-20T17:10:33.338+0000] {logging_mixin.py:188} INFO - [2026-01-20T17:10:33.338+0000] {dag.py:3089} INFO - Sync 1 DAGs
[2026-01-20T17:10:33.364+0000] {logging_mixin.py:188} INFO - [2026-01-20T17:10:33.363+0000] {dag.py:3947} INFO - Setting next_dagrun for pipeline_one_off to None, run_after=None
[2026-01-20T17:10:33.403+0000] {processor.py:183} INFO - Processing /opt/airflow/dags/pipeline_one_off.py took 0.188 seconds
[2026-01-20T17:11:03.817+0000] {processor.py:161} INFO - Started process (PID=24225) to work on /opt/airflow/dags/pipeline_one_off.py
[2026-01-20T17:11:03.819+0000] {processor.py:830} INFO - Processing file /opt/airflow/dags/pipeline_one_off.py for tasks to queue
[2026-01-20T17:11:03.824+0000] {logging_mixin.py:188} INFO - [2026-01-20T17:11:03.823+0000] {dagbag.py:545} INFO - Filling up the DagBag from /opt/airflow/dags/pipeline_one_off.py
[2026-01-20T17:11:03.868+0000] {processor.py:840} INFO - DAG(s) 'pipeline_one_off' retrieved from /opt/airflow/dags/pipeline_one_off.py
[2026-01-20T17:11:04.001+0000] {logging_mixin.py:188} INFO - [2026-01-20T17:11:04.001+0000] {dag.py:3089} INFO - Sync 1 DAGs
[2026-01-20T17:11:04.021+0000] {logging_mixin.py:188} INFO - [2026-01-20T17:11:04.021+0000] {dag.py:3947} INFO - Setting next_dagrun for pipeline_one_off to None, run_after=None
[2026-01-20T17:11:04.053+0000] {processor.py:183} INFO - Processing /opt/airflow/dags/pipeline_one_off.py took 0.250 seconds
[2026-01-20T17:11:34.530+0000] {processor.py:161} INFO - Started process (PID=24238) to work on /opt/airflow/dags/pipeline_one_off.py
[2026-01-20T17:11:34.533+0000] {processor.py:830} INFO - Processing file /opt/airflow/dags/pipeline_one_off.py for tasks to queue
[2026-01-20T17:11:34.537+0000] {logging_mixin.py:188} INFO - [2026-01-20T17:11:34.536+0000] {dagbag.py:545} INFO - Filling up the DagBag from /opt/airflow/dags/pipeline_one_off.py
[2026-01-20T17:11:34.575+0000] {processor.py:840} INFO - DAG(s) 'pipeline_one_off' retrieved from /opt/airflow/dags/pipeline_one_off.py
[2026-01-20T17:11:34.645+0000] {logging_mixin.py:188} INFO - [2026-01-20T17:11:34.644+0000] {dag.py:3089} INFO - Sync 1 DAGs
[2026-01-20T17:11:34.673+0000] {logging_mixin.py:188} INFO - [2026-01-20T17:11:34.672+0000] {dag.py:3947} INFO - Setting next_dagrun for pipeline_one_off to None, run_after=None
[2026-01-20T17:11:34.791+0000] {processor.py:183} INFO - Processing /opt/airflow/dags/pipeline_one_off.py took 0.275 seconds
[2026-01-20T17:12:05.013+0000] {processor.py:161} INFO - Started process (PID=24248) to work on /opt/airflow/dags/pipeline_one_off.py
[2026-01-20T17:12:05.015+0000] {processor.py:830} INFO - Processing file /opt/airflow/dags/pipeline_one_off.py for tasks to queue
[2026-01-20T17:12:05.020+0000] {logging_mixin.py:188} INFO - [2026-01-20T17:12:05.019+0000] {dagbag.py:545} INFO - Filling up the DagBag from /opt/airflow/dags/pipeline_one_off.py
[2026-01-20T17:12:05.059+0000] {processor.py:840} INFO - DAG(s) 'pipeline_one_off' retrieved from /opt/airflow/dags/pipeline_one_off.py
[2026-01-20T17:12:05.125+0000] {logging_mixin.py:188} INFO - [2026-01-20T17:12:05.124+0000] {dag.py:3089} INFO - Sync 1 DAGs
[2026-01-20T17:12:05.148+0000] {logging_mixin.py:188} INFO - [2026-01-20T17:12:05.148+0000] {dag.py:3947} INFO - Setting next_dagrun for pipeline_one_off to None, run_after=None
[2026-01-20T17:12:05.183+0000] {processor.py:183} INFO - Processing /opt/airflow/dags/pipeline_one_off.py took 0.180 seconds
[2026-01-20T17:12:35.543+0000] {processor.py:161} INFO - Started process (PID=24258) to work on /opt/airflow/dags/pipeline_one_off.py
[2026-01-20T17:12:35.545+0000] {processor.py:830} INFO - Processing file /opt/airflow/dags/pipeline_one_off.py for tasks to queue
[2026-01-20T17:12:35.549+0000] {logging_mixin.py:188} INFO - [2026-01-20T17:12:35.549+0000] {dagbag.py:545} INFO - Filling up the DagBag from /opt/airflow/dags/pipeline_one_off.py
[2026-01-20T17:12:35.583+0000] {processor.py:840} INFO - DAG(s) 'pipeline_one_off' retrieved from /opt/airflow/dags/pipeline_one_off.py
[2026-01-20T17:12:35.647+0000] {logging_mixin.py:188} INFO - [2026-01-20T17:12:35.647+0000] {dag.py:3089} INFO - Sync 1 DAGs
[2026-01-20T17:12:35.671+0000] {logging_mixin.py:188} INFO - [2026-01-20T17:12:35.671+0000] {dag.py:3947} INFO - Setting next_dagrun for pipeline_one_off to None, run_after=None
[2026-01-20T17:12:35.705+0000] {processor.py:183} INFO - Processing /opt/airflow/dags/pipeline_one_off.py took 0.173 seconds
[2026-01-20T17:13:06.106+0000] {processor.py:161} INFO - Started process (PID=24268) to work on /opt/airflow/dags/pipeline_one_off.py
[2026-01-20T17:13:06.108+0000] {processor.py:830} INFO - Processing file /opt/airflow/dags/pipeline_one_off.py for tasks to queue
[2026-01-20T17:13:06.113+0000] {logging_mixin.py:188} INFO - [2026-01-20T17:13:06.113+0000] {dagbag.py:545} INFO - Filling up the DagBag from /opt/airflow/dags/pipeline_one_off.py
[2026-01-20T17:13:06.225+0000] {processor.py:840} INFO - DAG(s) 'pipeline_one_off' retrieved from /opt/airflow/dags/pipeline_one_off.py
[2026-01-20T17:13:06.289+0000] {logging_mixin.py:188} INFO - [2026-01-20T17:13:06.289+0000] {dag.py:3089} INFO - Sync 1 DAGs
[2026-01-20T17:13:06.312+0000] {logging_mixin.py:188} INFO - [2026-01-20T17:13:06.311+0000] {dag.py:3947} INFO - Setting next_dagrun for pipeline_one_off to None, run_after=None
[2026-01-20T17:13:06.406+0000] {processor.py:183} INFO - Processing /opt/airflow/dags/pipeline_one_off.py took 0.315 seconds
[2026-01-20T17:13:36.787+0000] {processor.py:161} INFO - Started process (PID=24278) to work on /opt/airflow/dags/pipeline_one_off.py
[2026-01-20T17:13:36.789+0000] {processor.py:830} INFO - Processing file /opt/airflow/dags/pipeline_one_off.py for tasks to queue
[2026-01-20T17:13:36.794+0000] {logging_mixin.py:188} INFO - [2026-01-20T17:13:36.793+0000] {dagbag.py:545} INFO - Filling up the DagBag from /opt/airflow/dags/pipeline_one_off.py
[2026-01-20T17:13:36.834+0000] {processor.py:840} INFO - DAG(s) 'pipeline_one_off' retrieved from /opt/airflow/dags/pipeline_one_off.py
[2026-01-20T17:13:36.901+0000] {logging_mixin.py:188} INFO - [2026-01-20T17:13:36.900+0000] {dag.py:3089} INFO - Sync 1 DAGs
[2026-01-20T17:13:36.926+0000] {logging_mixin.py:188} INFO - [2026-01-20T17:13:36.926+0000] {dag.py:3947} INFO - Setting next_dagrun for pipeline_one_off to None, run_after=None
[2026-01-20T17:13:37.032+0000] {processor.py:183} INFO - Processing /opt/airflow/dags/pipeline_one_off.py took 0.257 seconds
[2026-01-20T17:14:07.386+0000] {processor.py:161} INFO - Started process (PID=24288) to work on /opt/airflow/dags/pipeline_one_off.py
[2026-01-20T17:14:07.388+0000] {processor.py:830} INFO - Processing file /opt/airflow/dags/pipeline_one_off.py for tasks to queue
[2026-01-20T17:14:07.393+0000] {logging_mixin.py:188} INFO - [2026-01-20T17:14:07.393+0000] {dagbag.py:545} INFO - Filling up the DagBag from /opt/airflow/dags/pipeline_one_off.py
[2026-01-20T17:14:07.429+0000] {processor.py:840} INFO - DAG(s) 'pipeline_one_off' retrieved from /opt/airflow/dags/pipeline_one_off.py
[2026-01-20T17:14:07.496+0000] {logging_mixin.py:188} INFO - [2026-01-20T17:14:07.496+0000] {dag.py:3089} INFO - Sync 1 DAGs
[2026-01-20T17:14:07.520+0000] {logging_mixin.py:188} INFO - [2026-01-20T17:14:07.520+0000] {dag.py:3947} INFO - Setting next_dagrun for pipeline_one_off to None, run_after=None
[2026-01-20T17:14:07.621+0000] {processor.py:183} INFO - Processing /opt/airflow/dags/pipeline_one_off.py took 0.247 seconds
[2026-01-20T17:14:38.012+0000] {processor.py:161} INFO - Started process (PID=24298) to work on /opt/airflow/dags/pipeline_one_off.py
[2026-01-20T17:14:38.015+0000] {processor.py:830} INFO - Processing file /opt/airflow/dags/pipeline_one_off.py for tasks to queue
[2026-01-20T17:14:38.019+0000] {logging_mixin.py:188} INFO - [2026-01-20T17:14:38.018+0000] {dagbag.py:545} INFO - Filling up the DagBag from /opt/airflow/dags/pipeline_one_off.py
[2026-01-20T17:14:38.057+0000] {processor.py:840} INFO - DAG(s) 'pipeline_one_off' retrieved from /opt/airflow/dags/pipeline_one_off.py
[2026-01-20T17:14:38.128+0000] {logging_mixin.py:188} INFO - [2026-01-20T17:14:38.128+0000] {dag.py:3089} INFO - Sync 1 DAGs
[2026-01-20T17:14:38.153+0000] {logging_mixin.py:188} INFO - [2026-01-20T17:14:38.152+0000] {dag.py:3947} INFO - Setting next_dagrun for pipeline_one_off to None, run_after=None
[2026-01-20T17:14:38.188+0000] {processor.py:183} INFO - Processing /opt/airflow/dags/pipeline_one_off.py took 0.189 seconds
[2026-01-20T17:15:08.657+0000] {processor.py:161} INFO - Started process (PID=24308) to work on /opt/airflow/dags/pipeline_one_off.py
[2026-01-20T17:15:08.660+0000] {processor.py:830} INFO - Processing file /opt/airflow/dags/pipeline_one_off.py for tasks to queue
[2026-01-20T17:15:08.666+0000] {logging_mixin.py:188} INFO - [2026-01-20T17:15:08.665+0000] {dagbag.py:545} INFO - Filling up the DagBag from /opt/airflow/dags/pipeline_one_off.py
[2026-01-20T17:15:08.713+0000] {processor.py:840} INFO - DAG(s) 'pipeline_one_off' retrieved from /opt/airflow/dags/pipeline_one_off.py
[2026-01-20T17:15:08.801+0000] {logging_mixin.py:188} INFO - [2026-01-20T17:15:08.801+0000] {dag.py:3089} INFO - Sync 1 DAGs
[2026-01-20T17:15:08.828+0000] {logging_mixin.py:188} INFO - [2026-01-20T17:15:08.827+0000] {dag.py:3947} INFO - Setting next_dagrun for pipeline_one_off to None, run_after=None
[2026-01-20T17:15:08.936+0000] {processor.py:183} INFO - Processing /opt/airflow/dags/pipeline_one_off.py took 0.298 seconds
[2026-01-20T17:15:39.331+0000] {processor.py:161} INFO - Started process (PID=24318) to work on /opt/airflow/dags/pipeline_one_off.py
[2026-01-20T17:15:39.333+0000] {processor.py:830} INFO - Processing file /opt/airflow/dags/pipeline_one_off.py for tasks to queue
[2026-01-20T17:15:39.338+0000] {logging_mixin.py:188} INFO - [2026-01-20T17:15:39.337+0000] {dagbag.py:545} INFO - Filling up the DagBag from /opt/airflow/dags/pipeline_one_off.py
[2026-01-20T17:15:39.387+0000] {processor.py:840} INFO - DAG(s) 'pipeline_one_off' retrieved from /opt/airflow/dags/pipeline_one_off.py
[2026-01-20T17:15:39.457+0000] {logging_mixin.py:188} INFO - [2026-01-20T17:15:39.457+0000] {dag.py:3089} INFO - Sync 1 DAGs
[2026-01-20T17:15:39.483+0000] {logging_mixin.py:188} INFO - [2026-01-20T17:15:39.483+0000] {dag.py:3947} INFO - Setting next_dagrun for pipeline_one_off to None, run_after=None
[2026-01-20T17:15:39.524+0000] {processor.py:183} INFO - Processing /opt/airflow/dags/pipeline_one_off.py took 0.206 seconds
[2026-01-20T17:16:09.933+0000] {processor.py:161} INFO - Started process (PID=24328) to work on /opt/airflow/dags/pipeline_one_off.py
[2026-01-20T17:16:09.935+0000] {processor.py:830} INFO - Processing file /opt/airflow/dags/pipeline_one_off.py for tasks to queue
[2026-01-20T17:16:09.939+0000] {logging_mixin.py:188} INFO - [2026-01-20T17:16:09.939+0000] {dagbag.py:545} INFO - Filling up the DagBag from /opt/airflow/dags/pipeline_one_off.py
[2026-01-20T17:16:09.977+0000] {processor.py:840} INFO - DAG(s) 'pipeline_one_off' retrieved from /opt/airflow/dags/pipeline_one_off.py
[2026-01-20T17:16:10.056+0000] {logging_mixin.py:188} INFO - [2026-01-20T17:16:10.055+0000] {dag.py:3089} INFO - Sync 1 DAGs
[2026-01-20T17:16:10.085+0000] {logging_mixin.py:188} INFO - [2026-01-20T17:16:10.085+0000] {dag.py:3947} INFO - Setting next_dagrun for pipeline_one_off to None, run_after=None
[2026-01-20T17:16:10.181+0000] {processor.py:183} INFO - Processing /opt/airflow/dags/pipeline_one_off.py took 0.261 seconds
[2026-01-20T17:16:40.664+0000] {processor.py:161} INFO - Started process (PID=24338) to work on /opt/airflow/dags/pipeline_one_off.py
[2026-01-20T17:16:40.666+0000] {processor.py:830} INFO - Processing file /opt/airflow/dags/pipeline_one_off.py for tasks to queue
[2026-01-20T17:16:40.672+0000] {logging_mixin.py:188} INFO - [2026-01-20T17:16:40.671+0000] {dagbag.py:545} INFO - Filling up the DagBag from /opt/airflow/dags/pipeline_one_off.py
[2026-01-20T17:16:40.719+0000] {processor.py:840} INFO - DAG(s) 'pipeline_one_off' retrieved from /opt/airflow/dags/pipeline_one_off.py
[2026-01-20T17:16:40.875+0000] {logging_mixin.py:188} INFO - [2026-01-20T17:16:40.874+0000] {dag.py:3089} INFO - Sync 1 DAGs
[2026-01-20T17:16:40.901+0000] {logging_mixin.py:188} INFO - [2026-01-20T17:16:40.901+0000] {dag.py:3947} INFO - Setting next_dagrun for pipeline_one_off to None, run_after=None
[2026-01-20T17:16:40.954+0000] {processor.py:183} INFO - Processing /opt/airflow/dags/pipeline_one_off.py took 0.306 seconds
[2026-01-20T17:17:11.370+0000] {processor.py:161} INFO - Started process (PID=24348) to work on /opt/airflow/dags/pipeline_one_off.py
[2026-01-20T17:17:11.373+0000] {processor.py:830} INFO - Processing file /opt/airflow/dags/pipeline_one_off.py for tasks to queue
[2026-01-20T17:17:11.378+0000] {logging_mixin.py:188} INFO - [2026-01-20T17:17:11.377+0000] {dagbag.py:545} INFO - Filling up the DagBag from /opt/airflow/dags/pipeline_one_off.py
[2026-01-20T17:17:11.416+0000] {processor.py:840} INFO - DAG(s) 'pipeline_one_off' retrieved from /opt/airflow/dags/pipeline_one_off.py
[2026-01-20T17:17:11.552+0000] {logging_mixin.py:188} INFO - [2026-01-20T17:17:11.551+0000] {dag.py:3089} INFO - Sync 1 DAGs
[2026-01-20T17:17:11.576+0000] {logging_mixin.py:188} INFO - [2026-01-20T17:17:11.576+0000] {dag.py:3947} INFO - Setting next_dagrun for pipeline_one_off to None, run_after=None
[2026-01-20T17:17:11.616+0000] {processor.py:183} INFO - Processing /opt/airflow/dags/pipeline_one_off.py took 0.260 seconds
[2026-01-20T17:17:41.960+0000] {processor.py:161} INFO - Started process (PID=24358) to work on /opt/airflow/dags/pipeline_one_off.py
[2026-01-20T17:17:41.962+0000] {processor.py:830} INFO - Processing file /opt/airflow/dags/pipeline_one_off.py for tasks to queue
[2026-01-20T17:17:41.965+0000] {logging_mixin.py:188} INFO - [2026-01-20T17:17:41.965+0000] {dagbag.py:545} INFO - Filling up the DagBag from /opt/airflow/dags/pipeline_one_off.py
[2026-01-20T17:17:42.000+0000] {processor.py:840} INFO - DAG(s) 'pipeline_one_off' retrieved from /opt/airflow/dags/pipeline_one_off.py
[2026-01-20T17:17:42.069+0000] {logging_mixin.py:188} INFO - [2026-01-20T17:17:42.069+0000] {dag.py:3089} INFO - Sync 1 DAGs
[2026-01-20T17:17:42.095+0000] {logging_mixin.py:188} INFO - [2026-01-20T17:17:42.095+0000] {dag.py:3947} INFO - Setting next_dagrun for pipeline_one_off to None, run_after=None
[2026-01-20T17:17:42.129+0000] {processor.py:183} INFO - Processing /opt/airflow/dags/pipeline_one_off.py took 0.181 seconds
[2026-01-20T17:18:12.583+0000] {processor.py:161} INFO - Started process (PID=24368) to work on /opt/airflow/dags/pipeline_one_off.py
[2026-01-20T17:18:12.585+0000] {processor.py:830} INFO - Processing file /opt/airflow/dags/pipeline_one_off.py for tasks to queue
[2026-01-20T17:18:12.590+0000] {logging_mixin.py:188} INFO - [2026-01-20T17:18:12.590+0000] {dagbag.py:545} INFO - Filling up the DagBag from /opt/airflow/dags/pipeline_one_off.py
[2026-01-20T17:18:12.661+0000] {processor.py:840} INFO - DAG(s) 'pipeline_one_off' retrieved from /opt/airflow/dags/pipeline_one_off.py
[2026-01-20T17:18:12.742+0000] {logging_mixin.py:188} INFO - [2026-01-20T17:18:12.741+0000] {dag.py:3089} INFO - Sync 1 DAGs
[2026-01-20T17:18:12.766+0000] {logging_mixin.py:188} INFO - [2026-01-20T17:18:12.766+0000] {dag.py:3947} INFO - Setting next_dagrun for pipeline_one_off to None, run_after=None
[2026-01-20T17:18:12.807+0000] {processor.py:183} INFO - Processing /opt/airflow/dags/pipeline_one_off.py took 0.236 seconds
[2026-01-20T17:18:43.265+0000] {processor.py:161} INFO - Started process (PID=24378) to work on /opt/airflow/dags/pipeline_one_off.py
[2026-01-20T17:18:43.267+0000] {processor.py:830} INFO - Processing file /opt/airflow/dags/pipeline_one_off.py for tasks to queue
[2026-01-20T17:18:43.271+0000] {logging_mixin.py:188} INFO - [2026-01-20T17:18:43.270+0000] {dagbag.py:545} INFO - Filling up the DagBag from /opt/airflow/dags/pipeline_one_off.py
[2026-01-20T17:18:43.332+0000] {processor.py:840} INFO - DAG(s) 'pipeline_one_off' retrieved from /opt/airflow/dags/pipeline_one_off.py
[2026-01-20T17:18:43.469+0000] {logging_mixin.py:188} INFO - [2026-01-20T17:18:43.469+0000] {dag.py:3089} INFO - Sync 1 DAGs
[2026-01-20T17:18:43.491+0000] {logging_mixin.py:188} INFO - [2026-01-20T17:18:43.490+0000] {dag.py:3947} INFO - Setting next_dagrun for pipeline_one_off to None, run_after=None
[2026-01-20T17:18:43.524+0000] {processor.py:183} INFO - Processing /opt/airflow/dags/pipeline_one_off.py took 0.275 seconds
[2026-01-20T17:19:13.890+0000] {processor.py:161} INFO - Started process (PID=24388) to work on /opt/airflow/dags/pipeline_one_off.py
[2026-01-20T17:19:13.892+0000] {processor.py:830} INFO - Processing file /opt/airflow/dags/pipeline_one_off.py for tasks to queue
[2026-01-20T17:19:13.896+0000] {logging_mixin.py:188} INFO - [2026-01-20T17:19:13.895+0000] {dagbag.py:545} INFO - Filling up the DagBag from /opt/airflow/dags/pipeline_one_off.py
[2026-01-20T17:19:13.933+0000] {processor.py:840} INFO - DAG(s) 'pipeline_one_off' retrieved from /opt/airflow/dags/pipeline_one_off.py
[2026-01-20T17:19:13.996+0000] {logging_mixin.py:188} INFO - [2026-01-20T17:19:13.996+0000] {dag.py:3089} INFO - Sync 1 DAGs
[2026-01-20T17:19:14.018+0000] {logging_mixin.py:188} INFO - [2026-01-20T17:19:14.017+0000] {dag.py:3947} INFO - Setting next_dagrun for pipeline_one_off to None, run_after=None
[2026-01-20T17:19:14.122+0000] {processor.py:183} INFO - Processing /opt/airflow/dags/pipeline_one_off.py took 0.243 seconds
[2026-01-20T17:19:44.357+0000] {processor.py:161} INFO - Started process (PID=24398) to work on /opt/airflow/dags/pipeline_one_off.py
[2026-01-20T17:19:44.359+0000] {processor.py:830} INFO - Processing file /opt/airflow/dags/pipeline_one_off.py for tasks to queue
[2026-01-20T17:19:44.364+0000] {logging_mixin.py:188} INFO - [2026-01-20T17:19:44.363+0000] {dagbag.py:545} INFO - Filling up the DagBag from /opt/airflow/dags/pipeline_one_off.py
[2026-01-20T17:19:44.405+0000] {processor.py:840} INFO - DAG(s) 'pipeline_one_off' retrieved from /opt/airflow/dags/pipeline_one_off.py
[2026-01-20T17:19:44.469+0000] {logging_mixin.py:188} INFO - [2026-01-20T17:19:44.469+0000] {dag.py:3089} INFO - Sync 1 DAGs
[2026-01-20T17:19:44.495+0000] {logging_mixin.py:188} INFO - [2026-01-20T17:19:44.494+0000] {dag.py:3947} INFO - Setting next_dagrun for pipeline_one_off to None, run_after=None
[2026-01-20T17:19:44.530+0000] {processor.py:183} INFO - Processing /opt/airflow/dags/pipeline_one_off.py took 0.188 seconds
[2026-01-20T17:20:14.888+0000] {processor.py:161} INFO - Started process (PID=24408) to work on /opt/airflow/dags/pipeline_one_off.py
[2026-01-20T17:20:14.890+0000] {processor.py:830} INFO - Processing file /opt/airflow/dags/pipeline_one_off.py for tasks to queue
[2026-01-20T17:20:14.895+0000] {logging_mixin.py:188} INFO - [2026-01-20T17:20:14.894+0000] {dagbag.py:545} INFO - Filling up the DagBag from /opt/airflow/dags/pipeline_one_off.py
[2026-01-20T17:20:14.929+0000] {processor.py:840} INFO - DAG(s) 'pipeline_one_off' retrieved from /opt/airflow/dags/pipeline_one_off.py
[2026-01-20T17:20:14.993+0000] {logging_mixin.py:188} INFO - [2026-01-20T17:20:14.992+0000] {dag.py:3089} INFO - Sync 1 DAGs
[2026-01-20T17:20:15.016+0000] {logging_mixin.py:188} INFO - [2026-01-20T17:20:15.016+0000] {dag.py:3947} INFO - Setting next_dagrun for pipeline_one_off to None, run_after=None
[2026-01-20T17:20:15.047+0000] {processor.py:183} INFO - Processing /opt/airflow/dags/pipeline_one_off.py took 0.170 seconds
[2026-01-20T17:20:45.509+0000] {processor.py:161} INFO - Started process (PID=24418) to work on /opt/airflow/dags/pipeline_one_off.py
[2026-01-20T17:20:45.512+0000] {processor.py:830} INFO - Processing file /opt/airflow/dags/pipeline_one_off.py for tasks to queue
[2026-01-20T17:20:45.517+0000] {logging_mixin.py:188} INFO - [2026-01-20T17:20:45.516+0000] {dagbag.py:545} INFO - Filling up the DagBag from /opt/airflow/dags/pipeline_one_off.py
[2026-01-20T17:20:45.560+0000] {processor.py:840} INFO - DAG(s) 'pipeline_one_off' retrieved from /opt/airflow/dags/pipeline_one_off.py
[2026-01-20T17:20:45.635+0000] {logging_mixin.py:188} INFO - [2026-01-20T17:20:45.634+0000] {dag.py:3089} INFO - Sync 1 DAGs
[2026-01-20T17:20:45.659+0000] {logging_mixin.py:188} INFO - [2026-01-20T17:20:45.658+0000] {dag.py:3947} INFO - Setting next_dagrun for pipeline_one_off to None, run_after=None
[2026-01-20T17:20:45.744+0000] {processor.py:183} INFO - Processing /opt/airflow/dags/pipeline_one_off.py took 0.248 seconds
[2026-01-20T17:21:16.132+0000] {processor.py:161} INFO - Started process (PID=24428) to work on /opt/airflow/dags/pipeline_one_off.py
[2026-01-20T17:21:16.134+0000] {processor.py:830} INFO - Processing file /opt/airflow/dags/pipeline_one_off.py for tasks to queue
[2026-01-20T17:21:16.140+0000] {logging_mixin.py:188} INFO - [2026-01-20T17:21:16.139+0000] {dagbag.py:545} INFO - Filling up the DagBag from /opt/airflow/dags/pipeline_one_off.py
[2026-01-20T17:21:16.181+0000] {processor.py:840} INFO - DAG(s) 'pipeline_one_off' retrieved from /opt/airflow/dags/pipeline_one_off.py
[2026-01-20T17:21:16.255+0000] {logging_mixin.py:188} INFO - [2026-01-20T17:21:16.254+0000] {dag.py:3089} INFO - Sync 1 DAGs
[2026-01-20T17:21:16.280+0000] {logging_mixin.py:188} INFO - [2026-01-20T17:21:16.280+0000] {dag.py:3947} INFO - Setting next_dagrun for pipeline_one_off to None, run_after=None
[2026-01-20T17:21:16.320+0000] {processor.py:183} INFO - Processing /opt/airflow/dags/pipeline_one_off.py took 0.203 seconds
[2026-01-20T17:21:46.853+0000] {processor.py:161} INFO - Started process (PID=24441) to work on /opt/airflow/dags/pipeline_one_off.py
[2026-01-20T17:21:46.856+0000] {processor.py:830} INFO - Processing file /opt/airflow/dags/pipeline_one_off.py for tasks to queue
[2026-01-20T17:21:46.862+0000] {logging_mixin.py:188} INFO - [2026-01-20T17:21:46.861+0000] {dagbag.py:545} INFO - Filling up the DagBag from /opt/airflow/dags/pipeline_one_off.py
[2026-01-20T17:21:46.902+0000] {processor.py:840} INFO - DAG(s) 'pipeline_one_off' retrieved from /opt/airflow/dags/pipeline_one_off.py
[2026-01-20T17:21:46.975+0000] {logging_mixin.py:188} INFO - [2026-01-20T17:21:46.974+0000] {dag.py:3089} INFO - Sync 1 DAGs
[2026-01-20T17:21:47.000+0000] {logging_mixin.py:188} INFO - [2026-01-20T17:21:47.000+0000] {dag.py:3947} INFO - Setting next_dagrun for pipeline_one_off to None, run_after=None
[2026-01-20T17:21:47.117+0000] {processor.py:183} INFO - Processing /opt/airflow/dags/pipeline_one_off.py took 0.279 seconds
[2026-01-20T17:22:17.533+0000] {processor.py:161} INFO - Started process (PID=24451) to work on /opt/airflow/dags/pipeline_one_off.py
[2026-01-20T17:22:17.535+0000] {processor.py:830} INFO - Processing file /opt/airflow/dags/pipeline_one_off.py for tasks to queue
[2026-01-20T17:22:17.539+0000] {logging_mixin.py:188} INFO - [2026-01-20T17:22:17.538+0000] {dagbag.py:545} INFO - Filling up the DagBag from /opt/airflow/dags/pipeline_one_off.py
[2026-01-20T17:22:17.581+0000] {processor.py:840} INFO - DAG(s) 'pipeline_one_off' retrieved from /opt/airflow/dags/pipeline_one_off.py
[2026-01-20T17:22:17.651+0000] {logging_mixin.py:188} INFO - [2026-01-20T17:22:17.650+0000] {dag.py:3089} INFO - Sync 1 DAGs
[2026-01-20T17:22:17.673+0000] {logging_mixin.py:188} INFO - [2026-01-20T17:22:17.672+0000] {dag.py:3947} INFO - Setting next_dagrun for pipeline_one_off to None, run_after=None
[2026-01-20T17:22:17.719+0000] {processor.py:183} INFO - Processing /opt/airflow/dags/pipeline_one_off.py took 0.199 seconds
[2026-01-20T17:22:48.132+0000] {processor.py:161} INFO - Started process (PID=24461) to work on /opt/airflow/dags/pipeline_one_off.py
[2026-01-20T17:22:48.135+0000] {processor.py:830} INFO - Processing file /opt/airflow/dags/pipeline_one_off.py for tasks to queue
[2026-01-20T17:22:48.141+0000] {logging_mixin.py:188} INFO - [2026-01-20T17:22:48.140+0000] {dagbag.py:545} INFO - Filling up the DagBag from /opt/airflow/dags/pipeline_one_off.py
[2026-01-20T17:22:48.183+0000] {processor.py:840} INFO - DAG(s) 'pipeline_one_off' retrieved from /opt/airflow/dags/pipeline_one_off.py
[2026-01-20T17:22:48.255+0000] {logging_mixin.py:188} INFO - [2026-01-20T17:22:48.255+0000] {dag.py:3089} INFO - Sync 1 DAGs
[2026-01-20T17:22:48.283+0000] {logging_mixin.py:188} INFO - [2026-01-20T17:22:48.282+0000] {dag.py:3947} INFO - Setting next_dagrun for pipeline_one_off to None, run_after=None
[2026-01-20T17:22:48.322+0000] {processor.py:183} INFO - Processing /opt/airflow/dags/pipeline_one_off.py took 0.203 seconds
[2026-01-20T17:23:18.785+0000] {processor.py:161} INFO - Started process (PID=24471) to work on /opt/airflow/dags/pipeline_one_off.py
[2026-01-20T17:23:18.790+0000] {processor.py:830} INFO - Processing file /opt/airflow/dags/pipeline_one_off.py for tasks to queue
[2026-01-20T17:23:18.798+0000] {logging_mixin.py:188} INFO - [2026-01-20T17:23:18.797+0000] {dagbag.py:545} INFO - Filling up the DagBag from /opt/airflow/dags/pipeline_one_off.py
[2026-01-20T17:23:18.868+0000] {processor.py:840} INFO - DAG(s) 'pipeline_one_off' retrieved from /opt/airflow/dags/pipeline_one_off.py
[2026-01-20T17:23:18.960+0000] {logging_mixin.py:188} INFO - [2026-01-20T17:23:18.959+0000] {dag.py:3089} INFO - Sync 1 DAGs
[2026-01-20T17:23:18.991+0000] {logging_mixin.py:188} INFO - [2026-01-20T17:23:18.991+0000] {dag.py:3947} INFO - Setting next_dagrun for pipeline_one_off to None, run_after=None
[2026-01-20T17:23:19.097+0000] {processor.py:183} INFO - Processing /opt/airflow/dags/pipeline_one_off.py took 0.331 seconds
[2026-01-20T17:23:49.467+0000] {processor.py:161} INFO - Started process (PID=24481) to work on /opt/airflow/dags/pipeline_one_off.py
[2026-01-20T17:23:49.469+0000] {processor.py:830} INFO - Processing file /opt/airflow/dags/pipeline_one_off.py for tasks to queue
[2026-01-20T17:23:49.473+0000] {logging_mixin.py:188} INFO - [2026-01-20T17:23:49.472+0000] {dagbag.py:545} INFO - Filling up the DagBag from /opt/airflow/dags/pipeline_one_off.py
[2026-01-20T17:23:49.509+0000] {processor.py:840} INFO - DAG(s) 'pipeline_one_off' retrieved from /opt/airflow/dags/pipeline_one_off.py
[2026-01-20T17:23:49.576+0000] {logging_mixin.py:188} INFO - [2026-01-20T17:23:49.575+0000] {dag.py:3089} INFO - Sync 1 DAGs
[2026-01-20T17:23:49.599+0000] {logging_mixin.py:188} INFO - [2026-01-20T17:23:49.598+0000] {dag.py:3947} INFO - Setting next_dagrun for pipeline_one_off to None, run_after=None
[2026-01-20T17:23:49.693+0000] {processor.py:183} INFO - Processing /opt/airflow/dags/pipeline_one_off.py took 0.239 seconds
[2026-01-20T17:24:19.816+0000] {processor.py:161} INFO - Started process (PID=24491) to work on /opt/airflow/dags/pipeline_one_off.py
[2026-01-20T17:24:19.818+0000] {processor.py:830} INFO - Processing file /opt/airflow/dags/pipeline_one_off.py for tasks to queue
[2026-01-20T17:24:19.823+0000] {logging_mixin.py:188} INFO - [2026-01-20T17:24:19.822+0000] {dagbag.py:545} INFO - Filling up the DagBag from /opt/airflow/dags/pipeline_one_off.py
[2026-01-20T17:24:19.860+0000] {processor.py:840} INFO - DAG(s) 'pipeline_one_off' retrieved from /opt/airflow/dags/pipeline_one_off.py
[2026-01-20T17:24:19.927+0000] {logging_mixin.py:188} INFO - [2026-01-20T17:24:19.927+0000] {dag.py:3089} INFO - Sync 1 DAGs
[2026-01-20T17:24:19.954+0000] {logging_mixin.py:188} INFO - [2026-01-20T17:24:19.954+0000] {dag.py:3947} INFO - Setting next_dagrun for pipeline_one_off to None, run_after=None
[2026-01-20T17:24:19.990+0000] {processor.py:183} INFO - Processing /opt/airflow/dags/pipeline_one_off.py took 0.187 seconds
[2026-01-20T17:24:50.360+0000] {processor.py:161} INFO - Started process (PID=24501) to work on /opt/airflow/dags/pipeline_one_off.py
[2026-01-20T17:24:50.362+0000] {processor.py:830} INFO - Processing file /opt/airflow/dags/pipeline_one_off.py for tasks to queue
[2026-01-20T17:24:50.366+0000] {logging_mixin.py:188} INFO - [2026-01-20T17:24:50.365+0000] {dagbag.py:545} INFO - Filling up the DagBag from /opt/airflow/dags/pipeline_one_off.py
[2026-01-20T17:24:50.403+0000] {processor.py:840} INFO - DAG(s) 'pipeline_one_off' retrieved from /opt/airflow/dags/pipeline_one_off.py
[2026-01-20T17:24:50.468+0000] {logging_mixin.py:188} INFO - [2026-01-20T17:24:50.467+0000] {dag.py:3089} INFO - Sync 1 DAGs
[2026-01-20T17:24:50.490+0000] {logging_mixin.py:188} INFO - [2026-01-20T17:24:50.490+0000] {dag.py:3947} INFO - Setting next_dagrun for pipeline_one_off to None, run_after=None
[2026-01-20T17:24:50.522+0000] {processor.py:183} INFO - Processing /opt/airflow/dags/pipeline_one_off.py took 0.176 seconds
[2026-01-20T17:25:21.096+0000] {processor.py:161} INFO - Started process (PID=24511) to work on /opt/airflow/dags/pipeline_one_off.py
[2026-01-20T17:25:21.098+0000] {processor.py:830} INFO - Processing file /opt/airflow/dags/pipeline_one_off.py for tasks to queue
[2026-01-20T17:25:21.102+0000] {logging_mixin.py:188} INFO - [2026-01-20T17:25:21.102+0000] {dagbag.py:545} INFO - Filling up the DagBag from /opt/airflow/dags/pipeline_one_off.py
[2026-01-20T17:25:21.141+0000] {processor.py:840} INFO - DAG(s) 'pipeline_one_off' retrieved from /opt/airflow/dags/pipeline_one_off.py
[2026-01-20T17:25:21.213+0000] {logging_mixin.py:188} INFO - [2026-01-20T17:25:21.212+0000] {dag.py:3089} INFO - Sync 1 DAGs
[2026-01-20T17:25:21.240+0000] {logging_mixin.py:188} INFO - [2026-01-20T17:25:21.239+0000] {dag.py:3947} INFO - Setting next_dagrun for pipeline_one_off to None, run_after=None
[2026-01-20T17:25:21.352+0000] {processor.py:183} INFO - Processing /opt/airflow/dags/pipeline_one_off.py took 0.269 seconds
[2026-01-20T17:25:51.599+0000] {processor.py:161} INFO - Started process (PID=24521) to work on /opt/airflow/dags/pipeline_one_off.py
[2026-01-20T17:25:51.601+0000] {processor.py:830} INFO - Processing file /opt/airflow/dags/pipeline_one_off.py for tasks to queue
[2026-01-20T17:25:51.606+0000] {logging_mixin.py:188} INFO - [2026-01-20T17:25:51.604+0000] {dagbag.py:545} INFO - Filling up the DagBag from /opt/airflow/dags/pipeline_one_off.py
[2026-01-20T17:25:51.652+0000] {processor.py:840} INFO - DAG(s) 'pipeline_one_off' retrieved from /opt/airflow/dags/pipeline_one_off.py
[2026-01-20T17:25:51.793+0000] {logging_mixin.py:188} INFO - [2026-01-20T17:25:51.792+0000] {dag.py:3089} INFO - Sync 1 DAGs
[2026-01-20T17:25:51.818+0000] {logging_mixin.py:188} INFO - [2026-01-20T17:25:51.818+0000] {dag.py:3947} INFO - Setting next_dagrun for pipeline_one_off to None, run_after=None
[2026-01-20T17:25:51.857+0000] {processor.py:183} INFO - Processing /opt/airflow/dags/pipeline_one_off.py took 0.269 seconds
[2026-01-20T17:26:22.328+0000] {processor.py:161} INFO - Started process (PID=24531) to work on /opt/airflow/dags/pipeline_one_off.py
[2026-01-20T17:26:22.331+0000] {processor.py:830} INFO - Processing file /opt/airflow/dags/pipeline_one_off.py for tasks to queue
[2026-01-20T17:26:22.336+0000] {logging_mixin.py:188} INFO - [2026-01-20T17:26:22.335+0000] {dagbag.py:545} INFO - Filling up the DagBag from /opt/airflow/dags/pipeline_one_off.py
[2026-01-20T17:26:22.386+0000] {processor.py:840} INFO - DAG(s) 'pipeline_one_off' retrieved from /opt/airflow/dags/pipeline_one_off.py
[2026-01-20T17:26:22.501+0000] {logging_mixin.py:188} INFO - [2026-01-20T17:26:22.500+0000] {dag.py:3089} INFO - Sync 1 DAGs
[2026-01-20T17:26:22.534+0000] {logging_mixin.py:188} INFO - [2026-01-20T17:26:22.533+0000] {dag.py:3947} INFO - Setting next_dagrun for pipeline_one_off to None, run_after=None
[2026-01-20T17:26:22.643+0000] {processor.py:183} INFO - Processing /opt/airflow/dags/pipeline_one_off.py took 0.328 seconds
[2026-01-20T17:26:53.017+0000] {processor.py:161} INFO - Started process (PID=24541) to work on /opt/airflow/dags/pipeline_one_off.py
[2026-01-20T17:26:53.020+0000] {processor.py:830} INFO - Processing file /opt/airflow/dags/pipeline_one_off.py for tasks to queue
[2026-01-20T17:26:53.023+0000] {logging_mixin.py:188} INFO - [2026-01-20T17:26:53.023+0000] {dagbag.py:545} INFO - Filling up the DagBag from /opt/airflow/dags/pipeline_one_off.py
[2026-01-20T17:26:53.064+0000] {processor.py:840} INFO - DAG(s) 'pipeline_one_off' retrieved from /opt/airflow/dags/pipeline_one_off.py
[2026-01-20T17:26:53.170+0000] {logging_mixin.py:188} INFO - [2026-01-20T17:26:53.170+0000] {dag.py:3089} INFO - Sync 1 DAGs
[2026-01-20T17:26:53.192+0000] {logging_mixin.py:188} INFO - [2026-01-20T17:26:53.191+0000] {dag.py:3947} INFO - Setting next_dagrun for pipeline_one_off to None, run_after=None
[2026-01-20T17:26:53.228+0000] {processor.py:183} INFO - Processing /opt/airflow/dags/pipeline_one_off.py took 0.226 seconds
[2026-01-20T17:27:23.692+0000] {processor.py:161} INFO - Started process (PID=24551) to work on /opt/airflow/dags/pipeline_one_off.py
[2026-01-20T17:27:23.694+0000] {processor.py:830} INFO - Processing file /opt/airflow/dags/pipeline_one_off.py for tasks to queue
[2026-01-20T17:27:23.698+0000] {logging_mixin.py:188} INFO - [2026-01-20T17:27:23.697+0000] {dagbag.py:545} INFO - Filling up the DagBag from /opt/airflow/dags/pipeline_one_off.py
[2026-01-20T17:27:23.737+0000] {processor.py:840} INFO - DAG(s) 'pipeline_one_off' retrieved from /opt/airflow/dags/pipeline_one_off.py
[2026-01-20T17:27:23.808+0000] {logging_mixin.py:188} INFO - [2026-01-20T17:27:23.808+0000] {dag.py:3089} INFO - Sync 1 DAGs
[2026-01-20T17:27:23.833+0000] {logging_mixin.py:188} INFO - [2026-01-20T17:27:23.832+0000] {dag.py:3947} INFO - Setting next_dagrun for pipeline_one_off to None, run_after=None
[2026-01-20T17:27:23.937+0000] {processor.py:183} INFO - Processing /opt/airflow/dags/pipeline_one_off.py took 0.257 seconds
[2026-01-20T17:27:54.054+0000] {processor.py:161} INFO - Started process (PID=24561) to work on /opt/airflow/dags/pipeline_one_off.py
[2026-01-20T17:27:54.056+0000] {processor.py:830} INFO - Processing file /opt/airflow/dags/pipeline_one_off.py for tasks to queue
[2026-01-20T17:27:54.060+0000] {logging_mixin.py:188} INFO - [2026-01-20T17:27:54.059+0000] {dagbag.py:545} INFO - Filling up the DagBag from /opt/airflow/dags/pipeline_one_off.py
[2026-01-20T17:27:54.096+0000] {processor.py:840} INFO - DAG(s) 'pipeline_one_off' retrieved from /opt/airflow/dags/pipeline_one_off.py
[2026-01-20T17:27:54.161+0000] {logging_mixin.py:188} INFO - [2026-01-20T17:27:54.161+0000] {dag.py:3089} INFO - Sync 1 DAGs
[2026-01-20T17:27:54.184+0000] {logging_mixin.py:188} INFO - [2026-01-20T17:27:54.184+0000] {dag.py:3947} INFO - Setting next_dagrun for pipeline_one_off to None, run_after=None
[2026-01-20T17:27:54.292+0000] {processor.py:183} INFO - Processing /opt/airflow/dags/pipeline_one_off.py took 0.249 seconds
[2026-01-20T17:28:24.598+0000] {processor.py:161} INFO - Started process (PID=24571) to work on /opt/airflow/dags/pipeline_one_off.py
[2026-01-20T17:28:24.600+0000] {processor.py:830} INFO - Processing file /opt/airflow/dags/pipeline_one_off.py for tasks to queue
[2026-01-20T17:28:24.604+0000] {logging_mixin.py:188} INFO - [2026-01-20T17:28:24.603+0000] {dagbag.py:545} INFO - Filling up the DagBag from /opt/airflow/dags/pipeline_one_off.py
[2026-01-20T17:28:24.639+0000] {processor.py:840} INFO - DAG(s) 'pipeline_one_off' retrieved from /opt/airflow/dags/pipeline_one_off.py
[2026-01-20T17:28:24.728+0000] {logging_mixin.py:188} INFO - [2026-01-20T17:28:24.727+0000] {dag.py:3089} INFO - Sync 1 DAGs
[2026-01-20T17:28:24.757+0000] {logging_mixin.py:188} INFO - [2026-01-20T17:28:24.757+0000] {dag.py:3947} INFO - Setting next_dagrun for pipeline_one_off to None, run_after=None
[2026-01-20T17:28:24.800+0000] {processor.py:183} INFO - Processing /opt/airflow/dags/pipeline_one_off.py took 0.217 seconds
[2026-01-20T17:28:55.313+0000] {processor.py:161} INFO - Started process (PID=24581) to work on /opt/airflow/dags/pipeline_one_off.py
[2026-01-20T17:28:55.315+0000] {processor.py:830} INFO - Processing file /opt/airflow/dags/pipeline_one_off.py for tasks to queue
[2026-01-20T17:28:55.319+0000] {logging_mixin.py:188} INFO - [2026-01-20T17:28:55.319+0000] {dagbag.py:545} INFO - Filling up the DagBag from /opt/airflow/dags/pipeline_one_off.py
[2026-01-20T17:28:55.364+0000] {processor.py:840} INFO - DAG(s) 'pipeline_one_off' retrieved from /opt/airflow/dags/pipeline_one_off.py
[2026-01-20T17:28:55.444+0000] {logging_mixin.py:188} INFO - [2026-01-20T17:28:55.444+0000] {dag.py:3089} INFO - Sync 1 DAGs
[2026-01-20T17:28:55.472+0000] {logging_mixin.py:188} INFO - [2026-01-20T17:28:55.472+0000] {dag.py:3947} INFO - Setting next_dagrun for pipeline_one_off to None, run_after=None
[2026-01-20T17:28:55.578+0000] {processor.py:183} INFO - Processing /opt/airflow/dags/pipeline_one_off.py took 0.278 seconds
[2026-01-20T17:29:25.750+0000] {processor.py:161} INFO - Started process (PID=24591) to work on /opt/airflow/dags/pipeline_one_off.py
[2026-01-20T17:29:25.752+0000] {processor.py:830} INFO - Processing file /opt/airflow/dags/pipeline_one_off.py for tasks to queue
[2026-01-20T17:29:25.757+0000] {logging_mixin.py:188} INFO - [2026-01-20T17:29:25.756+0000] {dagbag.py:545} INFO - Filling up the DagBag from /opt/airflow/dags/pipeline_one_off.py
[2026-01-20T17:29:25.794+0000] {processor.py:840} INFO - DAG(s) 'pipeline_one_off' retrieved from /opt/airflow/dags/pipeline_one_off.py
[2026-01-20T17:29:25.862+0000] {logging_mixin.py:188} INFO - [2026-01-20T17:29:25.861+0000] {dag.py:3089} INFO - Sync 1 DAGs
[2026-01-20T17:29:25.884+0000] {logging_mixin.py:188} INFO - [2026-01-20T17:29:25.884+0000] {dag.py:3947} INFO - Setting next_dagrun for pipeline_one_off to None, run_after=None
[2026-01-20T17:29:25.987+0000] {processor.py:183} INFO - Processing /opt/airflow/dags/pipeline_one_off.py took 0.250 seconds
[2026-01-20T17:29:56.251+0000] {processor.py:161} INFO - Started process (PID=24601) to work on /opt/airflow/dags/pipeline_one_off.py
[2026-01-20T17:29:56.253+0000] {processor.py:830} INFO - Processing file /opt/airflow/dags/pipeline_one_off.py for tasks to queue
[2026-01-20T17:29:56.257+0000] {logging_mixin.py:188} INFO - [2026-01-20T17:29:56.256+0000] {dagbag.py:545} INFO - Filling up the DagBag from /opt/airflow/dags/pipeline_one_off.py
[2026-01-20T17:29:56.298+0000] {processor.py:840} INFO - DAG(s) 'pipeline_one_off' retrieved from /opt/airflow/dags/pipeline_one_off.py
[2026-01-20T17:29:56.379+0000] {logging_mixin.py:188} INFO - [2026-01-20T17:29:56.379+0000] {dag.py:3089} INFO - Sync 1 DAGs
[2026-01-20T17:29:56.405+0000] {logging_mixin.py:188} INFO - [2026-01-20T17:29:56.405+0000] {dag.py:3947} INFO - Setting next_dagrun for pipeline_one_off to None, run_after=None
[2026-01-20T17:29:56.514+0000] {processor.py:183} INFO - Processing /opt/airflow/dags/pipeline_one_off.py took 0.275 seconds
[2026-01-20T17:30:26.704+0000] {processor.py:161} INFO - Started process (PID=24611) to work on /opt/airflow/dags/pipeline_one_off.py
[2026-01-20T17:30:26.706+0000] {processor.py:830} INFO - Processing file /opt/airflow/dags/pipeline_one_off.py for tasks to queue
[2026-01-20T17:30:26.710+0000] {logging_mixin.py:188} INFO - [2026-01-20T17:30:26.710+0000] {dagbag.py:545} INFO - Filling up the DagBag from /opt/airflow/dags/pipeline_one_off.py
[2026-01-20T17:30:26.750+0000] {processor.py:840} INFO - DAG(s) 'pipeline_one_off' retrieved from /opt/airflow/dags/pipeline_one_off.py
[2026-01-20T17:30:26.814+0000] {logging_mixin.py:188} INFO - [2026-01-20T17:30:26.814+0000] {dag.py:3089} INFO - Sync 1 DAGs
[2026-01-20T17:30:26.839+0000] {logging_mixin.py:188} INFO - [2026-01-20T17:30:26.838+0000] {dag.py:3947} INFO - Setting next_dagrun for pipeline_one_off to None, run_after=None
[2026-01-20T17:30:26.945+0000] {processor.py:183} INFO - Processing /opt/airflow/dags/pipeline_one_off.py took 0.255 seconds
[2026-01-20T17:30:57.189+0000] {processor.py:161} INFO - Started process (PID=24621) to work on /opt/airflow/dags/pipeline_one_off.py
[2026-01-20T17:30:57.192+0000] {processor.py:830} INFO - Processing file /opt/airflow/dags/pipeline_one_off.py for tasks to queue
[2026-01-20T17:30:57.196+0000] {logging_mixin.py:188} INFO - [2026-01-20T17:30:57.195+0000] {dagbag.py:545} INFO - Filling up the DagBag from /opt/airflow/dags/pipeline_one_off.py
[2026-01-20T17:30:57.238+0000] {processor.py:840} INFO - DAG(s) 'pipeline_one_off' retrieved from /opt/airflow/dags/pipeline_one_off.py
[2026-01-20T17:30:57.374+0000] {logging_mixin.py:188} INFO - [2026-01-20T17:30:57.373+0000] {dag.py:3089} INFO - Sync 1 DAGs
[2026-01-20T17:30:57.396+0000] {logging_mixin.py:188} INFO - [2026-01-20T17:30:57.395+0000] {dag.py:3947} INFO - Setting next_dagrun for pipeline_one_off to None, run_after=None
[2026-01-20T17:30:57.439+0000] {processor.py:183} INFO - Processing /opt/airflow/dags/pipeline_one_off.py took 0.263 seconds
[2026-01-20T17:31:27.720+0000] {processor.py:161} INFO - Started process (PID=24631) to work on /opt/airflow/dags/pipeline_one_off.py
[2026-01-20T17:31:27.724+0000] {processor.py:830} INFO - Processing file /opt/airflow/dags/pipeline_one_off.py for tasks to queue
[2026-01-20T17:31:27.728+0000] {logging_mixin.py:188} INFO - [2026-01-20T17:31:27.727+0000] {dagbag.py:545} INFO - Filling up the DagBag from /opt/airflow/dags/pipeline_one_off.py
[2026-01-20T17:31:27.776+0000] {processor.py:840} INFO - DAG(s) 'pipeline_one_off' retrieved from /opt/airflow/dags/pipeline_one_off.py
[2026-01-20T17:31:27.854+0000] {logging_mixin.py:188} INFO - [2026-01-20T17:31:27.854+0000] {dag.py:3089} INFO - Sync 1 DAGs
[2026-01-20T17:31:27.881+0000] {logging_mixin.py:188} INFO - [2026-01-20T17:31:27.881+0000] {dag.py:3947} INFO - Setting next_dagrun for pipeline_one_off to None, run_after=None
[2026-01-20T17:31:27.928+0000] {processor.py:183} INFO - Processing /opt/airflow/dags/pipeline_one_off.py took 0.221 seconds
[2026-01-20T17:31:58.317+0000] {processor.py:161} INFO - Started process (PID=24644) to work on /opt/airflow/dags/pipeline_one_off.py
[2026-01-20T17:31:58.319+0000] {processor.py:830} INFO - Processing file /opt/airflow/dags/pipeline_one_off.py for tasks to queue
[2026-01-20T17:31:58.323+0000] {logging_mixin.py:188} INFO - [2026-01-20T17:31:58.323+0000] {dagbag.py:545} INFO - Filling up the DagBag from /opt/airflow/dags/pipeline_one_off.py
[2026-01-20T17:31:58.365+0000] {processor.py:840} INFO - DAG(s) 'pipeline_one_off' retrieved from /opt/airflow/dags/pipeline_one_off.py
[2026-01-20T17:31:58.441+0000] {logging_mixin.py:188} INFO - [2026-01-20T17:31:58.441+0000] {dag.py:3089} INFO - Sync 1 DAGs
[2026-01-20T17:31:58.469+0000] {logging_mixin.py:188} INFO - [2026-01-20T17:31:58.468+0000] {dag.py:3947} INFO - Setting next_dagrun for pipeline_one_off to None, run_after=None
[2026-01-20T17:31:58.508+0000] {processor.py:183} INFO - Processing /opt/airflow/dags/pipeline_one_off.py took 0.207 seconds
[2026-01-20T17:32:28.897+0000] {processor.py:161} INFO - Started process (PID=24654) to work on /opt/airflow/dags/pipeline_one_off.py
[2026-01-20T17:32:28.899+0000] {processor.py:830} INFO - Processing file /opt/airflow/dags/pipeline_one_off.py for tasks to queue
[2026-01-20T17:32:28.902+0000] {logging_mixin.py:188} INFO - [2026-01-20T17:32:28.902+0000] {dagbag.py:545} INFO - Filling up the DagBag from /opt/airflow/dags/pipeline_one_off.py
[2026-01-20T17:32:28.946+0000] {processor.py:840} INFO - DAG(s) 'pipeline_one_off' retrieved from /opt/airflow/dags/pipeline_one_off.py
[2026-01-20T17:32:29.014+0000] {logging_mixin.py:188} INFO - [2026-01-20T17:32:29.013+0000] {dag.py:3089} INFO - Sync 1 DAGs
[2026-01-20T17:32:29.036+0000] {logging_mixin.py:188} INFO - [2026-01-20T17:32:29.036+0000] {dag.py:3947} INFO - Setting next_dagrun for pipeline_one_off to None, run_after=None
[2026-01-20T17:32:29.141+0000] {processor.py:183} INFO - Processing /opt/airflow/dags/pipeline_one_off.py took 0.257 seconds
[2026-01-20T17:32:59.475+0000] {processor.py:161} INFO - Started process (PID=24664) to work on /opt/airflow/dags/pipeline_one_off.py
[2026-01-20T17:32:59.477+0000] {processor.py:830} INFO - Processing file /opt/airflow/dags/pipeline_one_off.py for tasks to queue
[2026-01-20T17:32:59.483+0000] {logging_mixin.py:188} INFO - [2026-01-20T17:32:59.482+0000] {dagbag.py:545} INFO - Filling up the DagBag from /opt/airflow/dags/pipeline_one_off.py
[2026-01-20T17:32:59.523+0000] {processor.py:840} INFO - DAG(s) 'pipeline_one_off' retrieved from /opt/airflow/dags/pipeline_one_off.py
[2026-01-20T17:32:59.598+0000] {logging_mixin.py:188} INFO - [2026-01-20T17:32:59.597+0000] {dag.py:3089} INFO - Sync 1 DAGs
[2026-01-20T17:32:59.623+0000] {logging_mixin.py:188} INFO - [2026-01-20T17:32:59.622+0000] {dag.py:3947} INFO - Setting next_dagrun for pipeline_one_off to None, run_after=None
[2026-01-20T17:32:59.731+0000] {processor.py:183} INFO - Processing /opt/airflow/dags/pipeline_one_off.py took 0.269 seconds
[2026-01-20T17:33:29.888+0000] {processor.py:161} INFO - Started process (PID=24674) to work on /opt/airflow/dags/pipeline_one_off.py
[2026-01-20T17:33:29.890+0000] {processor.py:830} INFO - Processing file /opt/airflow/dags/pipeline_one_off.py for tasks to queue
[2026-01-20T17:33:29.895+0000] {logging_mixin.py:188} INFO - [2026-01-20T17:33:29.894+0000] {dagbag.py:545} INFO - Filling up the DagBag from /opt/airflow/dags/pipeline_one_off.py
[2026-01-20T17:33:29.936+0000] {processor.py:840} INFO - DAG(s) 'pipeline_one_off' retrieved from /opt/airflow/dags/pipeline_one_off.py
[2026-01-20T17:33:30.011+0000] {logging_mixin.py:188} INFO - [2026-01-20T17:33:30.010+0000] {dag.py:3089} INFO - Sync 1 DAGs
[2026-01-20T17:33:30.036+0000] {logging_mixin.py:188} INFO - [2026-01-20T17:33:30.036+0000] {dag.py:3947} INFO - Setting next_dagrun for pipeline_one_off to None, run_after=None
[2026-01-20T17:33:30.072+0000] {processor.py:183} INFO - Processing /opt/airflow/dags/pipeline_one_off.py took 0.196 seconds
[2026-01-20T17:34:00.464+0000] {processor.py:161} INFO - Started process (PID=24684) to work on /opt/airflow/dags/pipeline_one_off.py
[2026-01-20T17:34:00.466+0000] {processor.py:830} INFO - Processing file /opt/airflow/dags/pipeline_one_off.py for tasks to queue
[2026-01-20T17:34:00.470+0000] {logging_mixin.py:188} INFO - [2026-01-20T17:34:00.469+0000] {dagbag.py:545} INFO - Filling up the DagBag from /opt/airflow/dags/pipeline_one_off.py
[2026-01-20T17:34:00.508+0000] {processor.py:840} INFO - DAG(s) 'pipeline_one_off' retrieved from /opt/airflow/dags/pipeline_one_off.py
[2026-01-20T17:34:00.574+0000] {logging_mixin.py:188} INFO - [2026-01-20T17:34:00.574+0000] {dag.py:3089} INFO - Sync 1 DAGs
[2026-01-20T17:34:00.604+0000] {logging_mixin.py:188} INFO - [2026-01-20T17:34:00.603+0000] {dag.py:3947} INFO - Setting next_dagrun for pipeline_one_off to None, run_after=None
[2026-01-20T17:34:00.640+0000] {processor.py:183} INFO - Processing /opt/airflow/dags/pipeline_one_off.py took 0.187 seconds
[2026-01-20T17:34:31.121+0000] {processor.py:161} INFO - Started process (PID=24694) to work on /opt/airflow/dags/pipeline_one_off.py
[2026-01-20T17:34:31.124+0000] {processor.py:830} INFO - Processing file /opt/airflow/dags/pipeline_one_off.py for tasks to queue
[2026-01-20T17:34:31.129+0000] {logging_mixin.py:188} INFO - [2026-01-20T17:34:31.129+0000] {dagbag.py:545} INFO - Filling up the DagBag from /opt/airflow/dags/pipeline_one_off.py
[2026-01-20T17:34:31.166+0000] {processor.py:840} INFO - DAG(s) 'pipeline_one_off' retrieved from /opt/airflow/dags/pipeline_one_off.py
[2026-01-20T17:34:31.235+0000] {logging_mixin.py:188} INFO - [2026-01-20T17:34:31.235+0000] {dag.py:3089} INFO - Sync 1 DAGs
[2026-01-20T17:34:31.259+0000] {logging_mixin.py:188} INFO - [2026-01-20T17:34:31.258+0000] {dag.py:3947} INFO - Setting next_dagrun for pipeline_one_off to None, run_after=None
[2026-01-20T17:34:31.295+0000] {processor.py:183} INFO - Processing /opt/airflow/dags/pipeline_one_off.py took 0.186 seconds
[2026-01-20T17:35:01.759+0000] {processor.py:161} INFO - Started process (PID=24704) to work on /opt/airflow/dags/pipeline_one_off.py
[2026-01-20T17:35:01.763+0000] {processor.py:830} INFO - Processing file /opt/airflow/dags/pipeline_one_off.py for tasks to queue
[2026-01-20T17:35:01.768+0000] {logging_mixin.py:188} INFO - [2026-01-20T17:35:01.767+0000] {dagbag.py:545} INFO - Filling up the DagBag from /opt/airflow/dags/pipeline_one_off.py
[2026-01-20T17:35:01.818+0000] {processor.py:840} INFO - DAG(s) 'pipeline_one_off' retrieved from /opt/airflow/dags/pipeline_one_off.py
[2026-01-20T17:35:01.901+0000] {logging_mixin.py:188} INFO - [2026-01-20T17:35:01.901+0000] {dag.py:3089} INFO - Sync 1 DAGs
[2026-01-20T17:35:01.925+0000] {logging_mixin.py:188} INFO - [2026-01-20T17:35:01.925+0000] {dag.py:3947} INFO - Setting next_dagrun for pipeline_one_off to None, run_after=None
[2026-01-20T17:35:01.961+0000] {processor.py:183} INFO - Processing /opt/airflow/dags/pipeline_one_off.py took 0.277 seconds
[2026-01-20T17:35:32.402+0000] {processor.py:161} INFO - Started process (PID=24714) to work on /opt/airflow/dags/pipeline_one_off.py
[2026-01-20T17:35:32.405+0000] {processor.py:830} INFO - Processing file /opt/airflow/dags/pipeline_one_off.py for tasks to queue
[2026-01-20T17:35:32.409+0000] {logging_mixin.py:188} INFO - [2026-01-20T17:35:32.409+0000] {dagbag.py:545} INFO - Filling up the DagBag from /opt/airflow/dags/pipeline_one_off.py
[2026-01-20T17:35:32.450+0000] {processor.py:840} INFO - DAG(s) 'pipeline_one_off' retrieved from /opt/airflow/dags/pipeline_one_off.py
[2026-01-20T17:35:32.521+0000] {logging_mixin.py:188} INFO - [2026-01-20T17:35:32.520+0000] {dag.py:3089} INFO - Sync 1 DAGs
[2026-01-20T17:35:32.552+0000] {logging_mixin.py:188} INFO - [2026-01-20T17:35:32.552+0000] {dag.py:3947} INFO - Setting next_dagrun for pipeline_one_off to None, run_after=None
[2026-01-20T17:35:32.661+0000] {processor.py:183} INFO - Processing /opt/airflow/dags/pipeline_one_off.py took 0.274 seconds
[2026-01-20T17:36:02.809+0000] {processor.py:161} INFO - Started process (PID=24724) to work on /opt/airflow/dags/pipeline_one_off.py
[2026-01-20T17:36:02.812+0000] {processor.py:830} INFO - Processing file /opt/airflow/dags/pipeline_one_off.py for tasks to queue
[2026-01-20T17:36:02.815+0000] {logging_mixin.py:188} INFO - [2026-01-20T17:36:02.815+0000] {dagbag.py:545} INFO - Filling up the DagBag from /opt/airflow/dags/pipeline_one_off.py
[2026-01-20T17:36:02.852+0000] {processor.py:840} INFO - DAG(s) 'pipeline_one_off' retrieved from /opt/airflow/dags/pipeline_one_off.py
[2026-01-20T17:36:02.925+0000] {logging_mixin.py:188} INFO - [2026-01-20T17:36:02.925+0000] {dag.py:3089} INFO - Sync 1 DAGs
[2026-01-20T17:36:02.953+0000] {logging_mixin.py:188} INFO - [2026-01-20T17:36:02.953+0000] {dag.py:3947} INFO - Setting next_dagrun for pipeline_one_off to None, run_after=None
[2026-01-20T17:36:02.989+0000] {processor.py:183} INFO - Processing /opt/airflow/dags/pipeline_one_off.py took 0.191 seconds
[2026-01-20T17:36:33.533+0000] {processor.py:161} INFO - Started process (PID=24734) to work on /opt/airflow/dags/pipeline_one_off.py
[2026-01-20T17:36:33.535+0000] {processor.py:830} INFO - Processing file /opt/airflow/dags/pipeline_one_off.py for tasks to queue
[2026-01-20T17:36:33.539+0000] {logging_mixin.py:188} INFO - [2026-01-20T17:36:33.538+0000] {dagbag.py:545} INFO - Filling up the DagBag from /opt/airflow/dags/pipeline_one_off.py
[2026-01-20T17:36:33.576+0000] {processor.py:840} INFO - DAG(s) 'pipeline_one_off' retrieved from /opt/airflow/dags/pipeline_one_off.py
[2026-01-20T17:36:33.648+0000] {logging_mixin.py:188} INFO - [2026-01-20T17:36:33.647+0000] {dag.py:3089} INFO - Sync 1 DAGs
[2026-01-20T17:36:33.675+0000] {logging_mixin.py:188} INFO - [2026-01-20T17:36:33.675+0000] {dag.py:3947} INFO - Setting next_dagrun for pipeline_one_off to None, run_after=None
[2026-01-20T17:36:33.724+0000] {processor.py:183} INFO - Processing /opt/airflow/dags/pipeline_one_off.py took 0.206 seconds
[2026-01-20T17:37:04.128+0000] {processor.py:161} INFO - Started process (PID=24744) to work on /opt/airflow/dags/pipeline_one_off.py
[2026-01-20T17:37:04.131+0000] {processor.py:830} INFO - Processing file /opt/airflow/dags/pipeline_one_off.py for tasks to queue
[2026-01-20T17:37:04.137+0000] {logging_mixin.py:188} INFO - [2026-01-20T17:37:04.136+0000] {dagbag.py:545} INFO - Filling up the DagBag from /opt/airflow/dags/pipeline_one_off.py
[2026-01-20T17:37:04.173+0000] {processor.py:840} INFO - DAG(s) 'pipeline_one_off' retrieved from /opt/airflow/dags/pipeline_one_off.py
[2026-01-20T17:37:04.239+0000] {logging_mixin.py:188} INFO - [2026-01-20T17:37:04.239+0000] {dag.py:3089} INFO - Sync 1 DAGs
[2026-01-20T17:37:04.262+0000] {logging_mixin.py:188} INFO - [2026-01-20T17:37:04.262+0000] {dag.py:3947} INFO - Setting next_dagrun for pipeline_one_off to None, run_after=None
[2026-01-20T17:37:04.367+0000] {processor.py:183} INFO - Processing /opt/airflow/dags/pipeline_one_off.py took 0.252 seconds
[2026-01-20T17:37:34.492+0000] {processor.py:161} INFO - Started process (PID=24754) to work on /opt/airflow/dags/pipeline_one_off.py
[2026-01-20T17:37:34.494+0000] {processor.py:830} INFO - Processing file /opt/airflow/dags/pipeline_one_off.py for tasks to queue
[2026-01-20T17:37:34.498+0000] {logging_mixin.py:188} INFO - [2026-01-20T17:37:34.497+0000] {dagbag.py:545} INFO - Filling up the DagBag from /opt/airflow/dags/pipeline_one_off.py
[2026-01-20T17:37:34.534+0000] {processor.py:840} INFO - DAG(s) 'pipeline_one_off' retrieved from /opt/airflow/dags/pipeline_one_off.py
[2026-01-20T17:37:34.599+0000] {logging_mixin.py:188} INFO - [2026-01-20T17:37:34.599+0000] {dag.py:3089} INFO - Sync 1 DAGs
[2026-01-20T17:37:34.624+0000] {logging_mixin.py:188} INFO - [2026-01-20T17:37:34.623+0000] {dag.py:3947} INFO - Setting next_dagrun for pipeline_one_off to None, run_after=None
[2026-01-20T17:37:34.733+0000] {processor.py:183} INFO - Processing /opt/airflow/dags/pipeline_one_off.py took 0.253 seconds
[2026-01-20T17:38:05.054+0000] {processor.py:161} INFO - Started process (PID=24764) to work on /opt/airflow/dags/pipeline_one_off.py
[2026-01-20T17:38:05.056+0000] {processor.py:830} INFO - Processing file /opt/airflow/dags/pipeline_one_off.py for tasks to queue
[2026-01-20T17:38:05.061+0000] {logging_mixin.py:188} INFO - [2026-01-20T17:38:05.060+0000] {dagbag.py:545} INFO - Filling up the DagBag from /opt/airflow/dags/pipeline_one_off.py
[2026-01-20T17:38:05.127+0000] {processor.py:840} INFO - DAG(s) 'pipeline_one_off' retrieved from /opt/airflow/dags/pipeline_one_off.py
[2026-01-20T17:38:05.199+0000] {logging_mixin.py:188} INFO - [2026-01-20T17:38:05.199+0000] {dag.py:3089} INFO - Sync 1 DAGs
[2026-01-20T17:38:05.221+0000] {logging_mixin.py:188} INFO - [2026-01-20T17:38:05.220+0000] {dag.py:3947} INFO - Setting next_dagrun for pipeline_one_off to None, run_after=None
[2026-01-20T17:38:05.258+0000] {processor.py:183} INFO - Processing /opt/airflow/dags/pipeline_one_off.py took 0.216 seconds
[2026-01-20T17:38:35.687+0000] {processor.py:161} INFO - Started process (PID=24774) to work on /opt/airflow/dags/pipeline_one_off.py
[2026-01-20T17:38:35.690+0000] {processor.py:830} INFO - Processing file /opt/airflow/dags/pipeline_one_off.py for tasks to queue
[2026-01-20T17:38:35.696+0000] {logging_mixin.py:188} INFO - [2026-01-20T17:38:35.695+0000] {dagbag.py:545} INFO - Filling up the DagBag from /opt/airflow/dags/pipeline_one_off.py
[2026-01-20T17:38:35.740+0000] {processor.py:840} INFO - DAG(s) 'pipeline_one_off' retrieved from /opt/airflow/dags/pipeline_one_off.py
[2026-01-20T17:38:35.819+0000] {logging_mixin.py:188} INFO - [2026-01-20T17:38:35.818+0000] {dag.py:3089} INFO - Sync 1 DAGs
[2026-01-20T17:38:35.846+0000] {logging_mixin.py:188} INFO - [2026-01-20T17:38:35.846+0000] {dag.py:3947} INFO - Setting next_dagrun for pipeline_one_off to None, run_after=None
[2026-01-20T17:38:35.890+0000] {processor.py:183} INFO - Processing /opt/airflow/dags/pipeline_one_off.py took 0.217 seconds
[2026-01-20T17:39:06.277+0000] {processor.py:161} INFO - Started process (PID=24784) to work on /opt/airflow/dags/pipeline_one_off.py
[2026-01-20T17:39:06.279+0000] {processor.py:830} INFO - Processing file /opt/airflow/dags/pipeline_one_off.py for tasks to queue
[2026-01-20T17:39:06.283+0000] {logging_mixin.py:188} INFO - [2026-01-20T17:39:06.282+0000] {dagbag.py:545} INFO - Filling up the DagBag from /opt/airflow/dags/pipeline_one_off.py
[2026-01-20T17:39:06.330+0000] {processor.py:840} INFO - DAG(s) 'pipeline_one_off' retrieved from /opt/airflow/dags/pipeline_one_off.py
[2026-01-20T17:39:06.409+0000] {logging_mixin.py:188} INFO - [2026-01-20T17:39:06.408+0000] {dag.py:3089} INFO - Sync 1 DAGs
[2026-01-20T17:39:06.431+0000] {logging_mixin.py:188} INFO - [2026-01-20T17:39:06.430+0000] {dag.py:3947} INFO - Setting next_dagrun for pipeline_one_off to None, run_after=None
[2026-01-20T17:39:06.467+0000] {processor.py:183} INFO - Processing /opt/airflow/dags/pipeline_one_off.py took 0.205 seconds
[2026-01-20T17:39:36.872+0000] {processor.py:161} INFO - Started process (PID=24794) to work on /opt/airflow/dags/pipeline_one_off.py
[2026-01-20T17:39:36.875+0000] {processor.py:830} INFO - Processing file /opt/airflow/dags/pipeline_one_off.py for tasks to queue
[2026-01-20T17:39:36.879+0000] {logging_mixin.py:188} INFO - [2026-01-20T17:39:36.879+0000] {dagbag.py:545} INFO - Filling up the DagBag from /opt/airflow/dags/pipeline_one_off.py
[2026-01-20T17:39:36.922+0000] {processor.py:840} INFO - DAG(s) 'pipeline_one_off' retrieved from /opt/airflow/dags/pipeline_one_off.py
[2026-01-20T17:39:37.005+0000] {logging_mixin.py:188} INFO - [2026-01-20T17:39:37.005+0000] {dag.py:3089} INFO - Sync 1 DAGs
[2026-01-20T17:39:37.033+0000] {logging_mixin.py:188} INFO - [2026-01-20T17:39:37.033+0000] {dag.py:3947} INFO - Setting next_dagrun for pipeline_one_off to None, run_after=None
[2026-01-20T17:39:37.149+0000] {processor.py:183} INFO - Processing /opt/airflow/dags/pipeline_one_off.py took 0.292 seconds
[2026-01-20T17:40:07.553+0000] {processor.py:161} INFO - Started process (PID=24804) to work on /opt/airflow/dags/pipeline_one_off.py
[2026-01-20T17:40:07.555+0000] {processor.py:830} INFO - Processing file /opt/airflow/dags/pipeline_one_off.py for tasks to queue
[2026-01-20T17:40:07.560+0000] {logging_mixin.py:188} INFO - [2026-01-20T17:40:07.559+0000] {dagbag.py:545} INFO - Filling up the DagBag from /opt/airflow/dags/pipeline_one_off.py
[2026-01-20T17:40:07.616+0000] {processor.py:840} INFO - DAG(s) 'pipeline_one_off' retrieved from /opt/airflow/dags/pipeline_one_off.py
[2026-01-20T17:40:07.701+0000] {logging_mixin.py:188} INFO - [2026-01-20T17:40:07.701+0000] {dag.py:3089} INFO - Sync 1 DAGs
[2026-01-20T17:40:07.727+0000] {logging_mixin.py:188} INFO - [2026-01-20T17:40:07.726+0000] {dag.py:3947} INFO - Setting next_dagrun for pipeline_one_off to None, run_after=None
[2026-01-20T17:40:07.760+0000] {processor.py:183} INFO - Processing /opt/airflow/dags/pipeline_one_off.py took 0.225 seconds
[2026-01-20T17:40:38.259+0000] {processor.py:161} INFO - Started process (PID=24814) to work on /opt/airflow/dags/pipeline_one_off.py
[2026-01-20T17:40:38.262+0000] {processor.py:830} INFO - Processing file /opt/airflow/dags/pipeline_one_off.py for tasks to queue
[2026-01-20T17:40:38.267+0000] {logging_mixin.py:188} INFO - [2026-01-20T17:40:38.266+0000] {dagbag.py:545} INFO - Filling up the DagBag from /opt/airflow/dags/pipeline_one_off.py
[2026-01-20T17:40:38.308+0000] {processor.py:840} INFO - DAG(s) 'pipeline_one_off' retrieved from /opt/airflow/dags/pipeline_one_off.py
[2026-01-20T17:40:38.379+0000] {logging_mixin.py:188} INFO - [2026-01-20T17:40:38.378+0000] {dag.py:3089} INFO - Sync 1 DAGs
[2026-01-20T17:40:38.407+0000] {logging_mixin.py:188} INFO - [2026-01-20T17:40:38.407+0000] {dag.py:3947} INFO - Setting next_dagrun for pipeline_one_off to None, run_after=None
[2026-01-20T17:40:38.446+0000] {processor.py:183} INFO - Processing /opt/airflow/dags/pipeline_one_off.py took 0.201 seconds
[2026-01-20T17:41:08.864+0000] {processor.py:161} INFO - Started process (PID=24824) to work on /opt/airflow/dags/pipeline_one_off.py
[2026-01-20T17:41:08.867+0000] {processor.py:830} INFO - Processing file /opt/airflow/dags/pipeline_one_off.py for tasks to queue
[2026-01-20T17:41:08.873+0000] {logging_mixin.py:188} INFO - [2026-01-20T17:41:08.872+0000] {dagbag.py:545} INFO - Filling up the DagBag from /opt/airflow/dags/pipeline_one_off.py
[2026-01-20T17:41:08.921+0000] {processor.py:840} INFO - DAG(s) 'pipeline_one_off' retrieved from /opt/airflow/dags/pipeline_one_off.py
[2026-01-20T17:41:09.006+0000] {logging_mixin.py:188} INFO - [2026-01-20T17:41:09.006+0000] {dag.py:3089} INFO - Sync 1 DAGs
[2026-01-20T17:41:09.031+0000] {logging_mixin.py:188} INFO - [2026-01-20T17:41:09.030+0000] {dag.py:3947} INFO - Setting next_dagrun for pipeline_one_off to None, run_after=None
[2026-01-20T17:41:09.069+0000] {processor.py:183} INFO - Processing /opt/airflow/dags/pipeline_one_off.py took 0.222 seconds
[2026-01-20T17:41:39.573+0000] {processor.py:161} INFO - Started process (PID=24834) to work on /opt/airflow/dags/pipeline_one_off.py
[2026-01-20T17:41:39.575+0000] {processor.py:830} INFO - Processing file /opt/airflow/dags/pipeline_one_off.py for tasks to queue
[2026-01-20T17:41:39.580+0000] {logging_mixin.py:188} INFO - [2026-01-20T17:41:39.579+0000] {dagbag.py:545} INFO - Filling up the DagBag from /opt/airflow/dags/pipeline_one_off.py
[2026-01-20T17:41:39.617+0000] {processor.py:840} INFO - DAG(s) 'pipeline_one_off' retrieved from /opt/airflow/dags/pipeline_one_off.py
[2026-01-20T17:41:39.680+0000] {logging_mixin.py:188} INFO - [2026-01-20T17:41:39.679+0000] {dag.py:3089} INFO - Sync 1 DAGs
[2026-01-20T17:41:39.707+0000] {logging_mixin.py:188} INFO - [2026-01-20T17:41:39.707+0000] {dag.py:3947} INFO - Setting next_dagrun for pipeline_one_off to None, run_after=None
[2026-01-20T17:41:39.796+0000] {processor.py:183} INFO - Processing /opt/airflow/dags/pipeline_one_off.py took 0.237 seconds
[2026-01-20T17:42:09.987+0000] {processor.py:161} INFO - Started process (PID=24844) to work on /opt/airflow/dags/pipeline_one_off.py
[2026-01-20T17:42:09.990+0000] {processor.py:830} INFO - Processing file /opt/airflow/dags/pipeline_one_off.py for tasks to queue
[2026-01-20T17:42:09.994+0000] {logging_mixin.py:188} INFO - [2026-01-20T17:42:09.994+0000] {dagbag.py:545} INFO - Filling up the DagBag from /opt/airflow/dags/pipeline_one_off.py
[2026-01-20T17:42:10.051+0000] {processor.py:840} INFO - DAG(s) 'pipeline_one_off' retrieved from /opt/airflow/dags/pipeline_one_off.py
[2026-01-20T17:42:10.134+0000] {logging_mixin.py:188} INFO - [2026-01-20T17:42:10.133+0000] {dag.py:3089} INFO - Sync 1 DAGs
[2026-01-20T17:42:10.158+0000] {logging_mixin.py:188} INFO - [2026-01-20T17:42:10.157+0000] {dag.py:3947} INFO - Setting next_dagrun for pipeline_one_off to None, run_after=None
[2026-01-20T17:42:10.194+0000] {processor.py:183} INFO - Processing /opt/airflow/dags/pipeline_one_off.py took 0.291 seconds
[2026-01-20T17:42:22.479+0000] {processor.py:161} INFO - Started process (PID=24854) to work on /opt/airflow/dags/pipeline_one_off.py
[2026-01-20T17:42:22.482+0000] {processor.py:830} INFO - Processing file /opt/airflow/dags/pipeline_one_off.py for tasks to queue
[2026-01-20T17:42:22.487+0000] {logging_mixin.py:188} INFO - [2026-01-20T17:42:22.487+0000] {dagbag.py:545} INFO - Filling up the DagBag from /opt/airflow/dags/pipeline_one_off.py
[2026-01-20T17:42:22.583+0000] {logging_mixin.py:188} INFO - [2026-01-20T17:42:22.568+0000] {dagbag.py:355} ERROR - Failed to import: /opt/airflow/dags/pipeline_one_off.py
Traceback (most recent call last):
  File "/home/airflow/.local/lib/python3.11/site-packages/airflow/models/dagbag.py", line 351, in parse
    loader.exec_module(new_module)
  File "<frozen importlib._bootstrap_external>", line 940, in exec_module
  File "<frozen importlib._bootstrap>", line 241, in _call_with_frames_removed
  File "/opt/airflow/dags/pipeline_one_off.py", line 60, in <module>
    trigger_rule=TriggerRule.ALL_DONE,
                 ^^^^^^^^^^^
NameError: name 'TriggerRule' is not defined
[2026-01-20T17:42:22.587+0000] {processor.py:842} WARNING - No viable dags retrieved from /opt/airflow/dags/pipeline_one_off.py
[2026-01-20T17:42:22.656+0000] {processor.py:183} INFO - Processing /opt/airflow/dags/pipeline_one_off.py took 0.193 seconds
[2026-01-20T17:42:53.075+0000] {processor.py:161} INFO - Started process (PID=24864) to work on /opt/airflow/dags/pipeline_one_off.py
[2026-01-20T17:42:53.077+0000] {processor.py:830} INFO - Processing file /opt/airflow/dags/pipeline_one_off.py for tasks to queue
[2026-01-20T17:42:53.082+0000] {logging_mixin.py:188} INFO - [2026-01-20T17:42:53.081+0000] {dagbag.py:545} INFO - Filling up the DagBag from /opt/airflow/dags/pipeline_one_off.py
[2026-01-20T17:42:53.116+0000] {logging_mixin.py:188} INFO - [2026-01-20T17:42:53.108+0000] {dagbag.py:355} ERROR - Failed to import: /opt/airflow/dags/pipeline_one_off.py
Traceback (most recent call last):
  File "/home/airflow/.local/lib/python3.11/site-packages/airflow/models/dagbag.py", line 351, in parse
    loader.exec_module(new_module)
  File "<frozen importlib._bootstrap_external>", line 940, in exec_module
  File "<frozen importlib._bootstrap>", line 241, in _call_with_frames_removed
  File "/opt/airflow/dags/pipeline_one_off.py", line 60, in <module>
    trigger_rule=TriggerRule.ALL_DONE,
                 ^^^^^^^^^^^
NameError: name 'TriggerRule' is not defined
[2026-01-20T17:42:53.118+0000] {processor.py:842} WARNING - No viable dags retrieved from /opt/airflow/dags/pipeline_one_off.py
[2026-01-20T17:42:53.170+0000] {processor.py:183} INFO - Processing /opt/airflow/dags/pipeline_one_off.py took 0.109 seconds
[2026-01-20T17:43:23.603+0000] {processor.py:161} INFO - Started process (PID=24874) to work on /opt/airflow/dags/pipeline_one_off.py
[2026-01-20T17:43:23.605+0000] {processor.py:830} INFO - Processing file /opt/airflow/dags/pipeline_one_off.py for tasks to queue
[2026-01-20T17:43:23.609+0000] {logging_mixin.py:188} INFO - [2026-01-20T17:43:23.609+0000] {dagbag.py:545} INFO - Filling up the DagBag from /opt/airflow/dags/pipeline_one_off.py
[2026-01-20T17:43:23.647+0000] {logging_mixin.py:188} INFO - [2026-01-20T17:43:23.639+0000] {dagbag.py:355} ERROR - Failed to import: /opt/airflow/dags/pipeline_one_off.py
Traceback (most recent call last):
  File "/home/airflow/.local/lib/python3.11/site-packages/airflow/models/dagbag.py", line 351, in parse
    loader.exec_module(new_module)
  File "<frozen importlib._bootstrap_external>", line 940, in exec_module
  File "<frozen importlib._bootstrap>", line 241, in _call_with_frames_removed
  File "/opt/airflow/dags/pipeline_one_off.py", line 60, in <module>
    trigger_rule=TriggerRule.ALL_DONE,
                 ^^^^^^^^^^^
NameError: name 'TriggerRule' is not defined
[2026-01-20T17:43:23.650+0000] {processor.py:842} WARNING - No viable dags retrieved from /opt/airflow/dags/pipeline_one_off.py
[2026-01-20T17:43:23.698+0000] {processor.py:183} INFO - Processing /opt/airflow/dags/pipeline_one_off.py took 0.106 seconds
