[2026-01-18T18:25:31.315+0000] {processor.py:161} INFO - Started process (PID=172) to work on /opt/airflow/dags/pipeline_one_off.py
[2026-01-18T18:25:31.316+0000] {processor.py:830} INFO - Processing file /opt/airflow/dags/pipeline_one_off.py for tasks to queue
[2026-01-18T18:25:31.319+0000] {logging_mixin.py:188} INFO - [2026-01-18T18:25:31.319+0000] {dagbag.py:545} INFO - Filling up the DagBag from /opt/airflow/dags/pipeline_one_off.py
[2026-01-18T18:25:31.374+0000] {processor.py:840} INFO - DAG(s) 'pipeline_one_off' retrieved from /opt/airflow/dags/pipeline_one_off.py
[2026-01-18T18:25:31.657+0000] {logging_mixin.py:188} INFO - [2026-01-18T18:25:31.656+0000] {override.py:1858} INFO - Created Permission View: can edit on DAG:pipeline_one_off
[2026-01-18T18:25:31.671+0000] {logging_mixin.py:188} INFO - [2026-01-18T18:25:31.671+0000] {override.py:1858} INFO - Created Permission View: can read on DAG:pipeline_one_off
[2026-01-18T18:25:31.680+0000] {logging_mixin.py:188} INFO - [2026-01-18T18:25:31.679+0000] {override.py:1858} INFO - Created Permission View: can delete on DAG:pipeline_one_off
[2026-01-18T18:25:31.681+0000] {logging_mixin.py:188} INFO - [2026-01-18T18:25:31.680+0000] {dag.py:3089} INFO - Sync 1 DAGs
[2026-01-18T18:25:31.696+0000] {logging_mixin.py:188} INFO - [2026-01-18T18:25:31.695+0000] {dag.py:3111} INFO - Creating ORM DAG for pipeline_one_off
[2026-01-18T18:25:31.698+0000] {logging_mixin.py:188} INFO - [2026-01-18T18:25:31.698+0000] {dag.py:3947} INFO - Setting next_dagrun for pipeline_one_off to None, run_after=None
[2026-01-18T18:25:31.726+0000] {processor.py:183} INFO - Processing /opt/airflow/dags/pipeline_one_off.py took 0.419 seconds
[2026-01-18T18:26:01.991+0000] {processor.py:161} INFO - Started process (PID=185) to work on /opt/airflow/dags/pipeline_one_off.py
[2026-01-18T18:26:01.993+0000] {processor.py:830} INFO - Processing file /opt/airflow/dags/pipeline_one_off.py for tasks to queue
[2026-01-18T18:26:01.995+0000] {logging_mixin.py:188} INFO - [2026-01-18T18:26:01.995+0000] {dagbag.py:545} INFO - Filling up the DagBag from /opt/airflow/dags/pipeline_one_off.py
[2026-01-18T18:26:02.020+0000] {processor.py:840} INFO - DAG(s) 'pipeline_one_off' retrieved from /opt/airflow/dags/pipeline_one_off.py
[2026-01-18T18:26:02.059+0000] {logging_mixin.py:188} INFO - [2026-01-18T18:26:02.059+0000] {dag.py:3089} INFO - Sync 1 DAGs
[2026-01-18T18:26:02.074+0000] {logging_mixin.py:188} INFO - [2026-01-18T18:26:02.074+0000] {dag.py:3947} INFO - Setting next_dagrun for pipeline_one_off to None, run_after=None
[2026-01-18T18:26:02.096+0000] {processor.py:183} INFO - Processing /opt/airflow/dags/pipeline_one_off.py took 0.112 seconds
[2026-01-18T18:26:32.382+0000] {processor.py:161} INFO - Started process (PID=195) to work on /opt/airflow/dags/pipeline_one_off.py
[2026-01-18T18:26:32.383+0000] {processor.py:830} INFO - Processing file /opt/airflow/dags/pipeline_one_off.py for tasks to queue
[2026-01-18T18:26:32.385+0000] {logging_mixin.py:188} INFO - [2026-01-18T18:26:32.385+0000] {dagbag.py:545} INFO - Filling up the DagBag from /opt/airflow/dags/pipeline_one_off.py
[2026-01-18T18:26:32.408+0000] {processor.py:840} INFO - DAG(s) 'pipeline_one_off' retrieved from /opt/airflow/dags/pipeline_one_off.py
[2026-01-18T18:26:32.449+0000] {logging_mixin.py:188} INFO - [2026-01-18T18:26:32.449+0000] {dag.py:3089} INFO - Sync 1 DAGs
[2026-01-18T18:26:32.464+0000] {logging_mixin.py:188} INFO - [2026-01-18T18:26:32.464+0000] {dag.py:3947} INFO - Setting next_dagrun for pipeline_one_off to None, run_after=None
[2026-01-18T18:26:32.488+0000] {processor.py:183} INFO - Processing /opt/airflow/dags/pipeline_one_off.py took 0.114 seconds
[2026-01-18T18:27:02.759+0000] {processor.py:161} INFO - Started process (PID=205) to work on /opt/airflow/dags/pipeline_one_off.py
[2026-01-18T18:27:02.760+0000] {processor.py:830} INFO - Processing file /opt/airflow/dags/pipeline_one_off.py for tasks to queue
[2026-01-18T18:27:02.763+0000] {logging_mixin.py:188} INFO - [2026-01-18T18:27:02.762+0000] {dagbag.py:545} INFO - Filling up the DagBag from /opt/airflow/dags/pipeline_one_off.py
[2026-01-18T18:27:02.790+0000] {processor.py:840} INFO - DAG(s) 'pipeline_one_off' retrieved from /opt/airflow/dags/pipeline_one_off.py
[2026-01-18T18:27:02.829+0000] {logging_mixin.py:188} INFO - [2026-01-18T18:27:02.828+0000] {dag.py:3089} INFO - Sync 1 DAGs
[2026-01-18T18:27:02.843+0000] {logging_mixin.py:188} INFO - [2026-01-18T18:27:02.843+0000] {dag.py:3947} INFO - Setting next_dagrun for pipeline_one_off to None, run_after=None
[2026-01-18T18:27:02.866+0000] {processor.py:183} INFO - Processing /opt/airflow/dags/pipeline_one_off.py took 0.113 seconds
[2026-01-18T18:27:33.144+0000] {processor.py:161} INFO - Started process (PID=215) to work on /opt/airflow/dags/pipeline_one_off.py
[2026-01-18T18:27:33.145+0000] {processor.py:830} INFO - Processing file /opt/airflow/dags/pipeline_one_off.py for tasks to queue
[2026-01-18T18:27:33.148+0000] {logging_mixin.py:188} INFO - [2026-01-18T18:27:33.147+0000] {dagbag.py:545} INFO - Filling up the DagBag from /opt/airflow/dags/pipeline_one_off.py
[2026-01-18T18:27:33.174+0000] {processor.py:840} INFO - DAG(s) 'pipeline_one_off' retrieved from /opt/airflow/dags/pipeline_one_off.py
[2026-01-18T18:27:33.214+0000] {logging_mixin.py:188} INFO - [2026-01-18T18:27:33.214+0000] {dag.py:3089} INFO - Sync 1 DAGs
[2026-01-18T18:27:33.229+0000] {logging_mixin.py:188} INFO - [2026-01-18T18:27:33.229+0000] {dag.py:3947} INFO - Setting next_dagrun for pipeline_one_off to None, run_after=None
[2026-01-18T18:27:33.251+0000] {processor.py:183} INFO - Processing /opt/airflow/dags/pipeline_one_off.py took 0.116 seconds
[2026-01-18T18:28:03.518+0000] {processor.py:161} INFO - Started process (PID=225) to work on /opt/airflow/dags/pipeline_one_off.py
[2026-01-18T18:28:03.520+0000] {processor.py:830} INFO - Processing file /opt/airflow/dags/pipeline_one_off.py for tasks to queue
[2026-01-18T18:28:03.522+0000] {logging_mixin.py:188} INFO - [2026-01-18T18:28:03.521+0000] {dagbag.py:545} INFO - Filling up the DagBag from /opt/airflow/dags/pipeline_one_off.py
[2026-01-18T18:28:03.548+0000] {processor.py:840} INFO - DAG(s) 'pipeline_one_off' retrieved from /opt/airflow/dags/pipeline_one_off.py
[2026-01-18T18:28:03.585+0000] {logging_mixin.py:188} INFO - [2026-01-18T18:28:03.585+0000] {dag.py:3089} INFO - Sync 1 DAGs
[2026-01-18T18:28:03.597+0000] {logging_mixin.py:188} INFO - [2026-01-18T18:28:03.597+0000] {dag.py:3947} INFO - Setting next_dagrun for pipeline_one_off to None, run_after=None
[2026-01-18T18:28:03.619+0000] {processor.py:183} INFO - Processing /opt/airflow/dags/pipeline_one_off.py took 0.109 seconds
[2026-01-18T18:28:33.880+0000] {processor.py:161} INFO - Started process (PID=235) to work on /opt/airflow/dags/pipeline_one_off.py
[2026-01-18T18:28:33.881+0000] {processor.py:830} INFO - Processing file /opt/airflow/dags/pipeline_one_off.py for tasks to queue
[2026-01-18T18:28:33.883+0000] {logging_mixin.py:188} INFO - [2026-01-18T18:28:33.883+0000] {dagbag.py:545} INFO - Filling up the DagBag from /opt/airflow/dags/pipeline_one_off.py
[2026-01-18T18:28:33.908+0000] {processor.py:840} INFO - DAG(s) 'pipeline_one_off' retrieved from /opt/airflow/dags/pipeline_one_off.py
[2026-01-18T18:28:33.948+0000] {logging_mixin.py:188} INFO - [2026-01-18T18:28:33.948+0000] {dag.py:3089} INFO - Sync 1 DAGs
[2026-01-18T18:28:33.961+0000] {logging_mixin.py:188} INFO - [2026-01-18T18:28:33.961+0000] {dag.py:3947} INFO - Setting next_dagrun for pipeline_one_off to None, run_after=None
[2026-01-18T18:28:33.983+0000] {processor.py:183} INFO - Processing /opt/airflow/dags/pipeline_one_off.py took 0.110 seconds
[2026-01-18T18:29:04.241+0000] {processor.py:161} INFO - Started process (PID=245) to work on /opt/airflow/dags/pipeline_one_off.py
[2026-01-18T18:29:04.243+0000] {processor.py:830} INFO - Processing file /opt/airflow/dags/pipeline_one_off.py for tasks to queue
[2026-01-18T18:29:04.245+0000] {logging_mixin.py:188} INFO - [2026-01-18T18:29:04.245+0000] {dagbag.py:545} INFO - Filling up the DagBag from /opt/airflow/dags/pipeline_one_off.py
[2026-01-18T18:29:04.269+0000] {processor.py:840} INFO - DAG(s) 'pipeline_one_off' retrieved from /opt/airflow/dags/pipeline_one_off.py
[2026-01-18T18:29:04.309+0000] {logging_mixin.py:188} INFO - [2026-01-18T18:29:04.309+0000] {dag.py:3089} INFO - Sync 1 DAGs
[2026-01-18T18:29:04.323+0000] {logging_mixin.py:188} INFO - [2026-01-18T18:29:04.323+0000] {dag.py:3947} INFO - Setting next_dagrun for pipeline_one_off to None, run_after=None
[2026-01-18T18:29:04.347+0000] {processor.py:183} INFO - Processing /opt/airflow/dags/pipeline_one_off.py took 0.113 seconds
[2026-01-18T18:29:34.630+0000] {processor.py:161} INFO - Started process (PID=255) to work on /opt/airflow/dags/pipeline_one_off.py
[2026-01-18T18:29:34.631+0000] {processor.py:830} INFO - Processing file /opt/airflow/dags/pipeline_one_off.py for tasks to queue
[2026-01-18T18:29:34.634+0000] {logging_mixin.py:188} INFO - [2026-01-18T18:29:34.634+0000] {dagbag.py:545} INFO - Filling up the DagBag from /opt/airflow/dags/pipeline_one_off.py
[2026-01-18T18:29:34.659+0000] {processor.py:840} INFO - DAG(s) 'pipeline_one_off' retrieved from /opt/airflow/dags/pipeline_one_off.py
[2026-01-18T18:29:34.703+0000] {logging_mixin.py:188} INFO - [2026-01-18T18:29:34.703+0000] {dag.py:3089} INFO - Sync 1 DAGs
[2026-01-18T18:29:34.718+0000] {logging_mixin.py:188} INFO - [2026-01-18T18:29:34.718+0000] {dag.py:3947} INFO - Setting next_dagrun for pipeline_one_off to None, run_after=None
[2026-01-18T18:29:34.742+0000] {processor.py:183} INFO - Processing /opt/airflow/dags/pipeline_one_off.py took 0.121 seconds
[2026-01-18T18:30:05.020+0000] {processor.py:161} INFO - Started process (PID=265) to work on /opt/airflow/dags/pipeline_one_off.py
[2026-01-18T18:30:05.022+0000] {processor.py:830} INFO - Processing file /opt/airflow/dags/pipeline_one_off.py for tasks to queue
[2026-01-18T18:30:05.025+0000] {logging_mixin.py:188} INFO - [2026-01-18T18:30:05.024+0000] {dagbag.py:545} INFO - Filling up the DagBag from /opt/airflow/dags/pipeline_one_off.py
[2026-01-18T18:30:05.049+0000] {processor.py:840} INFO - DAG(s) 'pipeline_one_off' retrieved from /opt/airflow/dags/pipeline_one_off.py
[2026-01-18T18:30:05.093+0000] {logging_mixin.py:188} INFO - [2026-01-18T18:30:05.092+0000] {dag.py:3089} INFO - Sync 1 DAGs
[2026-01-18T18:30:05.108+0000] {logging_mixin.py:188} INFO - [2026-01-18T18:30:05.108+0000] {dag.py:3947} INFO - Setting next_dagrun for pipeline_one_off to None, run_after=None
[2026-01-18T18:30:05.132+0000] {processor.py:183} INFO - Processing /opt/airflow/dags/pipeline_one_off.py took 0.119 seconds
[2026-01-18T18:30:35.458+0000] {processor.py:161} INFO - Started process (PID=275) to work on /opt/airflow/dags/pipeline_one_off.py
[2026-01-18T18:30:35.459+0000] {processor.py:830} INFO - Processing file /opt/airflow/dags/pipeline_one_off.py for tasks to queue
[2026-01-18T18:30:35.462+0000] {logging_mixin.py:188} INFO - [2026-01-18T18:30:35.462+0000] {dagbag.py:545} INFO - Filling up the DagBag from /opt/airflow/dags/pipeline_one_off.py
[2026-01-18T18:30:35.485+0000] {processor.py:840} INFO - DAG(s) 'pipeline_one_off' retrieved from /opt/airflow/dags/pipeline_one_off.py
[2026-01-18T18:30:35.521+0000] {logging_mixin.py:188} INFO - [2026-01-18T18:30:35.520+0000] {dag.py:3089} INFO - Sync 1 DAGs
[2026-01-18T18:30:35.533+0000] {logging_mixin.py:188} INFO - [2026-01-18T18:30:35.533+0000] {dag.py:3947} INFO - Setting next_dagrun for pipeline_one_off to None, run_after=None
[2026-01-18T18:30:35.554+0000] {processor.py:183} INFO - Processing /opt/airflow/dags/pipeline_one_off.py took 0.103 seconds
[2026-01-18T18:31:05.822+0000] {processor.py:161} INFO - Started process (PID=285) to work on /opt/airflow/dags/pipeline_one_off.py
[2026-01-18T18:31:05.823+0000] {processor.py:830} INFO - Processing file /opt/airflow/dags/pipeline_one_off.py for tasks to queue
[2026-01-18T18:31:05.826+0000] {logging_mixin.py:188} INFO - [2026-01-18T18:31:05.825+0000] {dagbag.py:545} INFO - Filling up the DagBag from /opt/airflow/dags/pipeline_one_off.py
[2026-01-18T18:31:05.861+0000] {processor.py:840} INFO - DAG(s) 'pipeline_one_off' retrieved from /opt/airflow/dags/pipeline_one_off.py
[2026-01-18T18:31:05.916+0000] {logging_mixin.py:188} INFO - [2026-01-18T18:31:05.915+0000] {dag.py:3089} INFO - Sync 1 DAGs
[2026-01-18T18:31:05.930+0000] {logging_mixin.py:188} INFO - [2026-01-18T18:31:05.929+0000] {dag.py:3947} INFO - Setting next_dagrun for pipeline_one_off to None, run_after=None
[2026-01-18T18:31:05.953+0000] {processor.py:183} INFO - Processing /opt/airflow/dags/pipeline_one_off.py took 0.141 seconds
[2026-01-18T18:31:36.231+0000] {processor.py:161} INFO - Started process (PID=295) to work on /opt/airflow/dags/pipeline_one_off.py
[2026-01-18T18:31:36.233+0000] {processor.py:830} INFO - Processing file /opt/airflow/dags/pipeline_one_off.py for tasks to queue
[2026-01-18T18:31:36.235+0000] {logging_mixin.py:188} INFO - [2026-01-18T18:31:36.235+0000] {dagbag.py:545} INFO - Filling up the DagBag from /opt/airflow/dags/pipeline_one_off.py
[2026-01-18T18:31:36.259+0000] {processor.py:840} INFO - DAG(s) 'pipeline_one_off' retrieved from /opt/airflow/dags/pipeline_one_off.py
[2026-01-18T18:31:36.301+0000] {logging_mixin.py:188} INFO - [2026-01-18T18:31:36.301+0000] {dag.py:3089} INFO - Sync 1 DAGs
[2026-01-18T18:31:36.317+0000] {logging_mixin.py:188} INFO - [2026-01-18T18:31:36.317+0000] {dag.py:3947} INFO - Setting next_dagrun for pipeline_one_off to None, run_after=None
[2026-01-18T18:31:36.339+0000] {processor.py:183} INFO - Processing /opt/airflow/dags/pipeline_one_off.py took 0.114 seconds
[2026-01-18T18:32:06.608+0000] {processor.py:161} INFO - Started process (PID=305) to work on /opt/airflow/dags/pipeline_one_off.py
[2026-01-18T18:32:06.609+0000] {processor.py:830} INFO - Processing file /opt/airflow/dags/pipeline_one_off.py for tasks to queue
[2026-01-18T18:32:06.611+0000] {logging_mixin.py:188} INFO - [2026-01-18T18:32:06.611+0000] {dagbag.py:545} INFO - Filling up the DagBag from /opt/airflow/dags/pipeline_one_off.py
[2026-01-18T18:32:06.636+0000] {processor.py:840} INFO - DAG(s) 'pipeline_one_off' retrieved from /opt/airflow/dags/pipeline_one_off.py
[2026-01-18T18:32:06.676+0000] {logging_mixin.py:188} INFO - [2026-01-18T18:32:06.676+0000] {dag.py:3089} INFO - Sync 1 DAGs
[2026-01-18T18:32:06.690+0000] {logging_mixin.py:188} INFO - [2026-01-18T18:32:06.690+0000] {dag.py:3947} INFO - Setting next_dagrun for pipeline_one_off to None, run_after=None
[2026-01-18T18:32:06.713+0000] {processor.py:183} INFO - Processing /opt/airflow/dags/pipeline_one_off.py took 0.112 seconds
[2026-01-18T18:32:36.993+0000] {processor.py:161} INFO - Started process (PID=315) to work on /opt/airflow/dags/pipeline_one_off.py
[2026-01-18T18:32:36.994+0000] {processor.py:830} INFO - Processing file /opt/airflow/dags/pipeline_one_off.py for tasks to queue
[2026-01-18T18:32:36.998+0000] {logging_mixin.py:188} INFO - [2026-01-18T18:32:36.997+0000] {dagbag.py:545} INFO - Filling up the DagBag from /opt/airflow/dags/pipeline_one_off.py
[2026-01-18T18:32:37.032+0000] {processor.py:840} INFO - DAG(s) 'pipeline_one_off' retrieved from /opt/airflow/dags/pipeline_one_off.py
[2026-01-18T18:32:37.078+0000] {logging_mixin.py:188} INFO - [2026-01-18T18:32:37.077+0000] {dag.py:3089} INFO - Sync 1 DAGs
[2026-01-18T18:32:37.093+0000] {logging_mixin.py:188} INFO - [2026-01-18T18:32:37.093+0000] {dag.py:3947} INFO - Setting next_dagrun for pipeline_one_off to None, run_after=None
[2026-01-18T18:32:37.121+0000] {processor.py:183} INFO - Processing /opt/airflow/dags/pipeline_one_off.py took 0.136 seconds
[2026-01-18T18:33:07.391+0000] {processor.py:161} INFO - Started process (PID=325) to work on /opt/airflow/dags/pipeline_one_off.py
[2026-01-18T18:33:07.393+0000] {processor.py:830} INFO - Processing file /opt/airflow/dags/pipeline_one_off.py for tasks to queue
[2026-01-18T18:33:07.396+0000] {logging_mixin.py:188} INFO - [2026-01-18T18:33:07.395+0000] {dagbag.py:545} INFO - Filling up the DagBag from /opt/airflow/dags/pipeline_one_off.py
[2026-01-18T18:33:07.422+0000] {processor.py:840} INFO - DAG(s) 'pipeline_one_off' retrieved from /opt/airflow/dags/pipeline_one_off.py
[2026-01-18T18:33:07.462+0000] {logging_mixin.py:188} INFO - [2026-01-18T18:33:07.462+0000] {dag.py:3089} INFO - Sync 1 DAGs
[2026-01-18T18:33:07.478+0000] {logging_mixin.py:188} INFO - [2026-01-18T18:33:07.478+0000] {dag.py:3947} INFO - Setting next_dagrun for pipeline_one_off to None, run_after=None
[2026-01-18T18:33:07.500+0000] {processor.py:183} INFO - Processing /opt/airflow/dags/pipeline_one_off.py took 0.116 seconds
[2026-01-18T18:33:37.786+0000] {processor.py:161} INFO - Started process (PID=335) to work on /opt/airflow/dags/pipeline_one_off.py
[2026-01-18T18:33:37.788+0000] {processor.py:830} INFO - Processing file /opt/airflow/dags/pipeline_one_off.py for tasks to queue
[2026-01-18T18:33:37.791+0000] {logging_mixin.py:188} INFO - [2026-01-18T18:33:37.790+0000] {dagbag.py:545} INFO - Filling up the DagBag from /opt/airflow/dags/pipeline_one_off.py
[2026-01-18T18:33:37.817+0000] {processor.py:840} INFO - DAG(s) 'pipeline_one_off' retrieved from /opt/airflow/dags/pipeline_one_off.py
[2026-01-18T18:33:37.859+0000] {logging_mixin.py:188} INFO - [2026-01-18T18:33:37.859+0000] {dag.py:3089} INFO - Sync 1 DAGs
[2026-01-18T18:33:37.873+0000] {logging_mixin.py:188} INFO - [2026-01-18T18:33:37.873+0000] {dag.py:3947} INFO - Setting next_dagrun for pipeline_one_off to None, run_after=None
[2026-01-18T18:33:37.899+0000] {processor.py:183} INFO - Processing /opt/airflow/dags/pipeline_one_off.py took 0.121 seconds
[2026-01-18T18:34:08.191+0000] {processor.py:161} INFO - Started process (PID=345) to work on /opt/airflow/dags/pipeline_one_off.py
[2026-01-18T18:34:08.193+0000] {processor.py:830} INFO - Processing file /opt/airflow/dags/pipeline_one_off.py for tasks to queue
[2026-01-18T18:34:08.197+0000] {logging_mixin.py:188} INFO - [2026-01-18T18:34:08.196+0000] {dagbag.py:545} INFO - Filling up the DagBag from /opt/airflow/dags/pipeline_one_off.py
[2026-01-18T18:34:08.222+0000] {processor.py:840} INFO - DAG(s) 'pipeline_one_off' retrieved from /opt/airflow/dags/pipeline_one_off.py
[2026-01-18T18:34:08.264+0000] {logging_mixin.py:188} INFO - [2026-01-18T18:34:08.264+0000] {dag.py:3089} INFO - Sync 1 DAGs
[2026-01-18T18:34:08.280+0000] {logging_mixin.py:188} INFO - [2026-01-18T18:34:08.280+0000] {dag.py:3947} INFO - Setting next_dagrun for pipeline_one_off to None, run_after=None
[2026-01-18T18:34:08.306+0000] {processor.py:183} INFO - Processing /opt/airflow/dags/pipeline_one_off.py took 0.122 seconds
[2026-01-18T18:34:38.591+0000] {processor.py:161} INFO - Started process (PID=355) to work on /opt/airflow/dags/pipeline_one_off.py
[2026-01-18T18:34:38.593+0000] {processor.py:830} INFO - Processing file /opt/airflow/dags/pipeline_one_off.py for tasks to queue
[2026-01-18T18:34:38.596+0000] {logging_mixin.py:188} INFO - [2026-01-18T18:34:38.595+0000] {dagbag.py:545} INFO - Filling up the DagBag from /opt/airflow/dags/pipeline_one_off.py
[2026-01-18T18:34:38.621+0000] {processor.py:840} INFO - DAG(s) 'pipeline_one_off' retrieved from /opt/airflow/dags/pipeline_one_off.py
[2026-01-18T18:34:38.665+0000] {logging_mixin.py:188} INFO - [2026-01-18T18:34:38.665+0000] {dag.py:3089} INFO - Sync 1 DAGs
[2026-01-18T18:34:38.685+0000] {logging_mixin.py:188} INFO - [2026-01-18T18:34:38.685+0000] {dag.py:3947} INFO - Setting next_dagrun for pipeline_one_off to None, run_after=None
[2026-01-18T18:34:38.717+0000] {processor.py:183} INFO - Processing /opt/airflow/dags/pipeline_one_off.py took 0.135 seconds
[2026-01-18T18:35:08.980+0000] {processor.py:161} INFO - Started process (PID=365) to work on /opt/airflow/dags/pipeline_one_off.py
[2026-01-18T18:35:08.981+0000] {processor.py:830} INFO - Processing file /opt/airflow/dags/pipeline_one_off.py for tasks to queue
[2026-01-18T18:35:08.983+0000] {logging_mixin.py:188} INFO - [2026-01-18T18:35:08.983+0000] {dagbag.py:545} INFO - Filling up the DagBag from /opt/airflow/dags/pipeline_one_off.py
[2026-01-18T18:35:09.001+0000] {processor.py:840} INFO - DAG(s) 'pipeline_one_off' retrieved from /opt/airflow/dags/pipeline_one_off.py
[2026-01-18T18:35:09.033+0000] {logging_mixin.py:188} INFO - [2026-01-18T18:35:09.032+0000] {dag.py:3089} INFO - Sync 1 DAGs
[2026-01-18T18:35:09.044+0000] {logging_mixin.py:188} INFO - [2026-01-18T18:35:09.044+0000] {dag.py:3947} INFO - Setting next_dagrun for pipeline_one_off to None, run_after=None
[2026-01-18T18:35:09.064+0000] {processor.py:183} INFO - Processing /opt/airflow/dags/pipeline_one_off.py took 0.089 seconds
[2026-01-18T18:35:39.410+0000] {processor.py:161} INFO - Started process (PID=378) to work on /opt/airflow/dags/pipeline_one_off.py
[2026-01-18T18:35:39.411+0000] {processor.py:830} INFO - Processing file /opt/airflow/dags/pipeline_one_off.py for tasks to queue
[2026-01-18T18:35:39.416+0000] {logging_mixin.py:188} INFO - [2026-01-18T18:35:39.415+0000] {dagbag.py:545} INFO - Filling up the DagBag from /opt/airflow/dags/pipeline_one_off.py
[2026-01-18T18:35:39.442+0000] {processor.py:840} INFO - DAG(s) 'pipeline_one_off' retrieved from /opt/airflow/dags/pipeline_one_off.py
[2026-01-18T18:35:39.482+0000] {logging_mixin.py:188} INFO - [2026-01-18T18:35:39.481+0000] {dag.py:3089} INFO - Sync 1 DAGs
[2026-01-18T18:35:39.498+0000] {logging_mixin.py:188} INFO - [2026-01-18T18:35:39.498+0000] {dag.py:3947} INFO - Setting next_dagrun for pipeline_one_off to None, run_after=None
[2026-01-18T18:35:39.522+0000] {processor.py:183} INFO - Processing /opt/airflow/dags/pipeline_one_off.py took 0.121 seconds
[2026-01-18T18:36:09.795+0000] {processor.py:161} INFO - Started process (PID=388) to work on /opt/airflow/dags/pipeline_one_off.py
[2026-01-18T18:36:09.797+0000] {processor.py:830} INFO - Processing file /opt/airflow/dags/pipeline_one_off.py for tasks to queue
[2026-01-18T18:36:09.800+0000] {logging_mixin.py:188} INFO - [2026-01-18T18:36:09.800+0000] {dagbag.py:545} INFO - Filling up the DagBag from /opt/airflow/dags/pipeline_one_off.py
[2026-01-18T18:36:09.825+0000] {processor.py:840} INFO - DAG(s) 'pipeline_one_off' retrieved from /opt/airflow/dags/pipeline_one_off.py
[2026-01-18T18:36:09.867+0000] {logging_mixin.py:188} INFO - [2026-01-18T18:36:09.867+0000] {dag.py:3089} INFO - Sync 1 DAGs
[2026-01-18T18:36:09.883+0000] {logging_mixin.py:188} INFO - [2026-01-18T18:36:09.883+0000] {dag.py:3947} INFO - Setting next_dagrun for pipeline_one_off to None, run_after=None
[2026-01-18T18:36:09.909+0000] {processor.py:183} INFO - Processing /opt/airflow/dags/pipeline_one_off.py took 0.121 seconds
[2026-01-18T18:36:40.213+0000] {processor.py:161} INFO - Started process (PID=398) to work on /opt/airflow/dags/pipeline_one_off.py
[2026-01-18T18:36:40.215+0000] {processor.py:830} INFO - Processing file /opt/airflow/dags/pipeline_one_off.py for tasks to queue
[2026-01-18T18:36:40.217+0000] {logging_mixin.py:188} INFO - [2026-01-18T18:36:40.217+0000] {dagbag.py:545} INFO - Filling up the DagBag from /opt/airflow/dags/pipeline_one_off.py
[2026-01-18T18:36:40.253+0000] {processor.py:840} INFO - DAG(s) 'pipeline_one_off' retrieved from /opt/airflow/dags/pipeline_one_off.py
[2026-01-18T18:36:40.308+0000] {logging_mixin.py:188} INFO - [2026-01-18T18:36:40.308+0000] {dag.py:3089} INFO - Sync 1 DAGs
[2026-01-18T18:36:40.325+0000] {logging_mixin.py:188} INFO - [2026-01-18T18:36:40.324+0000] {dag.py:3947} INFO - Setting next_dagrun for pipeline_one_off to None, run_after=None
[2026-01-18T18:36:40.350+0000] {processor.py:183} INFO - Processing /opt/airflow/dags/pipeline_one_off.py took 0.147 seconds
[2026-01-18T18:37:10.622+0000] {processor.py:161} INFO - Started process (PID=408) to work on /opt/airflow/dags/pipeline_one_off.py
[2026-01-18T18:37:10.623+0000] {processor.py:830} INFO - Processing file /opt/airflow/dags/pipeline_one_off.py for tasks to queue
[2026-01-18T18:37:10.625+0000] {logging_mixin.py:188} INFO - [2026-01-18T18:37:10.625+0000] {dagbag.py:545} INFO - Filling up the DagBag from /opt/airflow/dags/pipeline_one_off.py
[2026-01-18T18:37:10.651+0000] {processor.py:840} INFO - DAG(s) 'pipeline_one_off' retrieved from /opt/airflow/dags/pipeline_one_off.py
[2026-01-18T18:37:10.691+0000] {logging_mixin.py:188} INFO - [2026-01-18T18:37:10.690+0000] {dag.py:3089} INFO - Sync 1 DAGs
[2026-01-18T18:37:10.705+0000] {logging_mixin.py:188} INFO - [2026-01-18T18:37:10.705+0000] {dag.py:3947} INFO - Setting next_dagrun for pipeline_one_off to None, run_after=None
[2026-01-18T18:37:10.732+0000] {processor.py:183} INFO - Processing /opt/airflow/dags/pipeline_one_off.py took 0.117 seconds
[2026-01-18T18:37:41.021+0000] {processor.py:161} INFO - Started process (PID=418) to work on /opt/airflow/dags/pipeline_one_off.py
[2026-01-18T18:37:41.022+0000] {processor.py:830} INFO - Processing file /opt/airflow/dags/pipeline_one_off.py for tasks to queue
[2026-01-18T18:37:41.025+0000] {logging_mixin.py:188} INFO - [2026-01-18T18:37:41.024+0000] {dagbag.py:545} INFO - Filling up the DagBag from /opt/airflow/dags/pipeline_one_off.py
[2026-01-18T18:37:41.048+0000] {processor.py:840} INFO - DAG(s) 'pipeline_one_off' retrieved from /opt/airflow/dags/pipeline_one_off.py
[2026-01-18T18:37:41.088+0000] {logging_mixin.py:188} INFO - [2026-01-18T18:37:41.087+0000] {dag.py:3089} INFO - Sync 1 DAGs
[2026-01-18T18:37:41.102+0000] {logging_mixin.py:188} INFO - [2026-01-18T18:37:41.101+0000] {dag.py:3947} INFO - Setting next_dagrun for pipeline_one_off to None, run_after=None
[2026-01-18T18:37:41.126+0000] {processor.py:183} INFO - Processing /opt/airflow/dags/pipeline_one_off.py took 0.112 seconds
[2026-01-18T18:38:11.393+0000] {processor.py:161} INFO - Started process (PID=428) to work on /opt/airflow/dags/pipeline_one_off.py
[2026-01-18T18:38:11.394+0000] {processor.py:830} INFO - Processing file /opt/airflow/dags/pipeline_one_off.py for tasks to queue
[2026-01-18T18:38:11.396+0000] {logging_mixin.py:188} INFO - [2026-01-18T18:38:11.396+0000] {dagbag.py:545} INFO - Filling up the DagBag from /opt/airflow/dags/pipeline_one_off.py
[2026-01-18T18:38:11.421+0000] {processor.py:840} INFO - DAG(s) 'pipeline_one_off' retrieved from /opt/airflow/dags/pipeline_one_off.py
[2026-01-18T18:38:11.460+0000] {logging_mixin.py:188} INFO - [2026-01-18T18:38:11.460+0000] {dag.py:3089} INFO - Sync 1 DAGs
[2026-01-18T18:38:11.474+0000] {logging_mixin.py:188} INFO - [2026-01-18T18:38:11.474+0000] {dag.py:3947} INFO - Setting next_dagrun for pipeline_one_off to None, run_after=None
[2026-01-18T18:38:11.497+0000] {processor.py:183} INFO - Processing /opt/airflow/dags/pipeline_one_off.py took 0.111 seconds
[2026-01-18T18:38:41.767+0000] {processor.py:161} INFO - Started process (PID=438) to work on /opt/airflow/dags/pipeline_one_off.py
[2026-01-18T18:38:41.769+0000] {processor.py:830} INFO - Processing file /opt/airflow/dags/pipeline_one_off.py for tasks to queue
[2026-01-18T18:38:41.772+0000] {logging_mixin.py:188} INFO - [2026-01-18T18:38:41.771+0000] {dagbag.py:545} INFO - Filling up the DagBag from /opt/airflow/dags/pipeline_one_off.py
[2026-01-18T18:38:41.796+0000] {processor.py:840} INFO - DAG(s) 'pipeline_one_off' retrieved from /opt/airflow/dags/pipeline_one_off.py
[2026-01-18T18:38:41.831+0000] {logging_mixin.py:188} INFO - [2026-01-18T18:38:41.831+0000] {dag.py:3089} INFO - Sync 1 DAGs
[2026-01-18T18:38:41.845+0000] {logging_mixin.py:188} INFO - [2026-01-18T18:38:41.845+0000] {dag.py:3947} INFO - Setting next_dagrun for pipeline_one_off to None, run_after=None
[2026-01-18T18:38:41.866+0000] {processor.py:183} INFO - Processing /opt/airflow/dags/pipeline_one_off.py took 0.105 seconds
[2026-01-18T18:39:12.137+0000] {processor.py:161} INFO - Started process (PID=448) to work on /opt/airflow/dags/pipeline_one_off.py
[2026-01-18T18:39:12.139+0000] {processor.py:830} INFO - Processing file /opt/airflow/dags/pipeline_one_off.py for tasks to queue
[2026-01-18T18:39:12.141+0000] {logging_mixin.py:188} INFO - [2026-01-18T18:39:12.141+0000] {dagbag.py:545} INFO - Filling up the DagBag from /opt/airflow/dags/pipeline_one_off.py
[2026-01-18T18:39:12.166+0000] {processor.py:840} INFO - DAG(s) 'pipeline_one_off' retrieved from /opt/airflow/dags/pipeline_one_off.py
[2026-01-18T18:39:12.207+0000] {logging_mixin.py:188} INFO - [2026-01-18T18:39:12.207+0000] {dag.py:3089} INFO - Sync 1 DAGs
[2026-01-18T18:39:12.222+0000] {logging_mixin.py:188} INFO - [2026-01-18T18:39:12.222+0000] {dag.py:3947} INFO - Setting next_dagrun for pipeline_one_off to None, run_after=None
[2026-01-18T18:39:12.246+0000] {processor.py:183} INFO - Processing /opt/airflow/dags/pipeline_one_off.py took 0.115 seconds
[2026-01-18T18:39:42.535+0000] {processor.py:161} INFO - Started process (PID=458) to work on /opt/airflow/dags/pipeline_one_off.py
[2026-01-18T18:39:42.537+0000] {processor.py:830} INFO - Processing file /opt/airflow/dags/pipeline_one_off.py for tasks to queue
[2026-01-18T18:39:42.539+0000] {logging_mixin.py:188} INFO - [2026-01-18T18:39:42.538+0000] {dagbag.py:545} INFO - Filling up the DagBag from /opt/airflow/dags/pipeline_one_off.py
[2026-01-18T18:39:42.567+0000] {processor.py:840} INFO - DAG(s) 'pipeline_one_off' retrieved from /opt/airflow/dags/pipeline_one_off.py
[2026-01-18T18:39:42.608+0000] {logging_mixin.py:188} INFO - [2026-01-18T18:39:42.608+0000] {dag.py:3089} INFO - Sync 1 DAGs
[2026-01-18T18:39:42.621+0000] {logging_mixin.py:188} INFO - [2026-01-18T18:39:42.621+0000] {dag.py:3947} INFO - Setting next_dagrun for pipeline_one_off to None, run_after=None
[2026-01-18T18:39:42.641+0000] {processor.py:183} INFO - Processing /opt/airflow/dags/pipeline_one_off.py took 0.112 seconds
[2026-01-18T18:40:12.907+0000] {processor.py:161} INFO - Started process (PID=468) to work on /opt/airflow/dags/pipeline_one_off.py
[2026-01-18T18:40:12.908+0000] {processor.py:830} INFO - Processing file /opt/airflow/dags/pipeline_one_off.py for tasks to queue
[2026-01-18T18:40:12.911+0000] {logging_mixin.py:188} INFO - [2026-01-18T18:40:12.911+0000] {dagbag.py:545} INFO - Filling up the DagBag from /opt/airflow/dags/pipeline_one_off.py
[2026-01-18T18:40:12.937+0000] {processor.py:840} INFO - DAG(s) 'pipeline_one_off' retrieved from /opt/airflow/dags/pipeline_one_off.py
[2026-01-18T18:40:12.978+0000] {logging_mixin.py:188} INFO - [2026-01-18T18:40:12.977+0000] {dag.py:3089} INFO - Sync 1 DAGs
[2026-01-18T18:40:12.993+0000] {logging_mixin.py:188} INFO - [2026-01-18T18:40:12.993+0000] {dag.py:3947} INFO - Setting next_dagrun for pipeline_one_off to None, run_after=None
[2026-01-18T18:40:13.015+0000] {processor.py:183} INFO - Processing /opt/airflow/dags/pipeline_one_off.py took 0.116 seconds
[2026-01-18T18:40:43.334+0000] {processor.py:161} INFO - Started process (PID=478) to work on /opt/airflow/dags/pipeline_one_off.py
[2026-01-18T18:40:43.335+0000] {processor.py:830} INFO - Processing file /opt/airflow/dags/pipeline_one_off.py for tasks to queue
[2026-01-18T18:40:43.338+0000] {logging_mixin.py:188} INFO - [2026-01-18T18:40:43.337+0000] {dagbag.py:545} INFO - Filling up the DagBag from /opt/airflow/dags/pipeline_one_off.py
[2026-01-18T18:40:43.364+0000] {processor.py:840} INFO - DAG(s) 'pipeline_one_off' retrieved from /opt/airflow/dags/pipeline_one_off.py
[2026-01-18T18:40:43.404+0000] {logging_mixin.py:188} INFO - [2026-01-18T18:40:43.404+0000] {dag.py:3089} INFO - Sync 1 DAGs
[2026-01-18T18:40:43.419+0000] {logging_mixin.py:188} INFO - [2026-01-18T18:40:43.419+0000] {dag.py:3947} INFO - Setting next_dagrun for pipeline_one_off to None, run_after=None
[2026-01-18T18:40:43.444+0000] {processor.py:183} INFO - Processing /opt/airflow/dags/pipeline_one_off.py took 0.117 seconds
[2026-01-18T18:41:13.722+0000] {processor.py:161} INFO - Started process (PID=488) to work on /opt/airflow/dags/pipeline_one_off.py
[2026-01-18T18:41:13.723+0000] {processor.py:830} INFO - Processing file /opt/airflow/dags/pipeline_one_off.py for tasks to queue
[2026-01-18T18:41:13.727+0000] {logging_mixin.py:188} INFO - [2026-01-18T18:41:13.726+0000] {dagbag.py:545} INFO - Filling up the DagBag from /opt/airflow/dags/pipeline_one_off.py
[2026-01-18T18:41:13.753+0000] {processor.py:840} INFO - DAG(s) 'pipeline_one_off' retrieved from /opt/airflow/dags/pipeline_one_off.py
[2026-01-18T18:41:13.796+0000] {logging_mixin.py:188} INFO - [2026-01-18T18:41:13.796+0000] {dag.py:3089} INFO - Sync 1 DAGs
[2026-01-18T18:41:13.812+0000] {logging_mixin.py:188} INFO - [2026-01-18T18:41:13.811+0000] {dag.py:3947} INFO - Setting next_dagrun for pipeline_one_off to None, run_after=None
[2026-01-18T18:41:13.839+0000] {processor.py:183} INFO - Processing /opt/airflow/dags/pipeline_one_off.py took 0.124 seconds
[2026-01-18T18:41:44.121+0000] {processor.py:161} INFO - Started process (PID=498) to work on /opt/airflow/dags/pipeline_one_off.py
[2026-01-18T18:41:44.122+0000] {processor.py:830} INFO - Processing file /opt/airflow/dags/pipeline_one_off.py for tasks to queue
[2026-01-18T18:41:44.126+0000] {logging_mixin.py:188} INFO - [2026-01-18T18:41:44.125+0000] {dagbag.py:545} INFO - Filling up the DagBag from /opt/airflow/dags/pipeline_one_off.py
[2026-01-18T18:41:44.151+0000] {processor.py:840} INFO - DAG(s) 'pipeline_one_off' retrieved from /opt/airflow/dags/pipeline_one_off.py
[2026-01-18T18:41:44.190+0000] {logging_mixin.py:188} INFO - [2026-01-18T18:41:44.190+0000] {dag.py:3089} INFO - Sync 1 DAGs
[2026-01-18T18:41:44.208+0000] {logging_mixin.py:188} INFO - [2026-01-18T18:41:44.208+0000] {dag.py:3947} INFO - Setting next_dagrun for pipeline_one_off to None, run_after=None
[2026-01-18T18:41:44.232+0000] {processor.py:183} INFO - Processing /opt/airflow/dags/pipeline_one_off.py took 0.120 seconds
[2026-01-18T18:42:14.492+0000] {processor.py:161} INFO - Started process (PID=508) to work on /opt/airflow/dags/pipeline_one_off.py
[2026-01-18T18:42:14.494+0000] {processor.py:830} INFO - Processing file /opt/airflow/dags/pipeline_one_off.py for tasks to queue
[2026-01-18T18:42:14.496+0000] {logging_mixin.py:188} INFO - [2026-01-18T18:42:14.496+0000] {dagbag.py:545} INFO - Filling up the DagBag from /opt/airflow/dags/pipeline_one_off.py
[2026-01-18T18:42:14.519+0000] {processor.py:840} INFO - DAG(s) 'pipeline_one_off' retrieved from /opt/airflow/dags/pipeline_one_off.py
[2026-01-18T18:42:14.559+0000] {logging_mixin.py:188} INFO - [2026-01-18T18:42:14.559+0000] {dag.py:3089} INFO - Sync 1 DAGs
[2026-01-18T18:42:14.572+0000] {logging_mixin.py:188} INFO - [2026-01-18T18:42:14.572+0000] {dag.py:3947} INFO - Setting next_dagrun for pipeline_one_off to None, run_after=None
[2026-01-18T18:42:14.597+0000] {processor.py:183} INFO - Processing /opt/airflow/dags/pipeline_one_off.py took 0.112 seconds
[2026-01-18T18:42:44.886+0000] {processor.py:161} INFO - Started process (PID=518) to work on /opt/airflow/dags/pipeline_one_off.py
[2026-01-18T18:42:44.887+0000] {processor.py:830} INFO - Processing file /opt/airflow/dags/pipeline_one_off.py for tasks to queue
[2026-01-18T18:42:44.889+0000] {logging_mixin.py:188} INFO - [2026-01-18T18:42:44.889+0000] {dagbag.py:545} INFO - Filling up the DagBag from /opt/airflow/dags/pipeline_one_off.py
[2026-01-18T18:42:44.915+0000] {processor.py:840} INFO - DAG(s) 'pipeline_one_off' retrieved from /opt/airflow/dags/pipeline_one_off.py
[2026-01-18T18:42:44.957+0000] {logging_mixin.py:188} INFO - [2026-01-18T18:42:44.956+0000] {dag.py:3089} INFO - Sync 1 DAGs
[2026-01-18T18:42:44.972+0000] {logging_mixin.py:188} INFO - [2026-01-18T18:42:44.972+0000] {dag.py:3947} INFO - Setting next_dagrun for pipeline_one_off to None, run_after=None
[2026-01-18T18:42:44.994+0000] {processor.py:183} INFO - Processing /opt/airflow/dags/pipeline_one_off.py took 0.116 seconds
[2026-01-18T18:43:15.259+0000] {processor.py:161} INFO - Started process (PID=528) to work on /opt/airflow/dags/pipeline_one_off.py
[2026-01-18T18:43:15.260+0000] {processor.py:830} INFO - Processing file /opt/airflow/dags/pipeline_one_off.py for tasks to queue
[2026-01-18T18:43:15.262+0000] {logging_mixin.py:188} INFO - [2026-01-18T18:43:15.262+0000] {dagbag.py:545} INFO - Filling up the DagBag from /opt/airflow/dags/pipeline_one_off.py
[2026-01-18T18:43:15.284+0000] {processor.py:840} INFO - DAG(s) 'pipeline_one_off' retrieved from /opt/airflow/dags/pipeline_one_off.py
[2026-01-18T18:43:15.319+0000] {logging_mixin.py:188} INFO - [2026-01-18T18:43:15.318+0000] {dag.py:3089} INFO - Sync 1 DAGs
[2026-01-18T18:43:15.332+0000] {logging_mixin.py:188} INFO - [2026-01-18T18:43:15.332+0000] {dag.py:3947} INFO - Setting next_dagrun for pipeline_one_off to None, run_after=None
[2026-01-18T18:43:15.355+0000] {processor.py:183} INFO - Processing /opt/airflow/dags/pipeline_one_off.py took 0.102 seconds
[2026-01-18T18:43:45.622+0000] {processor.py:161} INFO - Started process (PID=538) to work on /opt/airflow/dags/pipeline_one_off.py
[2026-01-18T18:43:45.623+0000] {processor.py:830} INFO - Processing file /opt/airflow/dags/pipeline_one_off.py for tasks to queue
[2026-01-18T18:43:45.626+0000] {logging_mixin.py:188} INFO - [2026-01-18T18:43:45.625+0000] {dagbag.py:545} INFO - Filling up the DagBag from /opt/airflow/dags/pipeline_one_off.py
[2026-01-18T18:43:45.653+0000] {processor.py:840} INFO - DAG(s) 'pipeline_one_off' retrieved from /opt/airflow/dags/pipeline_one_off.py
[2026-01-18T18:43:45.695+0000] {logging_mixin.py:188} INFO - [2026-01-18T18:43:45.695+0000] {dag.py:3089} INFO - Sync 1 DAGs
[2026-01-18T18:43:45.709+0000] {logging_mixin.py:188} INFO - [2026-01-18T18:43:45.709+0000] {dag.py:3947} INFO - Setting next_dagrun for pipeline_one_off to None, run_after=None
[2026-01-18T18:43:45.733+0000] {processor.py:183} INFO - Processing /opt/airflow/dags/pipeline_one_off.py took 0.119 seconds
[2026-01-18T18:44:15.997+0000] {processor.py:161} INFO - Started process (PID=548) to work on /opt/airflow/dags/pipeline_one_off.py
[2026-01-18T18:44:15.999+0000] {processor.py:830} INFO - Processing file /opt/airflow/dags/pipeline_one_off.py for tasks to queue
[2026-01-18T18:44:16.001+0000] {logging_mixin.py:188} INFO - [2026-01-18T18:44:16.001+0000] {dagbag.py:545} INFO - Filling up the DagBag from /opt/airflow/dags/pipeline_one_off.py
[2026-01-18T18:44:16.025+0000] {processor.py:840} INFO - DAG(s) 'pipeline_one_off' retrieved from /opt/airflow/dags/pipeline_one_off.py
[2026-01-18T18:44:16.061+0000] {logging_mixin.py:188} INFO - [2026-01-18T18:44:16.061+0000] {dag.py:3089} INFO - Sync 1 DAGs
[2026-01-18T18:44:16.075+0000] {logging_mixin.py:188} INFO - [2026-01-18T18:44:16.074+0000] {dag.py:3947} INFO - Setting next_dagrun for pipeline_one_off to None, run_after=None
[2026-01-18T18:44:16.101+0000] {processor.py:183} INFO - Processing /opt/airflow/dags/pipeline_one_off.py took 0.110 seconds
[2026-01-18T18:44:46.370+0000] {processor.py:161} INFO - Started process (PID=558) to work on /opt/airflow/dags/pipeline_one_off.py
[2026-01-18T18:44:46.371+0000] {processor.py:830} INFO - Processing file /opt/airflow/dags/pipeline_one_off.py for tasks to queue
[2026-01-18T18:44:46.374+0000] {logging_mixin.py:188} INFO - [2026-01-18T18:44:46.373+0000] {dagbag.py:545} INFO - Filling up the DagBag from /opt/airflow/dags/pipeline_one_off.py
[2026-01-18T18:44:46.399+0000] {processor.py:840} INFO - DAG(s) 'pipeline_one_off' retrieved from /opt/airflow/dags/pipeline_one_off.py
[2026-01-18T18:44:46.440+0000] {logging_mixin.py:188} INFO - [2026-01-18T18:44:46.439+0000] {dag.py:3089} INFO - Sync 1 DAGs
[2026-01-18T18:44:46.455+0000] {logging_mixin.py:188} INFO - [2026-01-18T18:44:46.455+0000] {dag.py:3947} INFO - Setting next_dagrun for pipeline_one_off to None, run_after=None
[2026-01-18T18:44:46.480+0000] {processor.py:183} INFO - Processing /opt/airflow/dags/pipeline_one_off.py took 0.119 seconds
[2026-01-18T18:45:16.749+0000] {processor.py:161} INFO - Started process (PID=568) to work on /opt/airflow/dags/pipeline_one_off.py
[2026-01-18T18:45:16.750+0000] {processor.py:830} INFO - Processing file /opt/airflow/dags/pipeline_one_off.py for tasks to queue
[2026-01-18T18:45:16.753+0000] {logging_mixin.py:188} INFO - [2026-01-18T18:45:16.752+0000] {dagbag.py:545} INFO - Filling up the DagBag from /opt/airflow/dags/pipeline_one_off.py
[2026-01-18T18:45:16.775+0000] {processor.py:840} INFO - DAG(s) 'pipeline_one_off' retrieved from /opt/airflow/dags/pipeline_one_off.py
[2026-01-18T18:45:16.811+0000] {logging_mixin.py:188} INFO - [2026-01-18T18:45:16.811+0000] {dag.py:3089} INFO - Sync 1 DAGs
[2026-01-18T18:45:16.823+0000] {logging_mixin.py:188} INFO - [2026-01-18T18:45:16.823+0000] {dag.py:3947} INFO - Setting next_dagrun for pipeline_one_off to None, run_after=None
[2026-01-18T18:45:16.842+0000] {processor.py:183} INFO - Processing /opt/airflow/dags/pipeline_one_off.py took 0.099 seconds
[2026-01-18T18:45:47.155+0000] {processor.py:161} INFO - Started process (PID=581) to work on /opt/airflow/dags/pipeline_one_off.py
[2026-01-18T18:45:47.156+0000] {processor.py:830} INFO - Processing file /opt/airflow/dags/pipeline_one_off.py for tasks to queue
[2026-01-18T18:45:47.160+0000] {logging_mixin.py:188} INFO - [2026-01-18T18:45:47.159+0000] {dagbag.py:545} INFO - Filling up the DagBag from /opt/airflow/dags/pipeline_one_off.py
[2026-01-18T18:45:47.182+0000] {processor.py:840} INFO - DAG(s) 'pipeline_one_off' retrieved from /opt/airflow/dags/pipeline_one_off.py
[2026-01-18T18:45:47.222+0000] {logging_mixin.py:188} INFO - [2026-01-18T18:45:47.221+0000] {dag.py:3089} INFO - Sync 1 DAGs
[2026-01-18T18:45:47.236+0000] {logging_mixin.py:188} INFO - [2026-01-18T18:45:47.236+0000] {dag.py:3947} INFO - Setting next_dagrun for pipeline_one_off to None, run_after=None
[2026-01-18T18:45:47.259+0000] {processor.py:183} INFO - Processing /opt/airflow/dags/pipeline_one_off.py took 0.111 seconds
[2026-01-18T18:46:17.533+0000] {processor.py:161} INFO - Started process (PID=591) to work on /opt/airflow/dags/pipeline_one_off.py
[2026-01-18T18:46:17.534+0000] {processor.py:830} INFO - Processing file /opt/airflow/dags/pipeline_one_off.py for tasks to queue
[2026-01-18T18:46:17.536+0000] {logging_mixin.py:188} INFO - [2026-01-18T18:46:17.536+0000] {dagbag.py:545} INFO - Filling up the DagBag from /opt/airflow/dags/pipeline_one_off.py
[2026-01-18T18:46:17.567+0000] {processor.py:840} INFO - DAG(s) 'pipeline_one_off' retrieved from /opt/airflow/dags/pipeline_one_off.py
[2026-01-18T18:46:17.612+0000] {logging_mixin.py:188} INFO - [2026-01-18T18:46:17.612+0000] {dag.py:3089} INFO - Sync 1 DAGs
[2026-01-18T18:46:17.625+0000] {logging_mixin.py:188} INFO - [2026-01-18T18:46:17.625+0000] {dag.py:3947} INFO - Setting next_dagrun for pipeline_one_off to None, run_after=None
[2026-01-18T18:46:17.650+0000] {processor.py:183} INFO - Processing /opt/airflow/dags/pipeline_one_off.py took 0.124 seconds
[2026-01-18T18:46:47.913+0000] {processor.py:161} INFO - Started process (PID=601) to work on /opt/airflow/dags/pipeline_one_off.py
[2026-01-18T18:46:47.914+0000] {processor.py:830} INFO - Processing file /opt/airflow/dags/pipeline_one_off.py for tasks to queue
[2026-01-18T18:46:47.917+0000] {logging_mixin.py:188} INFO - [2026-01-18T18:46:47.917+0000] {dagbag.py:545} INFO - Filling up the DagBag from /opt/airflow/dags/pipeline_one_off.py
[2026-01-18T18:46:47.940+0000] {processor.py:840} INFO - DAG(s) 'pipeline_one_off' retrieved from /opt/airflow/dags/pipeline_one_off.py
[2026-01-18T18:46:47.981+0000] {logging_mixin.py:188} INFO - [2026-01-18T18:46:47.980+0000] {dag.py:3089} INFO - Sync 1 DAGs
[2026-01-18T18:46:47.995+0000] {logging_mixin.py:188} INFO - [2026-01-18T18:46:47.995+0000] {dag.py:3947} INFO - Setting next_dagrun for pipeline_one_off to None, run_after=None
[2026-01-18T18:46:48.017+0000] {processor.py:183} INFO - Processing /opt/airflow/dags/pipeline_one_off.py took 0.112 seconds
[2026-01-18T18:47:18.284+0000] {processor.py:161} INFO - Started process (PID=611) to work on /opt/airflow/dags/pipeline_one_off.py
[2026-01-18T18:47:18.285+0000] {processor.py:830} INFO - Processing file /opt/airflow/dags/pipeline_one_off.py for tasks to queue
[2026-01-18T18:47:18.287+0000] {logging_mixin.py:188} INFO - [2026-01-18T18:47:18.287+0000] {dagbag.py:545} INFO - Filling up the DagBag from /opt/airflow/dags/pipeline_one_off.py
[2026-01-18T18:47:18.310+0000] {processor.py:840} INFO - DAG(s) 'pipeline_one_off' retrieved from /opt/airflow/dags/pipeline_one_off.py
[2026-01-18T18:47:18.346+0000] {logging_mixin.py:188} INFO - [2026-01-18T18:47:18.346+0000] {dag.py:3089} INFO - Sync 1 DAGs
[2026-01-18T18:47:18.360+0000] {logging_mixin.py:188} INFO - [2026-01-18T18:47:18.360+0000] {dag.py:3947} INFO - Setting next_dagrun for pipeline_one_off to None, run_after=None
[2026-01-18T18:47:18.381+0000] {processor.py:183} INFO - Processing /opt/airflow/dags/pipeline_one_off.py took 0.104 seconds
[2026-01-18T18:47:48.649+0000] {processor.py:161} INFO - Started process (PID=621) to work on /opt/airflow/dags/pipeline_one_off.py
[2026-01-18T18:47:48.650+0000] {processor.py:830} INFO - Processing file /opt/airflow/dags/pipeline_one_off.py for tasks to queue
[2026-01-18T18:47:48.653+0000] {logging_mixin.py:188} INFO - [2026-01-18T18:47:48.652+0000] {dagbag.py:545} INFO - Filling up the DagBag from /opt/airflow/dags/pipeline_one_off.py
[2026-01-18T18:47:48.676+0000] {processor.py:840} INFO - DAG(s) 'pipeline_one_off' retrieved from /opt/airflow/dags/pipeline_one_off.py
[2026-01-18T18:47:48.715+0000] {logging_mixin.py:188} INFO - [2026-01-18T18:47:48.715+0000] {dag.py:3089} INFO - Sync 1 DAGs
[2026-01-18T18:47:48.730+0000] {logging_mixin.py:188} INFO - [2026-01-18T18:47:48.730+0000] {dag.py:3947} INFO - Setting next_dagrun for pipeline_one_off to None, run_after=None
[2026-01-18T18:47:48.754+0000] {processor.py:183} INFO - Processing /opt/airflow/dags/pipeline_one_off.py took 0.112 seconds
[2026-01-18T18:48:19.029+0000] {processor.py:161} INFO - Started process (PID=631) to work on /opt/airflow/dags/pipeline_one_off.py
[2026-01-18T18:48:19.030+0000] {processor.py:830} INFO - Processing file /opt/airflow/dags/pipeline_one_off.py for tasks to queue
[2026-01-18T18:48:19.033+0000] {logging_mixin.py:188} INFO - [2026-01-18T18:48:19.033+0000] {dagbag.py:545} INFO - Filling up the DagBag from /opt/airflow/dags/pipeline_one_off.py
[2026-01-18T18:48:19.058+0000] {processor.py:840} INFO - DAG(s) 'pipeline_one_off' retrieved from /opt/airflow/dags/pipeline_one_off.py
[2026-01-18T18:48:19.094+0000] {logging_mixin.py:188} INFO - [2026-01-18T18:48:19.094+0000] {dag.py:3089} INFO - Sync 1 DAGs
[2026-01-18T18:48:19.109+0000] {logging_mixin.py:188} INFO - [2026-01-18T18:48:19.108+0000] {dag.py:3947} INFO - Setting next_dagrun for pipeline_one_off to None, run_after=None
[2026-01-18T18:48:19.131+0000] {processor.py:183} INFO - Processing /opt/airflow/dags/pipeline_one_off.py took 0.109 seconds
[2026-01-18T18:48:49.411+0000] {processor.py:161} INFO - Started process (PID=641) to work on /opt/airflow/dags/pipeline_one_off.py
[2026-01-18T18:48:49.412+0000] {processor.py:830} INFO - Processing file /opt/airflow/dags/pipeline_one_off.py for tasks to queue
[2026-01-18T18:48:49.415+0000] {logging_mixin.py:188} INFO - [2026-01-18T18:48:49.415+0000] {dagbag.py:545} INFO - Filling up the DagBag from /opt/airflow/dags/pipeline_one_off.py
[2026-01-18T18:48:49.442+0000] {processor.py:840} INFO - DAG(s) 'pipeline_one_off' retrieved from /opt/airflow/dags/pipeline_one_off.py
[2026-01-18T18:48:49.484+0000] {logging_mixin.py:188} INFO - [2026-01-18T18:48:49.483+0000] {dag.py:3089} INFO - Sync 1 DAGs
[2026-01-18T18:48:49.498+0000] {logging_mixin.py:188} INFO - [2026-01-18T18:48:49.498+0000] {dag.py:3947} INFO - Setting next_dagrun for pipeline_one_off to None, run_after=None
[2026-01-18T18:48:49.527+0000] {processor.py:183} INFO - Processing /opt/airflow/dags/pipeline_one_off.py took 0.123 seconds
[2026-01-18T18:49:19.788+0000] {processor.py:161} INFO - Started process (PID=651) to work on /opt/airflow/dags/pipeline_one_off.py
[2026-01-18T18:49:19.789+0000] {processor.py:830} INFO - Processing file /opt/airflow/dags/pipeline_one_off.py for tasks to queue
[2026-01-18T18:49:19.791+0000] {logging_mixin.py:188} INFO - [2026-01-18T18:49:19.791+0000] {dagbag.py:545} INFO - Filling up the DagBag from /opt/airflow/dags/pipeline_one_off.py
[2026-01-18T18:49:19.818+0000] {processor.py:840} INFO - DAG(s) 'pipeline_one_off' retrieved from /opt/airflow/dags/pipeline_one_off.py
[2026-01-18T18:49:19.856+0000] {logging_mixin.py:188} INFO - [2026-01-18T18:49:19.855+0000] {dag.py:3089} INFO - Sync 1 DAGs
[2026-01-18T18:49:19.870+0000] {logging_mixin.py:188} INFO - [2026-01-18T18:49:19.870+0000] {dag.py:3947} INFO - Setting next_dagrun for pipeline_one_off to None, run_after=None
[2026-01-18T18:49:19.892+0000] {processor.py:183} INFO - Processing /opt/airflow/dags/pipeline_one_off.py took 0.110 seconds
[2026-01-18T18:49:50.174+0000] {processor.py:161} INFO - Started process (PID=661) to work on /opt/airflow/dags/pipeline_one_off.py
[2026-01-18T18:49:50.175+0000] {processor.py:830} INFO - Processing file /opt/airflow/dags/pipeline_one_off.py for tasks to queue
[2026-01-18T18:49:50.177+0000] {logging_mixin.py:188} INFO - [2026-01-18T18:49:50.176+0000] {dagbag.py:545} INFO - Filling up the DagBag from /opt/airflow/dags/pipeline_one_off.py
[2026-01-18T18:49:50.201+0000] {processor.py:840} INFO - DAG(s) 'pipeline_one_off' retrieved from /opt/airflow/dags/pipeline_one_off.py
[2026-01-18T18:49:50.242+0000] {logging_mixin.py:188} INFO - [2026-01-18T18:49:50.242+0000] {dag.py:3089} INFO - Sync 1 DAGs
[2026-01-18T18:49:50.259+0000] {logging_mixin.py:188} INFO - [2026-01-18T18:49:50.259+0000] {dag.py:3947} INFO - Setting next_dagrun for pipeline_one_off to None, run_after=None
[2026-01-18T18:49:50.282+0000] {processor.py:183} INFO - Processing /opt/airflow/dags/pipeline_one_off.py took 0.115 seconds
[2026-01-18T18:50:20.560+0000] {processor.py:161} INFO - Started process (PID=671) to work on /opt/airflow/dags/pipeline_one_off.py
[2026-01-18T18:50:20.561+0000] {processor.py:830} INFO - Processing file /opt/airflow/dags/pipeline_one_off.py for tasks to queue
[2026-01-18T18:50:20.564+0000] {logging_mixin.py:188} INFO - [2026-01-18T18:50:20.564+0000] {dagbag.py:545} INFO - Filling up the DagBag from /opt/airflow/dags/pipeline_one_off.py
[2026-01-18T18:50:20.588+0000] {processor.py:840} INFO - DAG(s) 'pipeline_one_off' retrieved from /opt/airflow/dags/pipeline_one_off.py
[2026-01-18T18:50:20.626+0000] {logging_mixin.py:188} INFO - [2026-01-18T18:50:20.626+0000] {dag.py:3089} INFO - Sync 1 DAGs
[2026-01-18T18:50:20.642+0000] {logging_mixin.py:188} INFO - [2026-01-18T18:50:20.642+0000] {dag.py:3947} INFO - Setting next_dagrun for pipeline_one_off to None, run_after=None
[2026-01-18T18:50:20.664+0000] {processor.py:183} INFO - Processing /opt/airflow/dags/pipeline_one_off.py took 0.110 seconds
[2026-01-18T18:50:50.998+0000] {processor.py:161} INFO - Started process (PID=681) to work on /opt/airflow/dags/pipeline_one_off.py
[2026-01-18T18:50:51.000+0000] {processor.py:830} INFO - Processing file /opt/airflow/dags/pipeline_one_off.py for tasks to queue
[2026-01-18T18:50:51.002+0000] {logging_mixin.py:188} INFO - [2026-01-18T18:50:51.002+0000] {dagbag.py:545} INFO - Filling up the DagBag from /opt/airflow/dags/pipeline_one_off.py
[2026-01-18T18:50:51.026+0000] {processor.py:840} INFO - DAG(s) 'pipeline_one_off' retrieved from /opt/airflow/dags/pipeline_one_off.py
[2026-01-18T18:50:51.066+0000] {logging_mixin.py:188} INFO - [2026-01-18T18:50:51.066+0000] {dag.py:3089} INFO - Sync 1 DAGs
[2026-01-18T18:50:51.082+0000] {logging_mixin.py:188} INFO - [2026-01-18T18:50:51.081+0000] {dag.py:3947} INFO - Setting next_dagrun for pipeline_one_off to None, run_after=None
[2026-01-18T18:50:51.112+0000] {processor.py:183} INFO - Processing /opt/airflow/dags/pipeline_one_off.py took 0.121 seconds
[2026-01-18T18:51:21.388+0000] {processor.py:161} INFO - Started process (PID=691) to work on /opt/airflow/dags/pipeline_one_off.py
[2026-01-18T18:51:21.389+0000] {processor.py:830} INFO - Processing file /opt/airflow/dags/pipeline_one_off.py for tasks to queue
[2026-01-18T18:51:21.392+0000] {logging_mixin.py:188} INFO - [2026-01-18T18:51:21.392+0000] {dagbag.py:545} INFO - Filling up the DagBag from /opt/airflow/dags/pipeline_one_off.py
[2026-01-18T18:51:21.419+0000] {processor.py:840} INFO - DAG(s) 'pipeline_one_off' retrieved from /opt/airflow/dags/pipeline_one_off.py
[2026-01-18T18:51:21.460+0000] {logging_mixin.py:188} INFO - [2026-01-18T18:51:21.460+0000] {dag.py:3089} INFO - Sync 1 DAGs
[2026-01-18T18:51:21.475+0000] {logging_mixin.py:188} INFO - [2026-01-18T18:51:21.474+0000] {dag.py:3947} INFO - Setting next_dagrun for pipeline_one_off to None, run_after=None
[2026-01-18T18:51:21.499+0000] {processor.py:183} INFO - Processing /opt/airflow/dags/pipeline_one_off.py took 0.119 seconds
[2026-01-18T18:51:51.764+0000] {processor.py:161} INFO - Started process (PID=701) to work on /opt/airflow/dags/pipeline_one_off.py
[2026-01-18T18:51:51.766+0000] {processor.py:830} INFO - Processing file /opt/airflow/dags/pipeline_one_off.py for tasks to queue
[2026-01-18T18:51:51.770+0000] {logging_mixin.py:188} INFO - [2026-01-18T18:51:51.769+0000] {dagbag.py:545} INFO - Filling up the DagBag from /opt/airflow/dags/pipeline_one_off.py
[2026-01-18T18:51:51.796+0000] {processor.py:840} INFO - DAG(s) 'pipeline_one_off' retrieved from /opt/airflow/dags/pipeline_one_off.py
[2026-01-18T18:51:51.834+0000] {logging_mixin.py:188} INFO - [2026-01-18T18:51:51.833+0000] {dag.py:3089} INFO - Sync 1 DAGs
[2026-01-18T18:51:51.846+0000] {logging_mixin.py:188} INFO - [2026-01-18T18:51:51.846+0000] {dag.py:3947} INFO - Setting next_dagrun for pipeline_one_off to None, run_after=None
[2026-01-18T18:51:51.870+0000] {processor.py:183} INFO - Processing /opt/airflow/dags/pipeline_one_off.py took 0.112 seconds
[2026-01-18T18:52:22.143+0000] {processor.py:161} INFO - Started process (PID=711) to work on /opt/airflow/dags/pipeline_one_off.py
[2026-01-18T18:52:22.145+0000] {processor.py:830} INFO - Processing file /opt/airflow/dags/pipeline_one_off.py for tasks to queue
[2026-01-18T18:52:22.148+0000] {logging_mixin.py:188} INFO - [2026-01-18T18:52:22.148+0000] {dagbag.py:545} INFO - Filling up the DagBag from /opt/airflow/dags/pipeline_one_off.py
[2026-01-18T18:52:22.172+0000] {processor.py:840} INFO - DAG(s) 'pipeline_one_off' retrieved from /opt/airflow/dags/pipeline_one_off.py
[2026-01-18T18:52:22.212+0000] {logging_mixin.py:188} INFO - [2026-01-18T18:52:22.212+0000] {dag.py:3089} INFO - Sync 1 DAGs
[2026-01-18T18:52:22.227+0000] {logging_mixin.py:188} INFO - [2026-01-18T18:52:22.227+0000] {dag.py:3947} INFO - Setting next_dagrun for pipeline_one_off to None, run_after=None
[2026-01-18T18:52:22.250+0000] {processor.py:183} INFO - Processing /opt/airflow/dags/pipeline_one_off.py took 0.114 seconds
[2026-01-18T18:52:52.549+0000] {processor.py:161} INFO - Started process (PID=721) to work on /opt/airflow/dags/pipeline_one_off.py
[2026-01-18T18:52:52.550+0000] {processor.py:830} INFO - Processing file /opt/airflow/dags/pipeline_one_off.py for tasks to queue
[2026-01-18T18:52:52.553+0000] {logging_mixin.py:188} INFO - [2026-01-18T18:52:52.552+0000] {dagbag.py:545} INFO - Filling up the DagBag from /opt/airflow/dags/pipeline_one_off.py
[2026-01-18T18:52:52.580+0000] {processor.py:840} INFO - DAG(s) 'pipeline_one_off' retrieved from /opt/airflow/dags/pipeline_one_off.py
[2026-01-18T18:52:52.621+0000] {logging_mixin.py:188} INFO - [2026-01-18T18:52:52.621+0000] {dag.py:3089} INFO - Sync 1 DAGs
[2026-01-18T18:52:52.636+0000] {logging_mixin.py:188} INFO - [2026-01-18T18:52:52.636+0000] {dag.py:3947} INFO - Setting next_dagrun for pipeline_one_off to None, run_after=None
[2026-01-18T18:52:52.663+0000] {processor.py:183} INFO - Processing /opt/airflow/dags/pipeline_one_off.py took 0.122 seconds
[2026-01-18T18:53:22.925+0000] {processor.py:161} INFO - Started process (PID=731) to work on /opt/airflow/dags/pipeline_one_off.py
[2026-01-18T18:53:22.927+0000] {processor.py:830} INFO - Processing file /opt/airflow/dags/pipeline_one_off.py for tasks to queue
[2026-01-18T18:53:22.929+0000] {logging_mixin.py:188} INFO - [2026-01-18T18:53:22.929+0000] {dagbag.py:545} INFO - Filling up the DagBag from /opt/airflow/dags/pipeline_one_off.py
[2026-01-18T18:53:22.955+0000] {processor.py:840} INFO - DAG(s) 'pipeline_one_off' retrieved from /opt/airflow/dags/pipeline_one_off.py
[2026-01-18T18:53:22.996+0000] {logging_mixin.py:188} INFO - [2026-01-18T18:53:22.995+0000] {dag.py:3089} INFO - Sync 1 DAGs
[2026-01-18T18:53:23.012+0000] {logging_mixin.py:188} INFO - [2026-01-18T18:53:23.012+0000] {dag.py:3947} INFO - Setting next_dagrun for pipeline_one_off to None, run_after=None
[2026-01-18T18:53:23.038+0000] {processor.py:183} INFO - Processing /opt/airflow/dags/pipeline_one_off.py took 0.121 seconds
[2026-01-18T18:53:53.340+0000] {processor.py:161} INFO - Started process (PID=741) to work on /opt/airflow/dags/pipeline_one_off.py
[2026-01-18T18:53:53.342+0000] {processor.py:830} INFO - Processing file /opt/airflow/dags/pipeline_one_off.py for tasks to queue
[2026-01-18T18:53:53.344+0000] {logging_mixin.py:188} INFO - [2026-01-18T18:53:53.344+0000] {dagbag.py:545} INFO - Filling up the DagBag from /opt/airflow/dags/pipeline_one_off.py
[2026-01-18T18:53:53.370+0000] {processor.py:840} INFO - DAG(s) 'pipeline_one_off' retrieved from /opt/airflow/dags/pipeline_one_off.py
[2026-01-18T18:53:53.410+0000] {logging_mixin.py:188} INFO - [2026-01-18T18:53:53.409+0000] {dag.py:3089} INFO - Sync 1 DAGs
[2026-01-18T18:53:53.426+0000] {logging_mixin.py:188} INFO - [2026-01-18T18:53:53.425+0000] {dag.py:3947} INFO - Setting next_dagrun for pipeline_one_off to None, run_after=None
[2026-01-18T18:53:53.449+0000] {processor.py:183} INFO - Processing /opt/airflow/dags/pipeline_one_off.py took 0.117 seconds
[2026-01-18T18:54:23.714+0000] {processor.py:161} INFO - Started process (PID=751) to work on /opt/airflow/dags/pipeline_one_off.py
[2026-01-18T18:54:23.716+0000] {processor.py:830} INFO - Processing file /opt/airflow/dags/pipeline_one_off.py for tasks to queue
[2026-01-18T18:54:23.717+0000] {logging_mixin.py:188} INFO - [2026-01-18T18:54:23.717+0000] {dagbag.py:545} INFO - Filling up the DagBag from /opt/airflow/dags/pipeline_one_off.py
[2026-01-18T18:54:23.745+0000] {processor.py:840} INFO - DAG(s) 'pipeline_one_off' retrieved from /opt/airflow/dags/pipeline_one_off.py
[2026-01-18T18:54:23.785+0000] {logging_mixin.py:188} INFO - [2026-01-18T18:54:23.785+0000] {dag.py:3089} INFO - Sync 1 DAGs
[2026-01-18T18:54:23.800+0000] {logging_mixin.py:188} INFO - [2026-01-18T18:54:23.799+0000] {dag.py:3947} INFO - Setting next_dagrun for pipeline_one_off to None, run_after=None
[2026-01-18T18:54:23.826+0000] {processor.py:183} INFO - Processing /opt/airflow/dags/pipeline_one_off.py took 0.120 seconds
[2026-01-18T18:54:54.101+0000] {processor.py:161} INFO - Started process (PID=761) to work on /opt/airflow/dags/pipeline_one_off.py
[2026-01-18T18:54:54.102+0000] {processor.py:830} INFO - Processing file /opt/airflow/dags/pipeline_one_off.py for tasks to queue
[2026-01-18T18:54:54.104+0000] {logging_mixin.py:188} INFO - [2026-01-18T18:54:54.104+0000] {dagbag.py:545} INFO - Filling up the DagBag from /opt/airflow/dags/pipeline_one_off.py
[2026-01-18T18:54:54.130+0000] {processor.py:840} INFO - DAG(s) 'pipeline_one_off' retrieved from /opt/airflow/dags/pipeline_one_off.py
[2026-01-18T18:54:54.168+0000] {logging_mixin.py:188} INFO - [2026-01-18T18:54:54.168+0000] {dag.py:3089} INFO - Sync 1 DAGs
[2026-01-18T18:54:54.182+0000] {logging_mixin.py:188} INFO - [2026-01-18T18:54:54.181+0000] {dag.py:3947} INFO - Setting next_dagrun for pipeline_one_off to None, run_after=None
[2026-01-18T18:54:54.206+0000] {processor.py:183} INFO - Processing /opt/airflow/dags/pipeline_one_off.py took 0.111 seconds
[2026-01-18T18:55:00.310+0000] {processor.py:161} INFO - Started process (PID=771) to work on /opt/airflow/dags/pipeline_one_off.py
[2026-01-18T18:55:00.311+0000] {processor.py:830} INFO - Processing file /opt/airflow/dags/pipeline_one_off.py for tasks to queue
[2026-01-18T18:55:00.314+0000] {logging_mixin.py:188} INFO - [2026-01-18T18:55:00.314+0000] {dagbag.py:545} INFO - Filling up the DagBag from /opt/airflow/dags/pipeline_one_off.py
[2026-01-18T18:55:00.354+0000] {processor.py:840} INFO - DAG(s) 'pipeline_one_off' retrieved from /opt/airflow/dags/pipeline_one_off.py
[2026-01-18T18:55:00.397+0000] {logging_mixin.py:188} INFO - [2026-01-18T18:55:00.397+0000] {dag.py:3089} INFO - Sync 1 DAGs
[2026-01-18T18:55:00.414+0000] {logging_mixin.py:188} INFO - [2026-01-18T18:55:00.414+0000] {dag.py:3947} INFO - Setting next_dagrun for pipeline_one_off to None, run_after=None
[2026-01-18T18:55:00.451+0000] {processor.py:183} INFO - Processing /opt/airflow/dags/pipeline_one_off.py took 0.148 seconds
[2026-01-18T18:55:30.699+0000] {processor.py:161} INFO - Started process (PID=781) to work on /opt/airflow/dags/pipeline_one_off.py
[2026-01-18T18:55:30.701+0000] {processor.py:830} INFO - Processing file /opt/airflow/dags/pipeline_one_off.py for tasks to queue
[2026-01-18T18:55:30.703+0000] {logging_mixin.py:188} INFO - [2026-01-18T18:55:30.703+0000] {dagbag.py:545} INFO - Filling up the DagBag from /opt/airflow/dags/pipeline_one_off.py
[2026-01-18T18:55:30.726+0000] {processor.py:840} INFO - DAG(s) 'pipeline_one_off' retrieved from /opt/airflow/dags/pipeline_one_off.py
[2026-01-18T18:55:30.761+0000] {logging_mixin.py:188} INFO - [2026-01-18T18:55:30.761+0000] {dag.py:3089} INFO - Sync 1 DAGs
[2026-01-18T18:55:30.775+0000] {logging_mixin.py:188} INFO - [2026-01-18T18:55:30.775+0000] {dag.py:3947} INFO - Setting next_dagrun for pipeline_one_off to None, run_after=None
[2026-01-18T18:55:30.797+0000] {processor.py:183} INFO - Processing /opt/airflow/dags/pipeline_one_off.py took 0.103 seconds
[2026-01-18T18:56:01.105+0000] {processor.py:161} INFO - Started process (PID=794) to work on /opt/airflow/dags/pipeline_one_off.py
[2026-01-18T18:56:01.106+0000] {processor.py:830} INFO - Processing file /opt/airflow/dags/pipeline_one_off.py for tasks to queue
[2026-01-18T18:56:01.109+0000] {logging_mixin.py:188} INFO - [2026-01-18T18:56:01.109+0000] {dagbag.py:545} INFO - Filling up the DagBag from /opt/airflow/dags/pipeline_one_off.py
[2026-01-18T18:56:01.131+0000] {processor.py:840} INFO - DAG(s) 'pipeline_one_off' retrieved from /opt/airflow/dags/pipeline_one_off.py
[2026-01-18T18:56:01.169+0000] {logging_mixin.py:188} INFO - [2026-01-18T18:56:01.168+0000] {dag.py:3089} INFO - Sync 1 DAGs
[2026-01-18T18:56:01.184+0000] {logging_mixin.py:188} INFO - [2026-01-18T18:56:01.184+0000] {dag.py:3947} INFO - Setting next_dagrun for pipeline_one_off to None, run_after=None
[2026-01-18T18:56:01.209+0000] {processor.py:183} INFO - Processing /opt/airflow/dags/pipeline_one_off.py took 0.110 seconds
[2026-01-18T21:38:47.456+0000] {processor.py:161} INFO - Started process (PID=801) to work on /opt/airflow/dags/pipeline_one_off.py
[2026-01-18T21:38:47.462+0000] {processor.py:830} INFO - Processing file /opt/airflow/dags/pipeline_one_off.py for tasks to queue
[2026-01-18T21:38:47.470+0000] {logging_mixin.py:188} INFO - [2026-01-18T21:38:47.468+0000] {dagbag.py:545} INFO - Filling up the DagBag from /opt/airflow/dags/pipeline_one_off.py
[2026-01-18T21:38:47.581+0000] {processor.py:840} INFO - DAG(s) 'pipeline_one_off' retrieved from /opt/airflow/dags/pipeline_one_off.py
[2026-01-18T21:38:47.776+0000] {logging_mixin.py:188} INFO - [2026-01-18T21:38:47.775+0000] {dag.py:3089} INFO - Sync 1 DAGs
[2026-01-18T21:38:47.853+0000] {logging_mixin.py:188} INFO - [2026-01-18T21:38:47.852+0000] {dag.py:3947} INFO - Setting next_dagrun for pipeline_one_off to None, run_after=None
[2026-01-18T21:38:47.956+0000] {processor.py:183} INFO - Processing /opt/airflow/dags/pipeline_one_off.py took 0.548 seconds
[2026-01-18T21:57:08.149+0000] {processor.py:161} INFO - Started process (PID=817) to work on /opt/airflow/dags/pipeline_one_off.py
[2026-01-18T21:57:08.156+0000] {processor.py:830} INFO - Processing file /opt/airflow/dags/pipeline_one_off.py for tasks to queue
[2026-01-18T21:57:08.174+0000] {logging_mixin.py:188} INFO - [2026-01-18T21:57:08.172+0000] {dagbag.py:545} INFO - Filling up the DagBag from /opt/airflow/dags/pipeline_one_off.py
[2026-01-18T21:57:08.337+0000] {processor.py:840} INFO - DAG(s) 'pipeline_one_off' retrieved from /opt/airflow/dags/pipeline_one_off.py
[2026-01-18T21:57:08.640+0000] {logging_mixin.py:188} INFO - [2026-01-18T21:57:08.637+0000] {dag.py:3089} INFO - Sync 1 DAGs
[2026-01-18T21:57:08.741+0000] {logging_mixin.py:188} INFO - [2026-01-18T21:57:08.740+0000] {dag.py:3947} INFO - Setting next_dagrun for pipeline_one_off to None, run_after=None
[2026-01-18T21:57:08.891+0000] {processor.py:183} INFO - Processing /opt/airflow/dags/pipeline_one_off.py took 0.781 seconds
[2026-01-18T21:59:08.260+0000] {processor.py:161} INFO - Started process (PID=831) to work on /opt/airflow/dags/pipeline_one_off.py
[2026-01-18T21:59:08.262+0000] {processor.py:830} INFO - Processing file /opt/airflow/dags/pipeline_one_off.py for tasks to queue
[2026-01-18T21:59:08.265+0000] {logging_mixin.py:188} INFO - [2026-01-18T21:59:08.265+0000] {dagbag.py:545} INFO - Filling up the DagBag from /opt/airflow/dags/pipeline_one_off.py
[2026-01-18T21:59:08.299+0000] {processor.py:840} INFO - DAG(s) 'pipeline_one_off' retrieved from /opt/airflow/dags/pipeline_one_off.py
[2026-01-18T21:59:08.356+0000] {logging_mixin.py:188} INFO - [2026-01-18T21:59:08.356+0000] {dag.py:3089} INFO - Sync 1 DAGs
[2026-01-18T21:59:08.377+0000] {logging_mixin.py:188} INFO - [2026-01-18T21:59:08.377+0000] {dag.py:3947} INFO - Setting next_dagrun for pipeline_one_off to None, run_after=None
[2026-01-18T21:59:08.479+0000] {processor.py:183} INFO - Processing /opt/airflow/dags/pipeline_one_off.py took 0.230 seconds
[2026-01-18T21:59:38.704+0000] {processor.py:161} INFO - Started process (PID=841) to work on /opt/airflow/dags/pipeline_one_off.py
[2026-01-18T21:59:38.706+0000] {processor.py:830} INFO - Processing file /opt/airflow/dags/pipeline_one_off.py for tasks to queue
[2026-01-18T21:59:38.709+0000] {logging_mixin.py:188} INFO - [2026-01-18T21:59:38.709+0000] {dagbag.py:545} INFO - Filling up the DagBag from /opt/airflow/dags/pipeline_one_off.py
[2026-01-18T21:59:38.743+0000] {processor.py:840} INFO - DAG(s) 'pipeline_one_off' retrieved from /opt/airflow/dags/pipeline_one_off.py
[2026-01-18T21:59:38.802+0000] {logging_mixin.py:188} INFO - [2026-01-18T21:59:38.801+0000] {dag.py:3089} INFO - Sync 1 DAGs
[2026-01-18T21:59:38.828+0000] {logging_mixin.py:188} INFO - [2026-01-18T21:59:38.828+0000] {dag.py:3947} INFO - Setting next_dagrun for pipeline_one_off to None, run_after=None
[2026-01-18T21:59:38.923+0000] {processor.py:183} INFO - Processing /opt/airflow/dags/pipeline_one_off.py took 0.233 seconds
[2026-01-18T22:00:09.188+0000] {processor.py:161} INFO - Started process (PID=854) to work on /opt/airflow/dags/pipeline_one_off.py
[2026-01-18T22:00:09.189+0000] {processor.py:830} INFO - Processing file /opt/airflow/dags/pipeline_one_off.py for tasks to queue
[2026-01-18T22:00:09.193+0000] {logging_mixin.py:188} INFO - [2026-01-18T22:00:09.192+0000] {dagbag.py:545} INFO - Filling up the DagBag from /opt/airflow/dags/pipeline_one_off.py
[2026-01-18T22:00:09.231+0000] {processor.py:840} INFO - DAG(s) 'pipeline_one_off' retrieved from /opt/airflow/dags/pipeline_one_off.py
[2026-01-18T22:00:09.368+0000] {logging_mixin.py:188} INFO - [2026-01-18T22:00:09.367+0000] {dag.py:3089} INFO - Sync 1 DAGs
[2026-01-18T22:00:09.390+0000] {logging_mixin.py:188} INFO - [2026-01-18T22:00:09.389+0000] {dag.py:3947} INFO - Setting next_dagrun for pipeline_one_off to None, run_after=None
[2026-01-18T22:00:09.427+0000] {processor.py:183} INFO - Processing /opt/airflow/dags/pipeline_one_off.py took 0.252 seconds
[2026-01-18T22:00:39.854+0000] {processor.py:161} INFO - Started process (PID=864) to work on /opt/airflow/dags/pipeline_one_off.py
[2026-01-18T22:00:39.856+0000] {processor.py:830} INFO - Processing file /opt/airflow/dags/pipeline_one_off.py for tasks to queue
[2026-01-18T22:00:39.860+0000] {logging_mixin.py:188} INFO - [2026-01-18T22:00:39.860+0000] {dagbag.py:545} INFO - Filling up the DagBag from /opt/airflow/dags/pipeline_one_off.py
[2026-01-18T22:00:39.901+0000] {processor.py:840} INFO - DAG(s) 'pipeline_one_off' retrieved from /opt/airflow/dags/pipeline_one_off.py
[2026-01-18T22:00:39.972+0000] {logging_mixin.py:188} INFO - [2026-01-18T22:00:39.972+0000] {dag.py:3089} INFO - Sync 1 DAGs
[2026-01-18T22:00:40.001+0000] {logging_mixin.py:188} INFO - [2026-01-18T22:00:40.000+0000] {dag.py:3947} INFO - Setting next_dagrun for pipeline_one_off to None, run_after=None
[2026-01-18T22:00:40.093+0000] {processor.py:183} INFO - Processing /opt/airflow/dags/pipeline_one_off.py took 0.253 seconds
[2026-01-18T22:01:10.509+0000] {processor.py:161} INFO - Started process (PID=874) to work on /opt/airflow/dags/pipeline_one_off.py
[2026-01-18T22:01:10.511+0000] {processor.py:830} INFO - Processing file /opt/airflow/dags/pipeline_one_off.py for tasks to queue
[2026-01-18T22:01:10.514+0000] {logging_mixin.py:188} INFO - [2026-01-18T22:01:10.514+0000] {dagbag.py:545} INFO - Filling up the DagBag from /opt/airflow/dags/pipeline_one_off.py
[2026-01-18T22:01:10.550+0000] {processor.py:840} INFO - DAG(s) 'pipeline_one_off' retrieved from /opt/airflow/dags/pipeline_one_off.py
[2026-01-18T22:01:10.621+0000] {logging_mixin.py:188} INFO - [2026-01-18T22:01:10.621+0000] {dag.py:3089} INFO - Sync 1 DAGs
[2026-01-18T22:01:10.647+0000] {logging_mixin.py:188} INFO - [2026-01-18T22:01:10.646+0000] {dag.py:3947} INFO - Setting next_dagrun for pipeline_one_off to None, run_after=None
[2026-01-18T22:01:10.754+0000] {processor.py:183} INFO - Processing /opt/airflow/dags/pipeline_one_off.py took 0.256 seconds
[2026-01-18T22:01:40.871+0000] {processor.py:161} INFO - Started process (PID=884) to work on /opt/airflow/dags/pipeline_one_off.py
[2026-01-18T22:01:40.873+0000] {processor.py:830} INFO - Processing file /opt/airflow/dags/pipeline_one_off.py for tasks to queue
[2026-01-18T22:01:40.877+0000] {logging_mixin.py:188} INFO - [2026-01-18T22:01:40.876+0000] {dagbag.py:545} INFO - Filling up the DagBag from /opt/airflow/dags/pipeline_one_off.py
[2026-01-18T22:01:40.917+0000] {processor.py:840} INFO - DAG(s) 'pipeline_one_off' retrieved from /opt/airflow/dags/pipeline_one_off.py
[2026-01-18T22:01:40.983+0000] {logging_mixin.py:188} INFO - [2026-01-18T22:01:40.983+0000] {dag.py:3089} INFO - Sync 1 DAGs
[2026-01-18T22:01:41.007+0000] {logging_mixin.py:188} INFO - [2026-01-18T22:01:41.007+0000] {dag.py:3947} INFO - Setting next_dagrun for pipeline_one_off to None, run_after=None
[2026-01-18T22:01:41.115+0000] {processor.py:183} INFO - Processing /opt/airflow/dags/pipeline_one_off.py took 0.258 seconds
[2026-01-18T22:02:11.693+0000] {processor.py:161} INFO - Started process (PID=894) to work on /opt/airflow/dags/pipeline_one_off.py
[2026-01-18T22:02:11.696+0000] {processor.py:830} INFO - Processing file /opt/airflow/dags/pipeline_one_off.py for tasks to queue
[2026-01-18T22:02:11.705+0000] {logging_mixin.py:188} INFO - [2026-01-18T22:02:11.704+0000] {dagbag.py:545} INFO - Filling up the DagBag from /opt/airflow/dags/pipeline_one_off.py
[2026-01-18T22:02:11.756+0000] {processor.py:840} INFO - DAG(s) 'pipeline_one_off' retrieved from /opt/airflow/dags/pipeline_one_off.py
[2026-01-18T22:02:11.862+0000] {logging_mixin.py:188} INFO - [2026-01-18T22:02:11.861+0000] {dag.py:3089} INFO - Sync 1 DAGs
[2026-01-18T22:02:11.893+0000] {logging_mixin.py:188} INFO - [2026-01-18T22:02:11.892+0000] {dag.py:3947} INFO - Setting next_dagrun for pipeline_one_off to None, run_after=None
[2026-01-18T22:02:11.961+0000] {processor.py:183} INFO - Processing /opt/airflow/dags/pipeline_one_off.py took 0.283 seconds
[2026-01-18T22:02:42.398+0000] {processor.py:161} INFO - Started process (PID=904) to work on /opt/airflow/dags/pipeline_one_off.py
[2026-01-18T22:02:42.400+0000] {processor.py:830} INFO - Processing file /opt/airflow/dags/pipeline_one_off.py for tasks to queue
[2026-01-18T22:02:42.404+0000] {logging_mixin.py:188} INFO - [2026-01-18T22:02:42.403+0000] {dagbag.py:545} INFO - Filling up the DagBag from /opt/airflow/dags/pipeline_one_off.py
[2026-01-18T22:02:42.440+0000] {processor.py:840} INFO - DAG(s) 'pipeline_one_off' retrieved from /opt/airflow/dags/pipeline_one_off.py
[2026-01-18T22:02:42.511+0000] {logging_mixin.py:188} INFO - [2026-01-18T22:02:42.510+0000] {dag.py:3089} INFO - Sync 1 DAGs
[2026-01-18T22:02:42.536+0000] {logging_mixin.py:188} INFO - [2026-01-18T22:02:42.536+0000] {dag.py:3947} INFO - Setting next_dagrun for pipeline_one_off to None, run_after=None
[2026-01-18T22:02:42.627+0000] {processor.py:183} INFO - Processing /opt/airflow/dags/pipeline_one_off.py took 0.242 seconds
[2026-01-18T22:03:12.771+0000] {processor.py:161} INFO - Started process (PID=914) to work on /opt/airflow/dags/pipeline_one_off.py
[2026-01-18T22:03:12.772+0000] {processor.py:830} INFO - Processing file /opt/airflow/dags/pipeline_one_off.py for tasks to queue
[2026-01-18T22:03:12.776+0000] {logging_mixin.py:188} INFO - [2026-01-18T22:03:12.775+0000] {dagbag.py:545} INFO - Filling up the DagBag from /opt/airflow/dags/pipeline_one_off.py
[2026-01-18T22:03:12.811+0000] {processor.py:840} INFO - DAG(s) 'pipeline_one_off' retrieved from /opt/airflow/dags/pipeline_one_off.py
[2026-01-18T22:03:12.920+0000] {logging_mixin.py:188} INFO - [2026-01-18T22:03:12.919+0000] {dag.py:3089} INFO - Sync 1 DAGs
[2026-01-18T22:03:12.952+0000] {logging_mixin.py:188} INFO - [2026-01-18T22:03:12.952+0000] {dag.py:3947} INFO - Setting next_dagrun for pipeline_one_off to None, run_after=None
[2026-01-18T22:03:12.991+0000] {processor.py:183} INFO - Processing /opt/airflow/dags/pipeline_one_off.py took 0.231 seconds
[2026-01-18T22:03:43.429+0000] {processor.py:161} INFO - Started process (PID=924) to work on /opt/airflow/dags/pipeline_one_off.py
[2026-01-18T22:03:43.432+0000] {processor.py:830} INFO - Processing file /opt/airflow/dags/pipeline_one_off.py for tasks to queue
[2026-01-18T22:03:43.435+0000] {logging_mixin.py:188} INFO - [2026-01-18T22:03:43.435+0000] {dagbag.py:545} INFO - Filling up the DagBag from /opt/airflow/dags/pipeline_one_off.py
[2026-01-18T22:03:43.472+0000] {processor.py:840} INFO - DAG(s) 'pipeline_one_off' retrieved from /opt/airflow/dags/pipeline_one_off.py
[2026-01-18T22:03:43.539+0000] {logging_mixin.py:188} INFO - [2026-01-18T22:03:43.538+0000] {dag.py:3089} INFO - Sync 1 DAGs
[2026-01-18T22:03:43.562+0000] {logging_mixin.py:188} INFO - [2026-01-18T22:03:43.562+0000] {dag.py:3947} INFO - Setting next_dagrun for pipeline_one_off to None, run_after=None
[2026-01-18T22:03:43.670+0000] {processor.py:183} INFO - Processing /opt/airflow/dags/pipeline_one_off.py took 0.254 seconds
[2026-01-18T22:04:13.790+0000] {processor.py:161} INFO - Started process (PID=934) to work on /opt/airflow/dags/pipeline_one_off.py
[2026-01-18T22:04:13.792+0000] {processor.py:830} INFO - Processing file /opt/airflow/dags/pipeline_one_off.py for tasks to queue
[2026-01-18T22:04:13.796+0000] {logging_mixin.py:188} INFO - [2026-01-18T22:04:13.795+0000] {dagbag.py:545} INFO - Filling up the DagBag from /opt/airflow/dags/pipeline_one_off.py
[2026-01-18T22:04:13.839+0000] {processor.py:840} INFO - DAG(s) 'pipeline_one_off' retrieved from /opt/airflow/dags/pipeline_one_off.py
[2026-01-18T22:04:13.908+0000] {logging_mixin.py:188} INFO - [2026-01-18T22:04:13.908+0000] {dag.py:3089} INFO - Sync 1 DAGs
[2026-01-18T22:04:13.934+0000] {logging_mixin.py:188} INFO - [2026-01-18T22:04:13.933+0000] {dag.py:3947} INFO - Setting next_dagrun for pipeline_one_off to None, run_after=None
[2026-01-18T22:04:13.972+0000] {processor.py:183} INFO - Processing /opt/airflow/dags/pipeline_one_off.py took 0.196 seconds
[2026-01-18T22:04:44.364+0000] {processor.py:161} INFO - Started process (PID=944) to work on /opt/airflow/dags/pipeline_one_off.py
[2026-01-18T22:04:44.366+0000] {processor.py:830} INFO - Processing file /opt/airflow/dags/pipeline_one_off.py for tasks to queue
[2026-01-18T22:04:44.370+0000] {logging_mixin.py:188} INFO - [2026-01-18T22:04:44.369+0000] {dagbag.py:545} INFO - Filling up the DagBag from /opt/airflow/dags/pipeline_one_off.py
[2026-01-18T22:04:44.411+0000] {processor.py:840} INFO - DAG(s) 'pipeline_one_off' retrieved from /opt/airflow/dags/pipeline_one_off.py
[2026-01-18T22:04:44.554+0000] {logging_mixin.py:188} INFO - [2026-01-18T22:04:44.554+0000] {dag.py:3089} INFO - Sync 1 DAGs
[2026-01-18T22:04:44.595+0000] {logging_mixin.py:188} INFO - [2026-01-18T22:04:44.593+0000] {dag.py:3947} INFO - Setting next_dagrun for pipeline_one_off to None, run_after=None
[2026-01-18T22:04:44.694+0000] {processor.py:183} INFO - Processing /opt/airflow/dags/pipeline_one_off.py took 0.342 seconds
[2026-01-18T22:05:15.120+0000] {processor.py:161} INFO - Started process (PID=954) to work on /opt/airflow/dags/pipeline_one_off.py
[2026-01-18T22:05:15.123+0000] {processor.py:830} INFO - Processing file /opt/airflow/dags/pipeline_one_off.py for tasks to queue
[2026-01-18T22:05:15.127+0000] {logging_mixin.py:188} INFO - [2026-01-18T22:05:15.126+0000] {dagbag.py:545} INFO - Filling up the DagBag from /opt/airflow/dags/pipeline_one_off.py
[2026-01-18T22:05:15.164+0000] {processor.py:840} INFO - DAG(s) 'pipeline_one_off' retrieved from /opt/airflow/dags/pipeline_one_off.py
[2026-01-18T22:05:15.230+0000] {logging_mixin.py:188} INFO - [2026-01-18T22:05:15.230+0000] {dag.py:3089} INFO - Sync 1 DAGs
[2026-01-18T22:05:15.258+0000] {logging_mixin.py:188} INFO - [2026-01-18T22:05:15.257+0000] {dag.py:3947} INFO - Setting next_dagrun for pipeline_one_off to None, run_after=None
[2026-01-18T22:05:15.293+0000] {processor.py:183} INFO - Processing /opt/airflow/dags/pipeline_one_off.py took 0.184 seconds
[2026-01-18T22:05:45.687+0000] {processor.py:161} INFO - Started process (PID=964) to work on /opt/airflow/dags/pipeline_one_off.py
[2026-01-18T22:05:45.689+0000] {processor.py:830} INFO - Processing file /opt/airflow/dags/pipeline_one_off.py for tasks to queue
[2026-01-18T22:05:45.692+0000] {logging_mixin.py:188} INFO - [2026-01-18T22:05:45.692+0000] {dagbag.py:545} INFO - Filling up the DagBag from /opt/airflow/dags/pipeline_one_off.py
[2026-01-18T22:05:45.730+0000] {processor.py:840} INFO - DAG(s) 'pipeline_one_off' retrieved from /opt/airflow/dags/pipeline_one_off.py
[2026-01-18T22:05:45.797+0000] {logging_mixin.py:188} INFO - [2026-01-18T22:05:45.797+0000] {dag.py:3089} INFO - Sync 1 DAGs
[2026-01-18T22:05:45.825+0000] {logging_mixin.py:188} INFO - [2026-01-18T22:05:45.824+0000] {dag.py:3947} INFO - Setting next_dagrun for pipeline_one_off to None, run_after=None
[2026-01-18T22:05:45.864+0000] {processor.py:183} INFO - Processing /opt/airflow/dags/pipeline_one_off.py took 0.190 seconds
[2026-01-18T22:06:16.270+0000] {processor.py:161} INFO - Started process (PID=974) to work on /opt/airflow/dags/pipeline_one_off.py
[2026-01-18T22:06:16.273+0000] {processor.py:830} INFO - Processing file /opt/airflow/dags/pipeline_one_off.py for tasks to queue
[2026-01-18T22:06:16.278+0000] {logging_mixin.py:188} INFO - [2026-01-18T22:06:16.277+0000] {dagbag.py:545} INFO - Filling up the DagBag from /opt/airflow/dags/pipeline_one_off.py
[2026-01-18T22:06:16.313+0000] {processor.py:840} INFO - DAG(s) 'pipeline_one_off' retrieved from /opt/airflow/dags/pipeline_one_off.py
[2026-01-18T22:06:16.376+0000] {logging_mixin.py:188} INFO - [2026-01-18T22:06:16.375+0000] {dag.py:3089} INFO - Sync 1 DAGs
[2026-01-18T22:06:16.396+0000] {logging_mixin.py:188} INFO - [2026-01-18T22:06:16.396+0000] {dag.py:3947} INFO - Setting next_dagrun for pipeline_one_off to None, run_after=None
[2026-01-18T22:06:16.484+0000] {processor.py:183} INFO - Processing /opt/airflow/dags/pipeline_one_off.py took 0.230 seconds
[2026-01-18T22:06:46.640+0000] {processor.py:161} INFO - Started process (PID=984) to work on /opt/airflow/dags/pipeline_one_off.py
[2026-01-18T22:06:46.642+0000] {processor.py:830} INFO - Processing file /opt/airflow/dags/pipeline_one_off.py for tasks to queue
[2026-01-18T22:06:46.646+0000] {logging_mixin.py:188} INFO - [2026-01-18T22:06:46.645+0000] {dagbag.py:545} INFO - Filling up the DagBag from /opt/airflow/dags/pipeline_one_off.py
[2026-01-18T22:06:46.687+0000] {processor.py:840} INFO - DAG(s) 'pipeline_one_off' retrieved from /opt/airflow/dags/pipeline_one_off.py
[2026-01-18T22:06:46.749+0000] {logging_mixin.py:188} INFO - [2026-01-18T22:06:46.749+0000] {dag.py:3089} INFO - Sync 1 DAGs
[2026-01-18T22:06:46.775+0000] {logging_mixin.py:188} INFO - [2026-01-18T22:06:46.774+0000] {dag.py:3947} INFO - Setting next_dagrun for pipeline_one_off to None, run_after=None
[2026-01-18T22:06:46.809+0000] {processor.py:183} INFO - Processing /opt/airflow/dags/pipeline_one_off.py took 0.180 seconds
[2026-01-18T22:07:17.324+0000] {processor.py:161} INFO - Started process (PID=1000) to work on /opt/airflow/dags/pipeline_one_off.py
[2026-01-18T22:07:17.326+0000] {processor.py:830} INFO - Processing file /opt/airflow/dags/pipeline_one_off.py for tasks to queue
[2026-01-18T22:07:17.330+0000] {logging_mixin.py:188} INFO - [2026-01-18T22:07:17.329+0000] {dagbag.py:545} INFO - Filling up the DagBag from /opt/airflow/dags/pipeline_one_off.py
[2026-01-18T22:07:17.365+0000] {processor.py:840} INFO - DAG(s) 'pipeline_one_off' retrieved from /opt/airflow/dags/pipeline_one_off.py
[2026-01-18T22:07:17.432+0000] {logging_mixin.py:188} INFO - [2026-01-18T22:07:17.431+0000] {dag.py:3089} INFO - Sync 1 DAGs
[2026-01-18T22:07:17.457+0000] {logging_mixin.py:188} INFO - [2026-01-18T22:07:17.456+0000] {dag.py:3947} INFO - Setting next_dagrun for pipeline_one_off to None, run_after=None
[2026-01-18T22:07:17.567+0000] {processor.py:183} INFO - Processing /opt/airflow/dags/pipeline_one_off.py took 0.256 seconds
[2026-01-18T22:07:47.714+0000] {processor.py:161} INFO - Started process (PID=1010) to work on /opt/airflow/dags/pipeline_one_off.py
[2026-01-18T22:07:47.716+0000] {processor.py:830} INFO - Processing file /opt/airflow/dags/pipeline_one_off.py for tasks to queue
[2026-01-18T22:07:47.720+0000] {logging_mixin.py:188} INFO - [2026-01-18T22:07:47.720+0000] {dagbag.py:545} INFO - Filling up the DagBag from /opt/airflow/dags/pipeline_one_off.py
[2026-01-18T22:07:47.759+0000] {processor.py:840} INFO - DAG(s) 'pipeline_one_off' retrieved from /opt/airflow/dags/pipeline_one_off.py
[2026-01-18T22:07:47.828+0000] {logging_mixin.py:188} INFO - [2026-01-18T22:07:47.828+0000] {dag.py:3089} INFO - Sync 1 DAGs
[2026-01-18T22:07:47.855+0000] {logging_mixin.py:188} INFO - [2026-01-18T22:07:47.855+0000] {dag.py:3947} INFO - Setting next_dagrun for pipeline_one_off to None, run_after=None
[2026-01-18T22:07:47.891+0000] {processor.py:183} INFO - Processing /opt/airflow/dags/pipeline_one_off.py took 0.189 seconds
[2026-01-18T22:08:18.379+0000] {processor.py:161} INFO - Started process (PID=1020) to work on /opt/airflow/dags/pipeline_one_off.py
[2026-01-18T22:08:18.381+0000] {processor.py:830} INFO - Processing file /opt/airflow/dags/pipeline_one_off.py for tasks to queue
[2026-01-18T22:08:18.386+0000] {logging_mixin.py:188} INFO - [2026-01-18T22:08:18.385+0000] {dagbag.py:545} INFO - Filling up the DagBag from /opt/airflow/dags/pipeline_one_off.py
[2026-01-18T22:08:18.427+0000] {processor.py:840} INFO - DAG(s) 'pipeline_one_off' retrieved from /opt/airflow/dags/pipeline_one_off.py
[2026-01-18T22:08:18.498+0000] {logging_mixin.py:188} INFO - [2026-01-18T22:08:18.498+0000] {dag.py:3089} INFO - Sync 1 DAGs
[2026-01-18T22:08:18.522+0000] {logging_mixin.py:188} INFO - [2026-01-18T22:08:18.521+0000] {dag.py:3947} INFO - Setting next_dagrun for pipeline_one_off to None, run_after=None
[2026-01-18T22:08:18.563+0000] {processor.py:183} INFO - Processing /opt/airflow/dags/pipeline_one_off.py took 0.201 seconds
[2026-01-18T22:08:49.011+0000] {processor.py:161} INFO - Started process (PID=1030) to work on /opt/airflow/dags/pipeline_one_off.py
[2026-01-18T22:08:49.013+0000] {processor.py:830} INFO - Processing file /opt/airflow/dags/pipeline_one_off.py for tasks to queue
[2026-01-18T22:08:49.017+0000] {logging_mixin.py:188} INFO - [2026-01-18T22:08:49.016+0000] {dagbag.py:545} INFO - Filling up the DagBag from /opt/airflow/dags/pipeline_one_off.py
[2026-01-18T22:08:49.059+0000] {processor.py:840} INFO - DAG(s) 'pipeline_one_off' retrieved from /opt/airflow/dags/pipeline_one_off.py
[2026-01-18T22:08:49.126+0000] {logging_mixin.py:188} INFO - [2026-01-18T22:08:49.126+0000] {dag.py:3089} INFO - Sync 1 DAGs
[2026-01-18T22:08:49.150+0000] {logging_mixin.py:188} INFO - [2026-01-18T22:08:49.150+0000] {dag.py:3947} INFO - Setting next_dagrun for pipeline_one_off to None, run_after=None
[2026-01-18T22:08:49.257+0000] {processor.py:183} INFO - Processing /opt/airflow/dags/pipeline_one_off.py took 0.261 seconds
[2026-01-18T22:09:19.430+0000] {processor.py:161} INFO - Started process (PID=1040) to work on /opt/airflow/dags/pipeline_one_off.py
[2026-01-18T22:09:19.432+0000] {processor.py:830} INFO - Processing file /opt/airflow/dags/pipeline_one_off.py for tasks to queue
[2026-01-18T22:09:19.436+0000] {logging_mixin.py:188} INFO - [2026-01-18T22:09:19.435+0000] {dagbag.py:545} INFO - Filling up the DagBag from /opt/airflow/dags/pipeline_one_off.py
[2026-01-18T22:09:19.475+0000] {processor.py:840} INFO - DAG(s) 'pipeline_one_off' retrieved from /opt/airflow/dags/pipeline_one_off.py
[2026-01-18T22:09:19.543+0000] {logging_mixin.py:188} INFO - [2026-01-18T22:09:19.542+0000] {dag.py:3089} INFO - Sync 1 DAGs
[2026-01-18T22:09:19.572+0000] {logging_mixin.py:188} INFO - [2026-01-18T22:09:19.572+0000] {dag.py:3947} INFO - Setting next_dagrun for pipeline_one_off to None, run_after=None
[2026-01-18T22:09:19.608+0000] {processor.py:183} INFO - Processing /opt/airflow/dags/pipeline_one_off.py took 0.191 seconds
[2026-01-18T22:09:50.035+0000] {processor.py:161} INFO - Started process (PID=1050) to work on /opt/airflow/dags/pipeline_one_off.py
[2026-01-18T22:09:50.038+0000] {processor.py:830} INFO - Processing file /opt/airflow/dags/pipeline_one_off.py for tasks to queue
[2026-01-18T22:09:50.041+0000] {logging_mixin.py:188} INFO - [2026-01-18T22:09:50.041+0000] {dagbag.py:545} INFO - Filling up the DagBag from /opt/airflow/dags/pipeline_one_off.py
[2026-01-18T22:09:50.085+0000] {processor.py:840} INFO - DAG(s) 'pipeline_one_off' retrieved from /opt/airflow/dags/pipeline_one_off.py
[2026-01-18T22:09:50.156+0000] {logging_mixin.py:188} INFO - [2026-01-18T22:09:50.156+0000] {dag.py:3089} INFO - Sync 1 DAGs
[2026-01-18T22:09:50.183+0000] {logging_mixin.py:188} INFO - [2026-01-18T22:09:50.183+0000] {dag.py:3947} INFO - Setting next_dagrun for pipeline_one_off to None, run_after=None
[2026-01-18T22:09:50.293+0000] {processor.py:183} INFO - Processing /opt/airflow/dags/pipeline_one_off.py took 0.270 seconds
[2026-01-18T22:10:20.435+0000] {processor.py:161} INFO - Started process (PID=1063) to work on /opt/airflow/dags/pipeline_one_off.py
[2026-01-18T22:10:20.437+0000] {processor.py:830} INFO - Processing file /opt/airflow/dags/pipeline_one_off.py for tasks to queue
[2026-01-18T22:10:20.441+0000] {logging_mixin.py:188} INFO - [2026-01-18T22:10:20.441+0000] {dagbag.py:545} INFO - Filling up the DagBag from /opt/airflow/dags/pipeline_one_off.py
[2026-01-18T22:10:20.486+0000] {processor.py:840} INFO - DAG(s) 'pipeline_one_off' retrieved from /opt/airflow/dags/pipeline_one_off.py
[2026-01-18T22:10:20.570+0000] {logging_mixin.py:188} INFO - [2026-01-18T22:10:20.570+0000] {dag.py:3089} INFO - Sync 1 DAGs
[2026-01-18T22:10:20.599+0000] {logging_mixin.py:188} INFO - [2026-01-18T22:10:20.598+0000] {dag.py:3947} INFO - Setting next_dagrun for pipeline_one_off to None, run_after=None
[2026-01-18T22:10:20.707+0000] {processor.py:183} INFO - Processing /opt/airflow/dags/pipeline_one_off.py took 0.288 seconds
[2026-01-18T22:10:51.004+0000] {processor.py:161} INFO - Started process (PID=1073) to work on /opt/airflow/dags/pipeline_one_off.py
[2026-01-18T22:10:51.006+0000] {processor.py:830} INFO - Processing file /opt/airflow/dags/pipeline_one_off.py for tasks to queue
[2026-01-18T22:10:51.010+0000] {logging_mixin.py:188} INFO - [2026-01-18T22:10:51.009+0000] {dagbag.py:545} INFO - Filling up the DagBag from /opt/airflow/dags/pipeline_one_off.py
[2026-01-18T22:10:51.052+0000] {processor.py:840} INFO - DAG(s) 'pipeline_one_off' retrieved from /opt/airflow/dags/pipeline_one_off.py
[2026-01-18T22:10:51.123+0000] {logging_mixin.py:188} INFO - [2026-01-18T22:10:51.122+0000] {dag.py:3089} INFO - Sync 1 DAGs
[2026-01-18T22:10:51.150+0000] {logging_mixin.py:188} INFO - [2026-01-18T22:10:51.150+0000] {dag.py:3947} INFO - Setting next_dagrun for pipeline_one_off to None, run_after=None
[2026-01-18T22:10:51.184+0000] {processor.py:183} INFO - Processing /opt/airflow/dags/pipeline_one_off.py took 0.194 seconds
[2026-01-18T22:11:21.616+0000] {processor.py:161} INFO - Started process (PID=1083) to work on /opt/airflow/dags/pipeline_one_off.py
[2026-01-18T22:11:21.620+0000] {processor.py:830} INFO - Processing file /opt/airflow/dags/pipeline_one_off.py for tasks to queue
[2026-01-18T22:11:21.624+0000] {logging_mixin.py:188} INFO - [2026-01-18T22:11:21.623+0000] {dagbag.py:545} INFO - Filling up the DagBag from /opt/airflow/dags/pipeline_one_off.py
[2026-01-18T22:11:21.669+0000] {processor.py:840} INFO - DAG(s) 'pipeline_one_off' retrieved from /opt/airflow/dags/pipeline_one_off.py
[2026-01-18T22:11:21.742+0000] {logging_mixin.py:188} INFO - [2026-01-18T22:11:21.741+0000] {dag.py:3089} INFO - Sync 1 DAGs
[2026-01-18T22:11:21.769+0000] {logging_mixin.py:188} INFO - [2026-01-18T22:11:21.768+0000] {dag.py:3947} INFO - Setting next_dagrun for pipeline_one_off to None, run_after=None
[2026-01-18T22:11:21.875+0000] {processor.py:183} INFO - Processing /opt/airflow/dags/pipeline_one_off.py took 0.278 seconds
[2026-01-18T22:11:52.022+0000] {processor.py:161} INFO - Started process (PID=1093) to work on /opt/airflow/dags/pipeline_one_off.py
[2026-01-18T22:11:52.024+0000] {processor.py:830} INFO - Processing file /opt/airflow/dags/pipeline_one_off.py for tasks to queue
[2026-01-18T22:11:52.029+0000] {logging_mixin.py:188} INFO - [2026-01-18T22:11:52.028+0000] {dagbag.py:545} INFO - Filling up the DagBag from /opt/airflow/dags/pipeline_one_off.py
[2026-01-18T22:11:52.070+0000] {processor.py:840} INFO - DAG(s) 'pipeline_one_off' retrieved from /opt/airflow/dags/pipeline_one_off.py
[2026-01-18T22:11:52.191+0000] {logging_mixin.py:188} INFO - [2026-01-18T22:11:52.191+0000] {dag.py:3089} INFO - Sync 1 DAGs
[2026-01-18T22:11:52.217+0000] {logging_mixin.py:188} INFO - [2026-01-18T22:11:52.217+0000] {dag.py:3947} INFO - Setting next_dagrun for pipeline_one_off to None, run_after=None
[2026-01-18T22:11:52.337+0000] {processor.py:183} INFO - Processing /opt/airflow/dags/pipeline_one_off.py took 0.331 seconds
[2026-01-18T22:12:22.674+0000] {processor.py:161} INFO - Started process (PID=1103) to work on /opt/airflow/dags/pipeline_one_off.py
[2026-01-18T22:12:22.680+0000] {processor.py:830} INFO - Processing file /opt/airflow/dags/pipeline_one_off.py for tasks to queue
[2026-01-18T22:12:22.686+0000] {logging_mixin.py:188} INFO - [2026-01-18T22:12:22.685+0000] {dagbag.py:545} INFO - Filling up the DagBag from /opt/airflow/dags/pipeline_one_off.py
[2026-01-18T22:12:22.728+0000] {processor.py:840} INFO - DAG(s) 'pipeline_one_off' retrieved from /opt/airflow/dags/pipeline_one_off.py
[2026-01-18T22:12:22.796+0000] {logging_mixin.py:188} INFO - [2026-01-18T22:12:22.795+0000] {dag.py:3089} INFO - Sync 1 DAGs
[2026-01-18T22:12:22.822+0000] {logging_mixin.py:188} INFO - [2026-01-18T22:12:22.822+0000] {dag.py:3947} INFO - Setting next_dagrun for pipeline_one_off to None, run_after=None
[2026-01-18T22:12:22.931+0000] {processor.py:183} INFO - Processing /opt/airflow/dags/pipeline_one_off.py took 0.278 seconds
[2026-01-18T22:12:53.191+0000] {processor.py:161} INFO - Started process (PID=1113) to work on /opt/airflow/dags/pipeline_one_off.py
[2026-01-18T22:12:53.193+0000] {processor.py:830} INFO - Processing file /opt/airflow/dags/pipeline_one_off.py for tasks to queue
[2026-01-18T22:12:53.197+0000] {logging_mixin.py:188} INFO - [2026-01-18T22:12:53.196+0000] {dagbag.py:545} INFO - Filling up the DagBag from /opt/airflow/dags/pipeline_one_off.py
[2026-01-18T22:12:53.242+0000] {processor.py:840} INFO - DAG(s) 'pipeline_one_off' retrieved from /opt/airflow/dags/pipeline_one_off.py
[2026-01-18T22:12:53.329+0000] {logging_mixin.py:188} INFO - [2026-01-18T22:12:53.329+0000] {dag.py:3089} INFO - Sync 1 DAGs
[2026-01-18T22:12:53.358+0000] {logging_mixin.py:188} INFO - [2026-01-18T22:12:53.357+0000] {dag.py:3947} INFO - Setting next_dagrun for pipeline_one_off to None, run_after=None
[2026-01-18T22:12:53.425+0000] {processor.py:183} INFO - Processing /opt/airflow/dags/pipeline_one_off.py took 0.247 seconds
[2026-01-18T22:13:23.837+0000] {processor.py:161} INFO - Started process (PID=1123) to work on /opt/airflow/dags/pipeline_one_off.py
[2026-01-18T22:13:23.839+0000] {processor.py:830} INFO - Processing file /opt/airflow/dags/pipeline_one_off.py for tasks to queue
[2026-01-18T22:13:23.842+0000] {logging_mixin.py:188} INFO - [2026-01-18T22:13:23.842+0000] {dagbag.py:545} INFO - Filling up the DagBag from /opt/airflow/dags/pipeline_one_off.py
[2026-01-18T22:13:23.878+0000] {processor.py:840} INFO - DAG(s) 'pipeline_one_off' retrieved from /opt/airflow/dags/pipeline_one_off.py
[2026-01-18T22:13:23.949+0000] {logging_mixin.py:188} INFO - [2026-01-18T22:13:23.949+0000] {dag.py:3089} INFO - Sync 1 DAGs
[2026-01-18T22:13:23.976+0000] {logging_mixin.py:188} INFO - [2026-01-18T22:13:23.976+0000] {dag.py:3947} INFO - Setting next_dagrun for pipeline_one_off to None, run_after=None
[2026-01-18T22:13:24.081+0000] {processor.py:183} INFO - Processing /opt/airflow/dags/pipeline_one_off.py took 0.257 seconds
[2026-01-18T22:13:54.184+0000] {processor.py:161} INFO - Started process (PID=1133) to work on /opt/airflow/dags/pipeline_one_off.py
[2026-01-18T22:13:54.186+0000] {processor.py:830} INFO - Processing file /opt/airflow/dags/pipeline_one_off.py for tasks to queue
[2026-01-18T22:13:54.190+0000] {logging_mixin.py:188} INFO - [2026-01-18T22:13:54.190+0000] {dagbag.py:545} INFO - Filling up the DagBag from /opt/airflow/dags/pipeline_one_off.py
[2026-01-18T22:13:54.231+0000] {processor.py:840} INFO - DAG(s) 'pipeline_one_off' retrieved from /opt/airflow/dags/pipeline_one_off.py
[2026-01-18T22:13:54.298+0000] {logging_mixin.py:188} INFO - [2026-01-18T22:13:54.298+0000] {dag.py:3089} INFO - Sync 1 DAGs
[2026-01-18T22:13:54.323+0000] {logging_mixin.py:188} INFO - [2026-01-18T22:13:54.322+0000] {dag.py:3947} INFO - Setting next_dagrun for pipeline_one_off to None, run_after=None
[2026-01-18T22:13:54.362+0000] {processor.py:183} INFO - Processing /opt/airflow/dags/pipeline_one_off.py took 0.192 seconds
[2026-01-18T22:14:24.756+0000] {processor.py:161} INFO - Started process (PID=1143) to work on /opt/airflow/dags/pipeline_one_off.py
[2026-01-18T22:14:24.758+0000] {processor.py:830} INFO - Processing file /opt/airflow/dags/pipeline_one_off.py for tasks to queue
[2026-01-18T22:14:24.761+0000] {logging_mixin.py:188} INFO - [2026-01-18T22:14:24.760+0000] {dagbag.py:545} INFO - Filling up the DagBag from /opt/airflow/dags/pipeline_one_off.py
[2026-01-18T22:14:24.800+0000] {processor.py:840} INFO - DAG(s) 'pipeline_one_off' retrieved from /opt/airflow/dags/pipeline_one_off.py
[2026-01-18T22:14:24.869+0000] {logging_mixin.py:188} INFO - [2026-01-18T22:14:24.869+0000] {dag.py:3089} INFO - Sync 1 DAGs
[2026-01-18T22:14:24.893+0000] {logging_mixin.py:188} INFO - [2026-01-18T22:14:24.893+0000] {dag.py:3947} INFO - Setting next_dagrun for pipeline_one_off to None, run_after=None
[2026-01-18T22:14:24.925+0000] {processor.py:183} INFO - Processing /opt/airflow/dags/pipeline_one_off.py took 0.182 seconds
[2026-01-18T22:14:55.355+0000] {processor.py:161} INFO - Started process (PID=1153) to work on /opt/airflow/dags/pipeline_one_off.py
[2026-01-18T22:14:55.357+0000] {processor.py:830} INFO - Processing file /opt/airflow/dags/pipeline_one_off.py for tasks to queue
[2026-01-18T22:14:55.361+0000] {logging_mixin.py:188} INFO - [2026-01-18T22:14:55.360+0000] {dagbag.py:545} INFO - Filling up the DagBag from /opt/airflow/dags/pipeline_one_off.py
[2026-01-18T22:14:55.398+0000] {processor.py:840} INFO - DAG(s) 'pipeline_one_off' retrieved from /opt/airflow/dags/pipeline_one_off.py
[2026-01-18T22:14:55.471+0000] {logging_mixin.py:188} INFO - [2026-01-18T22:14:55.471+0000] {dag.py:3089} INFO - Sync 1 DAGs
[2026-01-18T22:14:55.496+0000] {logging_mixin.py:188} INFO - [2026-01-18T22:14:55.495+0000] {dag.py:3947} INFO - Setting next_dagrun for pipeline_one_off to None, run_after=None
[2026-01-18T22:14:55.607+0000] {processor.py:183} INFO - Processing /opt/airflow/dags/pipeline_one_off.py took 0.266 seconds
[2026-01-18T22:15:25.808+0000] {processor.py:161} INFO - Started process (PID=1163) to work on /opt/airflow/dags/pipeline_one_off.py
[2026-01-18T22:15:25.810+0000] {processor.py:830} INFO - Processing file /opt/airflow/dags/pipeline_one_off.py for tasks to queue
[2026-01-18T22:15:25.814+0000] {logging_mixin.py:188} INFO - [2026-01-18T22:15:25.814+0000] {dagbag.py:545} INFO - Filling up the DagBag from /opt/airflow/dags/pipeline_one_off.py
[2026-01-18T22:15:25.872+0000] {processor.py:840} INFO - DAG(s) 'pipeline_one_off' retrieved from /opt/airflow/dags/pipeline_one_off.py
[2026-01-18T22:15:25.946+0000] {logging_mixin.py:188} INFO - [2026-01-18T22:15:25.946+0000] {dag.py:3089} INFO - Sync 1 DAGs
[2026-01-18T22:15:25.979+0000] {logging_mixin.py:188} INFO - [2026-01-18T22:15:25.978+0000] {dag.py:3947} INFO - Setting next_dagrun for pipeline_one_off to None, run_after=None
[2026-01-18T22:15:26.021+0000] {processor.py:183} INFO - Processing /opt/airflow/dags/pipeline_one_off.py took 0.227 seconds
[2026-01-18T22:15:56.428+0000] {processor.py:161} INFO - Started process (PID=1173) to work on /opt/airflow/dags/pipeline_one_off.py
[2026-01-18T22:15:56.431+0000] {processor.py:830} INFO - Processing file /opt/airflow/dags/pipeline_one_off.py for tasks to queue
[2026-01-18T22:15:56.436+0000] {logging_mixin.py:188} INFO - [2026-01-18T22:15:56.435+0000] {dagbag.py:545} INFO - Filling up the DagBag from /opt/airflow/dags/pipeline_one_off.py
[2026-01-18T22:15:56.480+0000] {processor.py:840} INFO - DAG(s) 'pipeline_one_off' retrieved from /opt/airflow/dags/pipeline_one_off.py
[2026-01-18T22:15:56.550+0000] {logging_mixin.py:188} INFO - [2026-01-18T22:15:56.550+0000] {dag.py:3089} INFO - Sync 1 DAGs
[2026-01-18T22:15:56.576+0000] {logging_mixin.py:188} INFO - [2026-01-18T22:15:56.576+0000] {dag.py:3947} INFO - Setting next_dagrun for pipeline_one_off to None, run_after=None
[2026-01-18T22:15:56.683+0000] {processor.py:183} INFO - Processing /opt/airflow/dags/pipeline_one_off.py took 0.270 seconds
[2026-01-18T22:16:26.823+0000] {processor.py:161} INFO - Started process (PID=1183) to work on /opt/airflow/dags/pipeline_one_off.py
[2026-01-18T22:16:26.825+0000] {processor.py:830} INFO - Processing file /opt/airflow/dags/pipeline_one_off.py for tasks to queue
[2026-01-18T22:16:26.831+0000] {logging_mixin.py:188} INFO - [2026-01-18T22:16:26.830+0000] {dagbag.py:545} INFO - Filling up the DagBag from /opt/airflow/dags/pipeline_one_off.py
[2026-01-18T22:16:26.869+0000] {processor.py:840} INFO - DAG(s) 'pipeline_one_off' retrieved from /opt/airflow/dags/pipeline_one_off.py
[2026-01-18T22:16:26.942+0000] {logging_mixin.py:188} INFO - [2026-01-18T22:16:26.942+0000] {dag.py:3089} INFO - Sync 1 DAGs
[2026-01-18T22:16:26.967+0000] {logging_mixin.py:188} INFO - [2026-01-18T22:16:26.967+0000] {dag.py:3947} INFO - Setting next_dagrun for pipeline_one_off to None, run_after=None
[2026-01-18T22:16:27.056+0000] {processor.py:183} INFO - Processing /opt/airflow/dags/pipeline_one_off.py took 0.248 seconds
[2026-01-18T22:16:57.406+0000] {processor.py:161} INFO - Started process (PID=1193) to work on /opt/airflow/dags/pipeline_one_off.py
[2026-01-18T22:16:57.408+0000] {processor.py:830} INFO - Processing file /opt/airflow/dags/pipeline_one_off.py for tasks to queue
[2026-01-18T22:16:57.414+0000] {logging_mixin.py:188} INFO - [2026-01-18T22:16:57.413+0000] {dagbag.py:545} INFO - Filling up the DagBag from /opt/airflow/dags/pipeline_one_off.py
[2026-01-18T22:16:57.450+0000] {processor.py:840} INFO - DAG(s) 'pipeline_one_off' retrieved from /opt/airflow/dags/pipeline_one_off.py
[2026-01-18T22:16:57.565+0000] {logging_mixin.py:188} INFO - [2026-01-18T22:16:57.564+0000] {dag.py:3089} INFO - Sync 1 DAGs
[2026-01-18T22:16:57.587+0000] {logging_mixin.py:188} INFO - [2026-01-18T22:16:57.587+0000] {dag.py:3947} INFO - Setting next_dagrun for pipeline_one_off to None, run_after=None
[2026-01-18T22:16:57.754+0000] {processor.py:183} INFO - Processing /opt/airflow/dags/pipeline_one_off.py took 0.364 seconds
[2026-01-18T22:17:27.947+0000] {processor.py:161} INFO - Started process (PID=1209) to work on /opt/airflow/dags/pipeline_one_off.py
[2026-01-18T22:17:27.949+0000] {processor.py:830} INFO - Processing file /opt/airflow/dags/pipeline_one_off.py for tasks to queue
[2026-01-18T22:17:27.952+0000] {logging_mixin.py:188} INFO - [2026-01-18T22:17:27.952+0000] {dagbag.py:545} INFO - Filling up the DagBag from /opt/airflow/dags/pipeline_one_off.py
[2026-01-18T22:17:27.990+0000] {processor.py:840} INFO - DAG(s) 'pipeline_one_off' retrieved from /opt/airflow/dags/pipeline_one_off.py
[2026-01-18T22:17:28.059+0000] {logging_mixin.py:188} INFO - [2026-01-18T22:17:28.059+0000] {dag.py:3089} INFO - Sync 1 DAGs
[2026-01-18T22:17:28.083+0000] {logging_mixin.py:188} INFO - [2026-01-18T22:17:28.083+0000] {dag.py:3947} INFO - Setting next_dagrun for pipeline_one_off to None, run_after=None
[2026-01-18T22:17:28.198+0000] {processor.py:183} INFO - Processing /opt/airflow/dags/pipeline_one_off.py took 0.262 seconds
[2026-01-18T22:17:58.467+0000] {processor.py:161} INFO - Started process (PID=1219) to work on /opt/airflow/dags/pipeline_one_off.py
[2026-01-18T22:17:58.469+0000] {processor.py:830} INFO - Processing file /opt/airflow/dags/pipeline_one_off.py for tasks to queue
[2026-01-18T22:17:58.474+0000] {logging_mixin.py:188} INFO - [2026-01-18T22:17:58.473+0000] {dagbag.py:545} INFO - Filling up the DagBag from /opt/airflow/dags/pipeline_one_off.py
[2026-01-18T22:17:58.513+0000] {processor.py:840} INFO - DAG(s) 'pipeline_one_off' retrieved from /opt/airflow/dags/pipeline_one_off.py
[2026-01-18T22:17:58.586+0000] {logging_mixin.py:188} INFO - [2026-01-18T22:17:58.585+0000] {dag.py:3089} INFO - Sync 1 DAGs
[2026-01-18T22:17:58.612+0000] {logging_mixin.py:188} INFO - [2026-01-18T22:17:58.611+0000] {dag.py:3947} INFO - Setting next_dagrun for pipeline_one_off to None, run_after=None
[2026-01-18T22:17:58.714+0000] {processor.py:183} INFO - Processing /opt/airflow/dags/pipeline_one_off.py took 0.260 seconds
[2026-01-18T22:18:29.163+0000] {processor.py:161} INFO - Started process (PID=1229) to work on /opt/airflow/dags/pipeline_one_off.py
[2026-01-18T22:18:29.165+0000] {processor.py:830} INFO - Processing file /opt/airflow/dags/pipeline_one_off.py for tasks to queue
[2026-01-18T22:18:29.170+0000] {logging_mixin.py:188} INFO - [2026-01-18T22:18:29.169+0000] {dagbag.py:545} INFO - Filling up the DagBag from /opt/airflow/dags/pipeline_one_off.py
[2026-01-18T22:18:29.210+0000] {processor.py:840} INFO - DAG(s) 'pipeline_one_off' retrieved from /opt/airflow/dags/pipeline_one_off.py
[2026-01-18T22:18:29.282+0000] {logging_mixin.py:188} INFO - [2026-01-18T22:18:29.282+0000] {dag.py:3089} INFO - Sync 1 DAGs
[2026-01-18T22:18:29.307+0000] {logging_mixin.py:188} INFO - [2026-01-18T22:18:29.307+0000] {dag.py:3947} INFO - Setting next_dagrun for pipeline_one_off to None, run_after=None
[2026-01-18T22:18:29.347+0000] {processor.py:183} INFO - Processing /opt/airflow/dags/pipeline_one_off.py took 0.197 seconds
[2026-01-18T22:18:59.764+0000] {processor.py:161} INFO - Started process (PID=1239) to work on /opt/airflow/dags/pipeline_one_off.py
[2026-01-18T22:18:59.766+0000] {processor.py:830} INFO - Processing file /opt/airflow/dags/pipeline_one_off.py for tasks to queue
[2026-01-18T22:18:59.770+0000] {logging_mixin.py:188} INFO - [2026-01-18T22:18:59.769+0000] {dagbag.py:545} INFO - Filling up the DagBag from /opt/airflow/dags/pipeline_one_off.py
[2026-01-18T22:18:59.811+0000] {processor.py:840} INFO - DAG(s) 'pipeline_one_off' retrieved from /opt/airflow/dags/pipeline_one_off.py
[2026-01-18T22:18:59.883+0000] {logging_mixin.py:188} INFO - [2026-01-18T22:18:59.882+0000] {dag.py:3089} INFO - Sync 1 DAGs
[2026-01-18T22:18:59.911+0000] {logging_mixin.py:188} INFO - [2026-01-18T22:18:59.910+0000] {dag.py:3947} INFO - Setting next_dagrun for pipeline_one_off to None, run_after=None
[2026-01-18T22:19:00.023+0000] {processor.py:183} INFO - Processing /opt/airflow/dags/pipeline_one_off.py took 0.271 seconds
[2026-01-18T22:19:30.136+0000] {processor.py:161} INFO - Started process (PID=1249) to work on /opt/airflow/dags/pipeline_one_off.py
[2026-01-18T22:19:30.138+0000] {processor.py:830} INFO - Processing file /opt/airflow/dags/pipeline_one_off.py for tasks to queue
[2026-01-18T22:19:30.141+0000] {logging_mixin.py:188} INFO - [2026-01-18T22:19:30.141+0000] {dagbag.py:545} INFO - Filling up the DagBag from /opt/airflow/dags/pipeline_one_off.py
[2026-01-18T22:19:30.184+0000] {processor.py:840} INFO - DAG(s) 'pipeline_one_off' retrieved from /opt/airflow/dags/pipeline_one_off.py
[2026-01-18T22:19:30.253+0000] {logging_mixin.py:188} INFO - [2026-01-18T22:19:30.252+0000] {dag.py:3089} INFO - Sync 1 DAGs
[2026-01-18T22:19:30.280+0000] {logging_mixin.py:188} INFO - [2026-01-18T22:19:30.280+0000] {dag.py:3947} INFO - Setting next_dagrun for pipeline_one_off to None, run_after=None
[2026-01-18T22:19:30.384+0000] {processor.py:183} INFO - Processing /opt/airflow/dags/pipeline_one_off.py took 0.259 seconds
[2026-01-18T22:20:00.742+0000] {processor.py:161} INFO - Started process (PID=1259) to work on /opt/airflow/dags/pipeline_one_off.py
[2026-01-18T22:20:00.745+0000] {processor.py:830} INFO - Processing file /opt/airflow/dags/pipeline_one_off.py for tasks to queue
[2026-01-18T22:20:00.750+0000] {logging_mixin.py:188} INFO - [2026-01-18T22:20:00.749+0000] {dagbag.py:545} INFO - Filling up the DagBag from /opt/airflow/dags/pipeline_one_off.py
[2026-01-18T22:20:00.793+0000] {processor.py:840} INFO - DAG(s) 'pipeline_one_off' retrieved from /opt/airflow/dags/pipeline_one_off.py
[2026-01-18T22:20:00.866+0000] {logging_mixin.py:188} INFO - [2026-01-18T22:20:00.865+0000] {dag.py:3089} INFO - Sync 1 DAGs
[2026-01-18T22:20:00.892+0000] {logging_mixin.py:188} INFO - [2026-01-18T22:20:00.891+0000] {dag.py:3947} INFO - Setting next_dagrun for pipeline_one_off to None, run_after=None
[2026-01-18T22:20:01.005+0000] {processor.py:183} INFO - Processing /opt/airflow/dags/pipeline_one_off.py took 0.277 seconds
[2026-01-18T22:20:31.495+0000] {processor.py:161} INFO - Started process (PID=1272) to work on /opt/airflow/dags/pipeline_one_off.py
[2026-01-18T22:20:31.497+0000] {processor.py:830} INFO - Processing file /opt/airflow/dags/pipeline_one_off.py for tasks to queue
[2026-01-18T22:20:31.501+0000] {logging_mixin.py:188} INFO - [2026-01-18T22:20:31.500+0000] {dagbag.py:545} INFO - Filling up the DagBag from /opt/airflow/dags/pipeline_one_off.py
[2026-01-18T22:20:31.544+0000] {processor.py:840} INFO - DAG(s) 'pipeline_one_off' retrieved from /opt/airflow/dags/pipeline_one_off.py
[2026-01-18T22:20:31.628+0000] {logging_mixin.py:188} INFO - [2026-01-18T22:20:31.627+0000] {dag.py:3089} INFO - Sync 1 DAGs
[2026-01-18T22:20:31.654+0000] {logging_mixin.py:188} INFO - [2026-01-18T22:20:31.654+0000] {dag.py:3947} INFO - Setting next_dagrun for pipeline_one_off to None, run_after=None
[2026-01-18T22:20:31.760+0000] {processor.py:183} INFO - Processing /opt/airflow/dags/pipeline_one_off.py took 0.276 seconds
[2026-01-18T22:21:02.248+0000] {processor.py:161} INFO - Started process (PID=1282) to work on /opt/airflow/dags/pipeline_one_off.py
[2026-01-18T22:21:02.249+0000] {processor.py:830} INFO - Processing file /opt/airflow/dags/pipeline_one_off.py for tasks to queue
[2026-01-18T22:21:02.253+0000] {logging_mixin.py:188} INFO - [2026-01-18T22:21:02.252+0000] {dagbag.py:545} INFO - Filling up the DagBag from /opt/airflow/dags/pipeline_one_off.py
[2026-01-18T22:21:02.291+0000] {processor.py:840} INFO - DAG(s) 'pipeline_one_off' retrieved from /opt/airflow/dags/pipeline_one_off.py
[2026-01-18T22:21:02.356+0000] {logging_mixin.py:188} INFO - [2026-01-18T22:21:02.355+0000] {dag.py:3089} INFO - Sync 1 DAGs
[2026-01-18T22:21:02.378+0000] {logging_mixin.py:188} INFO - [2026-01-18T22:21:02.378+0000] {dag.py:3947} INFO - Setting next_dagrun for pipeline_one_off to None, run_after=None
[2026-01-18T22:21:02.471+0000] {processor.py:183} INFO - Processing /opt/airflow/dags/pipeline_one_off.py took 0.234 seconds
[2026-01-18T22:21:32.624+0000] {processor.py:161} INFO - Started process (PID=1292) to work on /opt/airflow/dags/pipeline_one_off.py
[2026-01-18T22:21:32.627+0000] {processor.py:830} INFO - Processing file /opt/airflow/dags/pipeline_one_off.py for tasks to queue
[2026-01-18T22:21:32.632+0000] {logging_mixin.py:188} INFO - [2026-01-18T22:21:32.631+0000] {dagbag.py:545} INFO - Filling up the DagBag from /opt/airflow/dags/pipeline_one_off.py
[2026-01-18T22:21:32.674+0000] {processor.py:840} INFO - DAG(s) 'pipeline_one_off' retrieved from /opt/airflow/dags/pipeline_one_off.py
[2026-01-18T22:21:32.750+0000] {logging_mixin.py:188} INFO - [2026-01-18T22:21:32.750+0000] {dag.py:3089} INFO - Sync 1 DAGs
[2026-01-18T22:21:32.777+0000] {logging_mixin.py:188} INFO - [2026-01-18T22:21:32.776+0000] {dag.py:3947} INFO - Setting next_dagrun for pipeline_one_off to None, run_after=None
[2026-01-18T22:21:32.888+0000] {processor.py:183} INFO - Processing /opt/airflow/dags/pipeline_one_off.py took 0.277 seconds
[2026-01-18T22:22:03.226+0000] {processor.py:161} INFO - Started process (PID=1302) to work on /opt/airflow/dags/pipeline_one_off.py
[2026-01-18T22:22:03.228+0000] {processor.py:830} INFO - Processing file /opt/airflow/dags/pipeline_one_off.py for tasks to queue
[2026-01-18T22:22:03.232+0000] {logging_mixin.py:188} INFO - [2026-01-18T22:22:03.231+0000] {dagbag.py:545} INFO - Filling up the DagBag from /opt/airflow/dags/pipeline_one_off.py
[2026-01-18T22:22:03.269+0000] {processor.py:840} INFO - DAG(s) 'pipeline_one_off' retrieved from /opt/airflow/dags/pipeline_one_off.py
[2026-01-18T22:22:03.341+0000] {logging_mixin.py:188} INFO - [2026-01-18T22:22:03.341+0000] {dag.py:3089} INFO - Sync 1 DAGs
[2026-01-18T22:22:03.366+0000] {logging_mixin.py:188} INFO - [2026-01-18T22:22:03.366+0000] {dag.py:3947} INFO - Setting next_dagrun for pipeline_one_off to None, run_after=None
[2026-01-18T22:22:03.492+0000] {processor.py:183} INFO - Processing /opt/airflow/dags/pipeline_one_off.py took 0.279 seconds
[2026-01-18T22:22:33.642+0000] {processor.py:161} INFO - Started process (PID=1312) to work on /opt/airflow/dags/pipeline_one_off.py
[2026-01-18T22:22:33.644+0000] {processor.py:830} INFO - Processing file /opt/airflow/dags/pipeline_one_off.py for tasks to queue
[2026-01-18T22:22:33.648+0000] {logging_mixin.py:188} INFO - [2026-01-18T22:22:33.647+0000] {dagbag.py:545} INFO - Filling up the DagBag from /opt/airflow/dags/pipeline_one_off.py
[2026-01-18T22:22:33.688+0000] {processor.py:840} INFO - DAG(s) 'pipeline_one_off' retrieved from /opt/airflow/dags/pipeline_one_off.py
[2026-01-18T22:22:33.753+0000] {logging_mixin.py:188} INFO - [2026-01-18T22:22:33.753+0000] {dag.py:3089} INFO - Sync 1 DAGs
[2026-01-18T22:22:33.779+0000] {logging_mixin.py:188} INFO - [2026-01-18T22:22:33.779+0000] {dag.py:3947} INFO - Setting next_dagrun for pipeline_one_off to None, run_after=None
[2026-01-18T22:22:33.833+0000] {processor.py:183} INFO - Processing /opt/airflow/dags/pipeline_one_off.py took 0.202 seconds
[2026-01-18T22:23:04.267+0000] {processor.py:161} INFO - Started process (PID=1322) to work on /opt/airflow/dags/pipeline_one_off.py
[2026-01-18T22:23:04.270+0000] {processor.py:830} INFO - Processing file /opt/airflow/dags/pipeline_one_off.py for tasks to queue
[2026-01-18T22:23:04.275+0000] {logging_mixin.py:188} INFO - [2026-01-18T22:23:04.274+0000] {dagbag.py:545} INFO - Filling up the DagBag from /opt/airflow/dags/pipeline_one_off.py
[2026-01-18T22:23:04.319+0000] {processor.py:840} INFO - DAG(s) 'pipeline_one_off' retrieved from /opt/airflow/dags/pipeline_one_off.py
[2026-01-18T22:23:04.399+0000] {logging_mixin.py:188} INFO - [2026-01-18T22:23:04.398+0000] {dag.py:3089} INFO - Sync 1 DAGs
[2026-01-18T22:23:04.423+0000] {logging_mixin.py:188} INFO - [2026-01-18T22:23:04.422+0000] {dag.py:3947} INFO - Setting next_dagrun for pipeline_one_off to None, run_after=None
[2026-01-18T22:23:04.461+0000] {processor.py:183} INFO - Processing /opt/airflow/dags/pipeline_one_off.py took 0.210 seconds
[2026-01-18T22:23:34.881+0000] {processor.py:161} INFO - Started process (PID=1332) to work on /opt/airflow/dags/pipeline_one_off.py
[2026-01-18T22:23:34.883+0000] {processor.py:830} INFO - Processing file /opt/airflow/dags/pipeline_one_off.py for tasks to queue
[2026-01-18T22:23:34.889+0000] {logging_mixin.py:188} INFO - [2026-01-18T22:23:34.889+0000] {dagbag.py:545} INFO - Filling up the DagBag from /opt/airflow/dags/pipeline_one_off.py
[2026-01-18T22:23:34.933+0000] {processor.py:840} INFO - DAG(s) 'pipeline_one_off' retrieved from /opt/airflow/dags/pipeline_one_off.py
[2026-01-18T22:23:35.002+0000] {logging_mixin.py:188} INFO - [2026-01-18T22:23:35.002+0000] {dag.py:3089} INFO - Sync 1 DAGs
[2026-01-18T22:23:35.027+0000] {logging_mixin.py:188} INFO - [2026-01-18T22:23:35.026+0000] {dag.py:3947} INFO - Setting next_dagrun for pipeline_one_off to None, run_after=None
[2026-01-18T22:23:35.144+0000] {processor.py:183} INFO - Processing /opt/airflow/dags/pipeline_one_off.py took 0.276 seconds
[2026-01-18T22:24:05.251+0000] {processor.py:161} INFO - Started process (PID=1342) to work on /opt/airflow/dags/pipeline_one_off.py
[2026-01-18T22:24:05.253+0000] {processor.py:830} INFO - Processing file /opt/airflow/dags/pipeline_one_off.py for tasks to queue
[2026-01-18T22:24:05.257+0000] {logging_mixin.py:188} INFO - [2026-01-18T22:24:05.256+0000] {dagbag.py:545} INFO - Filling up the DagBag from /opt/airflow/dags/pipeline_one_off.py
[2026-01-18T22:24:05.295+0000] {processor.py:840} INFO - DAG(s) 'pipeline_one_off' retrieved from /opt/airflow/dags/pipeline_one_off.py
[2026-01-18T22:24:05.359+0000] {logging_mixin.py:188} INFO - [2026-01-18T22:24:05.359+0000] {dag.py:3089} INFO - Sync 1 DAGs
[2026-01-18T22:24:05.380+0000] {logging_mixin.py:188} INFO - [2026-01-18T22:24:05.380+0000] {dag.py:3947} INFO - Setting next_dagrun for pipeline_one_off to None, run_after=None
[2026-01-18T22:24:05.415+0000] {processor.py:183} INFO - Processing /opt/airflow/dags/pipeline_one_off.py took 0.174 seconds
[2026-01-18T22:24:35.832+0000] {processor.py:161} INFO - Started process (PID=1352) to work on /opt/airflow/dags/pipeline_one_off.py
[2026-01-18T22:24:35.834+0000] {processor.py:830} INFO - Processing file /opt/airflow/dags/pipeline_one_off.py for tasks to queue
[2026-01-18T22:24:35.839+0000] {logging_mixin.py:188} INFO - [2026-01-18T22:24:35.838+0000] {dagbag.py:545} INFO - Filling up the DagBag from /opt/airflow/dags/pipeline_one_off.py
[2026-01-18T22:24:35.886+0000] {processor.py:840} INFO - DAG(s) 'pipeline_one_off' retrieved from /opt/airflow/dags/pipeline_one_off.py
[2026-01-18T22:24:35.958+0000] {logging_mixin.py:188} INFO - [2026-01-18T22:24:35.958+0000] {dag.py:3089} INFO - Sync 1 DAGs
[2026-01-18T22:24:35.983+0000] {logging_mixin.py:188} INFO - [2026-01-18T22:24:35.982+0000] {dag.py:3947} INFO - Setting next_dagrun for pipeline_one_off to None, run_after=None
[2026-01-18T22:24:36.092+0000] {processor.py:183} INFO - Processing /opt/airflow/dags/pipeline_one_off.py took 0.276 seconds
[2026-01-18T22:25:06.236+0000] {processor.py:161} INFO - Started process (PID=1362) to work on /opt/airflow/dags/pipeline_one_off.py
[2026-01-18T22:25:06.238+0000] {processor.py:830} INFO - Processing file /opt/airflow/dags/pipeline_one_off.py for tasks to queue
[2026-01-18T22:25:06.243+0000] {logging_mixin.py:188} INFO - [2026-01-18T22:25:06.241+0000] {dagbag.py:545} INFO - Filling up the DagBag from /opt/airflow/dags/pipeline_one_off.py
[2026-01-18T22:25:06.282+0000] {processor.py:840} INFO - DAG(s) 'pipeline_one_off' retrieved from /opt/airflow/dags/pipeline_one_off.py
[2026-01-18T22:25:06.361+0000] {logging_mixin.py:188} INFO - [2026-01-18T22:25:06.360+0000] {dag.py:3089} INFO - Sync 1 DAGs
[2026-01-18T22:25:06.387+0000] {logging_mixin.py:188} INFO - [2026-01-18T22:25:06.386+0000] {dag.py:3947} INFO - Setting next_dagrun for pipeline_one_off to None, run_after=None
[2026-01-18T22:25:06.494+0000] {processor.py:183} INFO - Processing /opt/airflow/dags/pipeline_one_off.py took 0.277 seconds
[2026-01-18T22:25:36.799+0000] {processor.py:161} INFO - Started process (PID=1372) to work on /opt/airflow/dags/pipeline_one_off.py
[2026-01-18T22:25:36.801+0000] {processor.py:830} INFO - Processing file /opt/airflow/dags/pipeline_one_off.py for tasks to queue
[2026-01-18T22:25:36.805+0000] {logging_mixin.py:188} INFO - [2026-01-18T22:25:36.805+0000] {dagbag.py:545} INFO - Filling up the DagBag from /opt/airflow/dags/pipeline_one_off.py
[2026-01-18T22:25:36.847+0000] {processor.py:840} INFO - DAG(s) 'pipeline_one_off' retrieved from /opt/airflow/dags/pipeline_one_off.py
[2026-01-18T22:25:36.960+0000] {logging_mixin.py:188} INFO - [2026-01-18T22:25:36.959+0000] {dag.py:3089} INFO - Sync 1 DAGs
[2026-01-18T22:25:36.992+0000] {logging_mixin.py:188} INFO - [2026-01-18T22:25:36.992+0000] {dag.py:3947} INFO - Setting next_dagrun for pipeline_one_off to None, run_after=None
[2026-01-18T22:25:37.098+0000] {processor.py:183} INFO - Processing /opt/airflow/dags/pipeline_one_off.py took 0.312 seconds
[2026-01-18T22:26:07.222+0000] {processor.py:161} INFO - Started process (PID=1382) to work on /opt/airflow/dags/pipeline_one_off.py
[2026-01-18T22:26:07.224+0000] {processor.py:830} INFO - Processing file /opt/airflow/dags/pipeline_one_off.py for tasks to queue
[2026-01-18T22:26:07.230+0000] {logging_mixin.py:188} INFO - [2026-01-18T22:26:07.229+0000] {dagbag.py:545} INFO - Filling up the DagBag from /opt/airflow/dags/pipeline_one_off.py
[2026-01-18T22:26:07.271+0000] {processor.py:840} INFO - DAG(s) 'pipeline_one_off' retrieved from /opt/airflow/dags/pipeline_one_off.py
[2026-01-18T22:26:07.338+0000] {logging_mixin.py:188} INFO - [2026-01-18T22:26:07.338+0000] {dag.py:3089} INFO - Sync 1 DAGs
[2026-01-18T22:26:07.362+0000] {logging_mixin.py:188} INFO - [2026-01-18T22:26:07.362+0000] {dag.py:3947} INFO - Setting next_dagrun for pipeline_one_off to None, run_after=None
[2026-01-18T22:26:07.467+0000] {processor.py:183} INFO - Processing /opt/airflow/dags/pipeline_one_off.py took 0.259 seconds
[2026-01-18T22:26:37.879+0000] {processor.py:161} INFO - Started process (PID=1392) to work on /opt/airflow/dags/pipeline_one_off.py
[2026-01-18T22:26:37.881+0000] {processor.py:830} INFO - Processing file /opt/airflow/dags/pipeline_one_off.py for tasks to queue
[2026-01-18T22:26:37.888+0000] {logging_mixin.py:188} INFO - [2026-01-18T22:26:37.887+0000] {dagbag.py:545} INFO - Filling up the DagBag from /opt/airflow/dags/pipeline_one_off.py
[2026-01-18T22:26:37.927+0000] {processor.py:840} INFO - DAG(s) 'pipeline_one_off' retrieved from /opt/airflow/dags/pipeline_one_off.py
[2026-01-18T22:26:37.990+0000] {logging_mixin.py:188} INFO - [2026-01-18T22:26:37.989+0000] {dag.py:3089} INFO - Sync 1 DAGs
[2026-01-18T22:26:38.012+0000] {logging_mixin.py:188} INFO - [2026-01-18T22:26:38.012+0000] {dag.py:3947} INFO - Setting next_dagrun for pipeline_one_off to None, run_after=None
[2026-01-18T22:26:38.118+0000] {processor.py:183} INFO - Processing /opt/airflow/dags/pipeline_one_off.py took 0.256 seconds
[2026-01-18T22:27:08.258+0000] {processor.py:161} INFO - Started process (PID=1402) to work on /opt/airflow/dags/pipeline_one_off.py
[2026-01-18T22:27:08.260+0000] {processor.py:830} INFO - Processing file /opt/airflow/dags/pipeline_one_off.py for tasks to queue
[2026-01-18T22:27:08.264+0000] {logging_mixin.py:188} INFO - [2026-01-18T22:27:08.264+0000] {dagbag.py:545} INFO - Filling up the DagBag from /opt/airflow/dags/pipeline_one_off.py
[2026-01-18T22:27:08.302+0000] {processor.py:840} INFO - DAG(s) 'pipeline_one_off' retrieved from /opt/airflow/dags/pipeline_one_off.py
[2026-01-18T22:27:08.370+0000] {logging_mixin.py:188} INFO - [2026-01-18T22:27:08.369+0000] {dag.py:3089} INFO - Sync 1 DAGs
[2026-01-18T22:27:08.397+0000] {logging_mixin.py:188} INFO - [2026-01-18T22:27:08.397+0000] {dag.py:3947} INFO - Setting next_dagrun for pipeline_one_off to None, run_after=None
[2026-01-18T22:27:08.438+0000] {processor.py:183} INFO - Processing /opt/airflow/dags/pipeline_one_off.py took 0.193 seconds
[2026-01-18T22:27:38.876+0000] {processor.py:161} INFO - Started process (PID=1412) to work on /opt/airflow/dags/pipeline_one_off.py
[2026-01-18T22:27:38.878+0000] {processor.py:830} INFO - Processing file /opt/airflow/dags/pipeline_one_off.py for tasks to queue
[2026-01-18T22:27:38.881+0000] {logging_mixin.py:188} INFO - [2026-01-18T22:27:38.880+0000] {dagbag.py:545} INFO - Filling up the DagBag from /opt/airflow/dags/pipeline_one_off.py
[2026-01-18T22:27:38.920+0000] {processor.py:840} INFO - DAG(s) 'pipeline_one_off' retrieved from /opt/airflow/dags/pipeline_one_off.py
[2026-01-18T22:27:39.023+0000] {logging_mixin.py:188} INFO - [2026-01-18T22:27:39.022+0000] {dag.py:3089} INFO - Sync 1 DAGs
[2026-01-18T22:27:39.043+0000] {logging_mixin.py:188} INFO - [2026-01-18T22:27:39.043+0000] {dag.py:3947} INFO - Setting next_dagrun for pipeline_one_off to None, run_after=None
[2026-01-18T22:27:39.145+0000] {processor.py:183} INFO - Processing /opt/airflow/dags/pipeline_one_off.py took 0.283 seconds
[2026-01-18T22:28:09.411+0000] {processor.py:161} INFO - Started process (PID=1422) to work on /opt/airflow/dags/pipeline_one_off.py
[2026-01-18T22:28:09.414+0000] {processor.py:830} INFO - Processing file /opt/airflow/dags/pipeline_one_off.py for tasks to queue
[2026-01-18T22:28:09.418+0000] {logging_mixin.py:188} INFO - [2026-01-18T22:28:09.417+0000] {dagbag.py:545} INFO - Filling up the DagBag from /opt/airflow/dags/pipeline_one_off.py
[2026-01-18T22:28:09.463+0000] {processor.py:840} INFO - DAG(s) 'pipeline_one_off' retrieved from /opt/airflow/dags/pipeline_one_off.py
[2026-01-18T22:28:09.626+0000] {logging_mixin.py:188} INFO - [2026-01-18T22:28:09.625+0000] {dag.py:3089} INFO - Sync 1 DAGs
[2026-01-18T22:28:09.654+0000] {logging_mixin.py:188} INFO - [2026-01-18T22:28:09.653+0000] {dag.py:3947} INFO - Setting next_dagrun for pipeline_one_off to None, run_after=None
[2026-01-18T22:28:09.763+0000] {processor.py:183} INFO - Processing /opt/airflow/dags/pipeline_one_off.py took 0.364 seconds
[2026-01-18T22:28:39.931+0000] {processor.py:161} INFO - Started process (PID=1432) to work on /opt/airflow/dags/pipeline_one_off.py
[2026-01-18T22:28:39.934+0000] {processor.py:830} INFO - Processing file /opt/airflow/dags/pipeline_one_off.py for tasks to queue
[2026-01-18T22:28:39.938+0000] {logging_mixin.py:188} INFO - [2026-01-18T22:28:39.938+0000] {dagbag.py:545} INFO - Filling up the DagBag from /opt/airflow/dags/pipeline_one_off.py
[2026-01-18T22:28:39.985+0000] {processor.py:840} INFO - DAG(s) 'pipeline_one_off' retrieved from /opt/airflow/dags/pipeline_one_off.py
[2026-01-18T22:28:40.112+0000] {logging_mixin.py:188} INFO - [2026-01-18T22:28:40.111+0000] {dag.py:3089} INFO - Sync 1 DAGs
[2026-01-18T22:28:40.135+0000] {logging_mixin.py:188} INFO - [2026-01-18T22:28:40.135+0000] {dag.py:3947} INFO - Setting next_dagrun for pipeline_one_off to None, run_after=None
[2026-01-18T22:28:40.172+0000] {processor.py:183} INFO - Processing /opt/airflow/dags/pipeline_one_off.py took 0.254 seconds
[2026-01-18T22:29:10.621+0000] {processor.py:161} INFO - Started process (PID=1442) to work on /opt/airflow/dags/pipeline_one_off.py
[2026-01-18T22:29:10.624+0000] {processor.py:830} INFO - Processing file /opt/airflow/dags/pipeline_one_off.py for tasks to queue
[2026-01-18T22:29:10.629+0000] {logging_mixin.py:188} INFO - [2026-01-18T22:29:10.628+0000] {dagbag.py:545} INFO - Filling up the DagBag from /opt/airflow/dags/pipeline_one_off.py
[2026-01-18T22:29:10.673+0000] {processor.py:840} INFO - DAG(s) 'pipeline_one_off' retrieved from /opt/airflow/dags/pipeline_one_off.py
[2026-01-18T22:29:10.770+0000] {logging_mixin.py:188} INFO - [2026-01-18T22:29:10.770+0000] {dag.py:3089} INFO - Sync 1 DAGs
[2026-01-18T22:29:10.794+0000] {logging_mixin.py:188} INFO - [2026-01-18T22:29:10.794+0000] {dag.py:3947} INFO - Setting next_dagrun for pipeline_one_off to None, run_after=None
[2026-01-18T22:29:10.830+0000] {processor.py:183} INFO - Processing /opt/airflow/dags/pipeline_one_off.py took 0.224 seconds
[2026-01-18T22:29:41.262+0000] {processor.py:161} INFO - Started process (PID=1452) to work on /opt/airflow/dags/pipeline_one_off.py
[2026-01-18T22:29:41.264+0000] {processor.py:830} INFO - Processing file /opt/airflow/dags/pipeline_one_off.py for tasks to queue
[2026-01-18T22:29:41.268+0000] {logging_mixin.py:188} INFO - [2026-01-18T22:29:41.268+0000] {dagbag.py:545} INFO - Filling up the DagBag from /opt/airflow/dags/pipeline_one_off.py
[2026-01-18T22:29:41.308+0000] {processor.py:840} INFO - DAG(s) 'pipeline_one_off' retrieved from /opt/airflow/dags/pipeline_one_off.py
[2026-01-18T22:29:41.404+0000] {logging_mixin.py:188} INFO - [2026-01-18T22:29:41.404+0000] {dag.py:3089} INFO - Sync 1 DAGs
[2026-01-18T22:29:41.432+0000] {logging_mixin.py:188} INFO - [2026-01-18T22:29:41.431+0000] {dag.py:3947} INFO - Setting next_dagrun for pipeline_one_off to None, run_after=None
[2026-01-18T22:29:41.539+0000] {processor.py:183} INFO - Processing /opt/airflow/dags/pipeline_one_off.py took 0.290 seconds
[2026-01-18T22:30:11.669+0000] {processor.py:161} INFO - Started process (PID=1465) to work on /opt/airflow/dags/pipeline_one_off.py
[2026-01-18T22:30:11.671+0000] {processor.py:830} INFO - Processing file /opt/airflow/dags/pipeline_one_off.py for tasks to queue
[2026-01-18T22:30:11.674+0000] {logging_mixin.py:188} INFO - [2026-01-18T22:30:11.674+0000] {dagbag.py:545} INFO - Filling up the DagBag from /opt/airflow/dags/pipeline_one_off.py
[2026-01-18T22:30:11.718+0000] {processor.py:840} INFO - DAG(s) 'pipeline_one_off' retrieved from /opt/airflow/dags/pipeline_one_off.py
[2026-01-18T22:30:11.806+0000] {logging_mixin.py:188} INFO - [2026-01-18T22:30:11.805+0000] {dag.py:3089} INFO - Sync 1 DAGs
[2026-01-18T22:30:11.833+0000] {logging_mixin.py:188} INFO - [2026-01-18T22:30:11.832+0000] {dag.py:3947} INFO - Setting next_dagrun for pipeline_one_off to None, run_after=None
[2026-01-18T22:30:11.873+0000] {processor.py:183} INFO - Processing /opt/airflow/dags/pipeline_one_off.py took 0.217 seconds
[2026-01-18T22:30:42.311+0000] {processor.py:161} INFO - Started process (PID=1475) to work on /opt/airflow/dags/pipeline_one_off.py
[2026-01-18T22:30:42.315+0000] {processor.py:830} INFO - Processing file /opt/airflow/dags/pipeline_one_off.py for tasks to queue
[2026-01-18T22:30:42.320+0000] {logging_mixin.py:188} INFO - [2026-01-18T22:30:42.320+0000] {dagbag.py:545} INFO - Filling up the DagBag from /opt/airflow/dags/pipeline_one_off.py
[2026-01-18T22:30:42.369+0000] {processor.py:840} INFO - DAG(s) 'pipeline_one_off' retrieved from /opt/airflow/dags/pipeline_one_off.py
[2026-01-18T22:30:42.477+0000] {logging_mixin.py:188} INFO - [2026-01-18T22:30:42.477+0000] {dag.py:3089} INFO - Sync 1 DAGs
[2026-01-18T22:30:42.502+0000] {logging_mixin.py:188} INFO - [2026-01-18T22:30:42.502+0000] {dag.py:3947} INFO - Setting next_dagrun for pipeline_one_off to None, run_after=None
[2026-01-18T22:30:42.540+0000] {processor.py:183} INFO - Processing /opt/airflow/dags/pipeline_one_off.py took 0.245 seconds
[2026-01-18T22:31:12.943+0000] {processor.py:161} INFO - Started process (PID=1485) to work on /opt/airflow/dags/pipeline_one_off.py
[2026-01-18T22:31:12.945+0000] {processor.py:830} INFO - Processing file /opt/airflow/dags/pipeline_one_off.py for tasks to queue
[2026-01-18T22:31:12.950+0000] {logging_mixin.py:188} INFO - [2026-01-18T22:31:12.949+0000] {dagbag.py:545} INFO - Filling up the DagBag from /opt/airflow/dags/pipeline_one_off.py
[2026-01-18T22:31:12.988+0000] {processor.py:840} INFO - DAG(s) 'pipeline_one_off' retrieved from /opt/airflow/dags/pipeline_one_off.py
[2026-01-18T22:31:13.073+0000] {logging_mixin.py:188} INFO - [2026-01-18T22:31:13.072+0000] {dag.py:3089} INFO - Sync 1 DAGs
[2026-01-18T22:31:13.102+0000] {logging_mixin.py:188} INFO - [2026-01-18T22:31:13.102+0000] {dag.py:3947} INFO - Setting next_dagrun for pipeline_one_off to None, run_after=None
[2026-01-18T22:31:13.140+0000] {processor.py:183} INFO - Processing /opt/airflow/dags/pipeline_one_off.py took 0.210 seconds
[2026-01-18T22:31:43.577+0000] {processor.py:161} INFO - Started process (PID=1495) to work on /opt/airflow/dags/pipeline_one_off.py
[2026-01-18T22:31:43.580+0000] {processor.py:830} INFO - Processing file /opt/airflow/dags/pipeline_one_off.py for tasks to queue
[2026-01-18T22:31:43.584+0000] {logging_mixin.py:188} INFO - [2026-01-18T22:31:43.583+0000] {dagbag.py:545} INFO - Filling up the DagBag from /opt/airflow/dags/pipeline_one_off.py
[2026-01-18T22:31:43.637+0000] {processor.py:840} INFO - DAG(s) 'pipeline_one_off' retrieved from /opt/airflow/dags/pipeline_one_off.py
[2026-01-18T22:31:43.703+0000] {logging_mixin.py:188} INFO - [2026-01-18T22:31:43.702+0000] {dag.py:3089} INFO - Sync 1 DAGs
[2026-01-18T22:31:43.730+0000] {logging_mixin.py:188} INFO - [2026-01-18T22:31:43.730+0000] {dag.py:3947} INFO - Setting next_dagrun for pipeline_one_off to None, run_after=None
[2026-01-18T22:31:43.835+0000] {processor.py:183} INFO - Processing /opt/airflow/dags/pipeline_one_off.py took 0.274 seconds
[2026-01-18T22:32:14.021+0000] {processor.py:161} INFO - Started process (PID=1505) to work on /opt/airflow/dags/pipeline_one_off.py
[2026-01-18T22:32:14.023+0000] {processor.py:830} INFO - Processing file /opt/airflow/dags/pipeline_one_off.py for tasks to queue
[2026-01-18T22:32:14.029+0000] {logging_mixin.py:188} INFO - [2026-01-18T22:32:14.029+0000] {dagbag.py:545} INFO - Filling up the DagBag from /opt/airflow/dags/pipeline_one_off.py
[2026-01-18T22:32:14.080+0000] {processor.py:840} INFO - DAG(s) 'pipeline_one_off' retrieved from /opt/airflow/dags/pipeline_one_off.py
[2026-01-18T22:32:14.150+0000] {logging_mixin.py:188} INFO - [2026-01-18T22:32:14.150+0000] {dag.py:3089} INFO - Sync 1 DAGs
[2026-01-18T22:32:14.175+0000] {logging_mixin.py:188} INFO - [2026-01-18T22:32:14.174+0000] {dag.py:3947} INFO - Setting next_dagrun for pipeline_one_off to None, run_after=None
[2026-01-18T22:32:14.253+0000] {processor.py:183} INFO - Processing /opt/airflow/dags/pipeline_one_off.py took 0.248 seconds
[2026-01-18T22:32:44.562+0000] {processor.py:161} INFO - Started process (PID=1515) to work on /opt/airflow/dags/pipeline_one_off.py
[2026-01-18T22:32:44.564+0000] {processor.py:830} INFO - Processing file /opt/airflow/dags/pipeline_one_off.py for tasks to queue
[2026-01-18T22:32:44.569+0000] {logging_mixin.py:188} INFO - [2026-01-18T22:32:44.569+0000] {dagbag.py:545} INFO - Filling up the DagBag from /opt/airflow/dags/pipeline_one_off.py
[2026-01-18T22:32:44.628+0000] {processor.py:840} INFO - DAG(s) 'pipeline_one_off' retrieved from /opt/airflow/dags/pipeline_one_off.py
[2026-01-18T22:32:44.696+0000] {logging_mixin.py:188} INFO - [2026-01-18T22:32:44.696+0000] {dag.py:3089} INFO - Sync 1 DAGs
[2026-01-18T22:32:44.724+0000] {logging_mixin.py:188} INFO - [2026-01-18T22:32:44.723+0000] {dag.py:3947} INFO - Setting next_dagrun for pipeline_one_off to None, run_after=None
[2026-01-18T22:32:44.812+0000] {processor.py:183} INFO - Processing /opt/airflow/dags/pipeline_one_off.py took 0.263 seconds
[2026-01-18T22:33:15.061+0000] {processor.py:161} INFO - Started process (PID=1525) to work on /opt/airflow/dags/pipeline_one_off.py
[2026-01-18T22:33:15.062+0000] {processor.py:830} INFO - Processing file /opt/airflow/dags/pipeline_one_off.py for tasks to queue
[2026-01-18T22:33:15.067+0000] {logging_mixin.py:188} INFO - [2026-01-18T22:33:15.066+0000] {dagbag.py:545} INFO - Filling up the DagBag from /opt/airflow/dags/pipeline_one_off.py
[2026-01-18T22:33:15.119+0000] {processor.py:840} INFO - DAG(s) 'pipeline_one_off' retrieved from /opt/airflow/dags/pipeline_one_off.py
[2026-01-18T22:33:15.193+0000] {logging_mixin.py:188} INFO - [2026-01-18T22:33:15.193+0000] {dag.py:3089} INFO - Sync 1 DAGs
[2026-01-18T22:33:15.218+0000] {logging_mixin.py:188} INFO - [2026-01-18T22:33:15.217+0000] {dag.py:3947} INFO - Setting next_dagrun for pipeline_one_off to None, run_after=None
[2026-01-18T22:33:15.259+0000] {processor.py:183} INFO - Processing /opt/airflow/dags/pipeline_one_off.py took 0.212 seconds
[2026-01-18T22:33:45.722+0000] {processor.py:161} INFO - Started process (PID=1535) to work on /opt/airflow/dags/pipeline_one_off.py
[2026-01-18T22:33:45.726+0000] {processor.py:830} INFO - Processing file /opt/airflow/dags/pipeline_one_off.py for tasks to queue
[2026-01-18T22:33:45.737+0000] {logging_mixin.py:188} INFO - [2026-01-18T22:33:45.736+0000] {dagbag.py:545} INFO - Filling up the DagBag from /opt/airflow/dags/pipeline_one_off.py
[2026-01-18T22:33:45.806+0000] {processor.py:840} INFO - DAG(s) 'pipeline_one_off' retrieved from /opt/airflow/dags/pipeline_one_off.py
[2026-01-18T22:33:45.881+0000] {logging_mixin.py:188} INFO - [2026-01-18T22:33:45.880+0000] {dag.py:3089} INFO - Sync 1 DAGs
[2026-01-18T22:33:45.908+0000] {logging_mixin.py:188} INFO - [2026-01-18T22:33:45.908+0000] {dag.py:3947} INFO - Setting next_dagrun for pipeline_one_off to None, run_after=None
[2026-01-18T22:33:45.952+0000] {processor.py:183} INFO - Processing /opt/airflow/dags/pipeline_one_off.py took 0.246 seconds
[2026-01-18T23:04:57.534+0000] {processor.py:161} INFO - Started process (PID=1546) to work on /opt/airflow/dags/pipeline_one_off.py
[2026-01-18T23:04:57.539+0000] {processor.py:830} INFO - Processing file /opt/airflow/dags/pipeline_one_off.py for tasks to queue
[2026-01-18T23:04:57.549+0000] {logging_mixin.py:188} INFO - [2026-01-18T23:04:57.548+0000] {dagbag.py:545} INFO - Filling up the DagBag from /opt/airflow/dags/pipeline_one_off.py
[2026-01-18T23:04:57.616+0000] {processor.py:840} INFO - DAG(s) 'pipeline_one_off' retrieved from /opt/airflow/dags/pipeline_one_off.py
[2026-01-18T23:04:57.730+0000] {logging_mixin.py:188} INFO - [2026-01-18T23:04:57.729+0000] {dag.py:3089} INFO - Sync 1 DAGs
[2026-01-18T23:04:57.781+0000] {logging_mixin.py:188} INFO - [2026-01-18T23:04:57.780+0000] {dag.py:3947} INFO - Setting next_dagrun for pipeline_one_off to None, run_after=None
[2026-01-18T23:04:57.846+0000] {processor.py:183} INFO - Processing /opt/airflow/dags/pipeline_one_off.py took 0.338 seconds
[2026-01-18T23:39:24.239+0000] {processor.py:161} INFO - Started process (PID=1559) to work on /opt/airflow/dags/pipeline_one_off.py
[2026-01-18T23:39:24.243+0000] {processor.py:830} INFO - Processing file /opt/airflow/dags/pipeline_one_off.py for tasks to queue
[2026-01-18T23:39:24.256+0000] {logging_mixin.py:188} INFO - [2026-01-18T23:39:24.255+0000] {dagbag.py:545} INFO - Filling up the DagBag from /opt/airflow/dags/pipeline_one_off.py
[2026-01-18T23:39:24.342+0000] {processor.py:840} INFO - DAG(s) 'pipeline_one_off' retrieved from /opt/airflow/dags/pipeline_one_off.py
[2026-01-18T23:39:24.477+0000] {logging_mixin.py:188} INFO - [2026-01-18T23:39:24.476+0000] {dag.py:3089} INFO - Sync 1 DAGs
[2026-01-18T23:39:24.523+0000] {logging_mixin.py:188} INFO - [2026-01-18T23:39:24.522+0000] {dag.py:3947} INFO - Setting next_dagrun for pipeline_one_off to None, run_after=None
[2026-01-18T23:39:24.598+0000] {processor.py:183} INFO - Processing /opt/airflow/dags/pipeline_one_off.py took 0.382 seconds
[2026-01-18T23:39:55.018+0000] {processor.py:161} INFO - Started process (PID=1571) to work on /opt/airflow/dags/pipeline_one_off.py
[2026-01-18T23:39:55.020+0000] {processor.py:830} INFO - Processing file /opt/airflow/dags/pipeline_one_off.py for tasks to queue
[2026-01-18T23:39:55.024+0000] {logging_mixin.py:188} INFO - [2026-01-18T23:39:55.024+0000] {dagbag.py:545} INFO - Filling up the DagBag from /opt/airflow/dags/pipeline_one_off.py
[2026-01-18T23:39:55.060+0000] {processor.py:840} INFO - DAG(s) 'pipeline_one_off' retrieved from /opt/airflow/dags/pipeline_one_off.py
[2026-01-18T23:39:55.125+0000] {logging_mixin.py:188} INFO - [2026-01-18T23:39:55.124+0000] {dag.py:3089} INFO - Sync 1 DAGs
[2026-01-18T23:39:55.148+0000] {logging_mixin.py:188} INFO - [2026-01-18T23:39:55.148+0000] {dag.py:3947} INFO - Setting next_dagrun for pipeline_one_off to None, run_after=None
[2026-01-18T23:39:55.250+0000] {processor.py:183} INFO - Processing /opt/airflow/dags/pipeline_one_off.py took 0.245 seconds
[2026-01-18T23:40:25.409+0000] {processor.py:161} INFO - Started process (PID=1581) to work on /opt/airflow/dags/pipeline_one_off.py
[2026-01-18T23:40:25.411+0000] {processor.py:830} INFO - Processing file /opt/airflow/dags/pipeline_one_off.py for tasks to queue
[2026-01-18T23:40:25.415+0000] {logging_mixin.py:188} INFO - [2026-01-18T23:40:25.414+0000] {dagbag.py:545} INFO - Filling up the DagBag from /opt/airflow/dags/pipeline_one_off.py
[2026-01-18T23:40:25.452+0000] {processor.py:840} INFO - DAG(s) 'pipeline_one_off' retrieved from /opt/airflow/dags/pipeline_one_off.py
[2026-01-18T23:40:25.515+0000] {logging_mixin.py:188} INFO - [2026-01-18T23:40:25.515+0000] {dag.py:3089} INFO - Sync 1 DAGs
[2026-01-18T23:40:25.537+0000] {logging_mixin.py:188} INFO - [2026-01-18T23:40:25.537+0000] {dag.py:3947} INFO - Setting next_dagrun for pipeline_one_off to None, run_after=None
[2026-01-18T23:40:25.581+0000] {processor.py:183} INFO - Processing /opt/airflow/dags/pipeline_one_off.py took 0.188 seconds
[2026-01-18T23:40:56.010+0000] {processor.py:161} INFO - Started process (PID=1591) to work on /opt/airflow/dags/pipeline_one_off.py
[2026-01-18T23:40:56.012+0000] {processor.py:830} INFO - Processing file /opt/airflow/dags/pipeline_one_off.py for tasks to queue
[2026-01-18T23:40:56.017+0000] {logging_mixin.py:188} INFO - [2026-01-18T23:40:56.016+0000] {dagbag.py:545} INFO - Filling up the DagBag from /opt/airflow/dags/pipeline_one_off.py
[2026-01-18T23:40:56.063+0000] {processor.py:840} INFO - DAG(s) 'pipeline_one_off' retrieved from /opt/airflow/dags/pipeline_one_off.py
[2026-01-18T23:40:56.135+0000] {logging_mixin.py:188} INFO - [2026-01-18T23:40:56.134+0000] {dag.py:3089} INFO - Sync 1 DAGs
[2026-01-18T23:40:56.159+0000] {logging_mixin.py:188} INFO - [2026-01-18T23:40:56.159+0000] {dag.py:3947} INFO - Setting next_dagrun for pipeline_one_off to None, run_after=None
[2026-01-18T23:40:56.268+0000] {processor.py:183} INFO - Processing /opt/airflow/dags/pipeline_one_off.py took 0.270 seconds
[2026-01-18T23:41:26.435+0000] {processor.py:161} INFO - Started process (PID=1601) to work on /opt/airflow/dags/pipeline_one_off.py
[2026-01-18T23:41:26.438+0000] {processor.py:830} INFO - Processing file /opt/airflow/dags/pipeline_one_off.py for tasks to queue
[2026-01-18T23:41:26.442+0000] {logging_mixin.py:188} INFO - [2026-01-18T23:41:26.441+0000] {dagbag.py:545} INFO - Filling up the DagBag from /opt/airflow/dags/pipeline_one_off.py
[2026-01-18T23:41:26.480+0000] {processor.py:840} INFO - DAG(s) 'pipeline_one_off' retrieved from /opt/airflow/dags/pipeline_one_off.py
[2026-01-18T23:41:26.547+0000] {logging_mixin.py:188} INFO - [2026-01-18T23:41:26.546+0000] {dag.py:3089} INFO - Sync 1 DAGs
[2026-01-18T23:41:26.569+0000] {logging_mixin.py:188} INFO - [2026-01-18T23:41:26.569+0000] {dag.py:3947} INFO - Setting next_dagrun for pipeline_one_off to None, run_after=None
[2026-01-18T23:41:26.605+0000] {processor.py:183} INFO - Processing /opt/airflow/dags/pipeline_one_off.py took 0.183 seconds
[2026-01-18T23:41:57.029+0000] {processor.py:161} INFO - Started process (PID=1611) to work on /opt/airflow/dags/pipeline_one_off.py
[2026-01-18T23:41:57.031+0000] {processor.py:830} INFO - Processing file /opt/airflow/dags/pipeline_one_off.py for tasks to queue
[2026-01-18T23:41:57.036+0000] {logging_mixin.py:188} INFO - [2026-01-18T23:41:57.035+0000] {dagbag.py:545} INFO - Filling up the DagBag from /opt/airflow/dags/pipeline_one_off.py
[2026-01-18T23:41:57.085+0000] {processor.py:840} INFO - DAG(s) 'pipeline_one_off' retrieved from /opt/airflow/dags/pipeline_one_off.py
[2026-01-18T23:41:57.164+0000] {logging_mixin.py:188} INFO - [2026-01-18T23:41:57.164+0000] {dag.py:3089} INFO - Sync 1 DAGs
[2026-01-18T23:41:57.192+0000] {logging_mixin.py:188} INFO - [2026-01-18T23:41:57.192+0000] {dag.py:3947} INFO - Setting next_dagrun for pipeline_one_off to None, run_after=None
[2026-01-18T23:41:57.228+0000] {processor.py:183} INFO - Processing /opt/airflow/dags/pipeline_one_off.py took 0.211 seconds
[2026-01-18T23:42:27.647+0000] {processor.py:161} INFO - Started process (PID=1621) to work on /opt/airflow/dags/pipeline_one_off.py
[2026-01-18T23:42:27.649+0000] {processor.py:830} INFO - Processing file /opt/airflow/dags/pipeline_one_off.py for tasks to queue
[2026-01-18T23:42:27.654+0000] {logging_mixin.py:188} INFO - [2026-01-18T23:42:27.653+0000] {dagbag.py:545} INFO - Filling up the DagBag from /opt/airflow/dags/pipeline_one_off.py
[2026-01-18T23:42:27.698+0000] {processor.py:840} INFO - DAG(s) 'pipeline_one_off' retrieved from /opt/airflow/dags/pipeline_one_off.py
[2026-01-18T23:42:27.769+0000] {logging_mixin.py:188} INFO - [2026-01-18T23:42:27.769+0000] {dag.py:3089} INFO - Sync 1 DAGs
[2026-01-18T23:42:27.796+0000] {logging_mixin.py:188} INFO - [2026-01-18T23:42:27.795+0000] {dag.py:3947} INFO - Setting next_dagrun for pipeline_one_off to None, run_after=None
[2026-01-18T23:42:27.902+0000] {processor.py:183} INFO - Processing /opt/airflow/dags/pipeline_one_off.py took 0.268 seconds
[2026-01-18T23:42:58.035+0000] {processor.py:161} INFO - Started process (PID=1631) to work on /opt/airflow/dags/pipeline_one_off.py
[2026-01-18T23:42:58.037+0000] {processor.py:830} INFO - Processing file /opt/airflow/dags/pipeline_one_off.py for tasks to queue
[2026-01-18T23:42:58.041+0000] {logging_mixin.py:188} INFO - [2026-01-18T23:42:58.041+0000] {dagbag.py:545} INFO - Filling up the DagBag from /opt/airflow/dags/pipeline_one_off.py
[2026-01-18T23:42:58.084+0000] {processor.py:840} INFO - DAG(s) 'pipeline_one_off' retrieved from /opt/airflow/dags/pipeline_one_off.py
[2026-01-18T23:42:58.157+0000] {logging_mixin.py:188} INFO - [2026-01-18T23:42:58.157+0000] {dag.py:3089} INFO - Sync 1 DAGs
[2026-01-18T23:42:58.182+0000] {logging_mixin.py:188} INFO - [2026-01-18T23:42:58.182+0000] {dag.py:3947} INFO - Setting next_dagrun for pipeline_one_off to None, run_after=None
[2026-01-18T23:42:58.289+0000] {processor.py:183} INFO - Processing /opt/airflow/dags/pipeline_one_off.py took 0.267 seconds
[2026-01-18T23:43:28.641+0000] {processor.py:161} INFO - Started process (PID=1641) to work on /opt/airflow/dags/pipeline_one_off.py
[2026-01-18T23:43:28.644+0000] {processor.py:830} INFO - Processing file /opt/airflow/dags/pipeline_one_off.py for tasks to queue
[2026-01-18T23:43:28.650+0000] {logging_mixin.py:188} INFO - [2026-01-18T23:43:28.649+0000] {dagbag.py:545} INFO - Filling up the DagBag from /opt/airflow/dags/pipeline_one_off.py
[2026-01-18T23:43:28.688+0000] {processor.py:840} INFO - DAG(s) 'pipeline_one_off' retrieved from /opt/airflow/dags/pipeline_one_off.py
[2026-01-18T23:43:28.822+0000] {logging_mixin.py:188} INFO - [2026-01-18T23:43:28.821+0000] {dag.py:3089} INFO - Sync 1 DAGs
[2026-01-18T23:43:28.845+0000] {logging_mixin.py:188} INFO - [2026-01-18T23:43:28.845+0000] {dag.py:3947} INFO - Setting next_dagrun for pipeline_one_off to None, run_after=None
[2026-01-18T23:43:28.880+0000] {processor.py:183} INFO - Processing /opt/airflow/dags/pipeline_one_off.py took 0.254 seconds
[2026-01-18T23:43:59.301+0000] {processor.py:161} INFO - Started process (PID=1651) to work on /opt/airflow/dags/pipeline_one_off.py
[2026-01-18T23:43:59.303+0000] {processor.py:830} INFO - Processing file /opt/airflow/dags/pipeline_one_off.py for tasks to queue
[2026-01-18T23:43:59.309+0000] {logging_mixin.py:188} INFO - [2026-01-18T23:43:59.308+0000] {dagbag.py:545} INFO - Filling up the DagBag from /opt/airflow/dags/pipeline_one_off.py
[2026-01-18T23:43:59.356+0000] {processor.py:840} INFO - DAG(s) 'pipeline_one_off' retrieved from /opt/airflow/dags/pipeline_one_off.py
[2026-01-18T23:43:59.422+0000] {logging_mixin.py:188} INFO - [2026-01-18T23:43:59.421+0000] {dag.py:3089} INFO - Sync 1 DAGs
[2026-01-18T23:43:59.445+0000] {logging_mixin.py:188} INFO - [2026-01-18T23:43:59.445+0000] {dag.py:3947} INFO - Setting next_dagrun for pipeline_one_off to None, run_after=None
[2026-01-18T23:43:59.491+0000] {processor.py:183} INFO - Processing /opt/airflow/dags/pipeline_one_off.py took 0.205 seconds
[2026-01-18T23:44:29.994+0000] {processor.py:161} INFO - Started process (PID=1661) to work on /opt/airflow/dags/pipeline_one_off.py
[2026-01-18T23:44:29.998+0000] {processor.py:830} INFO - Processing file /opt/airflow/dags/pipeline_one_off.py for tasks to queue
[2026-01-18T23:44:30.005+0000] {logging_mixin.py:188} INFO - [2026-01-18T23:44:30.005+0000] {dagbag.py:545} INFO - Filling up the DagBag from /opt/airflow/dags/pipeline_one_off.py
[2026-01-18T23:44:30.036+0000] {processor.py:840} INFO - DAG(s) 'pipeline_one_off' retrieved from /opt/airflow/dags/pipeline_one_off.py
[2026-01-18T23:44:30.096+0000] {logging_mixin.py:188} INFO - [2026-01-18T23:44:30.096+0000] {dag.py:3089} INFO - Sync 1 DAGs
[2026-01-18T23:44:30.118+0000] {logging_mixin.py:188} INFO - [2026-01-18T23:44:30.117+0000] {dag.py:3947} INFO - Setting next_dagrun for pipeline_one_off to None, run_after=None
[2026-01-18T23:44:30.220+0000] {processor.py:183} INFO - Processing /opt/airflow/dags/pipeline_one_off.py took 0.248 seconds
[2026-01-18T23:45:00.379+0000] {processor.py:161} INFO - Started process (PID=1671) to work on /opt/airflow/dags/pipeline_one_off.py
[2026-01-18T23:45:00.381+0000] {processor.py:830} INFO - Processing file /opt/airflow/dags/pipeline_one_off.py for tasks to queue
[2026-01-18T23:45:00.388+0000] {logging_mixin.py:188} INFO - [2026-01-18T23:45:00.387+0000] {dagbag.py:545} INFO - Filling up the DagBag from /opt/airflow/dags/pipeline_one_off.py
[2026-01-18T23:45:00.431+0000] {processor.py:840} INFO - DAG(s) 'pipeline_one_off' retrieved from /opt/airflow/dags/pipeline_one_off.py
[2026-01-18T23:45:00.504+0000] {logging_mixin.py:188} INFO - [2026-01-18T23:45:00.504+0000] {dag.py:3089} INFO - Sync 1 DAGs
[2026-01-18T23:45:00.530+0000] {logging_mixin.py:188} INFO - [2026-01-18T23:45:00.529+0000] {dag.py:3947} INFO - Setting next_dagrun for pipeline_one_off to None, run_after=None
[2026-01-18T23:45:00.638+0000] {processor.py:183} INFO - Processing /opt/airflow/dags/pipeline_one_off.py took 0.272 seconds
[2026-01-18T23:45:30.970+0000] {processor.py:161} INFO - Started process (PID=1681) to work on /opt/airflow/dags/pipeline_one_off.py
[2026-01-18T23:45:30.972+0000] {processor.py:830} INFO - Processing file /opt/airflow/dags/pipeline_one_off.py for tasks to queue
[2026-01-18T23:45:30.977+0000] {logging_mixin.py:188} INFO - [2026-01-18T23:45:30.976+0000] {dagbag.py:545} INFO - Filling up the DagBag from /opt/airflow/dags/pipeline_one_off.py
[2026-01-18T23:45:31.015+0000] {processor.py:840} INFO - DAG(s) 'pipeline_one_off' retrieved from /opt/airflow/dags/pipeline_one_off.py
[2026-01-18T23:45:31.079+0000] {logging_mixin.py:188} INFO - [2026-01-18T23:45:31.078+0000] {dag.py:3089} INFO - Sync 1 DAGs
[2026-01-18T23:45:31.107+0000] {logging_mixin.py:188} INFO - [2026-01-18T23:45:31.107+0000] {dag.py:3947} INFO - Setting next_dagrun for pipeline_one_off to None, run_after=None
[2026-01-18T23:45:31.211+0000] {processor.py:183} INFO - Processing /opt/airflow/dags/pipeline_one_off.py took 0.254 seconds
[2026-01-18T23:46:01.424+0000] {processor.py:161} INFO - Started process (PID=1691) to work on /opt/airflow/dags/pipeline_one_off.py
[2026-01-18T23:46:01.426+0000] {processor.py:830} INFO - Processing file /opt/airflow/dags/pipeline_one_off.py for tasks to queue
[2026-01-18T23:46:01.430+0000] {logging_mixin.py:188} INFO - [2026-01-18T23:46:01.429+0000] {dagbag.py:545} INFO - Filling up the DagBag from /opt/airflow/dags/pipeline_one_off.py
[2026-01-18T23:46:01.472+0000] {processor.py:840} INFO - DAG(s) 'pipeline_one_off' retrieved from /opt/airflow/dags/pipeline_one_off.py
[2026-01-18T23:46:01.548+0000] {logging_mixin.py:188} INFO - [2026-01-18T23:46:01.547+0000] {dag.py:3089} INFO - Sync 1 DAGs
[2026-01-18T23:46:01.571+0000] {logging_mixin.py:188} INFO - [2026-01-18T23:46:01.570+0000] {dag.py:3947} INFO - Setting next_dagrun for pipeline_one_off to None, run_after=None
[2026-01-18T23:46:01.675+0000] {processor.py:183} INFO - Processing /opt/airflow/dags/pipeline_one_off.py took 0.264 seconds
[2026-01-18T23:46:31.939+0000] {processor.py:161} INFO - Started process (PID=1701) to work on /opt/airflow/dags/pipeline_one_off.py
[2026-01-18T23:46:31.941+0000] {processor.py:830} INFO - Processing file /opt/airflow/dags/pipeline_one_off.py for tasks to queue
[2026-01-18T23:46:31.946+0000] {logging_mixin.py:188} INFO - [2026-01-18T23:46:31.945+0000] {dagbag.py:545} INFO - Filling up the DagBag from /opt/airflow/dags/pipeline_one_off.py
[2026-01-18T23:46:31.989+0000] {processor.py:840} INFO - DAG(s) 'pipeline_one_off' retrieved from /opt/airflow/dags/pipeline_one_off.py
[2026-01-18T23:46:32.059+0000] {logging_mixin.py:188} INFO - [2026-01-18T23:46:32.059+0000] {dag.py:3089} INFO - Sync 1 DAGs
[2026-01-18T23:46:32.083+0000] {logging_mixin.py:188} INFO - [2026-01-18T23:46:32.083+0000] {dag.py:3947} INFO - Setting next_dagrun for pipeline_one_off to None, run_after=None
[2026-01-18T23:46:32.190+0000] {processor.py:183} INFO - Processing /opt/airflow/dags/pipeline_one_off.py took 0.262 seconds
[2026-01-18T23:47:02.410+0000] {processor.py:161} INFO - Started process (PID=1711) to work on /opt/airflow/dags/pipeline_one_off.py
[2026-01-18T23:47:02.413+0000] {processor.py:830} INFO - Processing file /opt/airflow/dags/pipeline_one_off.py for tasks to queue
[2026-01-18T23:47:02.416+0000] {logging_mixin.py:188} INFO - [2026-01-18T23:47:02.416+0000] {dagbag.py:545} INFO - Filling up the DagBag from /opt/airflow/dags/pipeline_one_off.py
[2026-01-18T23:47:02.467+0000] {processor.py:840} INFO - DAG(s) 'pipeline_one_off' retrieved from /opt/airflow/dags/pipeline_one_off.py
[2026-01-18T23:47:02.537+0000] {logging_mixin.py:188} INFO - [2026-01-18T23:47:02.536+0000] {dag.py:3089} INFO - Sync 1 DAGs
[2026-01-18T23:47:02.575+0000] {logging_mixin.py:188} INFO - [2026-01-18T23:47:02.575+0000] {dag.py:3947} INFO - Setting next_dagrun for pipeline_one_off to None, run_after=None
[2026-01-18T23:47:02.609+0000] {processor.py:183} INFO - Processing /opt/airflow/dags/pipeline_one_off.py took 0.212 seconds
[2026-01-18T23:47:33.029+0000] {processor.py:161} INFO - Started process (PID=1721) to work on /opt/airflow/dags/pipeline_one_off.py
[2026-01-18T23:47:33.031+0000] {processor.py:830} INFO - Processing file /opt/airflow/dags/pipeline_one_off.py for tasks to queue
[2026-01-18T23:47:33.036+0000] {logging_mixin.py:188} INFO - [2026-01-18T23:47:33.035+0000] {dagbag.py:545} INFO - Filling up the DagBag from /opt/airflow/dags/pipeline_one_off.py
[2026-01-18T23:47:33.071+0000] {processor.py:840} INFO - DAG(s) 'pipeline_one_off' retrieved from /opt/airflow/dags/pipeline_one_off.py
[2026-01-18T23:47:33.135+0000] {logging_mixin.py:188} INFO - [2026-01-18T23:47:33.135+0000] {dag.py:3089} INFO - Sync 1 DAGs
[2026-01-18T23:47:33.157+0000] {logging_mixin.py:188} INFO - [2026-01-18T23:47:33.157+0000] {dag.py:3947} INFO - Setting next_dagrun for pipeline_one_off to None, run_after=None
[2026-01-18T23:47:33.264+0000] {processor.py:183} INFO - Processing /opt/airflow/dags/pipeline_one_off.py took 0.248 seconds
[2026-01-18T23:48:03.441+0000] {processor.py:161} INFO - Started process (PID=1731) to work on /opt/airflow/dags/pipeline_one_off.py
[2026-01-18T23:48:03.443+0000] {processor.py:830} INFO - Processing file /opt/airflow/dags/pipeline_one_off.py for tasks to queue
[2026-01-18T23:48:03.447+0000] {logging_mixin.py:188} INFO - [2026-01-18T23:48:03.447+0000] {dagbag.py:545} INFO - Filling up the DagBag from /opt/airflow/dags/pipeline_one_off.py
[2026-01-18T23:48:03.488+0000] {processor.py:840} INFO - DAG(s) 'pipeline_one_off' retrieved from /opt/airflow/dags/pipeline_one_off.py
[2026-01-18T23:48:03.553+0000] {logging_mixin.py:188} INFO - [2026-01-18T23:48:03.552+0000] {dag.py:3089} INFO - Sync 1 DAGs
[2026-01-18T23:48:03.578+0000] {logging_mixin.py:188} INFO - [2026-01-18T23:48:03.578+0000] {dag.py:3947} INFO - Setting next_dagrun for pipeline_one_off to None, run_after=None
[2026-01-18T23:48:03.683+0000] {processor.py:183} INFO - Processing /opt/airflow/dags/pipeline_one_off.py took 0.254 seconds
[2026-01-18T23:48:33.996+0000] {processor.py:161} INFO - Started process (PID=1741) to work on /opt/airflow/dags/pipeline_one_off.py
[2026-01-18T23:48:33.999+0000] {processor.py:830} INFO - Processing file /opt/airflow/dags/pipeline_one_off.py for tasks to queue
[2026-01-18T23:48:34.002+0000] {logging_mixin.py:188} INFO - [2026-01-18T23:48:34.002+0000] {dagbag.py:545} INFO - Filling up the DagBag from /opt/airflow/dags/pipeline_one_off.py
[2026-01-18T23:48:34.047+0000] {processor.py:840} INFO - DAG(s) 'pipeline_one_off' retrieved from /opt/airflow/dags/pipeline_one_off.py
[2026-01-18T23:48:34.117+0000] {logging_mixin.py:188} INFO - [2026-01-18T23:48:34.117+0000] {dag.py:3089} INFO - Sync 1 DAGs
[2026-01-18T23:48:34.140+0000] {logging_mixin.py:188} INFO - [2026-01-18T23:48:34.140+0000] {dag.py:3947} INFO - Setting next_dagrun for pipeline_one_off to None, run_after=None
[2026-01-18T23:48:34.240+0000] {processor.py:183} INFO - Processing /opt/airflow/dags/pipeline_one_off.py took 0.257 seconds
[2026-01-18T23:49:04.409+0000] {processor.py:161} INFO - Started process (PID=1751) to work on /opt/airflow/dags/pipeline_one_off.py
[2026-01-18T23:49:04.411+0000] {processor.py:830} INFO - Processing file /opt/airflow/dags/pipeline_one_off.py for tasks to queue
[2026-01-18T23:49:04.417+0000] {logging_mixin.py:188} INFO - [2026-01-18T23:49:04.416+0000] {dagbag.py:545} INFO - Filling up the DagBag from /opt/airflow/dags/pipeline_one_off.py
[2026-01-18T23:49:04.456+0000] {processor.py:840} INFO - DAG(s) 'pipeline_one_off' retrieved from /opt/airflow/dags/pipeline_one_off.py
[2026-01-18T23:49:04.555+0000] {logging_mixin.py:188} INFO - [2026-01-18T23:49:04.554+0000] {dag.py:3089} INFO - Sync 1 DAGs
[2026-01-18T23:49:04.582+0000] {logging_mixin.py:188} INFO - [2026-01-18T23:49:04.581+0000] {dag.py:3947} INFO - Setting next_dagrun for pipeline_one_off to None, run_after=None
[2026-01-18T23:49:04.688+0000] {processor.py:183} INFO - Processing /opt/airflow/dags/pipeline_one_off.py took 0.293 seconds
[2026-01-18T23:49:35.040+0000] {processor.py:161} INFO - Started process (PID=1764) to work on /opt/airflow/dags/pipeline_one_off.py
[2026-01-18T23:49:35.043+0000] {processor.py:830} INFO - Processing file /opt/airflow/dags/pipeline_one_off.py for tasks to queue
[2026-01-18T23:49:35.047+0000] {logging_mixin.py:188} INFO - [2026-01-18T23:49:35.046+0000] {dagbag.py:545} INFO - Filling up the DagBag from /opt/airflow/dags/pipeline_one_off.py
[2026-01-18T23:49:35.092+0000] {processor.py:840} INFO - DAG(s) 'pipeline_one_off' retrieved from /opt/airflow/dags/pipeline_one_off.py
[2026-01-18T23:49:35.158+0000] {logging_mixin.py:188} INFO - [2026-01-18T23:49:35.157+0000] {dag.py:3089} INFO - Sync 1 DAGs
[2026-01-18T23:49:35.180+0000] {logging_mixin.py:188} INFO - [2026-01-18T23:49:35.180+0000] {dag.py:3947} INFO - Setting next_dagrun for pipeline_one_off to None, run_after=None
[2026-01-18T23:49:35.213+0000] {processor.py:183} INFO - Processing /opt/airflow/dags/pipeline_one_off.py took 0.187 seconds
[2026-01-18T23:50:05.636+0000] {processor.py:161} INFO - Started process (PID=1774) to work on /opt/airflow/dags/pipeline_one_off.py
[2026-01-18T23:50:05.639+0000] {processor.py:830} INFO - Processing file /opt/airflow/dags/pipeline_one_off.py for tasks to queue
[2026-01-18T23:50:05.643+0000] {logging_mixin.py:188} INFO - [2026-01-18T23:50:05.643+0000] {dagbag.py:545} INFO - Filling up the DagBag from /opt/airflow/dags/pipeline_one_off.py
[2026-01-18T23:50:05.688+0000] {processor.py:840} INFO - DAG(s) 'pipeline_one_off' retrieved from /opt/airflow/dags/pipeline_one_off.py
[2026-01-18T23:50:05.759+0000] {logging_mixin.py:188} INFO - [2026-01-18T23:50:05.759+0000] {dag.py:3089} INFO - Sync 1 DAGs
[2026-01-18T23:50:05.780+0000] {logging_mixin.py:188} INFO - [2026-01-18T23:50:05.780+0000] {dag.py:3947} INFO - Setting next_dagrun for pipeline_one_off to None, run_after=None
[2026-01-18T23:50:05.816+0000] {processor.py:183} INFO - Processing /opt/airflow/dags/pipeline_one_off.py took 0.194 seconds
[2026-01-18T23:50:36.240+0000] {processor.py:161} INFO - Started process (PID=1784) to work on /opt/airflow/dags/pipeline_one_off.py
[2026-01-18T23:50:36.242+0000] {processor.py:830} INFO - Processing file /opt/airflow/dags/pipeline_one_off.py for tasks to queue
[2026-01-18T23:50:36.247+0000] {logging_mixin.py:188} INFO - [2026-01-18T23:50:36.246+0000] {dagbag.py:545} INFO - Filling up the DagBag from /opt/airflow/dags/pipeline_one_off.py
[2026-01-18T23:50:36.285+0000] {processor.py:840} INFO - DAG(s) 'pipeline_one_off' retrieved from /opt/airflow/dags/pipeline_one_off.py
[2026-01-18T23:50:36.354+0000] {logging_mixin.py:188} INFO - [2026-01-18T23:50:36.354+0000] {dag.py:3089} INFO - Sync 1 DAGs
[2026-01-18T23:50:36.377+0000] {logging_mixin.py:188} INFO - [2026-01-18T23:50:36.376+0000] {dag.py:3947} INFO - Setting next_dagrun for pipeline_one_off to None, run_after=None
[2026-01-18T23:50:36.481+0000] {processor.py:183} INFO - Processing /opt/airflow/dags/pipeline_one_off.py took 0.253 seconds
[2026-01-18T23:51:06.648+0000] {processor.py:161} INFO - Started process (PID=1794) to work on /opt/airflow/dags/pipeline_one_off.py
[2026-01-18T23:51:06.650+0000] {processor.py:830} INFO - Processing file /opt/airflow/dags/pipeline_one_off.py for tasks to queue
[2026-01-18T23:51:06.654+0000] {logging_mixin.py:188} INFO - [2026-01-18T23:51:06.653+0000] {dagbag.py:545} INFO - Filling up the DagBag from /opt/airflow/dags/pipeline_one_off.py
[2026-01-18T23:51:06.699+0000] {processor.py:840} INFO - DAG(s) 'pipeline_one_off' retrieved from /opt/airflow/dags/pipeline_one_off.py
[2026-01-18T23:51:06.770+0000] {logging_mixin.py:188} INFO - [2026-01-18T23:51:06.769+0000] {dag.py:3089} INFO - Sync 1 DAGs
[2026-01-18T23:51:06.791+0000] {logging_mixin.py:188} INFO - [2026-01-18T23:51:06.791+0000] {dag.py:3947} INFO - Setting next_dagrun for pipeline_one_off to None, run_after=None
[2026-01-18T23:51:06.897+0000] {processor.py:183} INFO - Processing /opt/airflow/dags/pipeline_one_off.py took 0.261 seconds
[2026-01-18T23:51:37.216+0000] {processor.py:161} INFO - Started process (PID=1804) to work on /opt/airflow/dags/pipeline_one_off.py
[2026-01-18T23:51:37.218+0000] {processor.py:830} INFO - Processing file /opt/airflow/dags/pipeline_one_off.py for tasks to queue
[2026-01-18T23:51:37.222+0000] {logging_mixin.py:188} INFO - [2026-01-18T23:51:37.222+0000] {dagbag.py:545} INFO - Filling up the DagBag from /opt/airflow/dags/pipeline_one_off.py
[2026-01-18T23:51:37.272+0000] {processor.py:840} INFO - DAG(s) 'pipeline_one_off' retrieved from /opt/airflow/dags/pipeline_one_off.py
[2026-01-18T23:51:37.341+0000] {logging_mixin.py:188} INFO - [2026-01-18T23:51:37.341+0000] {dag.py:3089} INFO - Sync 1 DAGs
[2026-01-18T23:51:37.364+0000] {logging_mixin.py:188} INFO - [2026-01-18T23:51:37.363+0000] {dag.py:3947} INFO - Setting next_dagrun for pipeline_one_off to None, run_after=None
[2026-01-18T23:51:37.469+0000] {processor.py:183} INFO - Processing /opt/airflow/dags/pipeline_one_off.py took 0.266 seconds
[2026-01-18T23:52:07.634+0000] {processor.py:161} INFO - Started process (PID=1814) to work on /opt/airflow/dags/pipeline_one_off.py
[2026-01-18T23:52:07.636+0000] {processor.py:830} INFO - Processing file /opt/airflow/dags/pipeline_one_off.py for tasks to queue
[2026-01-18T23:52:07.640+0000] {logging_mixin.py:188} INFO - [2026-01-18T23:52:07.640+0000] {dagbag.py:545} INFO - Filling up the DagBag from /opt/airflow/dags/pipeline_one_off.py
[2026-01-18T23:52:07.684+0000] {processor.py:840} INFO - DAG(s) 'pipeline_one_off' retrieved from /opt/airflow/dags/pipeline_one_off.py
[2026-01-18T23:52:07.759+0000] {logging_mixin.py:188} INFO - [2026-01-18T23:52:07.759+0000] {dag.py:3089} INFO - Sync 1 DAGs
[2026-01-18T23:52:07.783+0000] {logging_mixin.py:188} INFO - [2026-01-18T23:52:07.783+0000] {dag.py:3947} INFO - Setting next_dagrun for pipeline_one_off to None, run_after=None
[2026-01-18T23:52:07.887+0000] {processor.py:183} INFO - Processing /opt/airflow/dags/pipeline_one_off.py took 0.265 seconds
[2026-01-18T23:52:38.207+0000] {processor.py:161} INFO - Started process (PID=1824) to work on /opt/airflow/dags/pipeline_one_off.py
[2026-01-18T23:52:38.210+0000] {processor.py:830} INFO - Processing file /opt/airflow/dags/pipeline_one_off.py for tasks to queue
[2026-01-18T23:52:38.219+0000] {logging_mixin.py:188} INFO - [2026-01-18T23:52:38.218+0000] {dagbag.py:545} INFO - Filling up the DagBag from /opt/airflow/dags/pipeline_one_off.py
[2026-01-18T23:52:38.263+0000] {processor.py:840} INFO - DAG(s) 'pipeline_one_off' retrieved from /opt/airflow/dags/pipeline_one_off.py
[2026-01-18T23:52:38.342+0000] {logging_mixin.py:188} INFO - [2026-01-18T23:52:38.341+0000] {dag.py:3089} INFO - Sync 1 DAGs
[2026-01-18T23:52:38.370+0000] {logging_mixin.py:188} INFO - [2026-01-18T23:52:38.369+0000] {dag.py:3947} INFO - Setting next_dagrun for pipeline_one_off to None, run_after=None
[2026-01-18T23:52:38.410+0000] {processor.py:183} INFO - Processing /opt/airflow/dags/pipeline_one_off.py took 0.222 seconds
[2026-01-18T23:53:08.841+0000] {processor.py:161} INFO - Started process (PID=1834) to work on /opt/airflow/dags/pipeline_one_off.py
[2026-01-18T23:53:08.843+0000] {processor.py:830} INFO - Processing file /opt/airflow/dags/pipeline_one_off.py for tasks to queue
[2026-01-18T23:53:08.848+0000] {logging_mixin.py:188} INFO - [2026-01-18T23:53:08.846+0000] {dagbag.py:545} INFO - Filling up the DagBag from /opt/airflow/dags/pipeline_one_off.py
[2026-01-18T23:53:08.894+0000] {processor.py:840} INFO - DAG(s) 'pipeline_one_off' retrieved from /opt/airflow/dags/pipeline_one_off.py
[2026-01-18T23:53:08.967+0000] {logging_mixin.py:188} INFO - [2026-01-18T23:53:08.966+0000] {dag.py:3089} INFO - Sync 1 DAGs
[2026-01-18T23:53:08.998+0000] {logging_mixin.py:188} INFO - [2026-01-18T23:53:08.997+0000] {dag.py:3947} INFO - Setting next_dagrun for pipeline_one_off to None, run_after=None
[2026-01-18T23:53:09.099+0000] {processor.py:183} INFO - Processing /opt/airflow/dags/pipeline_one_off.py took 0.274 seconds
[2026-01-18T23:53:39.432+0000] {processor.py:161} INFO - Started process (PID=1844) to work on /opt/airflow/dags/pipeline_one_off.py
[2026-01-18T23:53:39.434+0000] {processor.py:830} INFO - Processing file /opt/airflow/dags/pipeline_one_off.py for tasks to queue
[2026-01-18T23:53:39.440+0000] {logging_mixin.py:188} INFO - [2026-01-18T23:53:39.439+0000] {dagbag.py:545} INFO - Filling up the DagBag from /opt/airflow/dags/pipeline_one_off.py
[2026-01-18T23:53:39.478+0000] {processor.py:840} INFO - DAG(s) 'pipeline_one_off' retrieved from /opt/airflow/dags/pipeline_one_off.py
[2026-01-18T23:53:39.542+0000] {logging_mixin.py:188} INFO - [2026-01-18T23:53:39.542+0000] {dag.py:3089} INFO - Sync 1 DAGs
[2026-01-18T23:53:39.565+0000] {logging_mixin.py:188} INFO - [2026-01-18T23:53:39.564+0000] {dag.py:3947} INFO - Setting next_dagrun for pipeline_one_off to None, run_after=None
[2026-01-18T23:53:39.612+0000] {processor.py:183} INFO - Processing /opt/airflow/dags/pipeline_one_off.py took 0.197 seconds
[2026-01-18T23:54:10.116+0000] {processor.py:161} INFO - Started process (PID=1854) to work on /opt/airflow/dags/pipeline_one_off.py
[2026-01-18T23:54:10.119+0000] {processor.py:830} INFO - Processing file /opt/airflow/dags/pipeline_one_off.py for tasks to queue
[2026-01-18T23:54:10.125+0000] {logging_mixin.py:188} INFO - [2026-01-18T23:54:10.124+0000] {dagbag.py:545} INFO - Filling up the DagBag from /opt/airflow/dags/pipeline_one_off.py
[2026-01-18T23:54:10.166+0000] {processor.py:840} INFO - DAG(s) 'pipeline_one_off' retrieved from /opt/airflow/dags/pipeline_one_off.py
[2026-01-18T23:54:10.239+0000] {logging_mixin.py:188} INFO - [2026-01-18T23:54:10.239+0000] {dag.py:3089} INFO - Sync 1 DAGs
[2026-01-18T23:54:10.265+0000] {logging_mixin.py:188} INFO - [2026-01-18T23:54:10.264+0000] {dag.py:3947} INFO - Setting next_dagrun for pipeline_one_off to None, run_after=None
[2026-01-18T23:54:10.371+0000] {processor.py:183} INFO - Processing /opt/airflow/dags/pipeline_one_off.py took 0.270 seconds
[2026-01-18T23:54:40.594+0000] {processor.py:161} INFO - Started process (PID=1864) to work on /opt/airflow/dags/pipeline_one_off.py
[2026-01-18T23:54:40.597+0000] {processor.py:830} INFO - Processing file /opt/airflow/dags/pipeline_one_off.py for tasks to queue
[2026-01-18T23:54:40.603+0000] {logging_mixin.py:188} INFO - [2026-01-18T23:54:40.602+0000] {dagbag.py:545} INFO - Filling up the DagBag from /opt/airflow/dags/pipeline_one_off.py
[2026-01-18T23:54:40.648+0000] {processor.py:840} INFO - DAG(s) 'pipeline_one_off' retrieved from /opt/airflow/dags/pipeline_one_off.py
[2026-01-18T23:54:40.727+0000] {logging_mixin.py:188} INFO - [2026-01-18T23:54:40.727+0000] {dag.py:3089} INFO - Sync 1 DAGs
[2026-01-18T23:54:40.752+0000] {logging_mixin.py:188} INFO - [2026-01-18T23:54:40.752+0000] {dag.py:3947} INFO - Setting next_dagrun for pipeline_one_off to None, run_after=None
[2026-01-18T23:54:40.855+0000] {processor.py:183} INFO - Processing /opt/airflow/dags/pipeline_one_off.py took 0.277 seconds
[2026-01-18T23:55:11.094+0000] {processor.py:161} INFO - Started process (PID=1874) to work on /opt/airflow/dags/pipeline_one_off.py
[2026-01-18T23:55:11.097+0000] {processor.py:830} INFO - Processing file /opt/airflow/dags/pipeline_one_off.py for tasks to queue
[2026-01-18T23:55:11.102+0000] {logging_mixin.py:188} INFO - [2026-01-18T23:55:11.101+0000] {dagbag.py:545} INFO - Filling up the DagBag from /opt/airflow/dags/pipeline_one_off.py
[2026-01-18T23:55:11.151+0000] {processor.py:840} INFO - DAG(s) 'pipeline_one_off' retrieved from /opt/airflow/dags/pipeline_one_off.py
[2026-01-18T23:55:11.224+0000] {logging_mixin.py:188} INFO - [2026-01-18T23:55:11.224+0000] {dag.py:3089} INFO - Sync 1 DAGs
[2026-01-18T23:55:11.249+0000] {logging_mixin.py:188} INFO - [2026-01-18T23:55:11.248+0000] {dag.py:3947} INFO - Setting next_dagrun for pipeline_one_off to None, run_after=None
[2026-01-18T23:55:11.354+0000] {processor.py:183} INFO - Processing /opt/airflow/dags/pipeline_one_off.py took 0.273 seconds
[2026-01-18T23:55:41.608+0000] {processor.py:161} INFO - Started process (PID=1884) to work on /opt/airflow/dags/pipeline_one_off.py
[2026-01-18T23:55:41.610+0000] {processor.py:830} INFO - Processing file /opt/airflow/dags/pipeline_one_off.py for tasks to queue
[2026-01-18T23:55:41.614+0000] {logging_mixin.py:188} INFO - [2026-01-18T23:55:41.613+0000] {dagbag.py:545} INFO - Filling up the DagBag from /opt/airflow/dags/pipeline_one_off.py
[2026-01-18T23:55:41.657+0000] {processor.py:840} INFO - DAG(s) 'pipeline_one_off' retrieved from /opt/airflow/dags/pipeline_one_off.py
[2026-01-18T23:55:41.732+0000] {logging_mixin.py:188} INFO - [2026-01-18T23:55:41.732+0000] {dag.py:3089} INFO - Sync 1 DAGs
[2026-01-18T23:55:41.756+0000] {logging_mixin.py:188} INFO - [2026-01-18T23:55:41.755+0000] {dag.py:3947} INFO - Setting next_dagrun for pipeline_one_off to None, run_after=None
[2026-01-18T23:55:41.861+0000] {processor.py:183} INFO - Processing /opt/airflow/dags/pipeline_one_off.py took 0.266 seconds
[2026-01-18T23:56:12.092+0000] {processor.py:161} INFO - Started process (PID=1894) to work on /opt/airflow/dags/pipeline_one_off.py
[2026-01-18T23:56:12.095+0000] {processor.py:830} INFO - Processing file /opt/airflow/dags/pipeline_one_off.py for tasks to queue
[2026-01-18T23:56:12.099+0000] {logging_mixin.py:188} INFO - [2026-01-18T23:56:12.098+0000] {dagbag.py:545} INFO - Filling up the DagBag from /opt/airflow/dags/pipeline_one_off.py
[2026-01-18T23:56:12.143+0000] {processor.py:840} INFO - DAG(s) 'pipeline_one_off' retrieved from /opt/airflow/dags/pipeline_one_off.py
[2026-01-18T23:56:12.217+0000] {logging_mixin.py:188} INFO - [2026-01-18T23:56:12.216+0000] {dag.py:3089} INFO - Sync 1 DAGs
[2026-01-18T23:56:12.245+0000] {logging_mixin.py:188} INFO - [2026-01-18T23:56:12.244+0000] {dag.py:3947} INFO - Setting next_dagrun for pipeline_one_off to None, run_after=None
[2026-01-18T23:56:12.349+0000] {processor.py:183} INFO - Processing /opt/airflow/dags/pipeline_one_off.py took 0.271 seconds
[2026-01-18T23:56:42.593+0000] {processor.py:161} INFO - Started process (PID=1904) to work on /opt/airflow/dags/pipeline_one_off.py
[2026-01-18T23:56:42.595+0000] {processor.py:830} INFO - Processing file /opt/airflow/dags/pipeline_one_off.py for tasks to queue
[2026-01-18T23:56:42.600+0000] {logging_mixin.py:188} INFO - [2026-01-18T23:56:42.598+0000] {dagbag.py:545} INFO - Filling up the DagBag from /opt/airflow/dags/pipeline_one_off.py
[2026-01-18T23:56:42.647+0000] {processor.py:840} INFO - DAG(s) 'pipeline_one_off' retrieved from /opt/airflow/dags/pipeline_one_off.py
[2026-01-18T23:56:42.731+0000] {logging_mixin.py:188} INFO - [2026-01-18T23:56:42.730+0000] {dag.py:3089} INFO - Sync 1 DAGs
[2026-01-18T23:56:42.753+0000] {logging_mixin.py:188} INFO - [2026-01-18T23:56:42.753+0000] {dag.py:3947} INFO - Setting next_dagrun for pipeline_one_off to None, run_after=None
[2026-01-18T23:56:42.858+0000] {processor.py:183} INFO - Processing /opt/airflow/dags/pipeline_one_off.py took 0.278 seconds
[2026-01-18T23:57:13.072+0000] {processor.py:161} INFO - Started process (PID=1914) to work on /opt/airflow/dags/pipeline_one_off.py
[2026-01-18T23:57:13.074+0000] {processor.py:830} INFO - Processing file /opt/airflow/dags/pipeline_one_off.py for tasks to queue
[2026-01-18T23:57:13.078+0000] {logging_mixin.py:188} INFO - [2026-01-18T23:57:13.077+0000] {dagbag.py:545} INFO - Filling up the DagBag from /opt/airflow/dags/pipeline_one_off.py
[2026-01-18T23:57:13.134+0000] {processor.py:840} INFO - DAG(s) 'pipeline_one_off' retrieved from /opt/airflow/dags/pipeline_one_off.py
[2026-01-18T23:57:13.200+0000] {logging_mixin.py:188} INFO - [2026-01-18T23:57:13.200+0000] {dag.py:3089} INFO - Sync 1 DAGs
[2026-01-18T23:57:13.269+0000] {logging_mixin.py:188} INFO - [2026-01-18T23:57:13.268+0000] {dag.py:3947} INFO - Setting next_dagrun for pipeline_one_off to None, run_after=None
[2026-01-18T23:57:13.303+0000] {processor.py:183} INFO - Processing /opt/airflow/dags/pipeline_one_off.py took 0.244 seconds
[2026-01-18T23:57:43.726+0000] {processor.py:161} INFO - Started process (PID=1924) to work on /opt/airflow/dags/pipeline_one_off.py
[2026-01-18T23:57:43.728+0000] {processor.py:830} INFO - Processing file /opt/airflow/dags/pipeline_one_off.py for tasks to queue
[2026-01-18T23:57:43.732+0000] {logging_mixin.py:188} INFO - [2026-01-18T23:57:43.731+0000] {dagbag.py:545} INFO - Filling up the DagBag from /opt/airflow/dags/pipeline_one_off.py
[2026-01-18T23:57:43.769+0000] {processor.py:840} INFO - DAG(s) 'pipeline_one_off' retrieved from /opt/airflow/dags/pipeline_one_off.py
[2026-01-18T23:57:43.832+0000] {logging_mixin.py:188} INFO - [2026-01-18T23:57:43.832+0000] {dag.py:3089} INFO - Sync 1 DAGs
[2026-01-18T23:57:43.854+0000] {logging_mixin.py:188} INFO - [2026-01-18T23:57:43.854+0000] {dag.py:3947} INFO - Setting next_dagrun for pipeline_one_off to None, run_after=None
[2026-01-18T23:57:43.956+0000] {processor.py:183} INFO - Processing /opt/airflow/dags/pipeline_one_off.py took 0.243 seconds
[2026-01-18T23:58:14.115+0000] {processor.py:161} INFO - Started process (PID=1934) to work on /opt/airflow/dags/pipeline_one_off.py
[2026-01-18T23:58:14.118+0000] {processor.py:830} INFO - Processing file /opt/airflow/dags/pipeline_one_off.py for tasks to queue
[2026-01-18T23:58:14.121+0000] {logging_mixin.py:188} INFO - [2026-01-18T23:58:14.121+0000] {dagbag.py:545} INFO - Filling up the DagBag from /opt/airflow/dags/pipeline_one_off.py
[2026-01-18T23:58:14.165+0000] {processor.py:840} INFO - DAG(s) 'pipeline_one_off' retrieved from /opt/airflow/dags/pipeline_one_off.py
[2026-01-18T23:58:14.238+0000] {logging_mixin.py:188} INFO - [2026-01-18T23:58:14.237+0000] {dag.py:3089} INFO - Sync 1 DAGs
[2026-01-18T23:58:14.260+0000] {logging_mixin.py:188} INFO - [2026-01-18T23:58:14.259+0000] {dag.py:3947} INFO - Setting next_dagrun for pipeline_one_off to None, run_after=None
[2026-01-18T23:58:14.298+0000] {processor.py:183} INFO - Processing /opt/airflow/dags/pipeline_one_off.py took 0.195 seconds
[2026-01-18T23:58:44.729+0000] {processor.py:161} INFO - Started process (PID=1944) to work on /opt/airflow/dags/pipeline_one_off.py
[2026-01-18T23:58:44.732+0000] {processor.py:830} INFO - Processing file /opt/airflow/dags/pipeline_one_off.py for tasks to queue
[2026-01-18T23:58:44.737+0000] {logging_mixin.py:188} INFO - [2026-01-18T23:58:44.736+0000] {dagbag.py:545} INFO - Filling up the DagBag from /opt/airflow/dags/pipeline_one_off.py
[2026-01-18T23:58:44.776+0000] {processor.py:840} INFO - DAG(s) 'pipeline_one_off' retrieved from /opt/airflow/dags/pipeline_one_off.py
[2026-01-18T23:58:44.850+0000] {logging_mixin.py:188} INFO - [2026-01-18T23:58:44.850+0000] {dag.py:3089} INFO - Sync 1 DAGs
[2026-01-18T23:58:44.874+0000] {logging_mixin.py:188} INFO - [2026-01-18T23:58:44.874+0000] {dag.py:3947} INFO - Setting next_dagrun for pipeline_one_off to None, run_after=None
[2026-01-18T23:58:44.944+0000] {processor.py:183} INFO - Processing /opt/airflow/dags/pipeline_one_off.py took 0.229 seconds
[2026-01-18T23:59:15.369+0000] {processor.py:161} INFO - Started process (PID=1954) to work on /opt/airflow/dags/pipeline_one_off.py
[2026-01-18T23:59:15.372+0000] {processor.py:830} INFO - Processing file /opt/airflow/dags/pipeline_one_off.py for tasks to queue
[2026-01-18T23:59:15.378+0000] {logging_mixin.py:188} INFO - [2026-01-18T23:59:15.377+0000] {dagbag.py:545} INFO - Filling up the DagBag from /opt/airflow/dags/pipeline_one_off.py
[2026-01-18T23:59:15.442+0000] {processor.py:840} INFO - DAG(s) 'pipeline_one_off' retrieved from /opt/airflow/dags/pipeline_one_off.py
[2026-01-18T23:59:15.544+0000] {logging_mixin.py:188} INFO - [2026-01-18T23:59:15.543+0000] {dag.py:3089} INFO - Sync 1 DAGs
[2026-01-18T23:59:15.574+0000] {logging_mixin.py:188} INFO - [2026-01-18T23:59:15.573+0000] {dag.py:3947} INFO - Setting next_dagrun for pipeline_one_off to None, run_after=None
[2026-01-18T23:59:15.611+0000] {processor.py:183} INFO - Processing /opt/airflow/dags/pipeline_one_off.py took 0.262 seconds
[2026-01-18T23:59:46.104+0000] {processor.py:161} INFO - Started process (PID=1967) to work on /opt/airflow/dags/pipeline_one_off.py
[2026-01-18T23:59:46.108+0000] {processor.py:830} INFO - Processing file /opt/airflow/dags/pipeline_one_off.py for tasks to queue
[2026-01-18T23:59:46.113+0000] {logging_mixin.py:188} INFO - [2026-01-18T23:59:46.112+0000] {dagbag.py:545} INFO - Filling up the DagBag from /opt/airflow/dags/pipeline_one_off.py
[2026-01-18T23:59:46.153+0000] {processor.py:840} INFO - DAG(s) 'pipeline_one_off' retrieved from /opt/airflow/dags/pipeline_one_off.py
[2026-01-18T23:59:46.219+0000] {logging_mixin.py:188} INFO - [2026-01-18T23:59:46.219+0000] {dag.py:3089} INFO - Sync 1 DAGs
[2026-01-18T23:59:46.244+0000] {logging_mixin.py:188} INFO - [2026-01-18T23:59:46.244+0000] {dag.py:3947} INFO - Setting next_dagrun for pipeline_one_off to None, run_after=None
[2026-01-18T23:59:46.349+0000] {processor.py:183} INFO - Processing /opt/airflow/dags/pipeline_one_off.py took 0.260 seconds
