[2026-01-18T18:25:31.323+0000] {processor.py:161} INFO - Started process (PID=175) to work on /opt/airflow/dags/pipeline_scheduled.py
[2026-01-18T18:25:31.325+0000] {processor.py:830} INFO - Processing file /opt/airflow/dags/pipeline_scheduled.py for tasks to queue
[2026-01-18T18:25:31.327+0000] {logging_mixin.py:188} INFO - [2026-01-18T18:25:31.327+0000] {dagbag.py:545} INFO - Filling up the DagBag from /opt/airflow/dags/pipeline_scheduled.py
[2026-01-18T18:25:31.374+0000] {processor.py:840} INFO - DAG(s) 'pipeline_scheduled' retrieved from /opt/airflow/dags/pipeline_scheduled.py
[2026-01-18T18:25:31.658+0000] {logging_mixin.py:188} INFO - [2026-01-18T18:25:31.658+0000] {override.py:1858} INFO - Created Permission View: can edit on DAG:pipeline_scheduled
[2026-01-18T18:25:31.670+0000] {logging_mixin.py:188} INFO - [2026-01-18T18:25:31.669+0000] {override.py:1858} INFO - Created Permission View: can read on DAG:pipeline_scheduled
[2026-01-18T18:25:31.679+0000] {logging_mixin.py:188} INFO - [2026-01-18T18:25:31.678+0000] {override.py:1858} INFO - Created Permission View: can delete on DAG:pipeline_scheduled
[2026-01-18T18:25:31.680+0000] {logging_mixin.py:188} INFO - [2026-01-18T18:25:31.679+0000] {dag.py:3089} INFO - Sync 1 DAGs
[2026-01-18T18:25:31.693+0000] {logging_mixin.py:188} INFO - [2026-01-18T18:25:31.692+0000] {dag.py:3111} INFO - Creating ORM DAG for pipeline_scheduled
[2026-01-18T18:25:31.708+0000] {logging_mixin.py:188} INFO - [2026-01-18T18:25:31.707+0000] {dag.py:3947} INFO - Setting next_dagrun for pipeline_scheduled to 2026-01-18 17:00:00+00:00, run_after=2026-01-18 18:00:00+00:00
[2026-01-18T18:25:31.731+0000] {processor.py:183} INFO - Processing /opt/airflow/dags/pipeline_scheduled.py took 0.415 seconds
[2026-01-18T18:26:02.003+0000] {processor.py:161} INFO - Started process (PID=188) to work on /opt/airflow/dags/pipeline_scheduled.py
[2026-01-18T18:26:02.005+0000] {processor.py:830} INFO - Processing file /opt/airflow/dags/pipeline_scheduled.py for tasks to queue
[2026-01-18T18:26:02.008+0000] {logging_mixin.py:188} INFO - [2026-01-18T18:26:02.008+0000] {dagbag.py:545} INFO - Filling up the DagBag from /opt/airflow/dags/pipeline_scheduled.py
[2026-01-18T18:26:02.035+0000] {processor.py:840} INFO - DAG(s) 'pipeline_scheduled' retrieved from /opt/airflow/dags/pipeline_scheduled.py
[2026-01-18T18:26:02.074+0000] {logging_mixin.py:188} INFO - [2026-01-18T18:26:02.073+0000] {dag.py:3089} INFO - Sync 1 DAGs
[2026-01-18T18:26:02.099+0000] {logging_mixin.py:188} INFO - [2026-01-18T18:26:02.099+0000] {dag.py:3947} INFO - Setting next_dagrun for pipeline_scheduled to 2026-01-18 18:00:00+00:00, run_after=2026-01-18 19:00:00+00:00
[2026-01-18T18:26:02.121+0000] {processor.py:183} INFO - Processing /opt/airflow/dags/pipeline_scheduled.py took 0.125 seconds
[2026-01-18T18:26:32.394+0000] {processor.py:161} INFO - Started process (PID=198) to work on /opt/airflow/dags/pipeline_scheduled.py
[2026-01-18T18:26:32.395+0000] {processor.py:830} INFO - Processing file /opt/airflow/dags/pipeline_scheduled.py for tasks to queue
[2026-01-18T18:26:32.398+0000] {logging_mixin.py:188} INFO - [2026-01-18T18:26:32.397+0000] {dagbag.py:545} INFO - Filling up the DagBag from /opt/airflow/dags/pipeline_scheduled.py
[2026-01-18T18:26:32.424+0000] {processor.py:840} INFO - DAG(s) 'pipeline_scheduled' retrieved from /opt/airflow/dags/pipeline_scheduled.py
[2026-01-18T18:26:32.460+0000] {logging_mixin.py:188} INFO - [2026-01-18T18:26:32.460+0000] {dag.py:3089} INFO - Sync 1 DAGs
[2026-01-18T18:26:32.486+0000] {logging_mixin.py:188} INFO - [2026-01-18T18:26:32.485+0000] {dag.py:3947} INFO - Setting next_dagrun for pipeline_scheduled to 2026-01-18 18:00:00+00:00, run_after=2026-01-18 19:00:00+00:00
[2026-01-18T18:26:32.509+0000] {processor.py:183} INFO - Processing /opt/airflow/dags/pipeline_scheduled.py took 0.121 seconds
[2026-01-18T18:27:02.767+0000] {processor.py:161} INFO - Started process (PID=208) to work on /opt/airflow/dags/pipeline_scheduled.py
[2026-01-18T18:27:02.769+0000] {processor.py:830} INFO - Processing file /opt/airflow/dags/pipeline_scheduled.py for tasks to queue
[2026-01-18T18:27:02.772+0000] {logging_mixin.py:188} INFO - [2026-01-18T18:27:02.771+0000] {dagbag.py:545} INFO - Filling up the DagBag from /opt/airflow/dags/pipeline_scheduled.py
[2026-01-18T18:27:02.799+0000] {processor.py:840} INFO - DAG(s) 'pipeline_scheduled' retrieved from /opt/airflow/dags/pipeline_scheduled.py
[2026-01-18T18:27:02.832+0000] {logging_mixin.py:188} INFO - [2026-01-18T18:27:02.832+0000] {dag.py:3089} INFO - Sync 1 DAGs
[2026-01-18T18:27:02.855+0000] {logging_mixin.py:188} INFO - [2026-01-18T18:27:02.855+0000] {dag.py:3947} INFO - Setting next_dagrun for pipeline_scheduled to 2026-01-18 18:00:00+00:00, run_after=2026-01-18 19:00:00+00:00
[2026-01-18T18:27:02.877+0000] {processor.py:183} INFO - Processing /opt/airflow/dags/pipeline_scheduled.py took 0.115 seconds
[2026-01-18T18:27:33.155+0000] {processor.py:161} INFO - Started process (PID=218) to work on /opt/airflow/dags/pipeline_scheduled.py
[2026-01-18T18:27:33.156+0000] {processor.py:830} INFO - Processing file /opt/airflow/dags/pipeline_scheduled.py for tasks to queue
[2026-01-18T18:27:33.159+0000] {logging_mixin.py:188} INFO - [2026-01-18T18:27:33.158+0000] {dagbag.py:545} INFO - Filling up the DagBag from /opt/airflow/dags/pipeline_scheduled.py
[2026-01-18T18:27:33.188+0000] {processor.py:840} INFO - DAG(s) 'pipeline_scheduled' retrieved from /opt/airflow/dags/pipeline_scheduled.py
[2026-01-18T18:27:33.228+0000] {logging_mixin.py:188} INFO - [2026-01-18T18:27:33.228+0000] {dag.py:3089} INFO - Sync 1 DAGs
[2026-01-18T18:27:33.252+0000] {logging_mixin.py:188} INFO - [2026-01-18T18:27:33.252+0000] {dag.py:3947} INFO - Setting next_dagrun for pipeline_scheduled to 2026-01-18 18:00:00+00:00, run_after=2026-01-18 19:00:00+00:00
[2026-01-18T18:27:33.274+0000] {processor.py:183} INFO - Processing /opt/airflow/dags/pipeline_scheduled.py took 0.126 seconds
[2026-01-18T18:28:03.527+0000] {processor.py:161} INFO - Started process (PID=228) to work on /opt/airflow/dags/pipeline_scheduled.py
[2026-01-18T18:28:03.529+0000] {processor.py:830} INFO - Processing file /opt/airflow/dags/pipeline_scheduled.py for tasks to queue
[2026-01-18T18:28:03.531+0000] {logging_mixin.py:188} INFO - [2026-01-18T18:28:03.531+0000] {dagbag.py:545} INFO - Filling up the DagBag from /opt/airflow/dags/pipeline_scheduled.py
[2026-01-18T18:28:03.558+0000] {processor.py:840} INFO - DAG(s) 'pipeline_scheduled' retrieved from /opt/airflow/dags/pipeline_scheduled.py
[2026-01-18T18:28:03.595+0000] {logging_mixin.py:188} INFO - [2026-01-18T18:28:03.595+0000] {dag.py:3089} INFO - Sync 1 DAGs
[2026-01-18T18:28:03.617+0000] {logging_mixin.py:188} INFO - [2026-01-18T18:28:03.617+0000] {dag.py:3947} INFO - Setting next_dagrun for pipeline_scheduled to 2026-01-18 18:00:00+00:00, run_after=2026-01-18 19:00:00+00:00
[2026-01-18T18:28:03.638+0000] {processor.py:183} INFO - Processing /opt/airflow/dags/pipeline_scheduled.py took 0.117 seconds
[2026-01-18T18:28:33.888+0000] {processor.py:161} INFO - Started process (PID=238) to work on /opt/airflow/dags/pipeline_scheduled.py
[2026-01-18T18:28:33.889+0000] {processor.py:830} INFO - Processing file /opt/airflow/dags/pipeline_scheduled.py for tasks to queue
[2026-01-18T18:28:33.892+0000] {logging_mixin.py:188} INFO - [2026-01-18T18:28:33.891+0000] {dagbag.py:545} INFO - Filling up the DagBag from /opt/airflow/dags/pipeline_scheduled.py
[2026-01-18T18:28:33.921+0000] {processor.py:840} INFO - DAG(s) 'pipeline_scheduled' retrieved from /opt/airflow/dags/pipeline_scheduled.py
[2026-01-18T18:28:33.954+0000] {logging_mixin.py:188} INFO - [2026-01-18T18:28:33.954+0000] {dag.py:3089} INFO - Sync 1 DAGs
[2026-01-18T18:28:33.975+0000] {logging_mixin.py:188} INFO - [2026-01-18T18:28:33.975+0000] {dag.py:3947} INFO - Setting next_dagrun for pipeline_scheduled to 2026-01-18 18:00:00+00:00, run_after=2026-01-18 19:00:00+00:00
[2026-01-18T18:28:33.995+0000] {processor.py:183} INFO - Processing /opt/airflow/dags/pipeline_scheduled.py took 0.114 seconds
[2026-01-18T18:29:04.251+0000] {processor.py:161} INFO - Started process (PID=248) to work on /opt/airflow/dags/pipeline_scheduled.py
[2026-01-18T18:29:04.253+0000] {processor.py:830} INFO - Processing file /opt/airflow/dags/pipeline_scheduled.py for tasks to queue
[2026-01-18T18:29:04.255+0000] {logging_mixin.py:188} INFO - [2026-01-18T18:29:04.255+0000] {dagbag.py:545} INFO - Filling up the DagBag from /opt/airflow/dags/pipeline_scheduled.py
[2026-01-18T18:29:04.281+0000] {processor.py:840} INFO - DAG(s) 'pipeline_scheduled' retrieved from /opt/airflow/dags/pipeline_scheduled.py
[2026-01-18T18:29:04.320+0000] {logging_mixin.py:188} INFO - [2026-01-18T18:29:04.320+0000] {dag.py:3089} INFO - Sync 1 DAGs
[2026-01-18T18:29:04.347+0000] {logging_mixin.py:188} INFO - [2026-01-18T18:29:04.346+0000] {dag.py:3947} INFO - Setting next_dagrun for pipeline_scheduled to 2026-01-18 18:00:00+00:00, run_after=2026-01-18 19:00:00+00:00
[2026-01-18T18:29:04.368+0000] {processor.py:183} INFO - Processing /opt/airflow/dags/pipeline_scheduled.py took 0.124 seconds
[2026-01-18T18:29:34.638+0000] {processor.py:161} INFO - Started process (PID=258) to work on /opt/airflow/dags/pipeline_scheduled.py
[2026-01-18T18:29:34.640+0000] {processor.py:830} INFO - Processing file /opt/airflow/dags/pipeline_scheduled.py for tasks to queue
[2026-01-18T18:29:34.642+0000] {logging_mixin.py:188} INFO - [2026-01-18T18:29:34.642+0000] {dagbag.py:545} INFO - Filling up the DagBag from /opt/airflow/dags/pipeline_scheduled.py
[2026-01-18T18:29:34.669+0000] {processor.py:840} INFO - DAG(s) 'pipeline_scheduled' retrieved from /opt/airflow/dags/pipeline_scheduled.py
[2026-01-18T18:29:34.704+0000] {logging_mixin.py:188} INFO - [2026-01-18T18:29:34.704+0000] {dag.py:3089} INFO - Sync 1 DAGs
[2026-01-18T18:29:34.728+0000] {logging_mixin.py:188} INFO - [2026-01-18T18:29:34.728+0000] {dag.py:3947} INFO - Setting next_dagrun for pipeline_scheduled to 2026-01-18 18:00:00+00:00, run_after=2026-01-18 19:00:00+00:00
[2026-01-18T18:29:34.751+0000] {processor.py:183} INFO - Processing /opt/airflow/dags/pipeline_scheduled.py took 0.119 seconds
[2026-01-18T18:30:05.032+0000] {processor.py:161} INFO - Started process (PID=268) to work on /opt/airflow/dags/pipeline_scheduled.py
[2026-01-18T18:30:05.033+0000] {processor.py:830} INFO - Processing file /opt/airflow/dags/pipeline_scheduled.py for tasks to queue
[2026-01-18T18:30:05.036+0000] {logging_mixin.py:188} INFO - [2026-01-18T18:30:05.035+0000] {dagbag.py:545} INFO - Filling up the DagBag from /opt/airflow/dags/pipeline_scheduled.py
[2026-01-18T18:30:05.063+0000] {processor.py:840} INFO - DAG(s) 'pipeline_scheduled' retrieved from /opt/airflow/dags/pipeline_scheduled.py
[2026-01-18T18:30:05.101+0000] {logging_mixin.py:188} INFO - [2026-01-18T18:30:05.100+0000] {dag.py:3089} INFO - Sync 1 DAGs
[2026-01-18T18:30:05.126+0000] {logging_mixin.py:188} INFO - [2026-01-18T18:30:05.126+0000] {dag.py:3947} INFO - Setting next_dagrun for pipeline_scheduled to 2026-01-18 18:00:00+00:00, run_after=2026-01-18 19:00:00+00:00
[2026-01-18T18:30:05.147+0000] {processor.py:183} INFO - Processing /opt/airflow/dags/pipeline_scheduled.py took 0.122 seconds
[2026-01-18T18:30:35.470+0000] {processor.py:161} INFO - Started process (PID=278) to work on /opt/airflow/dags/pipeline_scheduled.py
[2026-01-18T18:30:35.471+0000] {processor.py:830} INFO - Processing file /opt/airflow/dags/pipeline_scheduled.py for tasks to queue
[2026-01-18T18:30:35.474+0000] {logging_mixin.py:188} INFO - [2026-01-18T18:30:35.474+0000] {dagbag.py:545} INFO - Filling up the DagBag from /opt/airflow/dags/pipeline_scheduled.py
[2026-01-18T18:30:35.499+0000] {processor.py:840} INFO - DAG(s) 'pipeline_scheduled' retrieved from /opt/airflow/dags/pipeline_scheduled.py
[2026-01-18T18:30:35.533+0000] {logging_mixin.py:188} INFO - [2026-01-18T18:30:35.532+0000] {dag.py:3089} INFO - Sync 1 DAGs
[2026-01-18T18:30:35.553+0000] {logging_mixin.py:188} INFO - [2026-01-18T18:30:35.553+0000] {dag.py:3947} INFO - Setting next_dagrun for pipeline_scheduled to 2026-01-18 18:00:00+00:00, run_after=2026-01-18 19:00:00+00:00
[2026-01-18T18:30:35.574+0000] {processor.py:183} INFO - Processing /opt/airflow/dags/pipeline_scheduled.py took 0.112 seconds
[2026-01-18T18:31:05.832+0000] {processor.py:161} INFO - Started process (PID=288) to work on /opt/airflow/dags/pipeline_scheduled.py
[2026-01-18T18:31:05.834+0000] {processor.py:830} INFO - Processing file /opt/airflow/dags/pipeline_scheduled.py for tasks to queue
[2026-01-18T18:31:05.839+0000] {logging_mixin.py:188} INFO - [2026-01-18T18:31:05.838+0000] {dagbag.py:545} INFO - Filling up the DagBag from /opt/airflow/dags/pipeline_scheduled.py
[2026-01-18T18:31:05.867+0000] {processor.py:840} INFO - DAG(s) 'pipeline_scheduled' retrieved from /opt/airflow/dags/pipeline_scheduled.py
[2026-01-18T18:31:05.916+0000] {logging_mixin.py:188} INFO - [2026-01-18T18:31:05.915+0000] {dag.py:3089} INFO - Sync 1 DAGs
[2026-01-18T18:31:05.942+0000] {logging_mixin.py:188} INFO - [2026-01-18T18:31:05.941+0000] {dag.py:3947} INFO - Setting next_dagrun for pipeline_scheduled to 2026-01-18 18:00:00+00:00, run_after=2026-01-18 19:00:00+00:00
[2026-01-18T18:31:05.965+0000] {processor.py:183} INFO - Processing /opt/airflow/dags/pipeline_scheduled.py took 0.141 seconds
[2026-01-18T18:31:36.244+0000] {processor.py:161} INFO - Started process (PID=298) to work on /opt/airflow/dags/pipeline_scheduled.py
[2026-01-18T18:31:36.245+0000] {processor.py:830} INFO - Processing file /opt/airflow/dags/pipeline_scheduled.py for tasks to queue
[2026-01-18T18:31:36.248+0000] {logging_mixin.py:188} INFO - [2026-01-18T18:31:36.247+0000] {dagbag.py:545} INFO - Filling up the DagBag from /opt/airflow/dags/pipeline_scheduled.py
[2026-01-18T18:31:36.276+0000] {processor.py:840} INFO - DAG(s) 'pipeline_scheduled' retrieved from /opt/airflow/dags/pipeline_scheduled.py
[2026-01-18T18:31:36.318+0000] {logging_mixin.py:188} INFO - [2026-01-18T18:31:36.318+0000] {dag.py:3089} INFO - Sync 1 DAGs
[2026-01-18T18:31:36.343+0000] {logging_mixin.py:188} INFO - [2026-01-18T18:31:36.343+0000] {dag.py:3947} INFO - Setting next_dagrun for pipeline_scheduled to 2026-01-18 18:00:00+00:00, run_after=2026-01-18 19:00:00+00:00
[2026-01-18T18:31:36.364+0000] {processor.py:183} INFO - Processing /opt/airflow/dags/pipeline_scheduled.py took 0.127 seconds
[2026-01-18T18:32:06.622+0000] {processor.py:161} INFO - Started process (PID=308) to work on /opt/airflow/dags/pipeline_scheduled.py
[2026-01-18T18:32:06.623+0000] {processor.py:830} INFO - Processing file /opt/airflow/dags/pipeline_scheduled.py for tasks to queue
[2026-01-18T18:32:06.626+0000] {logging_mixin.py:188} INFO - [2026-01-18T18:32:06.625+0000] {dagbag.py:545} INFO - Filling up the DagBag from /opt/airflow/dags/pipeline_scheduled.py
[2026-01-18T18:32:06.652+0000] {processor.py:840} INFO - DAG(s) 'pipeline_scheduled' retrieved from /opt/airflow/dags/pipeline_scheduled.py
[2026-01-18T18:32:06.690+0000] {logging_mixin.py:188} INFO - [2026-01-18T18:32:06.690+0000] {dag.py:3089} INFO - Sync 1 DAGs
[2026-01-18T18:32:06.714+0000] {logging_mixin.py:188} INFO - [2026-01-18T18:32:06.714+0000] {dag.py:3947} INFO - Setting next_dagrun for pipeline_scheduled to 2026-01-18 18:00:00+00:00, run_after=2026-01-18 19:00:00+00:00
[2026-01-18T18:32:06.737+0000] {processor.py:183} INFO - Processing /opt/airflow/dags/pipeline_scheduled.py took 0.122 seconds
[2026-01-18T18:32:37.011+0000] {processor.py:161} INFO - Started process (PID=318) to work on /opt/airflow/dags/pipeline_scheduled.py
[2026-01-18T18:32:37.013+0000] {processor.py:830} INFO - Processing file /opt/airflow/dags/pipeline_scheduled.py for tasks to queue
[2026-01-18T18:32:37.016+0000] {logging_mixin.py:188} INFO - [2026-01-18T18:32:37.015+0000] {dagbag.py:545} INFO - Filling up the DagBag from /opt/airflow/dags/pipeline_scheduled.py
[2026-01-18T18:32:37.047+0000] {processor.py:840} INFO - DAG(s) 'pipeline_scheduled' retrieved from /opt/airflow/dags/pipeline_scheduled.py
[2026-01-18T18:32:37.089+0000] {logging_mixin.py:188} INFO - [2026-01-18T18:32:37.089+0000] {dag.py:3089} INFO - Sync 1 DAGs
[2026-01-18T18:32:37.119+0000] {logging_mixin.py:188} INFO - [2026-01-18T18:32:37.118+0000] {dag.py:3947} INFO - Setting next_dagrun for pipeline_scheduled to 2026-01-18 18:00:00+00:00, run_after=2026-01-18 19:00:00+00:00
[2026-01-18T18:32:37.145+0000] {processor.py:183} INFO - Processing /opt/airflow/dags/pipeline_scheduled.py took 0.147 seconds
[2026-01-18T18:33:07.405+0000] {processor.py:161} INFO - Started process (PID=328) to work on /opt/airflow/dags/pipeline_scheduled.py
[2026-01-18T18:33:07.407+0000] {processor.py:830} INFO - Processing file /opt/airflow/dags/pipeline_scheduled.py for tasks to queue
[2026-01-18T18:33:07.410+0000] {logging_mixin.py:188} INFO - [2026-01-18T18:33:07.409+0000] {dagbag.py:545} INFO - Filling up the DagBag from /opt/airflow/dags/pipeline_scheduled.py
[2026-01-18T18:33:07.437+0000] {processor.py:840} INFO - DAG(s) 'pipeline_scheduled' retrieved from /opt/airflow/dags/pipeline_scheduled.py
[2026-01-18T18:33:07.476+0000] {logging_mixin.py:188} INFO - [2026-01-18T18:33:07.475+0000] {dag.py:3089} INFO - Sync 1 DAGs
[2026-01-18T18:33:07.502+0000] {logging_mixin.py:188} INFO - [2026-01-18T18:33:07.501+0000] {dag.py:3947} INFO - Setting next_dagrun for pipeline_scheduled to 2026-01-18 18:00:00+00:00, run_after=2026-01-18 19:00:00+00:00
[2026-01-18T18:33:07.523+0000] {processor.py:183} INFO - Processing /opt/airflow/dags/pipeline_scheduled.py took 0.127 seconds
[2026-01-18T18:33:37.797+0000] {processor.py:161} INFO - Started process (PID=338) to work on /opt/airflow/dags/pipeline_scheduled.py
[2026-01-18T18:33:37.799+0000] {processor.py:830} INFO - Processing file /opt/airflow/dags/pipeline_scheduled.py for tasks to queue
[2026-01-18T18:33:37.801+0000] {logging_mixin.py:188} INFO - [2026-01-18T18:33:37.801+0000] {dagbag.py:545} INFO - Filling up the DagBag from /opt/airflow/dags/pipeline_scheduled.py
[2026-01-18T18:33:37.829+0000] {processor.py:840} INFO - DAG(s) 'pipeline_scheduled' retrieved from /opt/airflow/dags/pipeline_scheduled.py
[2026-01-18T18:33:37.871+0000] {logging_mixin.py:188} INFO - [2026-01-18T18:33:37.871+0000] {dag.py:3089} INFO - Sync 1 DAGs
[2026-01-18T18:33:37.896+0000] {logging_mixin.py:188} INFO - [2026-01-18T18:33:37.896+0000] {dag.py:3947} INFO - Setting next_dagrun for pipeline_scheduled to 2026-01-18 18:00:00+00:00, run_after=2026-01-18 19:00:00+00:00
[2026-01-18T18:33:37.919+0000] {processor.py:183} INFO - Processing /opt/airflow/dags/pipeline_scheduled.py took 0.130 seconds
[2026-01-18T18:34:08.203+0000] {processor.py:161} INFO - Started process (PID=348) to work on /opt/airflow/dags/pipeline_scheduled.py
[2026-01-18T18:34:08.205+0000] {processor.py:830} INFO - Processing file /opt/airflow/dags/pipeline_scheduled.py for tasks to queue
[2026-01-18T18:34:08.207+0000] {logging_mixin.py:188} INFO - [2026-01-18T18:34:08.207+0000] {dagbag.py:545} INFO - Filling up the DagBag from /opt/airflow/dags/pipeline_scheduled.py
[2026-01-18T18:34:08.235+0000] {processor.py:840} INFO - DAG(s) 'pipeline_scheduled' retrieved from /opt/airflow/dags/pipeline_scheduled.py
[2026-01-18T18:34:08.275+0000] {logging_mixin.py:188} INFO - [2026-01-18T18:34:08.275+0000] {dag.py:3089} INFO - Sync 1 DAGs
[2026-01-18T18:34:08.302+0000] {logging_mixin.py:188} INFO - [2026-01-18T18:34:08.302+0000] {dag.py:3947} INFO - Setting next_dagrun for pipeline_scheduled to 2026-01-18 18:00:00+00:00, run_after=2026-01-18 19:00:00+00:00
[2026-01-18T18:34:08.327+0000] {processor.py:183} INFO - Processing /opt/airflow/dags/pipeline_scheduled.py took 0.131 seconds
[2026-01-18T18:34:38.603+0000] {processor.py:161} INFO - Started process (PID=358) to work on /opt/airflow/dags/pipeline_scheduled.py
[2026-01-18T18:34:38.604+0000] {processor.py:830} INFO - Processing file /opt/airflow/dags/pipeline_scheduled.py for tasks to queue
[2026-01-18T18:34:38.607+0000] {logging_mixin.py:188} INFO - [2026-01-18T18:34:38.607+0000] {dagbag.py:545} INFO - Filling up the DagBag from /opt/airflow/dags/pipeline_scheduled.py
[2026-01-18T18:34:38.635+0000] {processor.py:840} INFO - DAG(s) 'pipeline_scheduled' retrieved from /opt/airflow/dags/pipeline_scheduled.py
[2026-01-18T18:34:38.684+0000] {logging_mixin.py:188} INFO - [2026-01-18T18:34:38.683+0000] {dag.py:3089} INFO - Sync 1 DAGs
[2026-01-18T18:34:38.715+0000] {logging_mixin.py:188} INFO - [2026-01-18T18:34:38.715+0000] {dag.py:3947} INFO - Setting next_dagrun for pipeline_scheduled to 2026-01-18 18:00:00+00:00, run_after=2026-01-18 19:00:00+00:00
[2026-01-18T18:34:38.739+0000] {processor.py:183} INFO - Processing /opt/airflow/dags/pipeline_scheduled.py took 0.143 seconds
[2026-01-18T18:35:08.991+0000] {processor.py:161} INFO - Started process (PID=368) to work on /opt/airflow/dags/pipeline_scheduled.py
[2026-01-18T18:35:08.992+0000] {processor.py:830} INFO - Processing file /opt/airflow/dags/pipeline_scheduled.py for tasks to queue
[2026-01-18T18:35:08.994+0000] {logging_mixin.py:188} INFO - [2026-01-18T18:35:08.994+0000] {dagbag.py:545} INFO - Filling up the DagBag from /opt/airflow/dags/pipeline_scheduled.py
[2026-01-18T18:35:09.014+0000] {processor.py:840} INFO - DAG(s) 'pipeline_scheduled' retrieved from /opt/airflow/dags/pipeline_scheduled.py
[2026-01-18T18:35:09.044+0000] {logging_mixin.py:188} INFO - [2026-01-18T18:35:09.044+0000] {dag.py:3089} INFO - Sync 1 DAGs
[2026-01-18T18:35:09.064+0000] {logging_mixin.py:188} INFO - [2026-01-18T18:35:09.064+0000] {dag.py:3947} INFO - Setting next_dagrun for pipeline_scheduled to 2026-01-18 18:00:00+00:00, run_after=2026-01-18 19:00:00+00:00
[2026-01-18T18:35:09.086+0000] {processor.py:183} INFO - Processing /opt/airflow/dags/pipeline_scheduled.py took 0.101 seconds
[2026-01-18T18:35:39.414+0000] {processor.py:161} INFO - Started process (PID=381) to work on /opt/airflow/dags/pipeline_scheduled.py
[2026-01-18T18:35:39.415+0000] {processor.py:830} INFO - Processing file /opt/airflow/dags/pipeline_scheduled.py for tasks to queue
[2026-01-18T18:35:39.418+0000] {logging_mixin.py:188} INFO - [2026-01-18T18:35:39.417+0000] {dagbag.py:545} INFO - Filling up the DagBag from /opt/airflow/dags/pipeline_scheduled.py
[2026-01-18T18:35:39.443+0000] {processor.py:840} INFO - DAG(s) 'pipeline_scheduled' retrieved from /opt/airflow/dags/pipeline_scheduled.py
[2026-01-18T18:35:39.481+0000] {logging_mixin.py:188} INFO - [2026-01-18T18:35:39.481+0000] {dag.py:3089} INFO - Sync 1 DAGs
[2026-01-18T18:35:39.510+0000] {logging_mixin.py:188} INFO - [2026-01-18T18:35:39.510+0000] {dag.py:3947} INFO - Setting next_dagrun for pipeline_scheduled to 2026-01-18 18:00:00+00:00, run_after=2026-01-18 19:00:00+00:00
[2026-01-18T18:35:39.531+0000] {processor.py:183} INFO - Processing /opt/airflow/dags/pipeline_scheduled.py took 0.122 seconds
[2026-01-18T18:36:09.806+0000] {processor.py:161} INFO - Started process (PID=391) to work on /opt/airflow/dags/pipeline_scheduled.py
[2026-01-18T18:36:09.807+0000] {processor.py:830} INFO - Processing file /opt/airflow/dags/pipeline_scheduled.py for tasks to queue
[2026-01-18T18:36:09.811+0000] {logging_mixin.py:188} INFO - [2026-01-18T18:36:09.810+0000] {dagbag.py:545} INFO - Filling up the DagBag from /opt/airflow/dags/pipeline_scheduled.py
[2026-01-18T18:36:09.838+0000] {processor.py:840} INFO - DAG(s) 'pipeline_scheduled' retrieved from /opt/airflow/dags/pipeline_scheduled.py
[2026-01-18T18:36:09.877+0000] {logging_mixin.py:188} INFO - [2026-01-18T18:36:09.876+0000] {dag.py:3089} INFO - Sync 1 DAGs
[2026-01-18T18:36:09.904+0000] {logging_mixin.py:188} INFO - [2026-01-18T18:36:09.903+0000] {dag.py:3947} INFO - Setting next_dagrun for pipeline_scheduled to 2026-01-18 18:00:00+00:00, run_after=2026-01-18 19:00:00+00:00
[2026-01-18T18:36:09.927+0000] {processor.py:183} INFO - Processing /opt/airflow/dags/pipeline_scheduled.py took 0.127 seconds
[2026-01-18T18:36:40.223+0000] {processor.py:161} INFO - Started process (PID=401) to work on /opt/airflow/dags/pipeline_scheduled.py
[2026-01-18T18:36:40.224+0000] {processor.py:830} INFO - Processing file /opt/airflow/dags/pipeline_scheduled.py for tasks to queue
[2026-01-18T18:36:40.227+0000] {logging_mixin.py:188} INFO - [2026-01-18T18:36:40.226+0000] {dagbag.py:545} INFO - Filling up the DagBag from /opt/airflow/dags/pipeline_scheduled.py
[2026-01-18T18:36:40.256+0000] {processor.py:840} INFO - DAG(s) 'pipeline_scheduled' retrieved from /opt/airflow/dags/pipeline_scheduled.py
[2026-01-18T18:36:40.308+0000] {logging_mixin.py:188} INFO - [2026-01-18T18:36:40.308+0000] {dag.py:3089} INFO - Sync 1 DAGs
[2026-01-18T18:36:40.337+0000] {logging_mixin.py:188} INFO - [2026-01-18T18:36:40.337+0000] {dag.py:3947} INFO - Setting next_dagrun for pipeline_scheduled to 2026-01-18 18:00:00+00:00, run_after=2026-01-18 19:00:00+00:00
[2026-01-18T18:36:40.360+0000] {processor.py:183} INFO - Processing /opt/airflow/dags/pipeline_scheduled.py took 0.145 seconds
[2026-01-18T18:37:10.634+0000] {processor.py:161} INFO - Started process (PID=411) to work on /opt/airflow/dags/pipeline_scheduled.py
[2026-01-18T18:37:10.635+0000] {processor.py:830} INFO - Processing file /opt/airflow/dags/pipeline_scheduled.py for tasks to queue
[2026-01-18T18:37:10.638+0000] {logging_mixin.py:188} INFO - [2026-01-18T18:37:10.637+0000] {dagbag.py:545} INFO - Filling up the DagBag from /opt/airflow/dags/pipeline_scheduled.py
[2026-01-18T18:37:10.666+0000] {processor.py:840} INFO - DAG(s) 'pipeline_scheduled' retrieved from /opt/airflow/dags/pipeline_scheduled.py
[2026-01-18T18:37:10.704+0000] {logging_mixin.py:188} INFO - [2026-01-18T18:37:10.704+0000] {dag.py:3089} INFO - Sync 1 DAGs
[2026-01-18T18:37:10.730+0000] {logging_mixin.py:188} INFO - [2026-01-18T18:37:10.729+0000] {dag.py:3947} INFO - Setting next_dagrun for pipeline_scheduled to 2026-01-18 18:00:00+00:00, run_after=2026-01-18 19:00:00+00:00
[2026-01-18T18:37:10.754+0000] {processor.py:183} INFO - Processing /opt/airflow/dags/pipeline_scheduled.py took 0.128 seconds
[2026-01-18T18:37:41.034+0000] {processor.py:161} INFO - Started process (PID=421) to work on /opt/airflow/dags/pipeline_scheduled.py
[2026-01-18T18:37:41.035+0000] {processor.py:830} INFO - Processing file /opt/airflow/dags/pipeline_scheduled.py for tasks to queue
[2026-01-18T18:37:41.037+0000] {logging_mixin.py:188} INFO - [2026-01-18T18:37:41.037+0000] {dagbag.py:545} INFO - Filling up the DagBag from /opt/airflow/dags/pipeline_scheduled.py
[2026-01-18T18:37:41.063+0000] {processor.py:840} INFO - DAG(s) 'pipeline_scheduled' retrieved from /opt/airflow/dags/pipeline_scheduled.py
[2026-01-18T18:37:41.100+0000] {logging_mixin.py:188} INFO - [2026-01-18T18:37:41.100+0000] {dag.py:3089} INFO - Sync 1 DAGs
[2026-01-18T18:37:41.123+0000] {logging_mixin.py:188} INFO - [2026-01-18T18:37:41.123+0000] {dag.py:3947} INFO - Setting next_dagrun for pipeline_scheduled to 2026-01-18 18:00:00+00:00, run_after=2026-01-18 19:00:00+00:00
[2026-01-18T18:37:41.145+0000] {processor.py:183} INFO - Processing /opt/airflow/dags/pipeline_scheduled.py took 0.119 seconds
[2026-01-18T18:38:11.404+0000] {processor.py:161} INFO - Started process (PID=431) to work on /opt/airflow/dags/pipeline_scheduled.py
[2026-01-18T18:38:11.405+0000] {processor.py:830} INFO - Processing file /opt/airflow/dags/pipeline_scheduled.py for tasks to queue
[2026-01-18T18:38:11.407+0000] {logging_mixin.py:188} INFO - [2026-01-18T18:38:11.407+0000] {dagbag.py:545} INFO - Filling up the DagBag from /opt/airflow/dags/pipeline_scheduled.py
[2026-01-18T18:38:11.435+0000] {processor.py:840} INFO - DAG(s) 'pipeline_scheduled' retrieved from /opt/airflow/dags/pipeline_scheduled.py
[2026-01-18T18:38:11.473+0000] {logging_mixin.py:188} INFO - [2026-01-18T18:38:11.473+0000] {dag.py:3089} INFO - Sync 1 DAGs
[2026-01-18T18:38:11.497+0000] {logging_mixin.py:188} INFO - [2026-01-18T18:38:11.497+0000] {dag.py:3947} INFO - Setting next_dagrun for pipeline_scheduled to 2026-01-18 18:00:00+00:00, run_after=2026-01-18 19:00:00+00:00
[2026-01-18T18:38:11.520+0000] {processor.py:183} INFO - Processing /opt/airflow/dags/pipeline_scheduled.py took 0.123 seconds
[2026-01-18T18:38:41.780+0000] {processor.py:161} INFO - Started process (PID=441) to work on /opt/airflow/dags/pipeline_scheduled.py
[2026-01-18T18:38:41.781+0000] {processor.py:830} INFO - Processing file /opt/airflow/dags/pipeline_scheduled.py for tasks to queue
[2026-01-18T18:38:41.783+0000] {logging_mixin.py:188} INFO - [2026-01-18T18:38:41.783+0000] {dagbag.py:545} INFO - Filling up the DagBag from /opt/airflow/dags/pipeline_scheduled.py
[2026-01-18T18:38:41.809+0000] {processor.py:840} INFO - DAG(s) 'pipeline_scheduled' retrieved from /opt/airflow/dags/pipeline_scheduled.py
[2026-01-18T18:38:41.846+0000] {logging_mixin.py:188} INFO - [2026-01-18T18:38:41.846+0000] {dag.py:3089} INFO - Sync 1 DAGs
[2026-01-18T18:38:41.870+0000] {logging_mixin.py:188} INFO - [2026-01-18T18:38:41.870+0000] {dag.py:3947} INFO - Setting next_dagrun for pipeline_scheduled to 2026-01-18 18:00:00+00:00, run_after=2026-01-18 19:00:00+00:00
[2026-01-18T18:38:41.892+0000] {processor.py:183} INFO - Processing /opt/airflow/dags/pipeline_scheduled.py took 0.119 seconds
[2026-01-18T18:39:12.149+0000] {processor.py:161} INFO - Started process (PID=451) to work on /opt/airflow/dags/pipeline_scheduled.py
[2026-01-18T18:39:12.151+0000] {processor.py:830} INFO - Processing file /opt/airflow/dags/pipeline_scheduled.py for tasks to queue
[2026-01-18T18:39:12.154+0000] {logging_mixin.py:188} INFO - [2026-01-18T18:39:12.153+0000] {dagbag.py:545} INFO - Filling up the DagBag from /opt/airflow/dags/pipeline_scheduled.py
[2026-01-18T18:39:12.181+0000] {processor.py:840} INFO - DAG(s) 'pipeline_scheduled' retrieved from /opt/airflow/dags/pipeline_scheduled.py
[2026-01-18T18:39:12.221+0000] {logging_mixin.py:188} INFO - [2026-01-18T18:39:12.221+0000] {dag.py:3089} INFO - Sync 1 DAGs
[2026-01-18T18:39:12.246+0000] {logging_mixin.py:188} INFO - [2026-01-18T18:39:12.245+0000] {dag.py:3947} INFO - Setting next_dagrun for pipeline_scheduled to 2026-01-18 18:00:00+00:00, run_after=2026-01-18 19:00:00+00:00
[2026-01-18T18:39:12.268+0000] {processor.py:183} INFO - Processing /opt/airflow/dags/pipeline_scheduled.py took 0.126 seconds
[2026-01-18T18:39:42.546+0000] {processor.py:161} INFO - Started process (PID=461) to work on /opt/airflow/dags/pipeline_scheduled.py
[2026-01-18T18:39:42.547+0000] {processor.py:830} INFO - Processing file /opt/airflow/dags/pipeline_scheduled.py for tasks to queue
[2026-01-18T18:39:42.550+0000] {logging_mixin.py:188} INFO - [2026-01-18T18:39:42.549+0000] {dagbag.py:545} INFO - Filling up the DagBag from /opt/airflow/dags/pipeline_scheduled.py
[2026-01-18T18:39:42.578+0000] {processor.py:840} INFO - DAG(s) 'pipeline_scheduled' retrieved from /opt/airflow/dags/pipeline_scheduled.py
[2026-01-18T18:39:42.616+0000] {logging_mixin.py:188} INFO - [2026-01-18T18:39:42.615+0000] {dag.py:3089} INFO - Sync 1 DAGs
[2026-01-18T18:39:42.637+0000] {logging_mixin.py:188} INFO - [2026-01-18T18:39:42.637+0000] {dag.py:3947} INFO - Setting next_dagrun for pipeline_scheduled to 2026-01-18 18:00:00+00:00, run_after=2026-01-18 19:00:00+00:00
[2026-01-18T18:39:42.658+0000] {processor.py:183} INFO - Processing /opt/airflow/dags/pipeline_scheduled.py took 0.117 seconds
[2026-01-18T18:40:12.921+0000] {processor.py:161} INFO - Started process (PID=471) to work on /opt/airflow/dags/pipeline_scheduled.py
[2026-01-18T18:40:12.923+0000] {processor.py:830} INFO - Processing file /opt/airflow/dags/pipeline_scheduled.py for tasks to queue
[2026-01-18T18:40:12.926+0000] {logging_mixin.py:188} INFO - [2026-01-18T18:40:12.925+0000] {dagbag.py:545} INFO - Filling up the DagBag from /opt/airflow/dags/pipeline_scheduled.py
[2026-01-18T18:40:12.955+0000] {processor.py:840} INFO - DAG(s) 'pipeline_scheduled' retrieved from /opt/airflow/dags/pipeline_scheduled.py
[2026-01-18T18:40:12.996+0000] {logging_mixin.py:188} INFO - [2026-01-18T18:40:12.996+0000] {dag.py:3089} INFO - Sync 1 DAGs
[2026-01-18T18:40:13.021+0000] {logging_mixin.py:188} INFO - [2026-01-18T18:40:13.021+0000] {dag.py:3947} INFO - Setting next_dagrun for pipeline_scheduled to 2026-01-18 18:00:00+00:00, run_after=2026-01-18 19:00:00+00:00
[2026-01-18T18:40:13.043+0000] {processor.py:183} INFO - Processing /opt/airflow/dags/pipeline_scheduled.py took 0.131 seconds
[2026-01-18T18:40:43.346+0000] {processor.py:161} INFO - Started process (PID=481) to work on /opt/airflow/dags/pipeline_scheduled.py
[2026-01-18T18:40:43.348+0000] {processor.py:830} INFO - Processing file /opt/airflow/dags/pipeline_scheduled.py for tasks to queue
[2026-01-18T18:40:43.350+0000] {logging_mixin.py:188} INFO - [2026-01-18T18:40:43.350+0000] {dagbag.py:545} INFO - Filling up the DagBag from /opt/airflow/dags/pipeline_scheduled.py
[2026-01-18T18:40:43.377+0000] {processor.py:840} INFO - DAG(s) 'pipeline_scheduled' retrieved from /opt/airflow/dags/pipeline_scheduled.py
[2026-01-18T18:40:43.416+0000] {logging_mixin.py:188} INFO - [2026-01-18T18:40:43.416+0000] {dag.py:3089} INFO - Sync 1 DAGs
[2026-01-18T18:40:43.441+0000] {logging_mixin.py:188} INFO - [2026-01-18T18:40:43.441+0000] {dag.py:3947} INFO - Setting next_dagrun for pipeline_scheduled to 2026-01-18 18:00:00+00:00, run_after=2026-01-18 19:00:00+00:00
[2026-01-18T18:40:43.465+0000] {processor.py:183} INFO - Processing /opt/airflow/dags/pipeline_scheduled.py took 0.125 seconds
[2026-01-18T18:41:13.734+0000] {processor.py:161} INFO - Started process (PID=491) to work on /opt/airflow/dags/pipeline_scheduled.py
[2026-01-18T18:41:13.736+0000] {processor.py:830} INFO - Processing file /opt/airflow/dags/pipeline_scheduled.py for tasks to queue
[2026-01-18T18:41:13.739+0000] {logging_mixin.py:188} INFO - [2026-01-18T18:41:13.739+0000] {dagbag.py:545} INFO - Filling up the DagBag from /opt/airflow/dags/pipeline_scheduled.py
[2026-01-18T18:41:13.769+0000] {processor.py:840} INFO - DAG(s) 'pipeline_scheduled' retrieved from /opt/airflow/dags/pipeline_scheduled.py
[2026-01-18T18:41:13.810+0000] {logging_mixin.py:188} INFO - [2026-01-18T18:41:13.810+0000] {dag.py:3089} INFO - Sync 1 DAGs
[2026-01-18T18:41:13.837+0000] {logging_mixin.py:188} INFO - [2026-01-18T18:41:13.837+0000] {dag.py:3947} INFO - Setting next_dagrun for pipeline_scheduled to 2026-01-18 18:00:00+00:00, run_after=2026-01-18 19:00:00+00:00
[2026-01-18T18:41:13.860+0000] {processor.py:183} INFO - Processing /opt/airflow/dags/pipeline_scheduled.py took 0.133 seconds
[2026-01-18T18:41:44.130+0000] {processor.py:161} INFO - Started process (PID=501) to work on /opt/airflow/dags/pipeline_scheduled.py
[2026-01-18T18:41:44.131+0000] {processor.py:830} INFO - Processing file /opt/airflow/dags/pipeline_scheduled.py for tasks to queue
[2026-01-18T18:41:44.135+0000] {logging_mixin.py:188} INFO - [2026-01-18T18:41:44.134+0000] {dagbag.py:545} INFO - Filling up the DagBag from /opt/airflow/dags/pipeline_scheduled.py
[2026-01-18T18:41:44.161+0000] {processor.py:840} INFO - DAG(s) 'pipeline_scheduled' retrieved from /opt/airflow/dags/pipeline_scheduled.py
[2026-01-18T18:41:44.197+0000] {logging_mixin.py:188} INFO - [2026-01-18T18:41:44.197+0000] {dag.py:3089} INFO - Sync 1 DAGs
[2026-01-18T18:41:44.223+0000] {logging_mixin.py:188} INFO - [2026-01-18T18:41:44.223+0000] {dag.py:3947} INFO - Setting next_dagrun for pipeline_scheduled to 2026-01-18 18:00:00+00:00, run_after=2026-01-18 19:00:00+00:00
[2026-01-18T18:41:44.245+0000] {processor.py:183} INFO - Processing /opt/airflow/dags/pipeline_scheduled.py took 0.122 seconds
[2026-01-18T18:42:14.506+0000] {processor.py:161} INFO - Started process (PID=511) to work on /opt/airflow/dags/pipeline_scheduled.py
[2026-01-18T18:42:14.507+0000] {processor.py:830} INFO - Processing file /opt/airflow/dags/pipeline_scheduled.py for tasks to queue
[2026-01-18T18:42:14.510+0000] {logging_mixin.py:188} INFO - [2026-01-18T18:42:14.509+0000] {dagbag.py:545} INFO - Filling up the DagBag from /opt/airflow/dags/pipeline_scheduled.py
[2026-01-18T18:42:14.535+0000] {processor.py:840} INFO - DAG(s) 'pipeline_scheduled' retrieved from /opt/airflow/dags/pipeline_scheduled.py
[2026-01-18T18:42:14.574+0000] {logging_mixin.py:188} INFO - [2026-01-18T18:42:14.574+0000] {dag.py:3089} INFO - Sync 1 DAGs
[2026-01-18T18:42:14.598+0000] {logging_mixin.py:188} INFO - [2026-01-18T18:42:14.598+0000] {dag.py:3947} INFO - Setting next_dagrun for pipeline_scheduled to 2026-01-18 18:00:00+00:00, run_after=2026-01-18 19:00:00+00:00
[2026-01-18T18:42:14.620+0000] {processor.py:183} INFO - Processing /opt/airflow/dags/pipeline_scheduled.py took 0.121 seconds
[2026-01-18T18:42:44.899+0000] {processor.py:161} INFO - Started process (PID=521) to work on /opt/airflow/dags/pipeline_scheduled.py
[2026-01-18T18:42:44.900+0000] {processor.py:830} INFO - Processing file /opt/airflow/dags/pipeline_scheduled.py for tasks to queue
[2026-01-18T18:42:44.903+0000] {logging_mixin.py:188} INFO - [2026-01-18T18:42:44.903+0000] {dagbag.py:545} INFO - Filling up the DagBag from /opt/airflow/dags/pipeline_scheduled.py
[2026-01-18T18:42:44.933+0000] {processor.py:840} INFO - DAG(s) 'pipeline_scheduled' retrieved from /opt/airflow/dags/pipeline_scheduled.py
[2026-01-18T18:42:44.972+0000] {logging_mixin.py:188} INFO - [2026-01-18T18:42:44.972+0000] {dag.py:3089} INFO - Sync 1 DAGs
[2026-01-18T18:42:44.997+0000] {logging_mixin.py:188} INFO - [2026-01-18T18:42:44.996+0000] {dag.py:3947} INFO - Setting next_dagrun for pipeline_scheduled to 2026-01-18 18:00:00+00:00, run_after=2026-01-18 19:00:00+00:00
[2026-01-18T18:42:45.018+0000] {processor.py:183} INFO - Processing /opt/airflow/dags/pipeline_scheduled.py took 0.128 seconds
[2026-01-18T18:43:15.267+0000] {processor.py:161} INFO - Started process (PID=531) to work on /opt/airflow/dags/pipeline_scheduled.py
[2026-01-18T18:43:15.268+0000] {processor.py:830} INFO - Processing file /opt/airflow/dags/pipeline_scheduled.py for tasks to queue
[2026-01-18T18:43:15.270+0000] {logging_mixin.py:188} INFO - [2026-01-18T18:43:15.270+0000] {dagbag.py:545} INFO - Filling up the DagBag from /opt/airflow/dags/pipeline_scheduled.py
[2026-01-18T18:43:15.295+0000] {processor.py:840} INFO - DAG(s) 'pipeline_scheduled' retrieved from /opt/airflow/dags/pipeline_scheduled.py
[2026-01-18T18:43:15.328+0000] {logging_mixin.py:188} INFO - [2026-01-18T18:43:15.328+0000] {dag.py:3089} INFO - Sync 1 DAGs
[2026-01-18T18:43:15.348+0000] {logging_mixin.py:188} INFO - [2026-01-18T18:43:15.348+0000] {dag.py:3947} INFO - Setting next_dagrun for pipeline_scheduled to 2026-01-18 18:00:00+00:00, run_after=2026-01-18 19:00:00+00:00
[2026-01-18T18:43:15.370+0000] {processor.py:183} INFO - Processing /opt/airflow/dags/pipeline_scheduled.py took 0.109 seconds
[2026-01-18T18:43:45.633+0000] {processor.py:161} INFO - Started process (PID=541) to work on /opt/airflow/dags/pipeline_scheduled.py
[2026-01-18T18:43:45.635+0000] {processor.py:830} INFO - Processing file /opt/airflow/dags/pipeline_scheduled.py for tasks to queue
[2026-01-18T18:43:45.638+0000] {logging_mixin.py:188} INFO - [2026-01-18T18:43:45.638+0000] {dagbag.py:545} INFO - Filling up the DagBag from /opt/airflow/dags/pipeline_scheduled.py
[2026-01-18T18:43:45.666+0000] {processor.py:840} INFO - DAG(s) 'pipeline_scheduled' retrieved from /opt/airflow/dags/pipeline_scheduled.py
[2026-01-18T18:43:45.705+0000] {logging_mixin.py:188} INFO - [2026-01-18T18:43:45.704+0000] {dag.py:3089} INFO - Sync 1 DAGs
[2026-01-18T18:43:45.729+0000] {logging_mixin.py:188} INFO - [2026-01-18T18:43:45.729+0000] {dag.py:3947} INFO - Setting next_dagrun for pipeline_scheduled to 2026-01-18 18:00:00+00:00, run_after=2026-01-18 19:00:00+00:00
[2026-01-18T18:43:45.754+0000] {processor.py:183} INFO - Processing /opt/airflow/dags/pipeline_scheduled.py took 0.128 seconds
[2026-01-18T18:44:16.006+0000] {processor.py:161} INFO - Started process (PID=551) to work on /opt/airflow/dags/pipeline_scheduled.py
[2026-01-18T18:44:16.007+0000] {processor.py:830} INFO - Processing file /opt/airflow/dags/pipeline_scheduled.py for tasks to queue
[2026-01-18T18:44:16.009+0000] {logging_mixin.py:188} INFO - [2026-01-18T18:44:16.009+0000] {dagbag.py:545} INFO - Filling up the DagBag from /opt/airflow/dags/pipeline_scheduled.py
[2026-01-18T18:44:16.034+0000] {processor.py:840} INFO - DAG(s) 'pipeline_scheduled' retrieved from /opt/airflow/dags/pipeline_scheduled.py
[2026-01-18T18:44:16.066+0000] {logging_mixin.py:188} INFO - [2026-01-18T18:44:16.066+0000] {dag.py:3089} INFO - Sync 1 DAGs
[2026-01-18T18:44:16.090+0000] {logging_mixin.py:188} INFO - [2026-01-18T18:44:16.090+0000] {dag.py:3947} INFO - Setting next_dagrun for pipeline_scheduled to 2026-01-18 18:00:00+00:00, run_after=2026-01-18 19:00:00+00:00
[2026-01-18T18:44:16.111+0000] {processor.py:183} INFO - Processing /opt/airflow/dags/pipeline_scheduled.py took 0.112 seconds
[2026-01-18T18:44:46.381+0000] {processor.py:161} INFO - Started process (PID=561) to work on /opt/airflow/dags/pipeline_scheduled.py
[2026-01-18T18:44:46.383+0000] {processor.py:830} INFO - Processing file /opt/airflow/dags/pipeline_scheduled.py for tasks to queue
[2026-01-18T18:44:46.385+0000] {logging_mixin.py:188} INFO - [2026-01-18T18:44:46.385+0000] {dagbag.py:545} INFO - Filling up the DagBag from /opt/airflow/dags/pipeline_scheduled.py
[2026-01-18T18:44:46.412+0000] {processor.py:840} INFO - DAG(s) 'pipeline_scheduled' retrieved from /opt/airflow/dags/pipeline_scheduled.py
[2026-01-18T18:44:46.452+0000] {logging_mixin.py:188} INFO - [2026-01-18T18:44:46.452+0000] {dag.py:3089} INFO - Sync 1 DAGs
[2026-01-18T18:44:46.480+0000] {logging_mixin.py:188} INFO - [2026-01-18T18:44:46.480+0000] {dag.py:3947} INFO - Setting next_dagrun for pipeline_scheduled to 2026-01-18 18:00:00+00:00, run_after=2026-01-18 19:00:00+00:00
[2026-01-18T18:44:46.502+0000] {processor.py:183} INFO - Processing /opt/airflow/dags/pipeline_scheduled.py took 0.129 seconds
[2026-01-18T18:45:16.762+0000] {processor.py:161} INFO - Started process (PID=571) to work on /opt/airflow/dags/pipeline_scheduled.py
[2026-01-18T18:45:16.764+0000] {processor.py:830} INFO - Processing file /opt/airflow/dags/pipeline_scheduled.py for tasks to queue
[2026-01-18T18:45:16.766+0000] {logging_mixin.py:188} INFO - [2026-01-18T18:45:16.766+0000] {dagbag.py:545} INFO - Filling up the DagBag from /opt/airflow/dags/pipeline_scheduled.py
[2026-01-18T18:45:16.795+0000] {processor.py:840} INFO - DAG(s) 'pipeline_scheduled' retrieved from /opt/airflow/dags/pipeline_scheduled.py
[2026-01-18T18:45:16.830+0000] {logging_mixin.py:188} INFO - [2026-01-18T18:45:16.830+0000] {dag.py:3089} INFO - Sync 1 DAGs
[2026-01-18T18:45:16.851+0000] {logging_mixin.py:188} INFO - [2026-01-18T18:45:16.851+0000] {dag.py:3947} INFO - Setting next_dagrun for pipeline_scheduled to 2026-01-18 18:00:00+00:00, run_after=2026-01-18 19:00:00+00:00
[2026-01-18T18:45:16.872+0000] {processor.py:183} INFO - Processing /opt/airflow/dags/pipeline_scheduled.py took 0.116 seconds
[2026-01-18T18:45:47.166+0000] {processor.py:161} INFO - Started process (PID=584) to work on /opt/airflow/dags/pipeline_scheduled.py
[2026-01-18T18:45:47.167+0000] {processor.py:830} INFO - Processing file /opt/airflow/dags/pipeline_scheduled.py for tasks to queue
[2026-01-18T18:45:47.170+0000] {logging_mixin.py:188} INFO - [2026-01-18T18:45:47.169+0000] {dagbag.py:545} INFO - Filling up the DagBag from /opt/airflow/dags/pipeline_scheduled.py
[2026-01-18T18:45:47.197+0000] {processor.py:840} INFO - DAG(s) 'pipeline_scheduled' retrieved from /opt/airflow/dags/pipeline_scheduled.py
[2026-01-18T18:45:47.234+0000] {logging_mixin.py:188} INFO - [2026-01-18T18:45:47.234+0000] {dag.py:3089} INFO - Sync 1 DAGs
[2026-01-18T18:45:47.258+0000] {logging_mixin.py:188} INFO - [2026-01-18T18:45:47.258+0000] {dag.py:3947} INFO - Setting next_dagrun for pipeline_scheduled to 2026-01-18 18:00:00+00:00, run_after=2026-01-18 19:00:00+00:00
[2026-01-18T18:45:47.281+0000] {processor.py:183} INFO - Processing /opt/airflow/dags/pipeline_scheduled.py took 0.121 seconds
[2026-01-18T18:46:17.545+0000] {processor.py:161} INFO - Started process (PID=594) to work on /opt/airflow/dags/pipeline_scheduled.py
[2026-01-18T18:46:17.546+0000] {processor.py:830} INFO - Processing file /opt/airflow/dags/pipeline_scheduled.py for tasks to queue
[2026-01-18T18:46:17.548+0000] {logging_mixin.py:188} INFO - [2026-01-18T18:46:17.548+0000] {dagbag.py:545} INFO - Filling up the DagBag from /opt/airflow/dags/pipeline_scheduled.py
[2026-01-18T18:46:17.571+0000] {processor.py:840} INFO - DAG(s) 'pipeline_scheduled' retrieved from /opt/airflow/dags/pipeline_scheduled.py
[2026-01-18T18:46:17.612+0000] {logging_mixin.py:188} INFO - [2026-01-18T18:46:17.612+0000] {dag.py:3089} INFO - Sync 1 DAGs
[2026-01-18T18:46:17.637+0000] {logging_mixin.py:188} INFO - [2026-01-18T18:46:17.637+0000] {dag.py:3947} INFO - Setting next_dagrun for pipeline_scheduled to 2026-01-18 18:00:00+00:00, run_after=2026-01-18 19:00:00+00:00
[2026-01-18T18:46:17.661+0000] {processor.py:183} INFO - Processing /opt/airflow/dags/pipeline_scheduled.py took 0.121 seconds
[2026-01-18T18:46:47.924+0000] {processor.py:161} INFO - Started process (PID=604) to work on /opt/airflow/dags/pipeline_scheduled.py
[2026-01-18T18:46:47.925+0000] {processor.py:830} INFO - Processing file /opt/airflow/dags/pipeline_scheduled.py for tasks to queue
[2026-01-18T18:46:47.927+0000] {logging_mixin.py:188} INFO - [2026-01-18T18:46:47.927+0000] {dagbag.py:545} INFO - Filling up the DagBag from /opt/airflow/dags/pipeline_scheduled.py
[2026-01-18T18:46:47.953+0000] {processor.py:840} INFO - DAG(s) 'pipeline_scheduled' retrieved from /opt/airflow/dags/pipeline_scheduled.py
[2026-01-18T18:46:47.991+0000] {logging_mixin.py:188} INFO - [2026-01-18T18:46:47.991+0000] {dag.py:3089} INFO - Sync 1 DAGs
[2026-01-18T18:46:48.015+0000] {logging_mixin.py:188} INFO - [2026-01-18T18:46:48.014+0000] {dag.py:3947} INFO - Setting next_dagrun for pipeline_scheduled to 2026-01-18 18:00:00+00:00, run_after=2026-01-18 19:00:00+00:00
[2026-01-18T18:46:48.037+0000] {processor.py:183} INFO - Processing /opt/airflow/dags/pipeline_scheduled.py took 0.120 seconds
[2026-01-18T18:47:18.292+0000] {processor.py:161} INFO - Started process (PID=614) to work on /opt/airflow/dags/pipeline_scheduled.py
[2026-01-18T18:47:18.293+0000] {processor.py:830} INFO - Processing file /opt/airflow/dags/pipeline_scheduled.py for tasks to queue
[2026-01-18T18:47:18.295+0000] {logging_mixin.py:188} INFO - [2026-01-18T18:47:18.295+0000] {dagbag.py:545} INFO - Filling up the DagBag from /opt/airflow/dags/pipeline_scheduled.py
[2026-01-18T18:47:18.321+0000] {processor.py:840} INFO - DAG(s) 'pipeline_scheduled' retrieved from /opt/airflow/dags/pipeline_scheduled.py
[2026-01-18T18:47:18.356+0000] {logging_mixin.py:188} INFO - [2026-01-18T18:47:18.355+0000] {dag.py:3089} INFO - Sync 1 DAGs
[2026-01-18T18:47:18.378+0000] {logging_mixin.py:188} INFO - [2026-01-18T18:47:18.377+0000] {dag.py:3947} INFO - Setting next_dagrun for pipeline_scheduled to 2026-01-18 18:00:00+00:00, run_after=2026-01-18 19:00:00+00:00
[2026-01-18T18:47:18.398+0000] {processor.py:183} INFO - Processing /opt/airflow/dags/pipeline_scheduled.py took 0.111 seconds
[2026-01-18T18:47:48.661+0000] {processor.py:161} INFO - Started process (PID=624) to work on /opt/airflow/dags/pipeline_scheduled.py
[2026-01-18T18:47:48.662+0000] {processor.py:830} INFO - Processing file /opt/airflow/dags/pipeline_scheduled.py for tasks to queue
[2026-01-18T18:47:48.665+0000] {logging_mixin.py:188} INFO - [2026-01-18T18:47:48.664+0000] {dagbag.py:545} INFO - Filling up the DagBag from /opt/airflow/dags/pipeline_scheduled.py
[2026-01-18T18:47:48.690+0000] {processor.py:840} INFO - DAG(s) 'pipeline_scheduled' retrieved from /opt/airflow/dags/pipeline_scheduled.py
[2026-01-18T18:47:48.731+0000] {logging_mixin.py:188} INFO - [2026-01-18T18:47:48.730+0000] {dag.py:3089} INFO - Sync 1 DAGs
[2026-01-18T18:47:48.755+0000] {logging_mixin.py:188} INFO - [2026-01-18T18:47:48.755+0000] {dag.py:3947} INFO - Setting next_dagrun for pipeline_scheduled to 2026-01-18 18:00:00+00:00, run_after=2026-01-18 19:00:00+00:00
[2026-01-18T18:47:48.777+0000] {processor.py:183} INFO - Processing /opt/airflow/dags/pipeline_scheduled.py took 0.122 seconds
[2026-01-18T18:48:19.039+0000] {processor.py:161} INFO - Started process (PID=634) to work on /opt/airflow/dags/pipeline_scheduled.py
[2026-01-18T18:48:19.041+0000] {processor.py:830} INFO - Processing file /opt/airflow/dags/pipeline_scheduled.py for tasks to queue
[2026-01-18T18:48:19.043+0000] {logging_mixin.py:188} INFO - [2026-01-18T18:48:19.042+0000] {dagbag.py:545} INFO - Filling up the DagBag from /opt/airflow/dags/pipeline_scheduled.py
[2026-01-18T18:48:19.069+0000] {processor.py:840} INFO - DAG(s) 'pipeline_scheduled' retrieved from /opt/airflow/dags/pipeline_scheduled.py
[2026-01-18T18:48:19.104+0000] {logging_mixin.py:188} INFO - [2026-01-18T18:48:19.104+0000] {dag.py:3089} INFO - Sync 1 DAGs
[2026-01-18T18:48:19.126+0000] {logging_mixin.py:188} INFO - [2026-01-18T18:48:19.126+0000] {dag.py:3947} INFO - Setting next_dagrun for pipeline_scheduled to 2026-01-18 18:00:00+00:00, run_after=2026-01-18 19:00:00+00:00
[2026-01-18T18:48:19.149+0000] {processor.py:183} INFO - Processing /opt/airflow/dags/pipeline_scheduled.py took 0.116 seconds
[2026-01-18T18:48:49.424+0000] {processor.py:161} INFO - Started process (PID=644) to work on /opt/airflow/dags/pipeline_scheduled.py
[2026-01-18T18:48:49.425+0000] {processor.py:830} INFO - Processing file /opt/airflow/dags/pipeline_scheduled.py for tasks to queue
[2026-01-18T18:48:49.428+0000] {logging_mixin.py:188} INFO - [2026-01-18T18:48:49.428+0000] {dagbag.py:545} INFO - Filling up the DagBag from /opt/airflow/dags/pipeline_scheduled.py
[2026-01-18T18:48:49.459+0000] {processor.py:840} INFO - DAG(s) 'pipeline_scheduled' retrieved from /opt/airflow/dags/pipeline_scheduled.py
[2026-01-18T18:48:49.501+0000] {logging_mixin.py:188} INFO - [2026-01-18T18:48:49.501+0000] {dag.py:3089} INFO - Sync 1 DAGs
[2026-01-18T18:48:49.527+0000] {logging_mixin.py:188} INFO - [2026-01-18T18:48:49.527+0000] {dag.py:3947} INFO - Setting next_dagrun for pipeline_scheduled to 2026-01-18 18:00:00+00:00, run_after=2026-01-18 19:00:00+00:00
[2026-01-18T18:48:49.550+0000] {processor.py:183} INFO - Processing /opt/airflow/dags/pipeline_scheduled.py took 0.134 seconds
[2026-01-18T18:49:19.802+0000] {processor.py:161} INFO - Started process (PID=654) to work on /opt/airflow/dags/pipeline_scheduled.py
[2026-01-18T18:49:19.804+0000] {processor.py:830} INFO - Processing file /opt/airflow/dags/pipeline_scheduled.py for tasks to queue
[2026-01-18T18:49:19.806+0000] {logging_mixin.py:188} INFO - [2026-01-18T18:49:19.806+0000] {dagbag.py:545} INFO - Filling up the DagBag from /opt/airflow/dags/pipeline_scheduled.py
[2026-01-18T18:49:19.834+0000] {processor.py:840} INFO - DAG(s) 'pipeline_scheduled' retrieved from /opt/airflow/dags/pipeline_scheduled.py
[2026-01-18T18:49:19.868+0000] {logging_mixin.py:188} INFO - [2026-01-18T18:49:19.868+0000] {dag.py:3089} INFO - Sync 1 DAGs
[2026-01-18T18:49:19.891+0000] {logging_mixin.py:188} INFO - [2026-01-18T18:49:19.891+0000] {dag.py:3947} INFO - Setting next_dagrun for pipeline_scheduled to 2026-01-18 18:00:00+00:00, run_after=2026-01-18 19:00:00+00:00
[2026-01-18T18:49:19.911+0000] {processor.py:183} INFO - Processing /opt/airflow/dags/pipeline_scheduled.py took 0.116 seconds
[2026-01-18T18:49:50.186+0000] {processor.py:161} INFO - Started process (PID=664) to work on /opt/airflow/dags/pipeline_scheduled.py
[2026-01-18T18:49:50.187+0000] {processor.py:830} INFO - Processing file /opt/airflow/dags/pipeline_scheduled.py for tasks to queue
[2026-01-18T18:49:50.190+0000] {logging_mixin.py:188} INFO - [2026-01-18T18:49:50.189+0000] {dagbag.py:545} INFO - Filling up the DagBag from /opt/airflow/dags/pipeline_scheduled.py
[2026-01-18T18:49:50.219+0000] {processor.py:840} INFO - DAG(s) 'pipeline_scheduled' retrieved from /opt/airflow/dags/pipeline_scheduled.py
[2026-01-18T18:49:50.260+0000] {logging_mixin.py:188} INFO - [2026-01-18T18:49:50.260+0000] {dag.py:3089} INFO - Sync 1 DAGs
[2026-01-18T18:49:50.287+0000] {logging_mixin.py:188} INFO - [2026-01-18T18:49:50.287+0000] {dag.py:3947} INFO - Setting next_dagrun for pipeline_scheduled to 2026-01-18 18:00:00+00:00, run_after=2026-01-18 19:00:00+00:00
[2026-01-18T18:49:50.310+0000] {processor.py:183} INFO - Processing /opt/airflow/dags/pipeline_scheduled.py took 0.132 seconds
[2026-01-18T18:50:20.573+0000] {processor.py:161} INFO - Started process (PID=674) to work on /opt/airflow/dags/pipeline_scheduled.py
[2026-01-18T18:50:20.574+0000] {processor.py:830} INFO - Processing file /opt/airflow/dags/pipeline_scheduled.py for tasks to queue
[2026-01-18T18:50:20.577+0000] {logging_mixin.py:188} INFO - [2026-01-18T18:50:20.576+0000] {dagbag.py:545} INFO - Filling up the DagBag from /opt/airflow/dags/pipeline_scheduled.py
[2026-01-18T18:50:20.603+0000] {processor.py:840} INFO - DAG(s) 'pipeline_scheduled' retrieved from /opt/airflow/dags/pipeline_scheduled.py
[2026-01-18T18:50:20.644+0000] {logging_mixin.py:188} INFO - [2026-01-18T18:50:20.644+0000] {dag.py:3089} INFO - Sync 1 DAGs
[2026-01-18T18:50:20.669+0000] {logging_mixin.py:188} INFO - [2026-01-18T18:50:20.669+0000] {dag.py:3947} INFO - Setting next_dagrun for pipeline_scheduled to 2026-01-18 18:00:00+00:00, run_after=2026-01-18 19:00:00+00:00
[2026-01-18T18:50:20.691+0000] {processor.py:183} INFO - Processing /opt/airflow/dags/pipeline_scheduled.py took 0.125 seconds
[2026-01-18T18:50:51.008+0000] {processor.py:161} INFO - Started process (PID=684) to work on /opt/airflow/dags/pipeline_scheduled.py
[2026-01-18T18:50:51.010+0000] {processor.py:830} INFO - Processing file /opt/airflow/dags/pipeline_scheduled.py for tasks to queue
[2026-01-18T18:50:51.013+0000] {logging_mixin.py:188} INFO - [2026-01-18T18:50:51.012+0000] {dagbag.py:545} INFO - Filling up the DagBag from /opt/airflow/dags/pipeline_scheduled.py
[2026-01-18T18:50:51.040+0000] {processor.py:840} INFO - DAG(s) 'pipeline_scheduled' retrieved from /opt/airflow/dags/pipeline_scheduled.py
[2026-01-18T18:50:51.083+0000] {logging_mixin.py:188} INFO - [2026-01-18T18:50:51.083+0000] {dag.py:3089} INFO - Sync 1 DAGs
[2026-01-18T18:50:51.112+0000] {logging_mixin.py:188} INFO - [2026-01-18T18:50:51.112+0000] {dag.py:3947} INFO - Setting next_dagrun for pipeline_scheduled to 2026-01-18 18:00:00+00:00, run_after=2026-01-18 19:00:00+00:00
[2026-01-18T18:50:51.140+0000] {processor.py:183} INFO - Processing /opt/airflow/dags/pipeline_scheduled.py took 0.139 seconds
[2026-01-18T18:51:21.399+0000] {processor.py:161} INFO - Started process (PID=694) to work on /opt/airflow/dags/pipeline_scheduled.py
[2026-01-18T18:51:21.400+0000] {processor.py:830} INFO - Processing file /opt/airflow/dags/pipeline_scheduled.py for tasks to queue
[2026-01-18T18:51:21.405+0000] {logging_mixin.py:188} INFO - [2026-01-18T18:51:21.404+0000] {dagbag.py:545} INFO - Filling up the DagBag from /opt/airflow/dags/pipeline_scheduled.py
[2026-01-18T18:51:21.434+0000] {processor.py:840} INFO - DAG(s) 'pipeline_scheduled' retrieved from /opt/airflow/dags/pipeline_scheduled.py
[2026-01-18T18:51:21.476+0000] {logging_mixin.py:188} INFO - [2026-01-18T18:51:21.475+0000] {dag.py:3089} INFO - Sync 1 DAGs
[2026-01-18T18:51:21.502+0000] {logging_mixin.py:188} INFO - [2026-01-18T18:51:21.502+0000] {dag.py:3947} INFO - Setting next_dagrun for pipeline_scheduled to 2026-01-18 18:00:00+00:00, run_after=2026-01-18 19:00:00+00:00
[2026-01-18T18:51:21.524+0000] {processor.py:183} INFO - Processing /opt/airflow/dags/pipeline_scheduled.py took 0.133 seconds
[2026-01-18T18:51:51.776+0000] {processor.py:161} INFO - Started process (PID=704) to work on /opt/airflow/dags/pipeline_scheduled.py
[2026-01-18T18:51:51.778+0000] {processor.py:830} INFO - Processing file /opt/airflow/dags/pipeline_scheduled.py for tasks to queue
[2026-01-18T18:51:51.782+0000] {logging_mixin.py:188} INFO - [2026-01-18T18:51:51.781+0000] {dagbag.py:545} INFO - Filling up the DagBag from /opt/airflow/dags/pipeline_scheduled.py
[2026-01-18T18:51:51.810+0000] {processor.py:840} INFO - DAG(s) 'pipeline_scheduled' retrieved from /opt/airflow/dags/pipeline_scheduled.py
[2026-01-18T18:51:51.844+0000] {logging_mixin.py:188} INFO - [2026-01-18T18:51:51.843+0000] {dag.py:3089} INFO - Sync 1 DAGs
[2026-01-18T18:51:51.867+0000] {logging_mixin.py:188} INFO - [2026-01-18T18:51:51.867+0000] {dag.py:3947} INFO - Setting next_dagrun for pipeline_scheduled to 2026-01-18 18:00:00+00:00, run_after=2026-01-18 19:00:00+00:00
[2026-01-18T18:51:51.888+0000] {processor.py:183} INFO - Processing /opt/airflow/dags/pipeline_scheduled.py took 0.118 seconds
[2026-01-18T18:52:22.157+0000] {processor.py:161} INFO - Started process (PID=714) to work on /opt/airflow/dags/pipeline_scheduled.py
[2026-01-18T18:52:22.158+0000] {processor.py:830} INFO - Processing file /opt/airflow/dags/pipeline_scheduled.py for tasks to queue
[2026-01-18T18:52:22.163+0000] {logging_mixin.py:188} INFO - [2026-01-18T18:52:22.162+0000] {dagbag.py:545} INFO - Filling up the DagBag from /opt/airflow/dags/pipeline_scheduled.py
[2026-01-18T18:52:22.189+0000] {processor.py:840} INFO - DAG(s) 'pipeline_scheduled' retrieved from /opt/airflow/dags/pipeline_scheduled.py
[2026-01-18T18:52:22.227+0000] {logging_mixin.py:188} INFO - [2026-01-18T18:52:22.227+0000] {dag.py:3089} INFO - Sync 1 DAGs
[2026-01-18T18:52:22.252+0000] {logging_mixin.py:188} INFO - [2026-01-18T18:52:22.252+0000] {dag.py:3947} INFO - Setting next_dagrun for pipeline_scheduled to 2026-01-18 18:00:00+00:00, run_after=2026-01-18 19:00:00+00:00
[2026-01-18T18:52:22.272+0000] {processor.py:183} INFO - Processing /opt/airflow/dags/pipeline_scheduled.py took 0.124 seconds
[2026-01-18T18:52:52.557+0000] {processor.py:161} INFO - Started process (PID=724) to work on /opt/airflow/dags/pipeline_scheduled.py
[2026-01-18T18:52:52.559+0000] {processor.py:830} INFO - Processing file /opt/airflow/dags/pipeline_scheduled.py for tasks to queue
[2026-01-18T18:52:52.562+0000] {logging_mixin.py:188} INFO - [2026-01-18T18:52:52.561+0000] {dagbag.py:545} INFO - Filling up the DagBag from /opt/airflow/dags/pipeline_scheduled.py
[2026-01-18T18:52:52.591+0000] {processor.py:840} INFO - DAG(s) 'pipeline_scheduled' retrieved from /opt/airflow/dags/pipeline_scheduled.py
[2026-01-18T18:52:52.627+0000] {logging_mixin.py:188} INFO - [2026-01-18T18:52:52.627+0000] {dag.py:3089} INFO - Sync 1 DAGs
[2026-01-18T18:52:52.654+0000] {logging_mixin.py:188} INFO - [2026-01-18T18:52:52.654+0000] {dag.py:3947} INFO - Setting next_dagrun for pipeline_scheduled to 2026-01-18 18:00:00+00:00, run_after=2026-01-18 19:00:00+00:00
[2026-01-18T18:52:52.675+0000] {processor.py:183} INFO - Processing /opt/airflow/dags/pipeline_scheduled.py took 0.124 seconds
[2026-01-18T18:53:22.937+0000] {processor.py:161} INFO - Started process (PID=734) to work on /opt/airflow/dags/pipeline_scheduled.py
[2026-01-18T18:53:22.939+0000] {processor.py:830} INFO - Processing file /opt/airflow/dags/pipeline_scheduled.py for tasks to queue
[2026-01-18T18:53:22.941+0000] {logging_mixin.py:188} INFO - [2026-01-18T18:53:22.941+0000] {dagbag.py:545} INFO - Filling up the DagBag from /opt/airflow/dags/pipeline_scheduled.py
[2026-01-18T18:53:22.968+0000] {processor.py:840} INFO - DAG(s) 'pipeline_scheduled' retrieved from /opt/airflow/dags/pipeline_scheduled.py
[2026-01-18T18:53:23.010+0000] {logging_mixin.py:188} INFO - [2026-01-18T18:53:23.010+0000] {dag.py:3089} INFO - Sync 1 DAGs
[2026-01-18T18:53:23.038+0000] {logging_mixin.py:188} INFO - [2026-01-18T18:53:23.038+0000] {dag.py:3947} INFO - Setting next_dagrun for pipeline_scheduled to 2026-01-18 18:00:00+00:00, run_after=2026-01-18 19:00:00+00:00
[2026-01-18T18:53:23.065+0000] {processor.py:183} INFO - Processing /opt/airflow/dags/pipeline_scheduled.py took 0.135 seconds
[2026-01-18T18:53:53.351+0000] {processor.py:161} INFO - Started process (PID=744) to work on /opt/airflow/dags/pipeline_scheduled.py
[2026-01-18T18:53:53.352+0000] {processor.py:830} INFO - Processing file /opt/airflow/dags/pipeline_scheduled.py for tasks to queue
[2026-01-18T18:53:53.356+0000] {logging_mixin.py:188} INFO - [2026-01-18T18:53:53.355+0000] {dagbag.py:545} INFO - Filling up the DagBag from /opt/airflow/dags/pipeline_scheduled.py
[2026-01-18T18:53:53.383+0000] {processor.py:840} INFO - DAG(s) 'pipeline_scheduled' retrieved from /opt/airflow/dags/pipeline_scheduled.py
[2026-01-18T18:53:53.422+0000] {logging_mixin.py:188} INFO - [2026-01-18T18:53:53.422+0000] {dag.py:3089} INFO - Sync 1 DAGs
[2026-01-18T18:53:53.448+0000] {logging_mixin.py:188} INFO - [2026-01-18T18:53:53.448+0000] {dag.py:3947} INFO - Setting next_dagrun for pipeline_scheduled to 2026-01-18 18:00:00+00:00, run_after=2026-01-18 19:00:00+00:00
[2026-01-18T18:53:53.472+0000] {processor.py:183} INFO - Processing /opt/airflow/dags/pipeline_scheduled.py took 0.129 seconds
[2026-01-18T18:54:23.727+0000] {processor.py:161} INFO - Started process (PID=754) to work on /opt/airflow/dags/pipeline_scheduled.py
[2026-01-18T18:54:23.729+0000] {processor.py:830} INFO - Processing file /opt/airflow/dags/pipeline_scheduled.py for tasks to queue
[2026-01-18T18:54:23.732+0000] {logging_mixin.py:188} INFO - [2026-01-18T18:54:23.731+0000] {dagbag.py:545} INFO - Filling up the DagBag from /opt/airflow/dags/pipeline_scheduled.py
[2026-01-18T18:54:23.761+0000] {processor.py:840} INFO - DAG(s) 'pipeline_scheduled' retrieved from /opt/airflow/dags/pipeline_scheduled.py
[2026-01-18T18:54:23.801+0000] {logging_mixin.py:188} INFO - [2026-01-18T18:54:23.801+0000] {dag.py:3089} INFO - Sync 1 DAGs
[2026-01-18T18:54:23.828+0000] {logging_mixin.py:188} INFO - [2026-01-18T18:54:23.827+0000] {dag.py:3947} INFO - Setting next_dagrun for pipeline_scheduled to 2026-01-18 18:00:00+00:00, run_after=2026-01-18 19:00:00+00:00
[2026-01-18T18:54:23.849+0000] {processor.py:183} INFO - Processing /opt/airflow/dags/pipeline_scheduled.py took 0.130 seconds
[2026-01-18T18:54:54.112+0000] {processor.py:161} INFO - Started process (PID=764) to work on /opt/airflow/dags/pipeline_scheduled.py
[2026-01-18T18:54:54.113+0000] {processor.py:830} INFO - Processing file /opt/airflow/dags/pipeline_scheduled.py for tasks to queue
[2026-01-18T18:54:54.116+0000] {logging_mixin.py:188} INFO - [2026-01-18T18:54:54.115+0000] {dagbag.py:545} INFO - Filling up the DagBag from /opt/airflow/dags/pipeline_scheduled.py
[2026-01-18T18:54:54.143+0000] {processor.py:840} INFO - DAG(s) 'pipeline_scheduled' retrieved from /opt/airflow/dags/pipeline_scheduled.py
[2026-01-18T18:54:54.180+0000] {logging_mixin.py:188} INFO - [2026-01-18T18:54:54.179+0000] {dag.py:3089} INFO - Sync 1 DAGs
[2026-01-18T18:54:54.204+0000] {logging_mixin.py:188} INFO - [2026-01-18T18:54:54.204+0000] {dag.py:3947} INFO - Setting next_dagrun for pipeline_scheduled to 2026-01-18 18:00:00+00:00, run_after=2026-01-18 19:00:00+00:00
[2026-01-18T18:54:54.226+0000] {processor.py:183} INFO - Processing /opt/airflow/dags/pipeline_scheduled.py took 0.120 seconds
[2026-01-18T18:55:24.495+0000] {processor.py:161} INFO - Started process (PID=776) to work on /opt/airflow/dags/pipeline_scheduled.py
[2026-01-18T18:55:24.496+0000] {processor.py:830} INFO - Processing file /opt/airflow/dags/pipeline_scheduled.py for tasks to queue
[2026-01-18T18:55:24.498+0000] {logging_mixin.py:188} INFO - [2026-01-18T18:55:24.498+0000] {dagbag.py:545} INFO - Filling up the DagBag from /opt/airflow/dags/pipeline_scheduled.py
[2026-01-18T18:55:24.528+0000] {processor.py:840} INFO - DAG(s) 'pipeline_scheduled' retrieved from /opt/airflow/dags/pipeline_scheduled.py
[2026-01-18T18:55:24.571+0000] {logging_mixin.py:188} INFO - [2026-01-18T18:55:24.570+0000] {dag.py:3089} INFO - Sync 1 DAGs
[2026-01-18T18:55:24.598+0000] {logging_mixin.py:188} INFO - [2026-01-18T18:55:24.598+0000] {dag.py:3947} INFO - Setting next_dagrun for pipeline_scheduled to 2026-01-18 18:00:00+00:00, run_after=2026-01-18 19:00:00+00:00
[2026-01-18T18:55:24.622+0000] {processor.py:183} INFO - Processing /opt/airflow/dags/pipeline_scheduled.py took 0.135 seconds
[2026-01-18T18:55:54.891+0000] {processor.py:161} INFO - Started process (PID=789) to work on /opt/airflow/dags/pipeline_scheduled.py
[2026-01-18T18:55:54.892+0000] {processor.py:830} INFO - Processing file /opt/airflow/dags/pipeline_scheduled.py for tasks to queue
[2026-01-18T18:55:54.895+0000] {logging_mixin.py:188} INFO - [2026-01-18T18:55:54.894+0000] {dagbag.py:545} INFO - Filling up the DagBag from /opt/airflow/dags/pipeline_scheduled.py
[2026-01-18T18:55:54.919+0000] {processor.py:840} INFO - DAG(s) 'pipeline_scheduled' retrieved from /opt/airflow/dags/pipeline_scheduled.py
[2026-01-18T18:55:54.957+0000] {logging_mixin.py:188} INFO - [2026-01-18T18:55:54.957+0000] {dag.py:3089} INFO - Sync 1 DAGs
[2026-01-18T18:55:54.986+0000] {logging_mixin.py:188} INFO - [2026-01-18T18:55:54.986+0000] {dag.py:3947} INFO - Setting next_dagrun for pipeline_scheduled to 2026-01-18 18:00:00+00:00, run_after=2026-01-18 19:00:00+00:00
[2026-01-18T18:55:55.010+0000] {processor.py:183} INFO - Processing /opt/airflow/dags/pipeline_scheduled.py took 0.125 seconds
[2026-01-18T21:38:47.532+0000] {processor.py:161} INFO - Started process (PID=804) to work on /opt/airflow/dags/pipeline_scheduled.py
[2026-01-18T21:38:47.540+0000] {processor.py:830} INFO - Processing file /opt/airflow/dags/pipeline_scheduled.py for tasks to queue
[2026-01-18T21:38:47.563+0000] {logging_mixin.py:188} INFO - [2026-01-18T21:38:47.562+0000] {dagbag.py:545} INFO - Filling up the DagBag from /opt/airflow/dags/pipeline_scheduled.py
[2026-01-18T21:38:47.719+0000] {processor.py:840} INFO - DAG(s) 'pipeline_scheduled' retrieved from /opt/airflow/dags/pipeline_scheduled.py
[2026-01-18T21:38:47.906+0000] {logging_mixin.py:188} INFO - [2026-01-18T21:38:47.905+0000] {dag.py:3089} INFO - Sync 1 DAGs
[2026-01-18T21:38:48.041+0000] {logging_mixin.py:188} INFO - [2026-01-18T21:38:48.041+0000] {dag.py:3947} INFO - Setting next_dagrun for pipeline_scheduled to 2026-01-18 21:00:00+00:00, run_after=2026-01-18 22:00:00+00:00
[2026-01-18T21:38:48.141+0000] {processor.py:183} INFO - Processing /opt/airflow/dags/pipeline_scheduled.py took 0.651 seconds
[2026-01-18T21:57:08.249+0000] {processor.py:161} INFO - Started process (PID=820) to work on /opt/airflow/dags/pipeline_scheduled.py
[2026-01-18T21:57:08.257+0000] {processor.py:830} INFO - Processing file /opt/airflow/dags/pipeline_scheduled.py for tasks to queue
[2026-01-18T21:57:08.266+0000] {logging_mixin.py:188} INFO - [2026-01-18T21:57:08.265+0000] {dagbag.py:545} INFO - Filling up the DagBag from /opt/airflow/dags/pipeline_scheduled.py
[2026-01-18T21:57:08.471+0000] {processor.py:840} INFO - DAG(s) 'pipeline_scheduled' retrieved from /opt/airflow/dags/pipeline_scheduled.py
[2026-01-18T21:57:08.667+0000] {logging_mixin.py:188} INFO - [2026-01-18T21:57:08.666+0000] {dag.py:3089} INFO - Sync 1 DAGs
[2026-01-18T21:57:08.793+0000] {logging_mixin.py:188} INFO - [2026-01-18T21:57:08.792+0000] {dag.py:3947} INFO - Setting next_dagrun for pipeline_scheduled to 2026-01-18 21:00:00+00:00, run_after=2026-01-18 22:00:00+00:00
[2026-01-18T21:57:08.948+0000] {processor.py:183} INFO - Processing /opt/airflow/dags/pipeline_scheduled.py took 0.732 seconds
[2026-01-18T21:59:08.281+0000] {processor.py:161} INFO - Started process (PID=834) to work on /opt/airflow/dags/pipeline_scheduled.py
[2026-01-18T21:59:08.283+0000] {processor.py:830} INFO - Processing file /opt/airflow/dags/pipeline_scheduled.py for tasks to queue
[2026-01-18T21:59:08.287+0000] {logging_mixin.py:188} INFO - [2026-01-18T21:59:08.287+0000] {dagbag.py:545} INFO - Filling up the DagBag from /opt/airflow/dags/pipeline_scheduled.py
[2026-01-18T21:59:08.328+0000] {processor.py:840} INFO - DAG(s) 'pipeline_scheduled' retrieved from /opt/airflow/dags/pipeline_scheduled.py
[2026-01-18T21:59:08.383+0000] {logging_mixin.py:188} INFO - [2026-01-18T21:59:08.383+0000] {dag.py:3089} INFO - Sync 1 DAGs
[2026-01-18T21:59:08.421+0000] {logging_mixin.py:188} INFO - [2026-01-18T21:59:08.421+0000] {dag.py:3947} INFO - Setting next_dagrun for pipeline_scheduled to 2026-01-18 21:00:00+00:00, run_after=2026-01-18 22:00:00+00:00
[2026-01-18T21:59:08.481+0000] {processor.py:183} INFO - Processing /opt/airflow/dags/pipeline_scheduled.py took 0.212 seconds
[2026-01-18T21:59:38.724+0000] {processor.py:161} INFO - Started process (PID=844) to work on /opt/airflow/dags/pipeline_scheduled.py
[2026-01-18T21:59:38.726+0000] {processor.py:830} INFO - Processing file /opt/airflow/dags/pipeline_scheduled.py for tasks to queue
[2026-01-18T21:59:38.729+0000] {logging_mixin.py:188} INFO - [2026-01-18T21:59:38.729+0000] {dagbag.py:545} INFO - Filling up the DagBag from /opt/airflow/dags/pipeline_scheduled.py
[2026-01-18T21:59:38.769+0000] {processor.py:840} INFO - DAG(s) 'pipeline_scheduled' retrieved from /opt/airflow/dags/pipeline_scheduled.py
[2026-01-18T21:59:38.831+0000] {logging_mixin.py:188} INFO - [2026-01-18T21:59:38.831+0000] {dag.py:3089} INFO - Sync 1 DAGs
[2026-01-18T21:59:38.871+0000] {logging_mixin.py:188} INFO - [2026-01-18T21:59:38.871+0000] {dag.py:3947} INFO - Setting next_dagrun for pipeline_scheduled to 2026-01-18 21:00:00+00:00, run_after=2026-01-18 22:00:00+00:00
[2026-01-18T21:59:38.924+0000] {processor.py:183} INFO - Processing /opt/airflow/dags/pipeline_scheduled.py took 0.212 seconds
[2026-01-18T22:00:09.214+0000] {processor.py:161} INFO - Started process (PID=857) to work on /opt/airflow/dags/pipeline_scheduled.py
[2026-01-18T22:00:09.216+0000] {processor.py:830} INFO - Processing file /opt/airflow/dags/pipeline_scheduled.py for tasks to queue
[2026-01-18T22:00:09.220+0000] {logging_mixin.py:188} INFO - [2026-01-18T22:00:09.219+0000] {dagbag.py:545} INFO - Filling up the DagBag from /opt/airflow/dags/pipeline_scheduled.py
[2026-01-18T22:00:09.265+0000] {processor.py:840} INFO - DAG(s) 'pipeline_scheduled' retrieved from /opt/airflow/dags/pipeline_scheduled.py
[2026-01-18T22:00:09.368+0000] {logging_mixin.py:188} INFO - [2026-01-18T22:00:09.367+0000] {dag.py:3089} INFO - Sync 1 DAGs
[2026-01-18T22:00:09.409+0000] {logging_mixin.py:188} INFO - [2026-01-18T22:00:09.408+0000] {dag.py:3947} INFO - Setting next_dagrun for pipeline_scheduled to 2026-01-18 22:00:00+00:00, run_after=2026-01-18 23:00:00+00:00
[2026-01-18T22:00:09.444+0000] {processor.py:183} INFO - Processing /opt/airflow/dags/pipeline_scheduled.py took 0.245 seconds
[2026-01-18T22:00:39.876+0000] {processor.py:161} INFO - Started process (PID=867) to work on /opt/airflow/dags/pipeline_scheduled.py
[2026-01-18T22:00:39.879+0000] {processor.py:830} INFO - Processing file /opt/airflow/dags/pipeline_scheduled.py for tasks to queue
[2026-01-18T22:00:39.884+0000] {logging_mixin.py:188} INFO - [2026-01-18T22:00:39.883+0000] {dagbag.py:545} INFO - Filling up the DagBag from /opt/airflow/dags/pipeline_scheduled.py
[2026-01-18T22:00:39.931+0000] {processor.py:840} INFO - DAG(s) 'pipeline_scheduled' retrieved from /opt/airflow/dags/pipeline_scheduled.py
[2026-01-18T22:00:40.003+0000] {logging_mixin.py:188} INFO - [2026-01-18T22:00:40.002+0000] {dag.py:3089} INFO - Sync 1 DAGs
[2026-01-18T22:00:40.056+0000] {logging_mixin.py:188} INFO - [2026-01-18T22:00:40.055+0000] {dag.py:3947} INFO - Setting next_dagrun for pipeline_scheduled to 2026-01-18 22:00:00+00:00, run_after=2026-01-18 23:00:00+00:00
[2026-01-18T22:00:40.110+0000] {processor.py:183} INFO - Processing /opt/airflow/dags/pipeline_scheduled.py took 0.246 seconds
[2026-01-18T22:01:10.529+0000] {processor.py:161} INFO - Started process (PID=877) to work on /opt/airflow/dags/pipeline_scheduled.py
[2026-01-18T22:01:10.530+0000] {processor.py:830} INFO - Processing file /opt/airflow/dags/pipeline_scheduled.py for tasks to queue
[2026-01-18T22:01:10.534+0000] {logging_mixin.py:188} INFO - [2026-01-18T22:01:10.533+0000] {dagbag.py:545} INFO - Filling up the DagBag from /opt/airflow/dags/pipeline_scheduled.py
[2026-01-18T22:01:10.578+0000] {processor.py:840} INFO - DAG(s) 'pipeline_scheduled' retrieved from /opt/airflow/dags/pipeline_scheduled.py
[2026-01-18T22:01:10.647+0000] {logging_mixin.py:188} INFO - [2026-01-18T22:01:10.647+0000] {dag.py:3089} INFO - Sync 1 DAGs
[2026-01-18T22:01:10.693+0000] {logging_mixin.py:188} INFO - [2026-01-18T22:01:10.692+0000] {dag.py:3947} INFO - Setting next_dagrun for pipeline_scheduled to 2026-01-18 22:00:00+00:00, run_after=2026-01-18 23:00:00+00:00
[2026-01-18T22:01:10.754+0000] {processor.py:183} INFO - Processing /opt/airflow/dags/pipeline_scheduled.py took 0.234 seconds
[2026-01-18T22:01:40.895+0000] {processor.py:161} INFO - Started process (PID=887) to work on /opt/airflow/dags/pipeline_scheduled.py
[2026-01-18T22:01:40.898+0000] {processor.py:830} INFO - Processing file /opt/airflow/dags/pipeline_scheduled.py for tasks to queue
[2026-01-18T22:01:40.902+0000] {logging_mixin.py:188} INFO - [2026-01-18T22:01:40.901+0000] {dagbag.py:545} INFO - Filling up the DagBag from /opt/airflow/dags/pipeline_scheduled.py
[2026-01-18T22:01:40.943+0000] {processor.py:840} INFO - DAG(s) 'pipeline_scheduled' retrieved from /opt/airflow/dags/pipeline_scheduled.py
[2026-01-18T22:01:41.005+0000] {logging_mixin.py:188} INFO - [2026-01-18T22:01:41.004+0000] {dag.py:3089} INFO - Sync 1 DAGs
[2026-01-18T22:01:41.046+0000] {logging_mixin.py:188} INFO - [2026-01-18T22:01:41.046+0000] {dag.py:3947} INFO - Setting next_dagrun for pipeline_scheduled to 2026-01-18 22:00:00+00:00, run_after=2026-01-18 23:00:00+00:00
[2026-01-18T22:01:41.117+0000] {processor.py:183} INFO - Processing /opt/airflow/dags/pipeline_scheduled.py took 0.235 seconds
[2026-01-18T22:02:11.726+0000] {processor.py:161} INFO - Started process (PID=897) to work on /opt/airflow/dags/pipeline_scheduled.py
[2026-01-18T22:02:11.728+0000] {processor.py:830} INFO - Processing file /opt/airflow/dags/pipeline_scheduled.py for tasks to queue
[2026-01-18T22:02:11.736+0000] {logging_mixin.py:188} INFO - [2026-01-18T22:02:11.735+0000] {dagbag.py:545} INFO - Filling up the DagBag from /opt/airflow/dags/pipeline_scheduled.py
[2026-01-18T22:02:11.785+0000] {processor.py:840} INFO - DAG(s) 'pipeline_scheduled' retrieved from /opt/airflow/dags/pipeline_scheduled.py
[2026-01-18T22:02:11.882+0000] {logging_mixin.py:188} INFO - [2026-01-18T22:02:11.881+0000] {dag.py:3089} INFO - Sync 1 DAGs
[2026-01-18T22:02:11.952+0000] {logging_mixin.py:188} INFO - [2026-01-18T22:02:11.951+0000] {dag.py:3947} INFO - Setting next_dagrun for pipeline_scheduled to 2026-01-18 22:00:00+00:00, run_after=2026-01-18 23:00:00+00:00
[2026-01-18T22:02:12.000+0000] {processor.py:183} INFO - Processing /opt/airflow/dags/pipeline_scheduled.py took 0.292 seconds
[2026-01-18T22:02:42.421+0000] {processor.py:161} INFO - Started process (PID=907) to work on /opt/airflow/dags/pipeline_scheduled.py
[2026-01-18T22:02:42.423+0000] {processor.py:830} INFO - Processing file /opt/airflow/dags/pipeline_scheduled.py for tasks to queue
[2026-01-18T22:02:42.428+0000] {logging_mixin.py:188} INFO - [2026-01-18T22:02:42.427+0000] {dagbag.py:545} INFO - Filling up the DagBag from /opt/airflow/dags/pipeline_scheduled.py
[2026-01-18T22:02:42.473+0000] {processor.py:840} INFO - DAG(s) 'pipeline_scheduled' retrieved from /opt/airflow/dags/pipeline_scheduled.py
[2026-01-18T22:02:42.538+0000] {logging_mixin.py:188} INFO - [2026-01-18T22:02:42.538+0000] {dag.py:3089} INFO - Sync 1 DAGs
[2026-01-18T22:02:42.579+0000] {logging_mixin.py:188} INFO - [2026-01-18T22:02:42.579+0000] {dag.py:3947} INFO - Setting next_dagrun for pipeline_scheduled to 2026-01-18 22:00:00+00:00, run_after=2026-01-18 23:00:00+00:00
[2026-01-18T22:02:42.626+0000] {processor.py:183} INFO - Processing /opt/airflow/dags/pipeline_scheduled.py took 0.218 seconds
[2026-01-18T22:03:12.791+0000] {processor.py:161} INFO - Started process (PID=917) to work on /opt/airflow/dags/pipeline_scheduled.py
[2026-01-18T22:03:12.793+0000] {processor.py:830} INFO - Processing file /opt/airflow/dags/pipeline_scheduled.py for tasks to queue
[2026-01-18T22:03:12.797+0000] {logging_mixin.py:188} INFO - [2026-01-18T22:03:12.796+0000] {dagbag.py:545} INFO - Filling up the DagBag from /opt/airflow/dags/pipeline_scheduled.py
[2026-01-18T22:03:12.861+0000] {processor.py:840} INFO - DAG(s) 'pipeline_scheduled' retrieved from /opt/airflow/dags/pipeline_scheduled.py
[2026-01-18T22:03:12.945+0000] {logging_mixin.py:188} INFO - [2026-01-18T22:03:12.944+0000] {dag.py:3089} INFO - Sync 1 DAGs
[2026-01-18T22:03:12.992+0000] {logging_mixin.py:188} INFO - [2026-01-18T22:03:12.991+0000] {dag.py:3947} INFO - Setting next_dagrun for pipeline_scheduled to 2026-01-18 22:00:00+00:00, run_after=2026-01-18 23:00:00+00:00
[2026-01-18T22:03:13.039+0000] {processor.py:183} INFO - Processing /opt/airflow/dags/pipeline_scheduled.py took 0.259 seconds
[2026-01-18T22:03:43.453+0000] {processor.py:161} INFO - Started process (PID=927) to work on /opt/airflow/dags/pipeline_scheduled.py
[2026-01-18T22:03:43.455+0000] {processor.py:830} INFO - Processing file /opt/airflow/dags/pipeline_scheduled.py for tasks to queue
[2026-01-18T22:03:43.459+0000] {logging_mixin.py:188} INFO - [2026-01-18T22:03:43.458+0000] {dagbag.py:545} INFO - Filling up the DagBag from /opt/airflow/dags/pipeline_scheduled.py
[2026-01-18T22:03:43.501+0000] {processor.py:840} INFO - DAG(s) 'pipeline_scheduled' retrieved from /opt/airflow/dags/pipeline_scheduled.py
[2026-01-18T22:03:43.562+0000] {logging_mixin.py:188} INFO - [2026-01-18T22:03:43.562+0000] {dag.py:3089} INFO - Sync 1 DAGs
[2026-01-18T22:03:43.608+0000] {logging_mixin.py:188} INFO - [2026-01-18T22:03:43.608+0000] {dag.py:3947} INFO - Setting next_dagrun for pipeline_scheduled to 2026-01-18 22:00:00+00:00, run_after=2026-01-18 23:00:00+00:00
[2026-01-18T22:03:43.674+0000] {processor.py:183} INFO - Processing /opt/airflow/dags/pipeline_scheduled.py took 0.233 seconds
[2026-01-18T22:04:13.816+0000] {processor.py:161} INFO - Started process (PID=937) to work on /opt/airflow/dags/pipeline_scheduled.py
[2026-01-18T22:04:13.819+0000] {processor.py:830} INFO - Processing file /opt/airflow/dags/pipeline_scheduled.py for tasks to queue
[2026-01-18T22:04:13.824+0000] {logging_mixin.py:188} INFO - [2026-01-18T22:04:13.823+0000] {dagbag.py:545} INFO - Filling up the DagBag from /opt/airflow/dags/pipeline_scheduled.py
[2026-01-18T22:04:13.875+0000] {processor.py:840} INFO - DAG(s) 'pipeline_scheduled' retrieved from /opt/airflow/dags/pipeline_scheduled.py
[2026-01-18T22:04:13.942+0000] {logging_mixin.py:188} INFO - [2026-01-18T22:04:13.942+0000] {dag.py:3089} INFO - Sync 1 DAGs
[2026-01-18T22:04:13.985+0000] {logging_mixin.py:188} INFO - [2026-01-18T22:04:13.984+0000] {dag.py:3947} INFO - Setting next_dagrun for pipeline_scheduled to 2026-01-18 22:00:00+00:00, run_after=2026-01-18 23:00:00+00:00
[2026-01-18T22:04:14.019+0000] {processor.py:183} INFO - Processing /opt/airflow/dags/pipeline_scheduled.py took 0.219 seconds
[2026-01-18T22:04:44.388+0000] {processor.py:161} INFO - Started process (PID=947) to work on /opt/airflow/dags/pipeline_scheduled.py
[2026-01-18T22:04:44.390+0000] {processor.py:830} INFO - Processing file /opt/airflow/dags/pipeline_scheduled.py for tasks to queue
[2026-01-18T22:04:44.395+0000] {logging_mixin.py:188} INFO - [2026-01-18T22:04:44.394+0000] {dagbag.py:545} INFO - Filling up the DagBag from /opt/airflow/dags/pipeline_scheduled.py
[2026-01-18T22:04:44.533+0000] {processor.py:840} INFO - DAG(s) 'pipeline_scheduled' retrieved from /opt/airflow/dags/pipeline_scheduled.py
[2026-01-18T22:04:44.621+0000] {logging_mixin.py:188} INFO - [2026-01-18T22:04:44.620+0000] {dag.py:3089} INFO - Sync 1 DAGs
[2026-01-18T22:04:44.675+0000] {logging_mixin.py:188} INFO - [2026-01-18T22:04:44.675+0000] {dag.py:3947} INFO - Setting next_dagrun for pipeline_scheduled to 2026-01-18 22:00:00+00:00, run_after=2026-01-18 23:00:00+00:00
[2026-01-18T22:04:44.729+0000] {processor.py:183} INFO - Processing /opt/airflow/dags/pipeline_scheduled.py took 0.353 seconds
[2026-01-18T22:05:15.146+0000] {processor.py:161} INFO - Started process (PID=957) to work on /opt/airflow/dags/pipeline_scheduled.py
[2026-01-18T22:05:15.148+0000] {processor.py:830} INFO - Processing file /opt/airflow/dags/pipeline_scheduled.py for tasks to queue
[2026-01-18T22:05:15.153+0000] {logging_mixin.py:188} INFO - [2026-01-18T22:05:15.152+0000] {dagbag.py:545} INFO - Filling up the DagBag from /opt/airflow/dags/pipeline_scheduled.py
[2026-01-18T22:05:15.194+0000] {processor.py:840} INFO - DAG(s) 'pipeline_scheduled' retrieved from /opt/airflow/dags/pipeline_scheduled.py
[2026-01-18T22:05:15.263+0000] {logging_mixin.py:188} INFO - [2026-01-18T22:05:15.263+0000] {dag.py:3089} INFO - Sync 1 DAGs
[2026-01-18T22:05:15.304+0000] {logging_mixin.py:188} INFO - [2026-01-18T22:05:15.303+0000] {dag.py:3947} INFO - Setting next_dagrun for pipeline_scheduled to 2026-01-18 22:00:00+00:00, run_after=2026-01-18 23:00:00+00:00
[2026-01-18T22:05:15.341+0000] {processor.py:183} INFO - Processing /opt/airflow/dags/pipeline_scheduled.py took 0.208 seconds
[2026-01-18T22:05:45.708+0000] {processor.py:161} INFO - Started process (PID=967) to work on /opt/airflow/dags/pipeline_scheduled.py
[2026-01-18T22:05:45.710+0000] {processor.py:830} INFO - Processing file /opt/airflow/dags/pipeline_scheduled.py for tasks to queue
[2026-01-18T22:05:45.714+0000] {logging_mixin.py:188} INFO - [2026-01-18T22:05:45.713+0000] {dagbag.py:545} INFO - Filling up the DagBag from /opt/airflow/dags/pipeline_scheduled.py
[2026-01-18T22:05:45.757+0000] {processor.py:840} INFO - DAG(s) 'pipeline_scheduled' retrieved from /opt/airflow/dags/pipeline_scheduled.py
[2026-01-18T22:05:45.825+0000] {logging_mixin.py:188} INFO - [2026-01-18T22:05:45.825+0000] {dag.py:3089} INFO - Sync 1 DAGs
[2026-01-18T22:05:45.871+0000] {logging_mixin.py:188} INFO - [2026-01-18T22:05:45.871+0000] {dag.py:3947} INFO - Setting next_dagrun for pipeline_scheduled to 2026-01-18 22:00:00+00:00, run_after=2026-01-18 23:00:00+00:00
[2026-01-18T22:05:45.911+0000] {processor.py:183} INFO - Processing /opt/airflow/dags/pipeline_scheduled.py took 0.215 seconds
[2026-01-18T22:06:16.288+0000] {processor.py:161} INFO - Started process (PID=977) to work on /opt/airflow/dags/pipeline_scheduled.py
[2026-01-18T22:06:16.290+0000] {processor.py:830} INFO - Processing file /opt/airflow/dags/pipeline_scheduled.py for tasks to queue
[2026-01-18T22:06:16.294+0000] {logging_mixin.py:188} INFO - [2026-01-18T22:06:16.293+0000] {dagbag.py:545} INFO - Filling up the DagBag from /opt/airflow/dags/pipeline_scheduled.py
[2026-01-18T22:06:16.332+0000] {processor.py:840} INFO - DAG(s) 'pipeline_scheduled' retrieved from /opt/airflow/dags/pipeline_scheduled.py
[2026-01-18T22:06:16.394+0000] {logging_mixin.py:188} INFO - [2026-01-18T22:06:16.394+0000] {dag.py:3089} INFO - Sync 1 DAGs
[2026-01-18T22:06:16.430+0000] {logging_mixin.py:188} INFO - [2026-01-18T22:06:16.430+0000] {dag.py:3947} INFO - Setting next_dagrun for pipeline_scheduled to 2026-01-18 22:00:00+00:00, run_after=2026-01-18 23:00:00+00:00
[2026-01-18T22:06:16.485+0000] {processor.py:183} INFO - Processing /opt/airflow/dags/pipeline_scheduled.py took 0.209 seconds
[2026-01-18T22:06:46.658+0000] {processor.py:161} INFO - Started process (PID=987) to work on /opt/airflow/dags/pipeline_scheduled.py
[2026-01-18T22:06:46.660+0000] {processor.py:830} INFO - Processing file /opt/airflow/dags/pipeline_scheduled.py for tasks to queue
[2026-01-18T22:06:46.665+0000] {logging_mixin.py:188} INFO - [2026-01-18T22:06:46.664+0000] {dagbag.py:545} INFO - Filling up the DagBag from /opt/airflow/dags/pipeline_scheduled.py
[2026-01-18T22:06:46.710+0000] {processor.py:840} INFO - DAG(s) 'pipeline_scheduled' retrieved from /opt/airflow/dags/pipeline_scheduled.py
[2026-01-18T22:06:46.771+0000] {logging_mixin.py:188} INFO - [2026-01-18T22:06:46.771+0000] {dag.py:3089} INFO - Sync 1 DAGs
[2026-01-18T22:06:46.810+0000] {logging_mixin.py:188} INFO - [2026-01-18T22:06:46.809+0000] {dag.py:3947} INFO - Setting next_dagrun for pipeline_scheduled to 2026-01-18 22:00:00+00:00, run_after=2026-01-18 23:00:00+00:00
[2026-01-18T22:06:46.848+0000] {processor.py:183} INFO - Processing /opt/airflow/dags/pipeline_scheduled.py took 0.203 seconds
[2026-01-18T22:07:17.345+0000] {processor.py:161} INFO - Started process (PID=1003) to work on /opt/airflow/dags/pipeline_scheduled.py
[2026-01-18T22:07:17.347+0000] {processor.py:830} INFO - Processing file /opt/airflow/dags/pipeline_scheduled.py for tasks to queue
[2026-01-18T22:07:17.352+0000] {logging_mixin.py:188} INFO - [2026-01-18T22:07:17.351+0000] {dagbag.py:545} INFO - Filling up the DagBag from /opt/airflow/dags/pipeline_scheduled.py
[2026-01-18T22:07:17.392+0000] {processor.py:840} INFO - DAG(s) 'pipeline_scheduled' retrieved from /opt/airflow/dags/pipeline_scheduled.py
[2026-01-18T22:07:17.459+0000] {logging_mixin.py:188} INFO - [2026-01-18T22:07:17.459+0000] {dag.py:3089} INFO - Sync 1 DAGs
[2026-01-18T22:07:17.504+0000] {logging_mixin.py:188} INFO - [2026-01-18T22:07:17.504+0000] {dag.py:3947} INFO - Setting next_dagrun for pipeline_scheduled to 2026-01-18 22:00:00+00:00, run_after=2026-01-18 23:00:00+00:00
[2026-01-18T22:07:17.568+0000] {processor.py:183} INFO - Processing /opt/airflow/dags/pipeline_scheduled.py took 0.235 seconds
[2026-01-18T22:07:47.734+0000] {processor.py:161} INFO - Started process (PID=1013) to work on /opt/airflow/dags/pipeline_scheduled.py
[2026-01-18T22:07:47.736+0000] {processor.py:830} INFO - Processing file /opt/airflow/dags/pipeline_scheduled.py for tasks to queue
[2026-01-18T22:07:47.742+0000] {logging_mixin.py:188} INFO - [2026-01-18T22:07:47.741+0000] {dagbag.py:545} INFO - Filling up the DagBag from /opt/airflow/dags/pipeline_scheduled.py
[2026-01-18T22:07:47.787+0000] {processor.py:840} INFO - DAG(s) 'pipeline_scheduled' retrieved from /opt/airflow/dags/pipeline_scheduled.py
[2026-01-18T22:07:47.851+0000] {logging_mixin.py:188} INFO - [2026-01-18T22:07:47.850+0000] {dag.py:3089} INFO - Sync 1 DAGs
[2026-01-18T22:07:47.899+0000] {logging_mixin.py:188} INFO - [2026-01-18T22:07:47.898+0000] {dag.py:3947} INFO - Setting next_dagrun for pipeline_scheduled to 2026-01-18 22:00:00+00:00, run_after=2026-01-18 23:00:00+00:00
[2026-01-18T22:07:47.932+0000] {processor.py:183} INFO - Processing /opt/airflow/dags/pipeline_scheduled.py took 0.209 seconds
[2026-01-18T22:08:18.402+0000] {processor.py:161} INFO - Started process (PID=1023) to work on /opt/airflow/dags/pipeline_scheduled.py
[2026-01-18T22:08:18.404+0000] {processor.py:830} INFO - Processing file /opt/airflow/dags/pipeline_scheduled.py for tasks to queue
[2026-01-18T22:08:18.409+0000] {logging_mixin.py:188} INFO - [2026-01-18T22:08:18.408+0000] {dagbag.py:545} INFO - Filling up the DagBag from /opt/airflow/dags/pipeline_scheduled.py
[2026-01-18T22:08:18.458+0000] {processor.py:840} INFO - DAG(s) 'pipeline_scheduled' retrieved from /opt/airflow/dags/pipeline_scheduled.py
[2026-01-18T22:08:18.527+0000] {logging_mixin.py:188} INFO - [2026-01-18T22:08:18.527+0000] {dag.py:3089} INFO - Sync 1 DAGs
[2026-01-18T22:08:18.578+0000] {logging_mixin.py:188} INFO - [2026-01-18T22:08:18.577+0000] {dag.py:3947} INFO - Setting next_dagrun for pipeline_scheduled to 2026-01-18 22:00:00+00:00, run_after=2026-01-18 23:00:00+00:00
[2026-01-18T22:08:18.617+0000] {processor.py:183} INFO - Processing /opt/airflow/dags/pipeline_scheduled.py took 0.229 seconds
[2026-01-18T22:08:49.039+0000] {processor.py:161} INFO - Started process (PID=1033) to work on /opt/airflow/dags/pipeline_scheduled.py
[2026-01-18T22:08:49.042+0000] {processor.py:830} INFO - Processing file /opt/airflow/dags/pipeline_scheduled.py for tasks to queue
[2026-01-18T22:08:49.046+0000] {logging_mixin.py:188} INFO - [2026-01-18T22:08:49.045+0000] {dagbag.py:545} INFO - Filling up the DagBag from /opt/airflow/dags/pipeline_scheduled.py
[2026-01-18T22:08:49.094+0000] {processor.py:840} INFO - DAG(s) 'pipeline_scheduled' retrieved from /opt/airflow/dags/pipeline_scheduled.py
[2026-01-18T22:08:49.156+0000] {logging_mixin.py:188} INFO - [2026-01-18T22:08:49.156+0000] {dag.py:3089} INFO - Sync 1 DAGs
[2026-01-18T22:08:49.197+0000] {logging_mixin.py:188} INFO - [2026-01-18T22:08:49.197+0000] {dag.py:3947} INFO - Setting next_dagrun for pipeline_scheduled to 2026-01-18 22:00:00+00:00, run_after=2026-01-18 23:00:00+00:00
[2026-01-18T22:08:49.258+0000] {processor.py:183} INFO - Processing /opt/airflow/dags/pipeline_scheduled.py took 0.232 seconds
[2026-01-18T22:09:19.453+0000] {processor.py:161} INFO - Started process (PID=1043) to work on /opt/airflow/dags/pipeline_scheduled.py
[2026-01-18T22:09:19.455+0000] {processor.py:830} INFO - Processing file /opt/airflow/dags/pipeline_scheduled.py for tasks to queue
[2026-01-18T22:09:19.460+0000] {logging_mixin.py:188} INFO - [2026-01-18T22:09:19.460+0000] {dagbag.py:545} INFO - Filling up the DagBag from /opt/airflow/dags/pipeline_scheduled.py
[2026-01-18T22:09:19.503+0000] {processor.py:840} INFO - DAG(s) 'pipeline_scheduled' retrieved from /opt/airflow/dags/pipeline_scheduled.py
[2026-01-18T22:09:19.572+0000] {logging_mixin.py:188} INFO - [2026-01-18T22:09:19.572+0000] {dag.py:3089} INFO - Sync 1 DAGs
[2026-01-18T22:09:19.616+0000] {logging_mixin.py:188} INFO - [2026-01-18T22:09:19.616+0000] {dag.py:3947} INFO - Setting next_dagrun for pipeline_scheduled to 2026-01-18 22:00:00+00:00, run_after=2026-01-18 23:00:00+00:00
[2026-01-18T22:09:19.651+0000] {processor.py:183} INFO - Processing /opt/airflow/dags/pipeline_scheduled.py took 0.213 seconds
[2026-01-18T22:09:50.064+0000] {processor.py:161} INFO - Started process (PID=1053) to work on /opt/airflow/dags/pipeline_scheduled.py
[2026-01-18T22:09:50.066+0000] {processor.py:830} INFO - Processing file /opt/airflow/dags/pipeline_scheduled.py for tasks to queue
[2026-01-18T22:09:50.071+0000] {logging_mixin.py:188} INFO - [2026-01-18T22:09:50.070+0000] {dagbag.py:545} INFO - Filling up the DagBag from /opt/airflow/dags/pipeline_scheduled.py
[2026-01-18T22:09:50.116+0000] {processor.py:840} INFO - DAG(s) 'pipeline_scheduled' retrieved from /opt/airflow/dags/pipeline_scheduled.py
[2026-01-18T22:09:50.185+0000] {logging_mixin.py:188} INFO - [2026-01-18T22:09:50.184+0000] {dag.py:3089} INFO - Sync 1 DAGs
[2026-01-18T22:09:50.226+0000] {logging_mixin.py:188} INFO - [2026-01-18T22:09:50.226+0000] {dag.py:3947} INFO - Setting next_dagrun for pipeline_scheduled to 2026-01-18 22:00:00+00:00, run_after=2026-01-18 23:00:00+00:00
[2026-01-18T22:09:50.295+0000] {processor.py:183} INFO - Processing /opt/airflow/dags/pipeline_scheduled.py took 0.249 seconds
[2026-01-18T22:10:20.461+0000] {processor.py:161} INFO - Started process (PID=1066) to work on /opt/airflow/dags/pipeline_scheduled.py
[2026-01-18T22:10:20.464+0000] {processor.py:830} INFO - Processing file /opt/airflow/dags/pipeline_scheduled.py for tasks to queue
[2026-01-18T22:10:20.468+0000] {logging_mixin.py:188} INFO - [2026-01-18T22:10:20.467+0000] {dagbag.py:545} INFO - Filling up the DagBag from /opt/airflow/dags/pipeline_scheduled.py
[2026-01-18T22:10:20.524+0000] {processor.py:840} INFO - DAG(s) 'pipeline_scheduled' retrieved from /opt/airflow/dags/pipeline_scheduled.py
[2026-01-18T22:10:20.599+0000] {logging_mixin.py:188} INFO - [2026-01-18T22:10:20.598+0000] {dag.py:3089} INFO - Sync 1 DAGs
[2026-01-18T22:10:20.653+0000] {logging_mixin.py:188} INFO - [2026-01-18T22:10:20.653+0000] {dag.py:3947} INFO - Setting next_dagrun for pipeline_scheduled to 2026-01-18 22:00:00+00:00, run_after=2026-01-18 23:00:00+00:00
[2026-01-18T22:10:20.708+0000] {processor.py:183} INFO - Processing /opt/airflow/dags/pipeline_scheduled.py took 0.260 seconds
[2026-01-18T22:10:51.031+0000] {processor.py:161} INFO - Started process (PID=1076) to work on /opt/airflow/dags/pipeline_scheduled.py
[2026-01-18T22:10:51.034+0000] {processor.py:830} INFO - Processing file /opt/airflow/dags/pipeline_scheduled.py for tasks to queue
[2026-01-18T22:10:51.041+0000] {logging_mixin.py:188} INFO - [2026-01-18T22:10:51.040+0000] {dagbag.py:545} INFO - Filling up the DagBag from /opt/airflow/dags/pipeline_scheduled.py
[2026-01-18T22:10:51.083+0000] {processor.py:840} INFO - DAG(s) 'pipeline_scheduled' retrieved from /opt/airflow/dags/pipeline_scheduled.py
[2026-01-18T22:10:51.153+0000] {logging_mixin.py:188} INFO - [2026-01-18T22:10:51.152+0000] {dag.py:3089} INFO - Sync 1 DAGs
[2026-01-18T22:10:51.191+0000] {logging_mixin.py:188} INFO - [2026-01-18T22:10:51.190+0000] {dag.py:3947} INFO - Setting next_dagrun for pipeline_scheduled to 2026-01-18 22:00:00+00:00, run_after=2026-01-18 23:00:00+00:00
[2026-01-18T22:10:51.227+0000] {processor.py:183} INFO - Processing /opt/airflow/dags/pipeline_scheduled.py took 0.215 seconds
[2026-01-18T22:11:21.646+0000] {processor.py:161} INFO - Started process (PID=1086) to work on /opt/airflow/dags/pipeline_scheduled.py
[2026-01-18T22:11:21.648+0000] {processor.py:830} INFO - Processing file /opt/airflow/dags/pipeline_scheduled.py for tasks to queue
[2026-01-18T22:11:21.651+0000] {logging_mixin.py:188} INFO - [2026-01-18T22:11:21.651+0000] {dagbag.py:545} INFO - Filling up the DagBag from /opt/airflow/dags/pipeline_scheduled.py
[2026-01-18T22:11:21.698+0000] {processor.py:840} INFO - DAG(s) 'pipeline_scheduled' retrieved from /opt/airflow/dags/pipeline_scheduled.py
[2026-01-18T22:11:21.775+0000] {logging_mixin.py:188} INFO - [2026-01-18T22:11:21.775+0000] {dag.py:3089} INFO - Sync 1 DAGs
[2026-01-18T22:11:21.821+0000] {logging_mixin.py:188} INFO - [2026-01-18T22:11:21.820+0000] {dag.py:3947} INFO - Setting next_dagrun for pipeline_scheduled to 2026-01-18 22:00:00+00:00, run_after=2026-01-18 23:00:00+00:00
[2026-01-18T22:11:21.876+0000] {processor.py:183} INFO - Processing /opt/airflow/dags/pipeline_scheduled.py took 0.244 seconds
[2026-01-18T22:11:52.041+0000] {processor.py:161} INFO - Started process (PID=1096) to work on /opt/airflow/dags/pipeline_scheduled.py
[2026-01-18T22:11:52.044+0000] {processor.py:830} INFO - Processing file /opt/airflow/dags/pipeline_scheduled.py for tasks to queue
[2026-01-18T22:11:52.049+0000] {logging_mixin.py:188} INFO - [2026-01-18T22:11:52.048+0000] {dagbag.py:545} INFO - Filling up the DagBag from /opt/airflow/dags/pipeline_scheduled.py
[2026-01-18T22:11:52.095+0000] {processor.py:840} INFO - DAG(s) 'pipeline_scheduled' retrieved from /opt/airflow/dags/pipeline_scheduled.py
[2026-01-18T22:11:52.191+0000] {logging_mixin.py:188} INFO - [2026-01-18T22:11:52.191+0000] {dag.py:3089} INFO - Sync 1 DAGs
[2026-01-18T22:11:52.237+0000] {logging_mixin.py:188} INFO - [2026-01-18T22:11:52.236+0000] {dag.py:3947} INFO - Setting next_dagrun for pipeline_scheduled to 2026-01-18 22:00:00+00:00, run_after=2026-01-18 23:00:00+00:00
[2026-01-18T22:11:52.337+0000] {processor.py:183} INFO - Processing /opt/airflow/dags/pipeline_scheduled.py took 0.309 seconds
[2026-01-18T22:12:22.705+0000] {processor.py:161} INFO - Started process (PID=1106) to work on /opt/airflow/dags/pipeline_scheduled.py
[2026-01-18T22:12:22.708+0000] {processor.py:830} INFO - Processing file /opt/airflow/dags/pipeline_scheduled.py for tasks to queue
[2026-01-18T22:12:22.713+0000] {logging_mixin.py:188} INFO - [2026-01-18T22:12:22.712+0000] {dagbag.py:545} INFO - Filling up the DagBag from /opt/airflow/dags/pipeline_scheduled.py
[2026-01-18T22:12:22.757+0000] {processor.py:840} INFO - DAG(s) 'pipeline_scheduled' retrieved from /opt/airflow/dags/pipeline_scheduled.py
[2026-01-18T22:12:22.822+0000] {logging_mixin.py:188} INFO - [2026-01-18T22:12:22.821+0000] {dag.py:3089} INFO - Sync 1 DAGs
[2026-01-18T22:12:22.864+0000] {logging_mixin.py:188} INFO - [2026-01-18T22:12:22.864+0000] {dag.py:3947} INFO - Setting next_dagrun for pipeline_scheduled to 2026-01-18 22:00:00+00:00, run_after=2026-01-18 23:00:00+00:00
[2026-01-18T22:12:22.937+0000] {processor.py:183} INFO - Processing /opt/airflow/dags/pipeline_scheduled.py took 0.250 seconds
[2026-01-18T22:12:53.215+0000] {processor.py:161} INFO - Started process (PID=1116) to work on /opt/airflow/dags/pipeline_scheduled.py
[2026-01-18T22:12:53.218+0000] {processor.py:830} INFO - Processing file /opt/airflow/dags/pipeline_scheduled.py for tasks to queue
[2026-01-18T22:12:53.222+0000] {logging_mixin.py:188} INFO - [2026-01-18T22:12:53.222+0000] {dagbag.py:545} INFO - Filling up the DagBag from /opt/airflow/dags/pipeline_scheduled.py
[2026-01-18T22:12:53.276+0000] {processor.py:840} INFO - DAG(s) 'pipeline_scheduled' retrieved from /opt/airflow/dags/pipeline_scheduled.py
[2026-01-18T22:12:53.350+0000] {logging_mixin.py:188} INFO - [2026-01-18T22:12:53.350+0000] {dag.py:3089} INFO - Sync 1 DAGs
[2026-01-18T22:12:53.400+0000] {logging_mixin.py:188} INFO - [2026-01-18T22:12:53.399+0000] {dag.py:3947} INFO - Setting next_dagrun for pipeline_scheduled to 2026-01-18 22:00:00+00:00, run_after=2026-01-18 23:00:00+00:00
[2026-01-18T22:12:53.442+0000] {processor.py:183} INFO - Processing /opt/airflow/dags/pipeline_scheduled.py took 0.240 seconds
[2026-01-18T22:13:23.854+0000] {processor.py:161} INFO - Started process (PID=1126) to work on /opt/airflow/dags/pipeline_scheduled.py
[2026-01-18T22:13:23.856+0000] {processor.py:830} INFO - Processing file /opt/airflow/dags/pipeline_scheduled.py for tasks to queue
[2026-01-18T22:13:23.859+0000] {logging_mixin.py:188} INFO - [2026-01-18T22:13:23.859+0000] {dagbag.py:545} INFO - Filling up the DagBag from /opt/airflow/dags/pipeline_scheduled.py
[2026-01-18T22:13:23.897+0000] {processor.py:840} INFO - DAG(s) 'pipeline_scheduled' retrieved from /opt/airflow/dags/pipeline_scheduled.py
[2026-01-18T22:13:23.967+0000] {logging_mixin.py:188} INFO - [2026-01-18T22:13:23.966+0000] {dag.py:3089} INFO - Sync 1 DAGs
[2026-01-18T22:13:24.011+0000] {logging_mixin.py:188} INFO - [2026-01-18T22:13:24.011+0000] {dag.py:3947} INFO - Setting next_dagrun for pipeline_scheduled to 2026-01-18 22:00:00+00:00, run_after=2026-01-18 23:00:00+00:00
[2026-01-18T22:13:24.082+0000] {processor.py:183} INFO - Processing /opt/airflow/dags/pipeline_scheduled.py took 0.240 seconds
[2026-01-18T22:13:54.200+0000] {processor.py:161} INFO - Started process (PID=1136) to work on /opt/airflow/dags/pipeline_scheduled.py
[2026-01-18T22:13:54.202+0000] {processor.py:830} INFO - Processing file /opt/airflow/dags/pipeline_scheduled.py for tasks to queue
[2026-01-18T22:13:54.206+0000] {logging_mixin.py:188} INFO - [2026-01-18T22:13:54.206+0000] {dagbag.py:545} INFO - Filling up the DagBag from /opt/airflow/dags/pipeline_scheduled.py
[2026-01-18T22:13:54.247+0000] {processor.py:840} INFO - DAG(s) 'pipeline_scheduled' retrieved from /opt/airflow/dags/pipeline_scheduled.py
[2026-01-18T22:13:54.311+0000] {logging_mixin.py:188} INFO - [2026-01-18T22:13:54.311+0000] {dag.py:3089} INFO - Sync 1 DAGs
[2026-01-18T22:13:54.351+0000] {logging_mixin.py:188} INFO - [2026-01-18T22:13:54.351+0000] {dag.py:3947} INFO - Setting next_dagrun for pipeline_scheduled to 2026-01-18 22:00:00+00:00, run_after=2026-01-18 23:00:00+00:00
[2026-01-18T22:13:54.390+0000] {processor.py:183} INFO - Processing /opt/airflow/dags/pipeline_scheduled.py took 0.203 seconds
[2026-01-18T22:14:24.775+0000] {processor.py:161} INFO - Started process (PID=1146) to work on /opt/airflow/dags/pipeline_scheduled.py
[2026-01-18T22:14:24.776+0000] {processor.py:830} INFO - Processing file /opt/airflow/dags/pipeline_scheduled.py for tasks to queue
[2026-01-18T22:14:24.780+0000] {logging_mixin.py:188} INFO - [2026-01-18T22:14:24.779+0000] {dagbag.py:545} INFO - Filling up the DagBag from /opt/airflow/dags/pipeline_scheduled.py
[2026-01-18T22:14:24.823+0000] {processor.py:840} INFO - DAG(s) 'pipeline_scheduled' retrieved from /opt/airflow/dags/pipeline_scheduled.py
[2026-01-18T22:14:24.891+0000] {logging_mixin.py:188} INFO - [2026-01-18T22:14:24.890+0000] {dag.py:3089} INFO - Sync 1 DAGs
[2026-01-18T22:14:24.929+0000] {logging_mixin.py:188} INFO - [2026-01-18T22:14:24.929+0000] {dag.py:3947} INFO - Setting next_dagrun for pipeline_scheduled to 2026-01-18 22:00:00+00:00, run_after=2026-01-18 23:00:00+00:00
[2026-01-18T22:14:24.960+0000] {processor.py:183} INFO - Processing /opt/airflow/dags/pipeline_scheduled.py took 0.196 seconds
[2026-01-18T22:14:55.376+0000] {processor.py:161} INFO - Started process (PID=1156) to work on /opt/airflow/dags/pipeline_scheduled.py
[2026-01-18T22:14:55.378+0000] {processor.py:830} INFO - Processing file /opt/airflow/dags/pipeline_scheduled.py for tasks to queue
[2026-01-18T22:14:55.382+0000] {logging_mixin.py:188} INFO - [2026-01-18T22:14:55.381+0000] {dagbag.py:545} INFO - Filling up the DagBag from /opt/airflow/dags/pipeline_scheduled.py
[2026-01-18T22:14:55.434+0000] {processor.py:840} INFO - DAG(s) 'pipeline_scheduled' retrieved from /opt/airflow/dags/pipeline_scheduled.py
[2026-01-18T22:14:55.498+0000] {logging_mixin.py:188} INFO - [2026-01-18T22:14:55.497+0000] {dag.py:3089} INFO - Sync 1 DAGs
[2026-01-18T22:14:55.542+0000] {logging_mixin.py:188} INFO - [2026-01-18T22:14:55.542+0000] {dag.py:3947} INFO - Setting next_dagrun for pipeline_scheduled to 2026-01-18 22:00:00+00:00, run_after=2026-01-18 23:00:00+00:00
[2026-01-18T22:14:55.609+0000] {processor.py:183} INFO - Processing /opt/airflow/dags/pipeline_scheduled.py took 0.244 seconds
[2026-01-18T22:15:25.840+0000] {processor.py:161} INFO - Started process (PID=1166) to work on /opt/airflow/dags/pipeline_scheduled.py
[2026-01-18T22:15:25.843+0000] {processor.py:830} INFO - Processing file /opt/airflow/dags/pipeline_scheduled.py for tasks to queue
[2026-01-18T22:15:25.851+0000] {logging_mixin.py:188} INFO - [2026-01-18T22:15:25.850+0000] {dagbag.py:545} INFO - Filling up the DagBag from /opt/airflow/dags/pipeline_scheduled.py
[2026-01-18T22:15:25.906+0000] {processor.py:840} INFO - DAG(s) 'pipeline_scheduled' retrieved from /opt/airflow/dags/pipeline_scheduled.py
[2026-01-18T22:15:25.986+0000] {logging_mixin.py:188} INFO - [2026-01-18T22:15:25.986+0000] {dag.py:3089} INFO - Sync 1 DAGs
[2026-01-18T22:15:26.032+0000] {logging_mixin.py:188} INFO - [2026-01-18T22:15:26.031+0000] {dag.py:3947} INFO - Setting next_dagrun for pipeline_scheduled to 2026-01-18 22:00:00+00:00, run_after=2026-01-18 23:00:00+00:00
[2026-01-18T22:15:26.076+0000] {processor.py:183} INFO - Processing /opt/airflow/dags/pipeline_scheduled.py took 0.260 seconds
[2026-01-18T22:15:56.455+0000] {processor.py:161} INFO - Started process (PID=1176) to work on /opt/airflow/dags/pipeline_scheduled.py
[2026-01-18T22:15:56.457+0000] {processor.py:830} INFO - Processing file /opt/airflow/dags/pipeline_scheduled.py for tasks to queue
[2026-01-18T22:15:56.463+0000] {logging_mixin.py:188} INFO - [2026-01-18T22:15:56.462+0000] {dagbag.py:545} INFO - Filling up the DagBag from /opt/airflow/dags/pipeline_scheduled.py
[2026-01-18T22:15:56.504+0000] {processor.py:840} INFO - DAG(s) 'pipeline_scheduled' retrieved from /opt/airflow/dags/pipeline_scheduled.py
[2026-01-18T22:15:56.573+0000] {logging_mixin.py:188} INFO - [2026-01-18T22:15:56.572+0000] {dag.py:3089} INFO - Sync 1 DAGs
[2026-01-18T22:15:56.614+0000] {logging_mixin.py:188} INFO - [2026-01-18T22:15:56.614+0000] {dag.py:3947} INFO - Setting next_dagrun for pipeline_scheduled to 2026-01-18 22:00:00+00:00, run_after=2026-01-18 23:00:00+00:00
[2026-01-18T22:15:56.681+0000] {processor.py:183} INFO - Processing /opt/airflow/dags/pipeline_scheduled.py took 0.239 seconds
[2026-01-18T22:16:26.850+0000] {processor.py:161} INFO - Started process (PID=1186) to work on /opt/airflow/dags/pipeline_scheduled.py
[2026-01-18T22:16:26.852+0000] {processor.py:830} INFO - Processing file /opt/airflow/dags/pipeline_scheduled.py for tasks to queue
[2026-01-18T22:16:26.857+0000] {logging_mixin.py:188} INFO - [2026-01-18T22:16:26.857+0000] {dagbag.py:545} INFO - Filling up the DagBag from /opt/airflow/dags/pipeline_scheduled.py
[2026-01-18T22:16:26.901+0000] {processor.py:840} INFO - DAG(s) 'pipeline_scheduled' retrieved from /opt/airflow/dags/pipeline_scheduled.py
[2026-01-18T22:16:26.973+0000] {logging_mixin.py:188} INFO - [2026-01-18T22:16:26.973+0000] {dag.py:3089} INFO - Sync 1 DAGs
[2026-01-18T22:16:27.014+0000] {logging_mixin.py:188} INFO - [2026-01-18T22:16:27.014+0000] {dag.py:3947} INFO - Setting next_dagrun for pipeline_scheduled to 2026-01-18 22:00:00+00:00, run_after=2026-01-18 23:00:00+00:00
[2026-01-18T22:16:27.056+0000] {processor.py:183} INFO - Processing /opt/airflow/dags/pipeline_scheduled.py took 0.220 seconds
[2026-01-18T22:16:57.426+0000] {processor.py:161} INFO - Started process (PID=1196) to work on /opt/airflow/dags/pipeline_scheduled.py
[2026-01-18T22:16:57.428+0000] {processor.py:830} INFO - Processing file /opt/airflow/dags/pipeline_scheduled.py for tasks to queue
[2026-01-18T22:16:57.433+0000] {logging_mixin.py:188} INFO - [2026-01-18T22:16:57.432+0000] {dagbag.py:545} INFO - Filling up the DagBag from /opt/airflow/dags/pipeline_scheduled.py
[2026-01-18T22:16:57.517+0000] {processor.py:840} INFO - DAG(s) 'pipeline_scheduled' retrieved from /opt/airflow/dags/pipeline_scheduled.py
[2026-01-18T22:16:57.583+0000] {logging_mixin.py:188} INFO - [2026-01-18T22:16:57.583+0000] {dag.py:3089} INFO - Sync 1 DAGs
[2026-01-18T22:16:57.676+0000] {logging_mixin.py:188} INFO - [2026-01-18T22:16:57.675+0000] {dag.py:3947} INFO - Setting next_dagrun for pipeline_scheduled to 2026-01-18 22:00:00+00:00, run_after=2026-01-18 23:00:00+00:00
[2026-01-18T22:16:57.756+0000] {processor.py:183} INFO - Processing /opt/airflow/dags/pipeline_scheduled.py took 0.343 seconds
[2026-01-18T22:17:27.968+0000] {processor.py:161} INFO - Started process (PID=1212) to work on /opt/airflow/dags/pipeline_scheduled.py
[2026-01-18T22:17:27.970+0000] {processor.py:830} INFO - Processing file /opt/airflow/dags/pipeline_scheduled.py for tasks to queue
[2026-01-18T22:17:27.973+0000] {logging_mixin.py:188} INFO - [2026-01-18T22:17:27.973+0000] {dagbag.py:545} INFO - Filling up the DagBag from /opt/airflow/dags/pipeline_scheduled.py
[2026-01-18T22:17:28.017+0000] {processor.py:840} INFO - DAG(s) 'pipeline_scheduled' retrieved from /opt/airflow/dags/pipeline_scheduled.py
[2026-01-18T22:17:28.081+0000] {logging_mixin.py:188} INFO - [2026-01-18T22:17:28.080+0000] {dag.py:3089} INFO - Sync 1 DAGs
[2026-01-18T22:17:28.121+0000] {logging_mixin.py:188} INFO - [2026-01-18T22:17:28.120+0000] {dag.py:3947} INFO - Setting next_dagrun for pipeline_scheduled to 2026-01-18 22:00:00+00:00, run_after=2026-01-18 23:00:00+00:00
[2026-01-18T22:17:28.198+0000] {processor.py:183} INFO - Processing /opt/airflow/dags/pipeline_scheduled.py took 0.240 seconds
[2026-01-18T22:17:58.488+0000] {processor.py:161} INFO - Started process (PID=1222) to work on /opt/airflow/dags/pipeline_scheduled.py
[2026-01-18T22:17:58.491+0000] {processor.py:830} INFO - Processing file /opt/airflow/dags/pipeline_scheduled.py for tasks to queue
[2026-01-18T22:17:58.495+0000] {logging_mixin.py:188} INFO - [2026-01-18T22:17:58.494+0000] {dagbag.py:545} INFO - Filling up the DagBag from /opt/airflow/dags/pipeline_scheduled.py
[2026-01-18T22:17:58.547+0000] {processor.py:840} INFO - DAG(s) 'pipeline_scheduled' retrieved from /opt/airflow/dags/pipeline_scheduled.py
[2026-01-18T22:17:58.620+0000] {logging_mixin.py:188} INFO - [2026-01-18T22:17:58.619+0000] {dag.py:3089} INFO - Sync 1 DAGs
[2026-01-18T22:17:58.670+0000] {logging_mixin.py:188} INFO - [2026-01-18T22:17:58.669+0000] {dag.py:3947} INFO - Setting next_dagrun for pipeline_scheduled to 2026-01-18 22:00:00+00:00, run_after=2026-01-18 23:00:00+00:00
[2026-01-18T22:17:58.735+0000] {processor.py:183} INFO - Processing /opt/airflow/dags/pipeline_scheduled.py took 0.258 seconds
[2026-01-18T22:18:29.188+0000] {processor.py:161} INFO - Started process (PID=1232) to work on /opt/airflow/dags/pipeline_scheduled.py
[2026-01-18T22:18:29.191+0000] {processor.py:830} INFO - Processing file /opt/airflow/dags/pipeline_scheduled.py for tasks to queue
[2026-01-18T22:18:29.195+0000] {logging_mixin.py:188} INFO - [2026-01-18T22:18:29.194+0000] {dagbag.py:545} INFO - Filling up the DagBag from /opt/airflow/dags/pipeline_scheduled.py
[2026-01-18T22:18:29.239+0000] {processor.py:840} INFO - DAG(s) 'pipeline_scheduled' retrieved from /opt/airflow/dags/pipeline_scheduled.py
[2026-01-18T22:18:29.308+0000] {logging_mixin.py:188} INFO - [2026-01-18T22:18:29.307+0000] {dag.py:3089} INFO - Sync 1 DAGs
[2026-01-18T22:18:29.354+0000] {logging_mixin.py:188} INFO - [2026-01-18T22:18:29.353+0000] {dag.py:3947} INFO - Setting next_dagrun for pipeline_scheduled to 2026-01-18 22:00:00+00:00, run_after=2026-01-18 23:00:00+00:00
[2026-01-18T22:18:29.394+0000] {processor.py:183} INFO - Processing /opt/airflow/dags/pipeline_scheduled.py took 0.220 seconds
[2026-01-18T22:18:59.786+0000] {processor.py:161} INFO - Started process (PID=1242) to work on /opt/airflow/dags/pipeline_scheduled.py
[2026-01-18T22:18:59.788+0000] {processor.py:830} INFO - Processing file /opt/airflow/dags/pipeline_scheduled.py for tasks to queue
[2026-01-18T22:18:59.792+0000] {logging_mixin.py:188} INFO - [2026-01-18T22:18:59.792+0000] {dagbag.py:545} INFO - Filling up the DagBag from /opt/airflow/dags/pipeline_scheduled.py
[2026-01-18T22:18:59.833+0000] {processor.py:840} INFO - DAG(s) 'pipeline_scheduled' retrieved from /opt/airflow/dags/pipeline_scheduled.py
[2026-01-18T22:18:59.900+0000] {logging_mixin.py:188} INFO - [2026-01-18T22:18:59.899+0000] {dag.py:3089} INFO - Sync 1 DAGs
[2026-01-18T22:18:59.942+0000] {logging_mixin.py:188} INFO - [2026-01-18T22:18:59.942+0000] {dag.py:3947} INFO - Setting next_dagrun for pipeline_scheduled to 2026-01-18 22:00:00+00:00, run_after=2026-01-18 23:00:00+00:00
[2026-01-18T22:19:00.023+0000] {processor.py:183} INFO - Processing /opt/airflow/dags/pipeline_scheduled.py took 0.251 seconds
[2026-01-18T22:19:30.165+0000] {processor.py:161} INFO - Started process (PID=1252) to work on /opt/airflow/dags/pipeline_scheduled.py
[2026-01-18T22:19:30.168+0000] {processor.py:830} INFO - Processing file /opt/airflow/dags/pipeline_scheduled.py for tasks to queue
[2026-01-18T22:19:30.174+0000] {logging_mixin.py:188} INFO - [2026-01-18T22:19:30.173+0000] {dagbag.py:545} INFO - Filling up the DagBag from /opt/airflow/dags/pipeline_scheduled.py
[2026-01-18T22:19:30.216+0000] {processor.py:840} INFO - DAG(s) 'pipeline_scheduled' retrieved from /opt/airflow/dags/pipeline_scheduled.py
[2026-01-18T22:19:30.283+0000] {logging_mixin.py:188} INFO - [2026-01-18T22:19:30.283+0000] {dag.py:3089} INFO - Sync 1 DAGs
[2026-01-18T22:19:30.325+0000] {logging_mixin.py:188} INFO - [2026-01-18T22:19:30.325+0000] {dag.py:3947} INFO - Setting next_dagrun for pipeline_scheduled to 2026-01-18 22:00:00+00:00, run_after=2026-01-18 23:00:00+00:00
[2026-01-18T22:19:30.385+0000] {processor.py:183} INFO - Processing /opt/airflow/dags/pipeline_scheduled.py took 0.236 seconds
[2026-01-18T22:20:00.765+0000] {processor.py:161} INFO - Started process (PID=1262) to work on /opt/airflow/dags/pipeline_scheduled.py
[2026-01-18T22:20:00.767+0000] {processor.py:830} INFO - Processing file /opt/airflow/dags/pipeline_scheduled.py for tasks to queue
[2026-01-18T22:20:00.771+0000] {logging_mixin.py:188} INFO - [2026-01-18T22:20:00.770+0000] {dagbag.py:545} INFO - Filling up the DagBag from /opt/airflow/dags/pipeline_scheduled.py
[2026-01-18T22:20:00.811+0000] {processor.py:840} INFO - DAG(s) 'pipeline_scheduled' retrieved from /opt/airflow/dags/pipeline_scheduled.py
[2026-01-18T22:20:00.884+0000] {logging_mixin.py:188} INFO - [2026-01-18T22:20:00.883+0000] {dag.py:3089} INFO - Sync 1 DAGs
[2026-01-18T22:20:00.932+0000] {logging_mixin.py:188} INFO - [2026-01-18T22:20:00.932+0000] {dag.py:3947} INFO - Setting next_dagrun for pipeline_scheduled to 2026-01-18 22:00:00+00:00, run_after=2026-01-18 23:00:00+00:00
[2026-01-18T22:20:01.005+0000] {processor.py:183} INFO - Processing /opt/airflow/dags/pipeline_scheduled.py took 0.254 seconds
[2026-01-18T22:20:31.524+0000] {processor.py:161} INFO - Started process (PID=1275) to work on /opt/airflow/dags/pipeline_scheduled.py
[2026-01-18T22:20:31.528+0000] {processor.py:830} INFO - Processing file /opt/airflow/dags/pipeline_scheduled.py for tasks to queue
[2026-01-18T22:20:31.535+0000] {logging_mixin.py:188} INFO - [2026-01-18T22:20:31.534+0000] {dagbag.py:545} INFO - Filling up the DagBag from /opt/airflow/dags/pipeline_scheduled.py
[2026-01-18T22:20:31.594+0000] {processor.py:840} INFO - DAG(s) 'pipeline_scheduled' retrieved from /opt/airflow/dags/pipeline_scheduled.py
[2026-01-18T22:20:31.673+0000] {logging_mixin.py:188} INFO - [2026-01-18T22:20:31.673+0000] {dag.py:3089} INFO - Sync 1 DAGs
[2026-01-18T22:20:31.720+0000] {logging_mixin.py:188} INFO - [2026-01-18T22:20:31.719+0000] {dag.py:3947} INFO - Setting next_dagrun for pipeline_scheduled to 2026-01-18 22:00:00+00:00, run_after=2026-01-18 23:00:00+00:00
[2026-01-18T22:20:31.761+0000] {processor.py:183} INFO - Processing /opt/airflow/dags/pipeline_scheduled.py took 0.254 seconds
[2026-01-18T22:21:02.267+0000] {processor.py:161} INFO - Started process (PID=1285) to work on /opt/airflow/dags/pipeline_scheduled.py
[2026-01-18T22:21:02.269+0000] {processor.py:830} INFO - Processing file /opt/airflow/dags/pipeline_scheduled.py for tasks to queue
[2026-01-18T22:21:02.272+0000] {logging_mixin.py:188} INFO - [2026-01-18T22:21:02.272+0000] {dagbag.py:545} INFO - Filling up the DagBag from /opt/airflow/dags/pipeline_scheduled.py
[2026-01-18T22:21:02.314+0000] {processor.py:840} INFO - DAG(s) 'pipeline_scheduled' retrieved from /opt/airflow/dags/pipeline_scheduled.py
[2026-01-18T22:21:02.376+0000] {logging_mixin.py:188} INFO - [2026-01-18T22:21:02.375+0000] {dag.py:3089} INFO - Sync 1 DAGs
[2026-01-18T22:21:02.416+0000] {logging_mixin.py:188} INFO - [2026-01-18T22:21:02.416+0000] {dag.py:3947} INFO - Setting next_dagrun for pipeline_scheduled to 2026-01-18 22:00:00+00:00, run_after=2026-01-18 23:00:00+00:00
[2026-01-18T22:21:02.472+0000] {processor.py:183} INFO - Processing /opt/airflow/dags/pipeline_scheduled.py took 0.218 seconds
[2026-01-18T22:21:32.648+0000] {processor.py:161} INFO - Started process (PID=1295) to work on /opt/airflow/dags/pipeline_scheduled.py
[2026-01-18T22:21:32.650+0000] {processor.py:830} INFO - Processing file /opt/airflow/dags/pipeline_scheduled.py for tasks to queue
[2026-01-18T22:21:32.653+0000] {logging_mixin.py:188} INFO - [2026-01-18T22:21:32.653+0000] {dagbag.py:545} INFO - Filling up the DagBag from /opt/airflow/dags/pipeline_scheduled.py
[2026-01-18T22:21:32.699+0000] {processor.py:840} INFO - DAG(s) 'pipeline_scheduled' retrieved from /opt/airflow/dags/pipeline_scheduled.py
[2026-01-18T22:21:32.769+0000] {logging_mixin.py:188} INFO - [2026-01-18T22:21:32.768+0000] {dag.py:3089} INFO - Sync 1 DAGs
[2026-01-18T22:21:32.818+0000] {logging_mixin.py:188} INFO - [2026-01-18T22:21:32.817+0000] {dag.py:3947} INFO - Setting next_dagrun for pipeline_scheduled to 2026-01-18 22:00:00+00:00, run_after=2026-01-18 23:00:00+00:00
[2026-01-18T22:21:32.893+0000] {processor.py:183} INFO - Processing /opt/airflow/dags/pipeline_scheduled.py took 0.259 seconds
[2026-01-18T22:22:03.245+0000] {processor.py:161} INFO - Started process (PID=1305) to work on /opt/airflow/dags/pipeline_scheduled.py
[2026-01-18T22:22:03.247+0000] {processor.py:830} INFO - Processing file /opt/airflow/dags/pipeline_scheduled.py for tasks to queue
[2026-01-18T22:22:03.250+0000] {logging_mixin.py:188} INFO - [2026-01-18T22:22:03.250+0000] {dagbag.py:545} INFO - Filling up the DagBag from /opt/airflow/dags/pipeline_scheduled.py
[2026-01-18T22:22:03.292+0000] {processor.py:840} INFO - DAG(s) 'pipeline_scheduled' retrieved from /opt/airflow/dags/pipeline_scheduled.py
[2026-01-18T22:22:03.357+0000] {logging_mixin.py:188} INFO - [2026-01-18T22:22:03.357+0000] {dag.py:3089} INFO - Sync 1 DAGs
[2026-01-18T22:22:03.398+0000] {logging_mixin.py:188} INFO - [2026-01-18T22:22:03.398+0000] {dag.py:3947} INFO - Setting next_dagrun for pipeline_scheduled to 2026-01-18 22:00:00+00:00, run_after=2026-01-18 23:00:00+00:00
[2026-01-18T22:22:03.494+0000] {processor.py:183} INFO - Processing /opt/airflow/dags/pipeline_scheduled.py took 0.259 seconds
[2026-01-18T22:22:33.666+0000] {processor.py:161} INFO - Started process (PID=1315) to work on /opt/airflow/dags/pipeline_scheduled.py
[2026-01-18T22:22:33.669+0000] {processor.py:830} INFO - Processing file /opt/airflow/dags/pipeline_scheduled.py for tasks to queue
[2026-01-18T22:22:33.673+0000] {logging_mixin.py:188} INFO - [2026-01-18T22:22:33.673+0000] {dagbag.py:545} INFO - Filling up the DagBag from /opt/airflow/dags/pipeline_scheduled.py
[2026-01-18T22:22:33.718+0000] {processor.py:840} INFO - DAG(s) 'pipeline_scheduled' retrieved from /opt/airflow/dags/pipeline_scheduled.py
[2026-01-18T22:22:33.785+0000] {logging_mixin.py:188} INFO - [2026-01-18T22:22:33.784+0000] {dag.py:3089} INFO - Sync 1 DAGs
[2026-01-18T22:22:33.829+0000] {logging_mixin.py:188} INFO - [2026-01-18T22:22:33.828+0000] {dag.py:3947} INFO - Setting next_dagrun for pipeline_scheduled to 2026-01-18 22:00:00+00:00, run_after=2026-01-18 23:00:00+00:00
[2026-01-18T22:22:33.867+0000] {processor.py:183} INFO - Processing /opt/airflow/dags/pipeline_scheduled.py took 0.215 seconds
[2026-01-18T22:23:04.290+0000] {processor.py:161} INFO - Started process (PID=1325) to work on /opt/airflow/dags/pipeline_scheduled.py
[2026-01-18T22:23:04.292+0000] {processor.py:830} INFO - Processing file /opt/airflow/dags/pipeline_scheduled.py for tasks to queue
[2026-01-18T22:23:04.298+0000] {logging_mixin.py:188} INFO - [2026-01-18T22:23:04.297+0000] {dagbag.py:545} INFO - Filling up the DagBag from /opt/airflow/dags/pipeline_scheduled.py
[2026-01-18T22:23:04.344+0000] {processor.py:840} INFO - DAG(s) 'pipeline_scheduled' retrieved from /opt/airflow/dags/pipeline_scheduled.py
[2026-01-18T22:23:04.419+0000] {logging_mixin.py:188} INFO - [2026-01-18T22:23:04.419+0000] {dag.py:3089} INFO - Sync 1 DAGs
[2026-01-18T22:23:04.462+0000] {logging_mixin.py:188} INFO - [2026-01-18T22:23:04.462+0000] {dag.py:3947} INFO - Setting next_dagrun for pipeline_scheduled to 2026-01-18 22:00:00+00:00, run_after=2026-01-18 23:00:00+00:00
[2026-01-18T22:23:04.501+0000] {processor.py:183} INFO - Processing /opt/airflow/dags/pipeline_scheduled.py took 0.226 seconds
[2026-01-18T22:23:34.905+0000] {processor.py:161} INFO - Started process (PID=1335) to work on /opt/airflow/dags/pipeline_scheduled.py
[2026-01-18T22:23:34.907+0000] {processor.py:830} INFO - Processing file /opt/airflow/dags/pipeline_scheduled.py for tasks to queue
[2026-01-18T22:23:34.915+0000] {logging_mixin.py:188} INFO - [2026-01-18T22:23:34.914+0000] {dagbag.py:545} INFO - Filling up the DagBag from /opt/airflow/dags/pipeline_scheduled.py
[2026-01-18T22:23:34.964+0000] {processor.py:840} INFO - DAG(s) 'pipeline_scheduled' retrieved from /opt/airflow/dags/pipeline_scheduled.py
[2026-01-18T22:23:35.045+0000] {logging_mixin.py:188} INFO - [2026-01-18T22:23:35.044+0000] {dag.py:3089} INFO - Sync 1 DAGs
[2026-01-18T22:23:35.107+0000] {logging_mixin.py:188} INFO - [2026-01-18T22:23:35.106+0000] {dag.py:3947} INFO - Setting next_dagrun for pipeline_scheduled to 2026-01-18 22:00:00+00:00, run_after=2026-01-18 23:00:00+00:00
[2026-01-18T22:23:35.148+0000] {processor.py:183} INFO - Processing /opt/airflow/dags/pipeline_scheduled.py took 0.256 seconds
[2026-01-18T22:24:05.274+0000] {processor.py:161} INFO - Started process (PID=1345) to work on /opt/airflow/dags/pipeline_scheduled.py
[2026-01-18T22:24:05.276+0000] {processor.py:830} INFO - Processing file /opt/airflow/dags/pipeline_scheduled.py for tasks to queue
[2026-01-18T22:24:05.279+0000] {logging_mixin.py:188} INFO - [2026-01-18T22:24:05.279+0000] {dagbag.py:545} INFO - Filling up the DagBag from /opt/airflow/dags/pipeline_scheduled.py
[2026-01-18T22:24:05.324+0000] {processor.py:840} INFO - DAG(s) 'pipeline_scheduled' retrieved from /opt/airflow/dags/pipeline_scheduled.py
[2026-01-18T22:24:05.387+0000] {logging_mixin.py:188} INFO - [2026-01-18T22:24:05.387+0000] {dag.py:3089} INFO - Sync 1 DAGs
[2026-01-18T22:24:05.428+0000] {logging_mixin.py:188} INFO - [2026-01-18T22:24:05.428+0000] {dag.py:3947} INFO - Setting next_dagrun for pipeline_scheduled to 2026-01-18 22:00:00+00:00, run_after=2026-01-18 23:00:00+00:00
[2026-01-18T22:24:05.467+0000] {processor.py:183} INFO - Processing /opt/airflow/dags/pipeline_scheduled.py took 0.205 seconds
[2026-01-18T22:24:35.860+0000] {processor.py:161} INFO - Started process (PID=1355) to work on /opt/airflow/dags/pipeline_scheduled.py
[2026-01-18T22:24:35.864+0000] {processor.py:830} INFO - Processing file /opt/airflow/dags/pipeline_scheduled.py for tasks to queue
[2026-01-18T22:24:35.868+0000] {logging_mixin.py:188} INFO - [2026-01-18T22:24:35.868+0000] {dagbag.py:545} INFO - Filling up the DagBag from /opt/airflow/dags/pipeline_scheduled.py
[2026-01-18T22:24:35.911+0000] {processor.py:840} INFO - DAG(s) 'pipeline_scheduled' retrieved from /opt/airflow/dags/pipeline_scheduled.py
[2026-01-18T22:24:35.977+0000] {logging_mixin.py:188} INFO - [2026-01-18T22:24:35.976+0000] {dag.py:3089} INFO - Sync 1 DAGs
[2026-01-18T22:24:36.023+0000] {logging_mixin.py:188} INFO - [2026-01-18T22:24:36.023+0000] {dag.py:3947} INFO - Setting next_dagrun for pipeline_scheduled to 2026-01-18 22:00:00+00:00, run_after=2026-01-18 23:00:00+00:00
[2026-01-18T22:24:36.091+0000] {processor.py:183} INFO - Processing /opt/airflow/dags/pipeline_scheduled.py took 0.249 seconds
[2026-01-18T22:25:06.263+0000] {processor.py:161} INFO - Started process (PID=1365) to work on /opt/airflow/dags/pipeline_scheduled.py
[2026-01-18T22:25:06.265+0000] {processor.py:830} INFO - Processing file /opt/airflow/dags/pipeline_scheduled.py for tasks to queue
[2026-01-18T22:25:06.271+0000] {logging_mixin.py:188} INFO - [2026-01-18T22:25:06.270+0000] {dagbag.py:545} INFO - Filling up the DagBag from /opt/airflow/dags/pipeline_scheduled.py
[2026-01-18T22:25:06.316+0000] {processor.py:840} INFO - DAG(s) 'pipeline_scheduled' retrieved from /opt/airflow/dags/pipeline_scheduled.py
[2026-01-18T22:25:06.394+0000] {logging_mixin.py:188} INFO - [2026-01-18T22:25:06.393+0000] {dag.py:3089} INFO - Sync 1 DAGs
[2026-01-18T22:25:06.438+0000] {logging_mixin.py:188} INFO - [2026-01-18T22:25:06.437+0000] {dag.py:3947} INFO - Setting next_dagrun for pipeline_scheduled to 2026-01-18 22:00:00+00:00, run_after=2026-01-18 23:00:00+00:00
[2026-01-18T22:25:06.493+0000] {processor.py:183} INFO - Processing /opt/airflow/dags/pipeline_scheduled.py took 0.245 seconds
[2026-01-18T22:25:36.823+0000] {processor.py:161} INFO - Started process (PID=1375) to work on /opt/airflow/dags/pipeline_scheduled.py
[2026-01-18T22:25:36.825+0000] {processor.py:830} INFO - Processing file /opt/airflow/dags/pipeline_scheduled.py for tasks to queue
[2026-01-18T22:25:36.832+0000] {logging_mixin.py:188} INFO - [2026-01-18T22:25:36.831+0000] {dagbag.py:545} INFO - Filling up the DagBag from /opt/airflow/dags/pipeline_scheduled.py
[2026-01-18T22:25:36.875+0000] {processor.py:840} INFO - DAG(s) 'pipeline_scheduled' retrieved from /opt/airflow/dags/pipeline_scheduled.py
[2026-01-18T22:25:36.993+0000] {logging_mixin.py:188} INFO - [2026-01-18T22:25:36.993+0000] {dag.py:3089} INFO - Sync 1 DAGs
[2026-01-18T22:25:37.037+0000] {logging_mixin.py:188} INFO - [2026-01-18T22:25:37.036+0000] {dag.py:3947} INFO - Setting next_dagrun for pipeline_scheduled to 2026-01-18 22:00:00+00:00, run_after=2026-01-18 23:00:00+00:00
[2026-01-18T22:25:37.098+0000] {processor.py:183} INFO - Processing /opt/airflow/dags/pipeline_scheduled.py took 0.289 seconds
[2026-01-18T22:26:07.245+0000] {processor.py:161} INFO - Started process (PID=1385) to work on /opt/airflow/dags/pipeline_scheduled.py
[2026-01-18T22:26:07.248+0000] {processor.py:830} INFO - Processing file /opt/airflow/dags/pipeline_scheduled.py for tasks to queue
[2026-01-18T22:26:07.254+0000] {logging_mixin.py:188} INFO - [2026-01-18T22:26:07.253+0000] {dagbag.py:545} INFO - Filling up the DagBag from /opt/airflow/dags/pipeline_scheduled.py
[2026-01-18T22:26:07.294+0000] {processor.py:840} INFO - DAG(s) 'pipeline_scheduled' retrieved from /opt/airflow/dags/pipeline_scheduled.py
[2026-01-18T22:26:07.361+0000] {logging_mixin.py:188} INFO - [2026-01-18T22:26:07.360+0000] {dag.py:3089} INFO - Sync 1 DAGs
[2026-01-18T22:26:07.403+0000] {logging_mixin.py:188} INFO - [2026-01-18T22:26:07.402+0000] {dag.py:3947} INFO - Setting next_dagrun for pipeline_scheduled to 2026-01-18 22:00:00+00:00, run_after=2026-01-18 23:00:00+00:00
[2026-01-18T22:26:07.468+0000] {processor.py:183} INFO - Processing /opt/airflow/dags/pipeline_scheduled.py took 0.237 seconds
[2026-01-18T22:26:37.898+0000] {processor.py:161} INFO - Started process (PID=1395) to work on /opt/airflow/dags/pipeline_scheduled.py
[2026-01-18T22:26:37.900+0000] {processor.py:830} INFO - Processing file /opt/airflow/dags/pipeline_scheduled.py for tasks to queue
[2026-01-18T22:26:37.908+0000] {logging_mixin.py:188} INFO - [2026-01-18T22:26:37.907+0000] {dagbag.py:545} INFO - Filling up the DagBag from /opt/airflow/dags/pipeline_scheduled.py
[2026-01-18T22:26:37.950+0000] {processor.py:840} INFO - DAG(s) 'pipeline_scheduled' retrieved from /opt/airflow/dags/pipeline_scheduled.py
[2026-01-18T22:26:38.011+0000] {logging_mixin.py:188} INFO - [2026-01-18T22:26:38.010+0000] {dag.py:3089} INFO - Sync 1 DAGs
[2026-01-18T22:26:38.050+0000] {logging_mixin.py:188} INFO - [2026-01-18T22:26:38.050+0000] {dag.py:3947} INFO - Setting next_dagrun for pipeline_scheduled to 2026-01-18 22:00:00+00:00, run_after=2026-01-18 23:00:00+00:00
[2026-01-18T22:26:38.121+0000] {processor.py:183} INFO - Processing /opt/airflow/dags/pipeline_scheduled.py took 0.236 seconds
[2026-01-18T22:27:08.280+0000] {processor.py:161} INFO - Started process (PID=1405) to work on /opt/airflow/dags/pipeline_scheduled.py
[2026-01-18T22:27:08.283+0000] {processor.py:830} INFO - Processing file /opt/airflow/dags/pipeline_scheduled.py for tasks to queue
[2026-01-18T22:27:08.288+0000] {logging_mixin.py:188} INFO - [2026-01-18T22:27:08.287+0000] {dagbag.py:545} INFO - Filling up the DagBag from /opt/airflow/dags/pipeline_scheduled.py
[2026-01-18T22:27:08.331+0000] {processor.py:840} INFO - DAG(s) 'pipeline_scheduled' retrieved from /opt/airflow/dags/pipeline_scheduled.py
[2026-01-18T22:27:08.519+0000] {logging_mixin.py:188} INFO - [2026-01-18T22:27:08.518+0000] {dag.py:3089} INFO - Sync 1 DAGs
[2026-01-18T22:27:08.558+0000] {logging_mixin.py:188} INFO - [2026-01-18T22:27:08.558+0000] {dag.py:3947} INFO - Setting next_dagrun for pipeline_scheduled to 2026-01-18 22:00:00+00:00, run_after=2026-01-18 23:00:00+00:00
[2026-01-18T22:27:08.590+0000] {processor.py:183} INFO - Processing /opt/airflow/dags/pipeline_scheduled.py took 0.325 seconds
[2026-01-18T22:27:38.892+0000] {processor.py:161} INFO - Started process (PID=1415) to work on /opt/airflow/dags/pipeline_scheduled.py
[2026-01-18T22:27:38.894+0000] {processor.py:830} INFO - Processing file /opt/airflow/dags/pipeline_scheduled.py for tasks to queue
[2026-01-18T22:27:38.898+0000] {logging_mixin.py:188} INFO - [2026-01-18T22:27:38.898+0000] {dagbag.py:545} INFO - Filling up the DagBag from /opt/airflow/dags/pipeline_scheduled.py
[2026-01-18T22:27:38.938+0000] {processor.py:840} INFO - DAG(s) 'pipeline_scheduled' retrieved from /opt/airflow/dags/pipeline_scheduled.py
[2026-01-18T22:27:39.022+0000] {logging_mixin.py:188} INFO - [2026-01-18T22:27:39.022+0000] {dag.py:3089} INFO - Sync 1 DAGs
[2026-01-18T22:27:39.059+0000] {logging_mixin.py:188} INFO - [2026-01-18T22:27:39.059+0000] {dag.py:3947} INFO - Setting next_dagrun for pipeline_scheduled to 2026-01-18 22:00:00+00:00, run_after=2026-01-18 23:00:00+00:00
[2026-01-18T22:27:39.147+0000] {processor.py:183} INFO - Processing /opt/airflow/dags/pipeline_scheduled.py took 0.269 seconds
[2026-01-18T22:28:09.439+0000] {processor.py:161} INFO - Started process (PID=1425) to work on /opt/airflow/dags/pipeline_scheduled.py
[2026-01-18T22:28:09.442+0000] {processor.py:830} INFO - Processing file /opt/airflow/dags/pipeline_scheduled.py for tasks to queue
[2026-01-18T22:28:09.446+0000] {logging_mixin.py:188} INFO - [2026-01-18T22:28:09.445+0000] {dagbag.py:545} INFO - Filling up the DagBag from /opt/airflow/dags/pipeline_scheduled.py
[2026-01-18T22:28:09.553+0000] {processor.py:840} INFO - DAG(s) 'pipeline_scheduled' retrieved from /opt/airflow/dags/pipeline_scheduled.py
[2026-01-18T22:28:09.636+0000] {logging_mixin.py:188} INFO - [2026-01-18T22:28:09.636+0000] {dag.py:3089} INFO - Sync 1 DAGs
[2026-01-18T22:28:09.688+0000] {logging_mixin.py:188} INFO - [2026-01-18T22:28:09.688+0000] {dag.py:3947} INFO - Setting next_dagrun for pipeline_scheduled to 2026-01-18 22:00:00+00:00, run_after=2026-01-18 23:00:00+00:00
[2026-01-18T22:28:09.764+0000] {processor.py:183} INFO - Processing /opt/airflow/dags/pipeline_scheduled.py took 0.340 seconds
[2026-01-18T22:28:39.957+0000] {processor.py:161} INFO - Started process (PID=1435) to work on /opt/airflow/dags/pipeline_scheduled.py
[2026-01-18T22:28:39.959+0000] {processor.py:830} INFO - Processing file /opt/airflow/dags/pipeline_scheduled.py for tasks to queue
[2026-01-18T22:28:39.964+0000] {logging_mixin.py:188} INFO - [2026-01-18T22:28:39.962+0000] {dagbag.py:545} INFO - Filling up the DagBag from /opt/airflow/dags/pipeline_scheduled.py
[2026-01-18T22:28:40.015+0000] {processor.py:840} INFO - DAG(s) 'pipeline_scheduled' retrieved from /opt/airflow/dags/pipeline_scheduled.py
[2026-01-18T22:28:40.106+0000] {logging_mixin.py:188} INFO - [2026-01-18T22:28:40.106+0000] {dag.py:3089} INFO - Sync 1 DAGs
[2026-01-18T22:28:40.154+0000] {logging_mixin.py:188} INFO - [2026-01-18T22:28:40.153+0000] {dag.py:3947} INFO - Setting next_dagrun for pipeline_scheduled to 2026-01-18 22:00:00+00:00, run_after=2026-01-18 23:00:00+00:00
[2026-01-18T22:28:40.188+0000] {processor.py:183} INFO - Processing /opt/airflow/dags/pipeline_scheduled.py took 0.246 seconds
[2026-01-18T22:29:10.647+0000] {processor.py:161} INFO - Started process (PID=1445) to work on /opt/airflow/dags/pipeline_scheduled.py
[2026-01-18T22:29:10.650+0000] {processor.py:830} INFO - Processing file /opt/airflow/dags/pipeline_scheduled.py for tasks to queue
[2026-01-18T22:29:10.656+0000] {logging_mixin.py:188} INFO - [2026-01-18T22:29:10.655+0000] {dagbag.py:545} INFO - Filling up the DagBag from /opt/airflow/dags/pipeline_scheduled.py
[2026-01-18T22:29:10.703+0000] {processor.py:840} INFO - DAG(s) 'pipeline_scheduled' retrieved from /opt/airflow/dags/pipeline_scheduled.py
[2026-01-18T22:29:10.778+0000] {logging_mixin.py:188} INFO - [2026-01-18T22:29:10.778+0000] {dag.py:3089} INFO - Sync 1 DAGs
[2026-01-18T22:29:10.823+0000] {logging_mixin.py:188} INFO - [2026-01-18T22:29:10.823+0000] {dag.py:3947} INFO - Setting next_dagrun for pipeline_scheduled to 2026-01-18 22:00:00+00:00, run_after=2026-01-18 23:00:00+00:00
[2026-01-18T22:29:10.853+0000] {processor.py:183} INFO - Processing /opt/airflow/dags/pipeline_scheduled.py took 0.223 seconds
[2026-01-18T22:29:41.293+0000] {processor.py:161} INFO - Started process (PID=1455) to work on /opt/airflow/dags/pipeline_scheduled.py
[2026-01-18T22:29:41.296+0000] {processor.py:830} INFO - Processing file /opt/airflow/dags/pipeline_scheduled.py for tasks to queue
[2026-01-18T22:29:41.301+0000] {logging_mixin.py:188} INFO - [2026-01-18T22:29:41.300+0000] {dagbag.py:545} INFO - Filling up the DagBag from /opt/airflow/dags/pipeline_scheduled.py
[2026-01-18T22:29:41.347+0000] {processor.py:840} INFO - DAG(s) 'pipeline_scheduled' retrieved from /opt/airflow/dags/pipeline_scheduled.py
[2026-01-18T22:29:41.431+0000] {logging_mixin.py:188} INFO - [2026-01-18T22:29:41.430+0000] {dag.py:3089} INFO - Sync 1 DAGs
[2026-01-18T22:29:41.480+0000] {logging_mixin.py:188} INFO - [2026-01-18T22:29:41.479+0000] {dag.py:3947} INFO - Setting next_dagrun for pipeline_scheduled to 2026-01-18 22:00:00+00:00, run_after=2026-01-18 23:00:00+00:00
[2026-01-18T22:29:41.540+0000] {processor.py:183} INFO - Processing /opt/airflow/dags/pipeline_scheduled.py took 0.265 seconds
[2026-01-18T22:30:11.695+0000] {processor.py:161} INFO - Started process (PID=1468) to work on /opt/airflow/dags/pipeline_scheduled.py
[2026-01-18T22:30:11.698+0000] {processor.py:830} INFO - Processing file /opt/airflow/dags/pipeline_scheduled.py for tasks to queue
[2026-01-18T22:30:11.702+0000] {logging_mixin.py:188} INFO - [2026-01-18T22:30:11.702+0000] {dagbag.py:545} INFO - Filling up the DagBag from /opt/airflow/dags/pipeline_scheduled.py
[2026-01-18T22:30:11.751+0000] {processor.py:840} INFO - DAG(s) 'pipeline_scheduled' retrieved from /opt/airflow/dags/pipeline_scheduled.py
[2026-01-18T22:30:11.839+0000] {logging_mixin.py:188} INFO - [2026-01-18T22:30:11.838+0000] {dag.py:3089} INFO - Sync 1 DAGs
[2026-01-18T22:30:11.883+0000] {logging_mixin.py:188} INFO - [2026-01-18T22:30:11.882+0000] {dag.py:3947} INFO - Setting next_dagrun for pipeline_scheduled to 2026-01-18 22:00:00+00:00, run_after=2026-01-18 23:00:00+00:00
[2026-01-18T22:30:11.921+0000] {processor.py:183} INFO - Processing /opt/airflow/dags/pipeline_scheduled.py took 0.241 seconds
[2026-01-18T22:30:42.331+0000] {processor.py:161} INFO - Started process (PID=1478) to work on /opt/airflow/dags/pipeline_scheduled.py
[2026-01-18T22:30:42.333+0000] {processor.py:830} INFO - Processing file /opt/airflow/dags/pipeline_scheduled.py for tasks to queue
[2026-01-18T22:30:42.337+0000] {logging_mixin.py:188} INFO - [2026-01-18T22:30:42.336+0000] {dagbag.py:545} INFO - Filling up the DagBag from /opt/airflow/dags/pipeline_scheduled.py
[2026-01-18T22:30:42.387+0000] {processor.py:840} INFO - DAG(s) 'pipeline_scheduled' retrieved from /opt/airflow/dags/pipeline_scheduled.py
[2026-01-18T22:30:42.478+0000] {logging_mixin.py:188} INFO - [2026-01-18T22:30:42.477+0000] {dag.py:3089} INFO - Sync 1 DAGs
[2026-01-18T22:30:42.520+0000] {logging_mixin.py:188} INFO - [2026-01-18T22:30:42.520+0000] {dag.py:3947} INFO - Setting next_dagrun for pipeline_scheduled to 2026-01-18 22:00:00+00:00, run_after=2026-01-18 23:00:00+00:00
[2026-01-18T22:30:42.559+0000] {processor.py:183} INFO - Processing /opt/airflow/dags/pipeline_scheduled.py took 0.241 seconds
[2026-01-18T22:31:12.964+0000] {processor.py:161} INFO - Started process (PID=1488) to work on /opt/airflow/dags/pipeline_scheduled.py
[2026-01-18T22:31:12.966+0000] {processor.py:830} INFO - Processing file /opt/airflow/dags/pipeline_scheduled.py for tasks to queue
[2026-01-18T22:31:12.971+0000] {logging_mixin.py:188} INFO - [2026-01-18T22:31:12.971+0000] {dagbag.py:545} INFO - Filling up the DagBag from /opt/airflow/dags/pipeline_scheduled.py
[2026-01-18T22:31:13.035+0000] {processor.py:840} INFO - DAG(s) 'pipeline_scheduled' retrieved from /opt/airflow/dags/pipeline_scheduled.py
[2026-01-18T22:31:13.104+0000] {logging_mixin.py:188} INFO - [2026-01-18T22:31:13.104+0000] {dag.py:3089} INFO - Sync 1 DAGs
[2026-01-18T22:31:13.146+0000] {logging_mixin.py:188} INFO - [2026-01-18T22:31:13.146+0000] {dag.py:3947} INFO - Setting next_dagrun for pipeline_scheduled to 2026-01-18 22:00:00+00:00, run_after=2026-01-18 23:00:00+00:00
[2026-01-18T22:31:13.181+0000] {processor.py:183} INFO - Processing /opt/airflow/dags/pipeline_scheduled.py took 0.229 seconds
[2026-01-18T22:31:43.599+0000] {processor.py:161} INFO - Started process (PID=1498) to work on /opt/airflow/dags/pipeline_scheduled.py
[2026-01-18T22:31:43.601+0000] {processor.py:830} INFO - Processing file /opt/airflow/dags/pipeline_scheduled.py for tasks to queue
[2026-01-18T22:31:43.606+0000] {logging_mixin.py:188} INFO - [2026-01-18T22:31:43.605+0000] {dagbag.py:545} INFO - Filling up the DagBag from /opt/airflow/dags/pipeline_scheduled.py
[2026-01-18T22:31:43.664+0000] {processor.py:840} INFO - DAG(s) 'pipeline_scheduled' retrieved from /opt/airflow/dags/pipeline_scheduled.py
[2026-01-18T22:31:43.728+0000] {logging_mixin.py:188} INFO - [2026-01-18T22:31:43.728+0000] {dag.py:3089} INFO - Sync 1 DAGs
[2026-01-18T22:31:43.770+0000] {logging_mixin.py:188} INFO - [2026-01-18T22:31:43.769+0000] {dag.py:3947} INFO - Setting next_dagrun for pipeline_scheduled to 2026-01-18 22:00:00+00:00, run_after=2026-01-18 23:00:00+00:00
[2026-01-18T22:31:43.836+0000] {processor.py:183} INFO - Processing /opt/airflow/dags/pipeline_scheduled.py took 0.250 seconds
[2026-01-18T22:32:14.045+0000] {processor.py:161} INFO - Started process (PID=1508) to work on /opt/airflow/dags/pipeline_scheduled.py
[2026-01-18T22:32:14.047+0000] {processor.py:830} INFO - Processing file /opt/airflow/dags/pipeline_scheduled.py for tasks to queue
[2026-01-18T22:32:14.054+0000] {logging_mixin.py:188} INFO - [2026-01-18T22:32:14.053+0000] {dagbag.py:545} INFO - Filling up the DagBag from /opt/airflow/dags/pipeline_scheduled.py
[2026-01-18T22:32:14.111+0000] {processor.py:840} INFO - DAG(s) 'pipeline_scheduled' retrieved from /opt/airflow/dags/pipeline_scheduled.py
[2026-01-18T22:32:14.178+0000] {logging_mixin.py:188} INFO - [2026-01-18T22:32:14.177+0000] {dag.py:3089} INFO - Sync 1 DAGs
[2026-01-18T22:32:14.217+0000] {logging_mixin.py:188} INFO - [2026-01-18T22:32:14.216+0000] {dag.py:3947} INFO - Setting next_dagrun for pipeline_scheduled to 2026-01-18 22:00:00+00:00, run_after=2026-01-18 23:00:00+00:00
[2026-01-18T22:32:14.253+0000] {processor.py:183} INFO - Processing /opt/airflow/dags/pipeline_scheduled.py took 0.221 seconds
[2026-01-18T22:32:44.589+0000] {processor.py:161} INFO - Started process (PID=1518) to work on /opt/airflow/dags/pipeline_scheduled.py
[2026-01-18T22:32:44.592+0000] {processor.py:830} INFO - Processing file /opt/airflow/dags/pipeline_scheduled.py for tasks to queue
[2026-01-18T22:32:44.597+0000] {logging_mixin.py:188} INFO - [2026-01-18T22:32:44.597+0000] {dagbag.py:545} INFO - Filling up the DagBag from /opt/airflow/dags/pipeline_scheduled.py
[2026-01-18T22:32:44.650+0000] {processor.py:840} INFO - DAG(s) 'pipeline_scheduled' retrieved from /opt/airflow/dags/pipeline_scheduled.py
[2026-01-18T22:32:44.717+0000] {logging_mixin.py:188} INFO - [2026-01-18T22:32:44.717+0000] {dag.py:3089} INFO - Sync 1 DAGs
[2026-01-18T22:32:44.759+0000] {logging_mixin.py:188} INFO - [2026-01-18T22:32:44.759+0000] {dag.py:3947} INFO - Setting next_dagrun for pipeline_scheduled to 2026-01-18 22:00:00+00:00, run_after=2026-01-18 23:00:00+00:00
[2026-01-18T22:32:44.814+0000] {processor.py:183} INFO - Processing /opt/airflow/dags/pipeline_scheduled.py took 0.244 seconds
[2026-01-18T22:33:15.084+0000] {processor.py:161} INFO - Started process (PID=1528) to work on /opt/airflow/dags/pipeline_scheduled.py
[2026-01-18T22:33:15.087+0000] {processor.py:830} INFO - Processing file /opt/airflow/dags/pipeline_scheduled.py for tasks to queue
[2026-01-18T22:33:15.093+0000] {logging_mixin.py:188} INFO - [2026-01-18T22:33:15.091+0000] {dagbag.py:545} INFO - Filling up the DagBag from /opt/airflow/dags/pipeline_scheduled.py
[2026-01-18T22:33:15.158+0000] {processor.py:840} INFO - DAG(s) 'pipeline_scheduled' retrieved from /opt/airflow/dags/pipeline_scheduled.py
[2026-01-18T22:33:15.228+0000] {logging_mixin.py:188} INFO - [2026-01-18T22:33:15.228+0000] {dag.py:3089} INFO - Sync 1 DAGs
[2026-01-18T22:33:15.277+0000] {logging_mixin.py:188} INFO - [2026-01-18T22:33:15.276+0000] {dag.py:3947} INFO - Setting next_dagrun for pipeline_scheduled to 2026-01-18 22:00:00+00:00, run_after=2026-01-18 23:00:00+00:00
[2026-01-18T22:33:15.314+0000] {processor.py:183} INFO - Processing /opt/airflow/dags/pipeline_scheduled.py took 0.245 seconds
[2026-01-18T22:33:45.759+0000] {processor.py:161} INFO - Started process (PID=1538) to work on /opt/airflow/dags/pipeline_scheduled.py
[2026-01-18T22:33:45.763+0000] {processor.py:830} INFO - Processing file /opt/airflow/dags/pipeline_scheduled.py for tasks to queue
[2026-01-18T22:33:45.772+0000] {logging_mixin.py:188} INFO - [2026-01-18T22:33:45.771+0000] {dagbag.py:545} INFO - Filling up the DagBag from /opt/airflow/dags/pipeline_scheduled.py
[2026-01-18T22:33:45.842+0000] {processor.py:840} INFO - DAG(s) 'pipeline_scheduled' retrieved from /opt/airflow/dags/pipeline_scheduled.py
[2026-01-18T22:33:45.909+0000] {logging_mixin.py:188} INFO - [2026-01-18T22:33:45.909+0000] {dag.py:3089} INFO - Sync 1 DAGs
[2026-01-18T22:33:45.957+0000] {logging_mixin.py:188} INFO - [2026-01-18T22:33:45.956+0000] {dag.py:3947} INFO - Setting next_dagrun for pipeline_scheduled to 2026-01-18 22:00:00+00:00, run_after=2026-01-18 23:00:00+00:00
[2026-01-18T22:33:45.993+0000] {processor.py:183} INFO - Processing /opt/airflow/dags/pipeline_scheduled.py took 0.253 seconds
[2026-01-18T23:04:57.578+0000] {processor.py:161} INFO - Started process (PID=1549) to work on /opt/airflow/dags/pipeline_scheduled.py
[2026-01-18T23:04:57.583+0000] {processor.py:830} INFO - Processing file /opt/airflow/dags/pipeline_scheduled.py for tasks to queue
[2026-01-18T23:04:57.592+0000] {logging_mixin.py:188} INFO - [2026-01-18T23:04:57.591+0000] {dagbag.py:545} INFO - Filling up the DagBag from /opt/airflow/dags/pipeline_scheduled.py
[2026-01-18T23:04:57.662+0000] {processor.py:840} INFO - DAG(s) 'pipeline_scheduled' retrieved from /opt/airflow/dags/pipeline_scheduled.py
[2026-01-18T23:04:57.775+0000] {logging_mixin.py:188} INFO - [2026-01-18T23:04:57.774+0000] {dag.py:3089} INFO - Sync 1 DAGs
[2026-01-18T23:04:57.851+0000] {logging_mixin.py:188} INFO - [2026-01-18T23:04:57.851+0000] {dag.py:3947} INFO - Setting next_dagrun for pipeline_scheduled to 2026-01-18 23:00:00+00:00, run_after=2026-01-19 00:00:00+00:00
[2026-01-18T23:04:57.921+0000] {processor.py:183} INFO - Processing /opt/airflow/dags/pipeline_scheduled.py took 0.364 seconds
[2026-01-18T23:39:24.292+0000] {processor.py:161} INFO - Started process (PID=1562) to work on /opt/airflow/dags/pipeline_scheduled.py
[2026-01-18T23:39:24.295+0000] {processor.py:830} INFO - Processing file /opt/airflow/dags/pipeline_scheduled.py for tasks to queue
[2026-01-18T23:39:24.306+0000] {logging_mixin.py:188} INFO - [2026-01-18T23:39:24.305+0000] {dagbag.py:545} INFO - Filling up the DagBag from /opt/airflow/dags/pipeline_scheduled.py
[2026-01-18T23:39:24.386+0000] {processor.py:840} INFO - DAG(s) 'pipeline_scheduled' retrieved from /opt/airflow/dags/pipeline_scheduled.py
[2026-01-18T23:39:24.509+0000] {logging_mixin.py:188} INFO - [2026-01-18T23:39:24.508+0000] {dag.py:3089} INFO - Sync 1 DAGs
[2026-01-18T23:39:24.595+0000] {logging_mixin.py:188} INFO - [2026-01-18T23:39:24.595+0000] {dag.py:3947} INFO - Setting next_dagrun for pipeline_scheduled to 2026-01-18 23:00:00+00:00, run_after=2026-01-19 00:00:00+00:00
[2026-01-18T23:39:24.658+0000] {processor.py:183} INFO - Processing /opt/airflow/dags/pipeline_scheduled.py took 0.396 seconds
[2026-01-18T23:39:55.041+0000] {processor.py:161} INFO - Started process (PID=1574) to work on /opt/airflow/dags/pipeline_scheduled.py
[2026-01-18T23:39:55.043+0000] {processor.py:830} INFO - Processing file /opt/airflow/dags/pipeline_scheduled.py for tasks to queue
[2026-01-18T23:39:55.046+0000] {logging_mixin.py:188} INFO - [2026-01-18T23:39:55.046+0000] {dagbag.py:545} INFO - Filling up the DagBag from /opt/airflow/dags/pipeline_scheduled.py
[2026-01-18T23:39:55.086+0000] {processor.py:840} INFO - DAG(s) 'pipeline_scheduled' retrieved from /opt/airflow/dags/pipeline_scheduled.py
[2026-01-18T23:39:55.148+0000] {logging_mixin.py:188} INFO - [2026-01-18T23:39:55.147+0000] {dag.py:3089} INFO - Sync 1 DAGs
[2026-01-18T23:39:55.185+0000] {logging_mixin.py:188} INFO - [2026-01-18T23:39:55.185+0000] {dag.py:3947} INFO - Setting next_dagrun for pipeline_scheduled to 2026-01-18 23:00:00+00:00, run_after=2026-01-19 00:00:00+00:00
[2026-01-18T23:39:55.251+0000] {processor.py:183} INFO - Processing /opt/airflow/dags/pipeline_scheduled.py took 0.220 seconds
[2026-01-18T23:40:25.435+0000] {processor.py:161} INFO - Started process (PID=1584) to work on /opt/airflow/dags/pipeline_scheduled.py
[2026-01-18T23:40:25.437+0000] {processor.py:830} INFO - Processing file /opt/airflow/dags/pipeline_scheduled.py for tasks to queue
[2026-01-18T23:40:25.442+0000] {logging_mixin.py:188} INFO - [2026-01-18T23:40:25.442+0000] {dagbag.py:545} INFO - Filling up the DagBag from /opt/airflow/dags/pipeline_scheduled.py
[2026-01-18T23:40:25.485+0000] {processor.py:840} INFO - DAG(s) 'pipeline_scheduled' retrieved from /opt/airflow/dags/pipeline_scheduled.py
[2026-01-18T23:40:25.618+0000] {logging_mixin.py:188} INFO - [2026-01-18T23:40:25.618+0000] {dag.py:3089} INFO - Sync 1 DAGs
[2026-01-18T23:40:25.657+0000] {logging_mixin.py:188} INFO - [2026-01-18T23:40:25.656+0000] {dag.py:3947} INFO - Setting next_dagrun for pipeline_scheduled to 2026-01-18 23:00:00+00:00, run_after=2026-01-19 00:00:00+00:00
[2026-01-18T23:40:25.690+0000] {processor.py:183} INFO - Processing /opt/airflow/dags/pipeline_scheduled.py took 0.269 seconds
[2026-01-18T23:40:56.037+0000] {processor.py:161} INFO - Started process (PID=1594) to work on /opt/airflow/dags/pipeline_scheduled.py
[2026-01-18T23:40:56.039+0000] {processor.py:830} INFO - Processing file /opt/airflow/dags/pipeline_scheduled.py for tasks to queue
[2026-01-18T23:40:56.044+0000] {logging_mixin.py:188} INFO - [2026-01-18T23:40:56.044+0000] {dagbag.py:545} INFO - Filling up the DagBag from /opt/airflow/dags/pipeline_scheduled.py
[2026-01-18T23:40:56.099+0000] {processor.py:840} INFO - DAG(s) 'pipeline_scheduled' retrieved from /opt/airflow/dags/pipeline_scheduled.py
[2026-01-18T23:40:56.169+0000] {logging_mixin.py:188} INFO - [2026-01-18T23:40:56.168+0000] {dag.py:3089} INFO - Sync 1 DAGs
[2026-01-18T23:40:56.208+0000] {logging_mixin.py:188} INFO - [2026-01-18T23:40:56.208+0000] {dag.py:3947} INFO - Setting next_dagrun for pipeline_scheduled to 2026-01-18 23:00:00+00:00, run_after=2026-01-19 00:00:00+00:00
[2026-01-18T23:40:56.269+0000] {processor.py:183} INFO - Processing /opt/airflow/dags/pipeline_scheduled.py took 0.248 seconds
[2026-01-18T23:41:26.462+0000] {processor.py:161} INFO - Started process (PID=1604) to work on /opt/airflow/dags/pipeline_scheduled.py
[2026-01-18T23:41:26.464+0000] {processor.py:830} INFO - Processing file /opt/airflow/dags/pipeline_scheduled.py for tasks to queue
[2026-01-18T23:41:26.468+0000] {logging_mixin.py:188} INFO - [2026-01-18T23:41:26.467+0000] {dagbag.py:545} INFO - Filling up the DagBag from /opt/airflow/dags/pipeline_scheduled.py
[2026-01-18T23:41:26.510+0000] {processor.py:840} INFO - DAG(s) 'pipeline_scheduled' retrieved from /opt/airflow/dags/pipeline_scheduled.py
[2026-01-18T23:41:26.642+0000] {logging_mixin.py:188} INFO - [2026-01-18T23:41:26.641+0000] {dag.py:3089} INFO - Sync 1 DAGs
[2026-01-18T23:41:26.677+0000] {logging_mixin.py:188} INFO - [2026-01-18T23:41:26.677+0000] {dag.py:3947} INFO - Setting next_dagrun for pipeline_scheduled to 2026-01-18 23:00:00+00:00, run_after=2026-01-19 00:00:00+00:00
[2026-01-18T23:41:26.711+0000] {processor.py:183} INFO - Processing /opt/airflow/dags/pipeline_scheduled.py took 0.264 seconds
[2026-01-18T23:41:57.052+0000] {processor.py:161} INFO - Started process (PID=1614) to work on /opt/airflow/dags/pipeline_scheduled.py
[2026-01-18T23:41:57.055+0000] {processor.py:830} INFO - Processing file /opt/airflow/dags/pipeline_scheduled.py for tasks to queue
[2026-01-18T23:41:57.060+0000] {logging_mixin.py:188} INFO - [2026-01-18T23:41:57.059+0000] {dagbag.py:545} INFO - Filling up the DagBag from /opt/airflow/dags/pipeline_scheduled.py
[2026-01-18T23:41:57.107+0000] {processor.py:840} INFO - DAG(s) 'pipeline_scheduled' retrieved from /opt/airflow/dags/pipeline_scheduled.py
[2026-01-18T23:41:57.189+0000] {logging_mixin.py:188} INFO - [2026-01-18T23:41:57.188+0000] {dag.py:3089} INFO - Sync 1 DAGs
[2026-01-18T23:41:57.232+0000] {logging_mixin.py:188} INFO - [2026-01-18T23:41:57.231+0000] {dag.py:3947} INFO - Setting next_dagrun for pipeline_scheduled to 2026-01-18 23:00:00+00:00, run_after=2026-01-19 00:00:00+00:00
[2026-01-18T23:41:57.272+0000] {processor.py:183} INFO - Processing /opt/airflow/dags/pipeline_scheduled.py took 0.235 seconds
[2026-01-18T23:42:27.674+0000] {processor.py:161} INFO - Started process (PID=1624) to work on /opt/airflow/dags/pipeline_scheduled.py
[2026-01-18T23:42:27.676+0000] {processor.py:830} INFO - Processing file /opt/airflow/dags/pipeline_scheduled.py for tasks to queue
[2026-01-18T23:42:27.681+0000] {logging_mixin.py:188} INFO - [2026-01-18T23:42:27.680+0000] {dagbag.py:545} INFO - Filling up the DagBag from /opt/airflow/dags/pipeline_scheduled.py
[2026-01-18T23:42:27.730+0000] {processor.py:840} INFO - DAG(s) 'pipeline_scheduled' retrieved from /opt/airflow/dags/pipeline_scheduled.py
[2026-01-18T23:42:27.804+0000] {logging_mixin.py:188} INFO - [2026-01-18T23:42:27.804+0000] {dag.py:3089} INFO - Sync 1 DAGs
[2026-01-18T23:42:27.846+0000] {logging_mixin.py:188} INFO - [2026-01-18T23:42:27.846+0000] {dag.py:3947} INFO - Setting next_dagrun for pipeline_scheduled to 2026-01-18 23:00:00+00:00, run_after=2026-01-19 00:00:00+00:00
[2026-01-18T23:42:27.903+0000] {processor.py:183} INFO - Processing /opt/airflow/dags/pipeline_scheduled.py took 0.244 seconds
[2026-01-18T23:42:58.063+0000] {processor.py:161} INFO - Started process (PID=1634) to work on /opt/airflow/dags/pipeline_scheduled.py
[2026-01-18T23:42:58.065+0000] {processor.py:830} INFO - Processing file /opt/airflow/dags/pipeline_scheduled.py for tasks to queue
[2026-01-18T23:42:58.069+0000] {logging_mixin.py:188} INFO - [2026-01-18T23:42:58.069+0000] {dagbag.py:545} INFO - Filling up the DagBag from /opt/airflow/dags/pipeline_scheduled.py
[2026-01-18T23:42:58.120+0000] {processor.py:840} INFO - DAG(s) 'pipeline_scheduled' retrieved from /opt/airflow/dags/pipeline_scheduled.py
[2026-01-18T23:42:58.193+0000] {logging_mixin.py:188} INFO - [2026-01-18T23:42:58.193+0000] {dag.py:3089} INFO - Sync 1 DAGs
[2026-01-18T23:42:58.233+0000] {logging_mixin.py:188} INFO - [2026-01-18T23:42:58.232+0000] {dag.py:3947} INFO - Setting next_dagrun for pipeline_scheduled to 2026-01-18 23:00:00+00:00, run_after=2026-01-19 00:00:00+00:00
[2026-01-18T23:42:58.290+0000] {processor.py:183} INFO - Processing /opt/airflow/dags/pipeline_scheduled.py took 0.242 seconds
[2026-01-18T23:43:28.666+0000] {processor.py:161} INFO - Started process (PID=1644) to work on /opt/airflow/dags/pipeline_scheduled.py
[2026-01-18T23:43:28.669+0000] {processor.py:830} INFO - Processing file /opt/airflow/dags/pipeline_scheduled.py for tasks to queue
[2026-01-18T23:43:28.673+0000] {logging_mixin.py:188} INFO - [2026-01-18T23:43:28.672+0000] {dagbag.py:545} INFO - Filling up the DagBag from /opt/airflow/dags/pipeline_scheduled.py
[2026-01-18T23:43:28.712+0000] {processor.py:840} INFO - DAG(s) 'pipeline_scheduled' retrieved from /opt/airflow/dags/pipeline_scheduled.py
[2026-01-18T23:43:28.821+0000] {logging_mixin.py:188} INFO - [2026-01-18T23:43:28.821+0000] {dag.py:3089} INFO - Sync 1 DAGs
[2026-01-18T23:43:28.861+0000] {logging_mixin.py:188} INFO - [2026-01-18T23:43:28.861+0000] {dag.py:3947} INFO - Setting next_dagrun for pipeline_scheduled to 2026-01-18 23:00:00+00:00, run_after=2026-01-19 00:00:00+00:00
[2026-01-18T23:43:28.893+0000] {processor.py:183} INFO - Processing /opt/airflow/dags/pipeline_scheduled.py took 0.241 seconds
[2026-01-18T23:43:59.330+0000] {processor.py:161} INFO - Started process (PID=1654) to work on /opt/airflow/dags/pipeline_scheduled.py
[2026-01-18T23:43:59.333+0000] {processor.py:830} INFO - Processing file /opt/airflow/dags/pipeline_scheduled.py for tasks to queue
[2026-01-18T23:43:59.338+0000] {logging_mixin.py:188} INFO - [2026-01-18T23:43:59.337+0000] {dagbag.py:545} INFO - Filling up the DagBag from /opt/airflow/dags/pipeline_scheduled.py
[2026-01-18T23:43:59.379+0000] {processor.py:840} INFO - DAG(s) 'pipeline_scheduled' retrieved from /opt/airflow/dags/pipeline_scheduled.py
[2026-01-18T23:43:59.444+0000] {logging_mixin.py:188} INFO - [2026-01-18T23:43:59.444+0000] {dag.py:3089} INFO - Sync 1 DAGs
[2026-01-18T23:43:59.485+0000] {logging_mixin.py:188} INFO - [2026-01-18T23:43:59.485+0000] {dag.py:3947} INFO - Setting next_dagrun for pipeline_scheduled to 2026-01-18 23:00:00+00:00, run_after=2026-01-19 00:00:00+00:00
[2026-01-18T23:43:59.520+0000] {processor.py:183} INFO - Processing /opt/airflow/dags/pipeline_scheduled.py took 0.205 seconds
[2026-01-18T23:44:30.018+0000] {processor.py:161} INFO - Started process (PID=1664) to work on /opt/airflow/dags/pipeline_scheduled.py
[2026-01-18T23:44:30.020+0000] {processor.py:830} INFO - Processing file /opt/airflow/dags/pipeline_scheduled.py for tasks to queue
[2026-01-18T23:44:30.026+0000] {logging_mixin.py:188} INFO - [2026-01-18T23:44:30.025+0000] {dagbag.py:545} INFO - Filling up the DagBag from /opt/airflow/dags/pipeline_scheduled.py
[2026-01-18T23:44:30.064+0000] {processor.py:840} INFO - DAG(s) 'pipeline_scheduled' retrieved from /opt/airflow/dags/pipeline_scheduled.py
[2026-01-18T23:44:30.124+0000] {logging_mixin.py:188} INFO - [2026-01-18T23:44:30.123+0000] {dag.py:3089} INFO - Sync 1 DAGs
[2026-01-18T23:44:30.161+0000] {logging_mixin.py:188} INFO - [2026-01-18T23:44:30.160+0000] {dag.py:3947} INFO - Setting next_dagrun for pipeline_scheduled to 2026-01-18 23:00:00+00:00, run_after=2026-01-19 00:00:00+00:00
[2026-01-18T23:44:30.222+0000] {processor.py:183} INFO - Processing /opt/airflow/dags/pipeline_scheduled.py took 0.218 seconds
[2026-01-18T23:45:00.411+0000] {processor.py:161} INFO - Started process (PID=1674) to work on /opt/airflow/dags/pipeline_scheduled.py
[2026-01-18T23:45:00.414+0000] {processor.py:830} INFO - Processing file /opt/airflow/dags/pipeline_scheduled.py for tasks to queue
[2026-01-18T23:45:00.420+0000] {logging_mixin.py:188} INFO - [2026-01-18T23:45:00.419+0000] {dagbag.py:545} INFO - Filling up the DagBag from /opt/airflow/dags/pipeline_scheduled.py
[2026-01-18T23:45:00.470+0000] {processor.py:840} INFO - DAG(s) 'pipeline_scheduled' retrieved from /opt/airflow/dags/pipeline_scheduled.py
[2026-01-18T23:45:00.539+0000] {logging_mixin.py:188} INFO - [2026-01-18T23:45:00.539+0000] {dag.py:3089} INFO - Sync 1 DAGs
[2026-01-18T23:45:00.583+0000] {logging_mixin.py:188} INFO - [2026-01-18T23:45:00.583+0000] {dag.py:3947} INFO - Setting next_dagrun for pipeline_scheduled to 2026-01-18 23:00:00+00:00, run_after=2026-01-19 00:00:00+00:00
[2026-01-18T23:45:00.637+0000] {processor.py:183} INFO - Processing /opt/airflow/dags/pipeline_scheduled.py took 0.242 seconds
[2026-01-18T23:45:30.997+0000] {processor.py:161} INFO - Started process (PID=1684) to work on /opt/airflow/dags/pipeline_scheduled.py
[2026-01-18T23:45:30.999+0000] {processor.py:830} INFO - Processing file /opt/airflow/dags/pipeline_scheduled.py for tasks to queue
[2026-01-18T23:45:31.004+0000] {logging_mixin.py:188} INFO - [2026-01-18T23:45:31.003+0000] {dagbag.py:545} INFO - Filling up the DagBag from /opt/airflow/dags/pipeline_scheduled.py
[2026-01-18T23:45:31.048+0000] {processor.py:840} INFO - DAG(s) 'pipeline_scheduled' retrieved from /opt/airflow/dags/pipeline_scheduled.py
[2026-01-18T23:45:31.113+0000] {logging_mixin.py:188} INFO - [2026-01-18T23:45:31.113+0000] {dag.py:3089} INFO - Sync 1 DAGs
[2026-01-18T23:45:31.152+0000] {logging_mixin.py:188} INFO - [2026-01-18T23:45:31.152+0000] {dag.py:3947} INFO - Setting next_dagrun for pipeline_scheduled to 2026-01-18 23:00:00+00:00, run_after=2026-01-19 00:00:00+00:00
[2026-01-18T23:45:31.212+0000] {processor.py:183} INFO - Processing /opt/airflow/dags/pipeline_scheduled.py took 0.228 seconds
[2026-01-18T23:46:01.447+0000] {processor.py:161} INFO - Started process (PID=1694) to work on /opt/airflow/dags/pipeline_scheduled.py
[2026-01-18T23:46:01.449+0000] {processor.py:830} INFO - Processing file /opt/airflow/dags/pipeline_scheduled.py for tasks to queue
[2026-01-18T23:46:01.454+0000] {logging_mixin.py:188} INFO - [2026-01-18T23:46:01.453+0000] {dagbag.py:545} INFO - Filling up the DagBag from /opt/airflow/dags/pipeline_scheduled.py
[2026-01-18T23:46:01.504+0000] {processor.py:840} INFO - DAG(s) 'pipeline_scheduled' retrieved from /opt/airflow/dags/pipeline_scheduled.py
[2026-01-18T23:46:01.574+0000] {logging_mixin.py:188} INFO - [2026-01-18T23:46:01.573+0000] {dag.py:3089} INFO - Sync 1 DAGs
[2026-01-18T23:46:01.613+0000] {logging_mixin.py:188} INFO - [2026-01-18T23:46:01.613+0000] {dag.py:3947} INFO - Setting next_dagrun for pipeline_scheduled to 2026-01-18 23:00:00+00:00, run_after=2026-01-19 00:00:00+00:00
[2026-01-18T23:46:01.675+0000] {processor.py:183} INFO - Processing /opt/airflow/dags/pipeline_scheduled.py took 0.243 seconds
[2026-01-18T23:46:31.964+0000] {processor.py:161} INFO - Started process (PID=1704) to work on /opt/airflow/dags/pipeline_scheduled.py
[2026-01-18T23:46:31.966+0000] {processor.py:830} INFO - Processing file /opt/airflow/dags/pipeline_scheduled.py for tasks to queue
[2026-01-18T23:46:31.970+0000] {logging_mixin.py:188} INFO - [2026-01-18T23:46:31.969+0000] {dagbag.py:545} INFO - Filling up the DagBag from /opt/airflow/dags/pipeline_scheduled.py
[2026-01-18T23:46:32.023+0000] {processor.py:840} INFO - DAG(s) 'pipeline_scheduled' retrieved from /opt/airflow/dags/pipeline_scheduled.py
[2026-01-18T23:46:32.092+0000] {logging_mixin.py:188} INFO - [2026-01-18T23:46:32.092+0000] {dag.py:3089} INFO - Sync 1 DAGs
[2026-01-18T23:46:32.133+0000] {logging_mixin.py:188} INFO - [2026-01-18T23:46:32.132+0000] {dag.py:3947} INFO - Setting next_dagrun for pipeline_scheduled to 2026-01-18 23:00:00+00:00, run_after=2026-01-19 00:00:00+00:00
[2026-01-18T23:46:32.192+0000] {processor.py:183} INFO - Processing /opt/airflow/dags/pipeline_scheduled.py took 0.241 seconds
[2026-01-18T23:47:02.436+0000] {processor.py:161} INFO - Started process (PID=1714) to work on /opt/airflow/dags/pipeline_scheduled.py
[2026-01-18T23:47:02.439+0000] {processor.py:830} INFO - Processing file /opt/airflow/dags/pipeline_scheduled.py for tasks to queue
[2026-01-18T23:47:02.444+0000] {logging_mixin.py:188} INFO - [2026-01-18T23:47:02.443+0000] {dagbag.py:545} INFO - Filling up the DagBag from /opt/airflow/dags/pipeline_scheduled.py
[2026-01-18T23:47:02.502+0000] {processor.py:840} INFO - DAG(s) 'pipeline_scheduled' retrieved from /opt/airflow/dags/pipeline_scheduled.py
[2026-01-18T23:47:02.614+0000] {logging_mixin.py:188} INFO - [2026-01-18T23:47:02.613+0000] {dag.py:3089} INFO - Sync 1 DAGs
[2026-01-18T23:47:02.650+0000] {logging_mixin.py:188} INFO - [2026-01-18T23:47:02.649+0000] {dag.py:3947} INFO - Setting next_dagrun for pipeline_scheduled to 2026-01-18 23:00:00+00:00, run_after=2026-01-19 00:00:00+00:00
[2026-01-18T23:47:02.682+0000] {processor.py:183} INFO - Processing /opt/airflow/dags/pipeline_scheduled.py took 0.259 seconds
[2026-01-18T23:47:33.051+0000] {processor.py:161} INFO - Started process (PID=1724) to work on /opt/airflow/dags/pipeline_scheduled.py
[2026-01-18T23:47:33.053+0000] {processor.py:830} INFO - Processing file /opt/airflow/dags/pipeline_scheduled.py for tasks to queue
[2026-01-18T23:47:33.057+0000] {logging_mixin.py:188} INFO - [2026-01-18T23:47:33.056+0000] {dagbag.py:545} INFO - Filling up the DagBag from /opt/airflow/dags/pipeline_scheduled.py
[2026-01-18T23:47:33.101+0000] {processor.py:840} INFO - DAG(s) 'pipeline_scheduled' retrieved from /opt/airflow/dags/pipeline_scheduled.py
[2026-01-18T23:47:33.162+0000] {logging_mixin.py:188} INFO - [2026-01-18T23:47:33.162+0000] {dag.py:3089} INFO - Sync 1 DAGs
[2026-01-18T23:47:33.201+0000] {logging_mixin.py:188} INFO - [2026-01-18T23:47:33.200+0000] {dag.py:3947} INFO - Setting next_dagrun for pipeline_scheduled to 2026-01-18 23:00:00+00:00, run_after=2026-01-19 00:00:00+00:00
[2026-01-18T23:47:33.267+0000] {processor.py:183} INFO - Processing /opt/airflow/dags/pipeline_scheduled.py took 0.228 seconds
[2026-01-18T23:48:03.467+0000] {processor.py:161} INFO - Started process (PID=1734) to work on /opt/airflow/dags/pipeline_scheduled.py
[2026-01-18T23:48:03.470+0000] {processor.py:830} INFO - Processing file /opt/airflow/dags/pipeline_scheduled.py for tasks to queue
[2026-01-18T23:48:03.474+0000] {logging_mixin.py:188} INFO - [2026-01-18T23:48:03.474+0000] {dagbag.py:545} INFO - Filling up the DagBag from /opt/airflow/dags/pipeline_scheduled.py
[2026-01-18T23:48:03.516+0000] {processor.py:840} INFO - DAG(s) 'pipeline_scheduled' retrieved from /opt/airflow/dags/pipeline_scheduled.py
[2026-01-18T23:48:03.579+0000] {logging_mixin.py:188} INFO - [2026-01-18T23:48:03.579+0000] {dag.py:3089} INFO - Sync 1 DAGs
[2026-01-18T23:48:03.620+0000] {logging_mixin.py:188} INFO - [2026-01-18T23:48:03.620+0000] {dag.py:3947} INFO - Setting next_dagrun for pipeline_scheduled to 2026-01-18 23:00:00+00:00, run_after=2026-01-19 00:00:00+00:00
[2026-01-18T23:48:03.683+0000] {processor.py:183} INFO - Processing /opt/airflow/dags/pipeline_scheduled.py took 0.231 seconds
[2026-01-18T23:48:34.026+0000] {processor.py:161} INFO - Started process (PID=1744) to work on /opt/airflow/dags/pipeline_scheduled.py
[2026-01-18T23:48:34.029+0000] {processor.py:830} INFO - Processing file /opt/airflow/dags/pipeline_scheduled.py for tasks to queue
[2026-01-18T23:48:34.033+0000] {logging_mixin.py:188} INFO - [2026-01-18T23:48:34.033+0000] {dagbag.py:545} INFO - Filling up the DagBag from /opt/airflow/dags/pipeline_scheduled.py
[2026-01-18T23:48:34.080+0000] {processor.py:840} INFO - DAG(s) 'pipeline_scheduled' retrieved from /opt/airflow/dags/pipeline_scheduled.py
[2026-01-18T23:48:34.144+0000] {logging_mixin.py:188} INFO - [2026-01-18T23:48:34.144+0000] {dag.py:3089} INFO - Sync 1 DAGs
[2026-01-18T23:48:34.183+0000] {logging_mixin.py:188} INFO - [2026-01-18T23:48:34.183+0000] {dag.py:3947} INFO - Setting next_dagrun for pipeline_scheduled to 2026-01-18 23:00:00+00:00, run_after=2026-01-19 00:00:00+00:00
[2026-01-18T23:48:34.241+0000] {processor.py:183} INFO - Processing /opt/airflow/dags/pipeline_scheduled.py took 0.231 seconds
[2026-01-18T23:49:04.436+0000] {processor.py:161} INFO - Started process (PID=1754) to work on /opt/airflow/dags/pipeline_scheduled.py
[2026-01-18T23:49:04.484+0000] {processor.py:830} INFO - Processing file /opt/airflow/dags/pipeline_scheduled.py for tasks to queue
[2026-01-18T23:49:04.490+0000] {logging_mixin.py:188} INFO - [2026-01-18T23:49:04.489+0000] {dagbag.py:545} INFO - Filling up the DagBag from /opt/airflow/dags/pipeline_scheduled.py
[2026-01-18T23:49:04.534+0000] {processor.py:840} INFO - DAG(s) 'pipeline_scheduled' retrieved from /opt/airflow/dags/pipeline_scheduled.py
[2026-01-18T23:49:04.603+0000] {logging_mixin.py:188} INFO - [2026-01-18T23:49:04.603+0000] {dag.py:3089} INFO - Sync 1 DAGs
[2026-01-18T23:49:04.643+0000] {logging_mixin.py:188} INFO - [2026-01-18T23:49:04.642+0000] {dag.py:3947} INFO - Setting next_dagrun for pipeline_scheduled to 2026-01-18 23:00:00+00:00, run_after=2026-01-19 00:00:00+00:00
[2026-01-18T23:49:04.689+0000] {processor.py:183} INFO - Processing /opt/airflow/dags/pipeline_scheduled.py took 0.267 seconds
[2026-01-18T23:49:35.067+0000] {processor.py:161} INFO - Started process (PID=1767) to work on /opt/airflow/dags/pipeline_scheduled.py
[2026-01-18T23:49:35.069+0000] {processor.py:830} INFO - Processing file /opt/airflow/dags/pipeline_scheduled.py for tasks to queue
[2026-01-18T23:49:35.074+0000] {logging_mixin.py:188} INFO - [2026-01-18T23:49:35.073+0000] {dagbag.py:545} INFO - Filling up the DagBag from /opt/airflow/dags/pipeline_scheduled.py
[2026-01-18T23:49:35.121+0000] {processor.py:840} INFO - DAG(s) 'pipeline_scheduled' retrieved from /opt/airflow/dags/pipeline_scheduled.py
[2026-01-18T23:49:35.183+0000] {logging_mixin.py:188} INFO - [2026-01-18T23:49:35.182+0000] {dag.py:3089} INFO - Sync 1 DAGs
[2026-01-18T23:49:35.224+0000] {logging_mixin.py:188} INFO - [2026-01-18T23:49:35.223+0000] {dag.py:3947} INFO - Setting next_dagrun for pipeline_scheduled to 2026-01-18 23:00:00+00:00, run_after=2026-01-19 00:00:00+00:00
[2026-01-18T23:49:35.257+0000] {processor.py:183} INFO - Processing /opt/airflow/dags/pipeline_scheduled.py took 0.202 seconds
[2026-01-18T23:50:05.663+0000] {processor.py:161} INFO - Started process (PID=1777) to work on /opt/airflow/dags/pipeline_scheduled.py
[2026-01-18T23:50:05.666+0000] {processor.py:830} INFO - Processing file /opt/airflow/dags/pipeline_scheduled.py for tasks to queue
[2026-01-18T23:50:05.670+0000] {logging_mixin.py:188} INFO - [2026-01-18T23:50:05.669+0000] {dagbag.py:545} INFO - Filling up the DagBag from /opt/airflow/dags/pipeline_scheduled.py
[2026-01-18T23:50:05.718+0000] {processor.py:840} INFO - DAG(s) 'pipeline_scheduled' retrieved from /opt/airflow/dags/pipeline_scheduled.py
[2026-01-18T23:50:05.779+0000] {logging_mixin.py:188} INFO - [2026-01-18T23:50:05.778+0000] {dag.py:3089} INFO - Sync 1 DAGs
[2026-01-18T23:50:05.822+0000] {logging_mixin.py:188} INFO - [2026-01-18T23:50:05.821+0000] {dag.py:3947} INFO - Setting next_dagrun for pipeline_scheduled to 2026-01-18 23:00:00+00:00, run_after=2026-01-19 00:00:00+00:00
[2026-01-18T23:50:05.857+0000] {processor.py:183} INFO - Processing /opt/airflow/dags/pipeline_scheduled.py took 0.209 seconds
[2026-01-18T23:50:36.263+0000] {processor.py:161} INFO - Started process (PID=1787) to work on /opt/airflow/dags/pipeline_scheduled.py
[2026-01-18T23:50:36.265+0000] {processor.py:830} INFO - Processing file /opt/airflow/dags/pipeline_scheduled.py for tasks to queue
[2026-01-18T23:50:36.269+0000] {logging_mixin.py:188} INFO - [2026-01-18T23:50:36.269+0000] {dagbag.py:545} INFO - Filling up the DagBag from /opt/airflow/dags/pipeline_scheduled.py
[2026-01-18T23:50:36.309+0000] {processor.py:840} INFO - DAG(s) 'pipeline_scheduled' retrieved from /opt/airflow/dags/pipeline_scheduled.py
[2026-01-18T23:50:36.371+0000] {logging_mixin.py:188} INFO - [2026-01-18T23:50:36.371+0000] {dag.py:3089} INFO - Sync 1 DAGs
[2026-01-18T23:50:36.408+0000] {logging_mixin.py:188} INFO - [2026-01-18T23:50:36.408+0000] {dag.py:3947} INFO - Setting next_dagrun for pipeline_scheduled to 2026-01-18 23:00:00+00:00, run_after=2026-01-19 00:00:00+00:00
[2026-01-18T23:50:36.483+0000] {processor.py:183} INFO - Processing /opt/airflow/dags/pipeline_scheduled.py took 0.231 seconds
[2026-01-18T23:51:06.677+0000] {processor.py:161} INFO - Started process (PID=1797) to work on /opt/airflow/dags/pipeline_scheduled.py
[2026-01-18T23:51:06.680+0000] {processor.py:830} INFO - Processing file /opt/airflow/dags/pipeline_scheduled.py for tasks to queue
[2026-01-18T23:51:06.684+0000] {logging_mixin.py:188} INFO - [2026-01-18T23:51:06.684+0000] {dagbag.py:545} INFO - Filling up the DagBag from /opt/airflow/dags/pipeline_scheduled.py
[2026-01-18T23:51:06.733+0000] {processor.py:840} INFO - DAG(s) 'pipeline_scheduled' retrieved from /opt/airflow/dags/pipeline_scheduled.py
[2026-01-18T23:51:06.800+0000] {logging_mixin.py:188} INFO - [2026-01-18T23:51:06.799+0000] {dag.py:3089} INFO - Sync 1 DAGs
[2026-01-18T23:51:06.841+0000] {logging_mixin.py:188} INFO - [2026-01-18T23:51:06.841+0000] {dag.py:3947} INFO - Setting next_dagrun for pipeline_scheduled to 2026-01-18 23:00:00+00:00, run_after=2026-01-19 00:00:00+00:00
[2026-01-18T23:51:06.897+0000] {processor.py:183} INFO - Processing /opt/airflow/dags/pipeline_scheduled.py took 0.237 seconds
[2026-01-18T23:51:37.243+0000] {processor.py:161} INFO - Started process (PID=1807) to work on /opt/airflow/dags/pipeline_scheduled.py
[2026-01-18T23:51:37.245+0000] {processor.py:830} INFO - Processing file /opt/airflow/dags/pipeline_scheduled.py for tasks to queue
[2026-01-18T23:51:37.253+0000] {logging_mixin.py:188} INFO - [2026-01-18T23:51:37.252+0000] {dagbag.py:545} INFO - Filling up the DagBag from /opt/airflow/dags/pipeline_scheduled.py
[2026-01-18T23:51:37.301+0000] {processor.py:840} INFO - DAG(s) 'pipeline_scheduled' retrieved from /opt/airflow/dags/pipeline_scheduled.py
[2026-01-18T23:51:37.361+0000] {logging_mixin.py:188} INFO - [2026-01-18T23:51:37.360+0000] {dag.py:3089} INFO - Sync 1 DAGs
[2026-01-18T23:51:37.405+0000] {logging_mixin.py:188} INFO - [2026-01-18T23:51:37.405+0000] {dag.py:3947} INFO - Setting next_dagrun for pipeline_scheduled to 2026-01-18 23:00:00+00:00, run_after=2026-01-19 00:00:00+00:00
[2026-01-18T23:51:37.469+0000] {processor.py:183} INFO - Processing /opt/airflow/dags/pipeline_scheduled.py took 0.243 seconds
[2026-01-18T23:52:07.660+0000] {processor.py:161} INFO - Started process (PID=1817) to work on /opt/airflow/dags/pipeline_scheduled.py
[2026-01-18T23:52:07.663+0000] {processor.py:830} INFO - Processing file /opt/airflow/dags/pipeline_scheduled.py for tasks to queue
[2026-01-18T23:52:07.669+0000] {logging_mixin.py:188} INFO - [2026-01-18T23:52:07.669+0000] {dagbag.py:545} INFO - Filling up the DagBag from /opt/airflow/dags/pipeline_scheduled.py
[2026-01-18T23:52:07.716+0000] {processor.py:840} INFO - DAG(s) 'pipeline_scheduled' retrieved from /opt/airflow/dags/pipeline_scheduled.py
[2026-01-18T23:52:07.790+0000] {logging_mixin.py:188} INFO - [2026-01-18T23:52:07.789+0000] {dag.py:3089} INFO - Sync 1 DAGs
[2026-01-18T23:52:07.830+0000] {logging_mixin.py:188} INFO - [2026-01-18T23:52:07.829+0000] {dag.py:3947} INFO - Setting next_dagrun for pipeline_scheduled to 2026-01-18 23:00:00+00:00, run_after=2026-01-19 00:00:00+00:00
[2026-01-18T23:52:07.888+0000] {processor.py:183} INFO - Processing /opt/airflow/dags/pipeline_scheduled.py took 0.242 seconds
[2026-01-18T23:52:38.236+0000] {processor.py:161} INFO - Started process (PID=1827) to work on /opt/airflow/dags/pipeline_scheduled.py
[2026-01-18T23:52:38.238+0000] {processor.py:830} INFO - Processing file /opt/airflow/dags/pipeline_scheduled.py for tasks to queue
[2026-01-18T23:52:38.245+0000] {logging_mixin.py:188} INFO - [2026-01-18T23:52:38.244+0000] {dagbag.py:545} INFO - Filling up the DagBag from /opt/airflow/dags/pipeline_scheduled.py
[2026-01-18T23:52:38.288+0000] {processor.py:840} INFO - DAG(s) 'pipeline_scheduled' retrieved from /opt/airflow/dags/pipeline_scheduled.py
[2026-01-18T23:52:38.364+0000] {logging_mixin.py:188} INFO - [2026-01-18T23:52:38.364+0000] {dag.py:3089} INFO - Sync 1 DAGs
[2026-01-18T23:52:38.411+0000] {logging_mixin.py:188} INFO - [2026-01-18T23:52:38.410+0000] {dag.py:3947} INFO - Setting next_dagrun for pipeline_scheduled to 2026-01-18 23:00:00+00:00, run_after=2026-01-19 00:00:00+00:00
[2026-01-18T23:52:38.447+0000] {processor.py:183} INFO - Processing /opt/airflow/dags/pipeline_scheduled.py took 0.229 seconds
[2026-01-18T23:53:08.865+0000] {processor.py:161} INFO - Started process (PID=1837) to work on /opt/airflow/dags/pipeline_scheduled.py
[2026-01-18T23:53:08.869+0000] {processor.py:830} INFO - Processing file /opt/airflow/dags/pipeline_scheduled.py for tasks to queue
[2026-01-18T23:53:08.874+0000] {logging_mixin.py:188} INFO - [2026-01-18T23:53:08.874+0000] {dagbag.py:545} INFO - Filling up the DagBag from /opt/airflow/dags/pipeline_scheduled.py
[2026-01-18T23:53:08.918+0000] {processor.py:840} INFO - DAG(s) 'pipeline_scheduled' retrieved from /opt/airflow/dags/pipeline_scheduled.py
[2026-01-18T23:53:08.983+0000] {logging_mixin.py:188} INFO - [2026-01-18T23:53:08.982+0000] {dag.py:3089} INFO - Sync 1 DAGs
[2026-01-18T23:53:09.024+0000] {logging_mixin.py:188} INFO - [2026-01-18T23:53:09.024+0000] {dag.py:3947} INFO - Setting next_dagrun for pipeline_scheduled to 2026-01-18 23:00:00+00:00, run_after=2026-01-19 00:00:00+00:00
[2026-01-18T23:53:09.099+0000] {processor.py:183} INFO - Processing /opt/airflow/dags/pipeline_scheduled.py took 0.248 seconds
[2026-01-18T23:53:39.456+0000] {processor.py:161} INFO - Started process (PID=1847) to work on /opt/airflow/dags/pipeline_scheduled.py
[2026-01-18T23:53:39.459+0000] {processor.py:830} INFO - Processing file /opt/airflow/dags/pipeline_scheduled.py for tasks to queue
[2026-01-18T23:53:39.465+0000] {logging_mixin.py:188} INFO - [2026-01-18T23:53:39.464+0000] {dagbag.py:545} INFO - Filling up the DagBag from /opt/airflow/dags/pipeline_scheduled.py
[2026-01-18T23:53:39.505+0000] {processor.py:840} INFO - DAG(s) 'pipeline_scheduled' retrieved from /opt/airflow/dags/pipeline_scheduled.py
[2026-01-18T23:53:39.570+0000] {logging_mixin.py:188} INFO - [2026-01-18T23:53:39.570+0000] {dag.py:3089} INFO - Sync 1 DAGs
[2026-01-18T23:53:39.607+0000] {logging_mixin.py:188} INFO - [2026-01-18T23:53:39.607+0000] {dag.py:3947} INFO - Setting next_dagrun for pipeline_scheduled to 2026-01-18 23:00:00+00:00, run_after=2026-01-19 00:00:00+00:00
[2026-01-18T23:53:39.640+0000] {processor.py:183} INFO - Processing /opt/airflow/dags/pipeline_scheduled.py took 0.198 seconds
[2026-01-18T23:54:10.139+0000] {processor.py:161} INFO - Started process (PID=1857) to work on /opt/airflow/dags/pipeline_scheduled.py
[2026-01-18T23:54:10.141+0000] {processor.py:830} INFO - Processing file /opt/airflow/dags/pipeline_scheduled.py for tasks to queue
[2026-01-18T23:54:10.147+0000] {logging_mixin.py:188} INFO - [2026-01-18T23:54:10.146+0000] {dagbag.py:545} INFO - Filling up the DagBag from /opt/airflow/dags/pipeline_scheduled.py
[2026-01-18T23:54:10.193+0000] {processor.py:840} INFO - DAG(s) 'pipeline_scheduled' retrieved from /opt/airflow/dags/pipeline_scheduled.py
[2026-01-18T23:54:10.261+0000] {logging_mixin.py:188} INFO - [2026-01-18T23:54:10.261+0000] {dag.py:3089} INFO - Sync 1 DAGs
[2026-01-18T23:54:10.304+0000] {logging_mixin.py:188} INFO - [2026-01-18T23:54:10.303+0000] {dag.py:3947} INFO - Setting next_dagrun for pipeline_scheduled to 2026-01-18 23:00:00+00:00, run_after=2026-01-19 00:00:00+00:00
[2026-01-18T23:54:10.372+0000] {processor.py:183} INFO - Processing /opt/airflow/dags/pipeline_scheduled.py took 0.247 seconds
[2026-01-18T23:54:40.620+0000] {processor.py:161} INFO - Started process (PID=1867) to work on /opt/airflow/dags/pipeline_scheduled.py
[2026-01-18T23:54:40.622+0000] {processor.py:830} INFO - Processing file /opt/airflow/dags/pipeline_scheduled.py for tasks to queue
[2026-01-18T23:54:40.627+0000] {logging_mixin.py:188} INFO - [2026-01-18T23:54:40.626+0000] {dagbag.py:545} INFO - Filling up the DagBag from /opt/airflow/dags/pipeline_scheduled.py
[2026-01-18T23:54:40.680+0000] {processor.py:840} INFO - DAG(s) 'pipeline_scheduled' retrieved from /opt/airflow/dags/pipeline_scheduled.py
[2026-01-18T23:54:40.750+0000] {logging_mixin.py:188} INFO - [2026-01-18T23:54:40.750+0000] {dag.py:3089} INFO - Sync 1 DAGs
[2026-01-18T23:54:40.792+0000] {logging_mixin.py:188} INFO - [2026-01-18T23:54:40.791+0000] {dag.py:3947} INFO - Setting next_dagrun for pipeline_scheduled to 2026-01-18 23:00:00+00:00, run_after=2026-01-19 00:00:00+00:00
[2026-01-18T23:54:40.856+0000] {processor.py:183} INFO - Processing /opt/airflow/dags/pipeline_scheduled.py took 0.252 seconds
[2026-01-18T23:55:11.120+0000] {processor.py:161} INFO - Started process (PID=1877) to work on /opt/airflow/dags/pipeline_scheduled.py
[2026-01-18T23:55:11.123+0000] {processor.py:830} INFO - Processing file /opt/airflow/dags/pipeline_scheduled.py for tasks to queue
[2026-01-18T23:55:11.127+0000] {logging_mixin.py:188} INFO - [2026-01-18T23:55:11.126+0000] {dagbag.py:545} INFO - Filling up the DagBag from /opt/airflow/dags/pipeline_scheduled.py
[2026-01-18T23:55:11.180+0000] {processor.py:840} INFO - DAG(s) 'pipeline_scheduled' retrieved from /opt/airflow/dags/pipeline_scheduled.py
[2026-01-18T23:55:11.254+0000] {logging_mixin.py:188} INFO - [2026-01-18T23:55:11.254+0000] {dag.py:3089} INFO - Sync 1 DAGs
[2026-01-18T23:55:11.294+0000] {logging_mixin.py:188} INFO - [2026-01-18T23:55:11.294+0000] {dag.py:3947} INFO - Setting next_dagrun for pipeline_scheduled to 2026-01-18 23:00:00+00:00, run_after=2026-01-19 00:00:00+00:00
[2026-01-18T23:55:11.356+0000] {processor.py:183} INFO - Processing /opt/airflow/dags/pipeline_scheduled.py took 0.253 seconds
[2026-01-18T23:55:41.637+0000] {processor.py:161} INFO - Started process (PID=1887) to work on /opt/airflow/dags/pipeline_scheduled.py
[2026-01-18T23:55:41.639+0000] {processor.py:830} INFO - Processing file /opt/airflow/dags/pipeline_scheduled.py for tasks to queue
[2026-01-18T23:55:41.643+0000] {logging_mixin.py:188} INFO - [2026-01-18T23:55:41.643+0000] {dagbag.py:545} INFO - Filling up the DagBag from /opt/airflow/dags/pipeline_scheduled.py
[2026-01-18T23:55:41.693+0000] {processor.py:840} INFO - DAG(s) 'pipeline_scheduled' retrieved from /opt/airflow/dags/pipeline_scheduled.py
[2026-01-18T23:55:41.759+0000] {logging_mixin.py:188} INFO - [2026-01-18T23:55:41.759+0000] {dag.py:3089} INFO - Sync 1 DAGs
[2026-01-18T23:55:41.797+0000] {logging_mixin.py:188} INFO - [2026-01-18T23:55:41.796+0000] {dag.py:3947} INFO - Setting next_dagrun for pipeline_scheduled to 2026-01-18 23:00:00+00:00, run_after=2026-01-19 00:00:00+00:00
[2026-01-18T23:55:41.863+0000] {processor.py:183} INFO - Processing /opt/airflow/dags/pipeline_scheduled.py took 0.243 seconds
[2026-01-18T23:56:12.117+0000] {processor.py:161} INFO - Started process (PID=1897) to work on /opt/airflow/dags/pipeline_scheduled.py
[2026-01-18T23:56:12.119+0000] {processor.py:830} INFO - Processing file /opt/airflow/dags/pipeline_scheduled.py for tasks to queue
[2026-01-18T23:56:12.124+0000] {logging_mixin.py:188} INFO - [2026-01-18T23:56:12.124+0000] {dagbag.py:545} INFO - Filling up the DagBag from /opt/airflow/dags/pipeline_scheduled.py
[2026-01-18T23:56:12.172+0000] {processor.py:840} INFO - DAG(s) 'pipeline_scheduled' retrieved from /opt/airflow/dags/pipeline_scheduled.py
[2026-01-18T23:56:12.245+0000] {logging_mixin.py:188} INFO - [2026-01-18T23:56:12.245+0000] {dag.py:3089} INFO - Sync 1 DAGs
[2026-01-18T23:56:12.285+0000] {logging_mixin.py:188} INFO - [2026-01-18T23:56:12.284+0000] {dag.py:3947} INFO - Setting next_dagrun for pipeline_scheduled to 2026-01-18 23:00:00+00:00, run_after=2026-01-19 00:00:00+00:00
[2026-01-18T23:56:12.351+0000] {processor.py:183} INFO - Processing /opt/airflow/dags/pipeline_scheduled.py took 0.246 seconds
[2026-01-18T23:56:42.619+0000] {processor.py:161} INFO - Started process (PID=1907) to work on /opt/airflow/dags/pipeline_scheduled.py
[2026-01-18T23:56:42.621+0000] {processor.py:830} INFO - Processing file /opt/airflow/dags/pipeline_scheduled.py for tasks to queue
[2026-01-18T23:56:42.626+0000] {logging_mixin.py:188} INFO - [2026-01-18T23:56:42.625+0000] {dagbag.py:545} INFO - Filling up the DagBag from /opt/airflow/dags/pipeline_scheduled.py
[2026-01-18T23:56:42.674+0000] {processor.py:840} INFO - DAG(s) 'pipeline_scheduled' retrieved from /opt/airflow/dags/pipeline_scheduled.py
[2026-01-18T23:56:42.746+0000] {logging_mixin.py:188} INFO - [2026-01-18T23:56:42.745+0000] {dag.py:3089} INFO - Sync 1 DAGs
[2026-01-18T23:56:42.786+0000] {logging_mixin.py:188} INFO - [2026-01-18T23:56:42.786+0000] {dag.py:3947} INFO - Setting next_dagrun for pipeline_scheduled to 2026-01-18 23:00:00+00:00, run_after=2026-01-19 00:00:00+00:00
[2026-01-18T23:56:42.858+0000] {processor.py:183} INFO - Processing /opt/airflow/dags/pipeline_scheduled.py took 0.255 seconds
[2026-01-18T23:57:13.096+0000] {processor.py:161} INFO - Started process (PID=1917) to work on /opt/airflow/dags/pipeline_scheduled.py
[2026-01-18T23:57:13.098+0000] {processor.py:830} INFO - Processing file /opt/airflow/dags/pipeline_scheduled.py for tasks to queue
[2026-01-18T23:57:13.102+0000] {logging_mixin.py:188} INFO - [2026-01-18T23:57:13.102+0000] {dagbag.py:545} INFO - Filling up the DagBag from /opt/airflow/dags/pipeline_scheduled.py
[2026-01-18T23:57:13.143+0000] {processor.py:840} INFO - DAG(s) 'pipeline_scheduled' retrieved from /opt/airflow/dags/pipeline_scheduled.py
[2026-01-18T23:57:13.204+0000] {logging_mixin.py:188} INFO - [2026-01-18T23:57:13.203+0000] {dag.py:3089} INFO - Sync 1 DAGs
[2026-01-18T23:57:13.284+0000] {logging_mixin.py:188} INFO - [2026-01-18T23:57:13.284+0000] {dag.py:3947} INFO - Setting next_dagrun for pipeline_scheduled to 2026-01-18 23:00:00+00:00, run_after=2026-01-19 00:00:00+00:00
[2026-01-18T23:57:13.315+0000] {processor.py:183} INFO - Processing /opt/airflow/dags/pipeline_scheduled.py took 0.236 seconds
[2026-01-18T23:57:43.743+0000] {processor.py:161} INFO - Started process (PID=1927) to work on /opt/airflow/dags/pipeline_scheduled.py
[2026-01-18T23:57:43.745+0000] {processor.py:830} INFO - Processing file /opt/airflow/dags/pipeline_scheduled.py for tasks to queue
[2026-01-18T23:57:43.749+0000] {logging_mixin.py:188} INFO - [2026-01-18T23:57:43.748+0000] {dagbag.py:545} INFO - Filling up the DagBag from /opt/airflow/dags/pipeline_scheduled.py
[2026-01-18T23:57:43.790+0000] {processor.py:840} INFO - DAG(s) 'pipeline_scheduled' retrieved from /opt/airflow/dags/pipeline_scheduled.py
[2026-01-18T23:57:43.851+0000] {logging_mixin.py:188} INFO - [2026-01-18T23:57:43.850+0000] {dag.py:3089} INFO - Sync 1 DAGs
[2026-01-18T23:57:43.887+0000] {logging_mixin.py:188} INFO - [2026-01-18T23:57:43.886+0000] {dag.py:3947} INFO - Setting next_dagrun for pipeline_scheduled to 2026-01-18 23:00:00+00:00, run_after=2026-01-19 00:00:00+00:00
[2026-01-18T23:57:43.959+0000] {processor.py:183} INFO - Processing /opt/airflow/dags/pipeline_scheduled.py took 0.227 seconds
[2026-01-18T23:58:14.140+0000] {processor.py:161} INFO - Started process (PID=1937) to work on /opt/airflow/dags/pipeline_scheduled.py
[2026-01-18T23:58:14.143+0000] {processor.py:830} INFO - Processing file /opt/airflow/dags/pipeline_scheduled.py for tasks to queue
[2026-01-18T23:58:14.147+0000] {logging_mixin.py:188} INFO - [2026-01-18T23:58:14.146+0000] {dagbag.py:545} INFO - Filling up the DagBag from /opt/airflow/dags/pipeline_scheduled.py
[2026-01-18T23:58:14.197+0000] {processor.py:840} INFO - DAG(s) 'pipeline_scheduled' retrieved from /opt/airflow/dags/pipeline_scheduled.py
[2026-01-18T23:58:14.265+0000] {logging_mixin.py:188} INFO - [2026-01-18T23:58:14.265+0000] {dag.py:3089} INFO - Sync 1 DAGs
[2026-01-18T23:58:14.309+0000] {logging_mixin.py:188} INFO - [2026-01-18T23:58:14.308+0000] {dag.py:3947} INFO - Setting next_dagrun for pipeline_scheduled to 2026-01-18 23:00:00+00:00, run_after=2026-01-19 00:00:00+00:00
[2026-01-18T23:58:14.342+0000] {processor.py:183} INFO - Processing /opt/airflow/dags/pipeline_scheduled.py took 0.216 seconds
[2026-01-18T23:58:44.757+0000] {processor.py:161} INFO - Started process (PID=1947) to work on /opt/airflow/dags/pipeline_scheduled.py
[2026-01-18T23:58:44.759+0000] {processor.py:830} INFO - Processing file /opt/airflow/dags/pipeline_scheduled.py for tasks to queue
[2026-01-18T23:58:44.763+0000] {logging_mixin.py:188} INFO - [2026-01-18T23:58:44.762+0000] {dagbag.py:545} INFO - Filling up the DagBag from /opt/airflow/dags/pipeline_scheduled.py
[2026-01-18T23:58:44.809+0000] {processor.py:840} INFO - DAG(s) 'pipeline_scheduled' retrieved from /opt/airflow/dags/pipeline_scheduled.py
[2026-01-18T23:58:44.880+0000] {logging_mixin.py:188} INFO - [2026-01-18T23:58:44.879+0000] {dag.py:3089} INFO - Sync 1 DAGs
[2026-01-18T23:58:44.922+0000] {logging_mixin.py:188} INFO - [2026-01-18T23:58:44.922+0000] {dag.py:3947} INFO - Setting next_dagrun for pipeline_scheduled to 2026-01-18 23:00:00+00:00, run_after=2026-01-19 00:00:00+00:00
[2026-01-18T23:58:44.959+0000] {processor.py:183} INFO - Processing /opt/airflow/dags/pipeline_scheduled.py took 0.217 seconds
[2026-01-18T23:59:15.401+0000] {processor.py:161} INFO - Started process (PID=1957) to work on /opt/airflow/dags/pipeline_scheduled.py
[2026-01-18T23:59:15.403+0000] {processor.py:830} INFO - Processing file /opt/airflow/dags/pipeline_scheduled.py for tasks to queue
[2026-01-18T23:59:15.409+0000] {logging_mixin.py:188} INFO - [2026-01-18T23:59:15.408+0000] {dagbag.py:545} INFO - Filling up the DagBag from /opt/airflow/dags/pipeline_scheduled.py
[2026-01-18T23:59:15.467+0000] {processor.py:840} INFO - DAG(s) 'pipeline_scheduled' retrieved from /opt/airflow/dags/pipeline_scheduled.py
[2026-01-18T23:59:15.544+0000] {logging_mixin.py:188} INFO - [2026-01-18T23:59:15.543+0000] {dag.py:3089} INFO - Sync 1 DAGs
[2026-01-18T23:59:15.596+0000] {logging_mixin.py:188} INFO - [2026-01-18T23:59:15.595+0000] {dag.py:3947} INFO - Setting next_dagrun for pipeline_scheduled to 2026-01-18 23:00:00+00:00, run_after=2026-01-19 00:00:00+00:00
[2026-01-18T23:59:15.629+0000] {processor.py:183} INFO - Processing /opt/airflow/dags/pipeline_scheduled.py took 0.249 seconds
[2026-01-18T23:59:46.135+0000] {processor.py:161} INFO - Started process (PID=1970) to work on /opt/airflow/dags/pipeline_scheduled.py
[2026-01-18T23:59:46.137+0000] {processor.py:830} INFO - Processing file /opt/airflow/dags/pipeline_scheduled.py for tasks to queue
[2026-01-18T23:59:46.141+0000] {logging_mixin.py:188} INFO - [2026-01-18T23:59:46.141+0000] {dagbag.py:545} INFO - Filling up the DagBag from /opt/airflow/dags/pipeline_scheduled.py
[2026-01-18T23:59:46.184+0000] {processor.py:840} INFO - DAG(s) 'pipeline_scheduled' retrieved from /opt/airflow/dags/pipeline_scheduled.py
[2026-01-18T23:59:46.248+0000] {logging_mixin.py:188} INFO - [2026-01-18T23:59:46.247+0000] {dag.py:3089} INFO - Sync 1 DAGs
[2026-01-18T23:59:46.293+0000] {logging_mixin.py:188} INFO - [2026-01-18T23:59:46.292+0000] {dag.py:3947} INFO - Setting next_dagrun for pipeline_scheduled to 2026-01-18 23:00:00+00:00, run_after=2026-01-19 00:00:00+00:00
[2026-01-18T23:59:46.348+0000] {processor.py:183} INFO - Processing /opt/airflow/dags/pipeline_scheduled.py took 0.225 seconds
