[2026-01-22T01:00:36.415+0000] {processor.py:161} INFO - Started process (PID=50528) to work on /opt/airflow/dags/pipeline_scheduled.py
[2026-01-22T01:00:36.434+0000] {processor.py:830} INFO - Processing file /opt/airflow/dags/pipeline_scheduled.py for tasks to queue
[2026-01-22T01:00:36.445+0000] {logging_mixin.py:188} INFO - [2026-01-22T01:00:36.444+0000] {dagbag.py:545} INFO - Filling up the DagBag from /opt/airflow/dags/pipeline_scheduled.py
[2026-01-22T01:00:36.660+0000] {processor.py:840} INFO - DAG(s) 'pipeline_scheduled' retrieved from /opt/airflow/dags/pipeline_scheduled.py
[2026-01-22T01:00:36.792+0000] {logging_mixin.py:188} INFO - [2026-01-22T01:00:36.791+0000] {dag.py:3089} INFO - Sync 1 DAGs
[2026-01-22T01:00:36.872+0000] {logging_mixin.py:188} INFO - [2026-01-22T01:00:36.872+0000] {dag.py:3947} INFO - Setting next_dagrun for pipeline_scheduled to 2026-01-22 01:00:00+00:00, run_after=2026-01-22 02:00:00+00:00
[2026-01-22T01:00:36.942+0000] {processor.py:183} INFO - Processing /opt/airflow/dags/pipeline_scheduled.py took 0.574 seconds
[2026-01-22T01:04:20.811+0000] {processor.py:161} INFO - Started process (PID=50544) to work on /opt/airflow/dags/pipeline_scheduled.py
[2026-01-22T01:04:20.829+0000] {processor.py:830} INFO - Processing file /opt/airflow/dags/pipeline_scheduled.py for tasks to queue
[2026-01-22T01:04:20.831+0000] {logging_mixin.py:188} INFO - [2026-01-22T01:04:20.831+0000] {dagbag.py:545} INFO - Filling up the DagBag from /opt/airflow/dags/pipeline_scheduled.py
[2026-01-22T01:04:20.866+0000] {processor.py:840} INFO - DAG(s) 'pipeline_scheduled' retrieved from /opt/airflow/dags/pipeline_scheduled.py
[2026-01-22T01:04:20.916+0000] {logging_mixin.py:188} INFO - [2026-01-22T01:04:20.915+0000] {dag.py:3089} INFO - Sync 1 DAGs
[2026-01-22T01:04:20.944+0000] {logging_mixin.py:188} INFO - [2026-01-22T01:04:20.944+0000] {dag.py:3947} INFO - Setting next_dagrun for pipeline_scheduled to 2026-01-22 01:00:00+00:00, run_after=2026-01-22 02:00:00+00:00
[2026-01-22T01:04:20.977+0000] {processor.py:183} INFO - Processing /opt/airflow/dags/pipeline_scheduled.py took 0.174 seconds
[2026-01-22T01:04:51.251+0000] {processor.py:161} INFO - Started process (PID=50554) to work on /opt/airflow/dags/pipeline_scheduled.py
[2026-01-22T01:04:51.252+0000] {processor.py:830} INFO - Processing file /opt/airflow/dags/pipeline_scheduled.py for tasks to queue
[2026-01-22T01:04:51.253+0000] {logging_mixin.py:188} INFO - [2026-01-22T01:04:51.253+0000] {dagbag.py:545} INFO - Filling up the DagBag from /opt/airflow/dags/pipeline_scheduled.py
[2026-01-22T01:04:51.281+0000] {processor.py:840} INFO - DAG(s) 'pipeline_scheduled' retrieved from /opt/airflow/dags/pipeline_scheduled.py
[2026-01-22T01:04:51.319+0000] {logging_mixin.py:188} INFO - [2026-01-22T01:04:51.319+0000] {dag.py:3089} INFO - Sync 1 DAGs
[2026-01-22T01:04:51.344+0000] {logging_mixin.py:188} INFO - [2026-01-22T01:04:51.343+0000] {dag.py:3947} INFO - Setting next_dagrun for pipeline_scheduled to 2026-01-22 01:00:00+00:00, run_after=2026-01-22 02:00:00+00:00
[2026-01-22T01:04:51.367+0000] {processor.py:183} INFO - Processing /opt/airflow/dags/pipeline_scheduled.py took 0.122 seconds
[2026-01-22T01:05:21.616+0000] {processor.py:161} INFO - Started process (PID=50564) to work on /opt/airflow/dags/pipeline_scheduled.py
[2026-01-22T01:05:21.617+0000] {processor.py:830} INFO - Processing file /opt/airflow/dags/pipeline_scheduled.py for tasks to queue
[2026-01-22T01:05:21.618+0000] {logging_mixin.py:188} INFO - [2026-01-22T01:05:21.618+0000] {dagbag.py:545} INFO - Filling up the DagBag from /opt/airflow/dags/pipeline_scheduled.py
[2026-01-22T01:05:21.644+0000] {processor.py:840} INFO - DAG(s) 'pipeline_scheduled' retrieved from /opt/airflow/dags/pipeline_scheduled.py
[2026-01-22T01:05:21.683+0000] {logging_mixin.py:188} INFO - [2026-01-22T01:05:21.683+0000] {dag.py:3089} INFO - Sync 1 DAGs
[2026-01-22T01:05:21.706+0000] {logging_mixin.py:188} INFO - [2026-01-22T01:05:21.706+0000] {dag.py:3947} INFO - Setting next_dagrun for pipeline_scheduled to 2026-01-22 01:00:00+00:00, run_after=2026-01-22 02:00:00+00:00
[2026-01-22T01:05:21.727+0000] {processor.py:183} INFO - Processing /opt/airflow/dags/pipeline_scheduled.py took 0.117 seconds
[2026-01-22T01:05:52.061+0000] {processor.py:161} INFO - Started process (PID=50574) to work on /opt/airflow/dags/pipeline_scheduled.py
[2026-01-22T01:05:52.062+0000] {processor.py:830} INFO - Processing file /opt/airflow/dags/pipeline_scheduled.py for tasks to queue
[2026-01-22T01:05:52.063+0000] {logging_mixin.py:188} INFO - [2026-01-22T01:05:52.062+0000] {dagbag.py:545} INFO - Filling up the DagBag from /opt/airflow/dags/pipeline_scheduled.py
[2026-01-22T01:05:52.089+0000] {processor.py:840} INFO - DAG(s) 'pipeline_scheduled' retrieved from /opt/airflow/dags/pipeline_scheduled.py
[2026-01-22T01:05:52.127+0000] {logging_mixin.py:188} INFO - [2026-01-22T01:05:52.127+0000] {dag.py:3089} INFO - Sync 1 DAGs
[2026-01-22T01:05:52.152+0000] {logging_mixin.py:188} INFO - [2026-01-22T01:05:52.151+0000] {dag.py:3947} INFO - Setting next_dagrun for pipeline_scheduled to 2026-01-22 01:00:00+00:00, run_after=2026-01-22 02:00:00+00:00
[2026-01-22T01:05:52.174+0000] {processor.py:183} INFO - Processing /opt/airflow/dags/pipeline_scheduled.py took 0.119 seconds
[2026-01-22T01:06:22.458+0000] {processor.py:161} INFO - Started process (PID=50584) to work on /opt/airflow/dags/pipeline_scheduled.py
[2026-01-22T01:06:22.459+0000] {processor.py:830} INFO - Processing file /opt/airflow/dags/pipeline_scheduled.py for tasks to queue
[2026-01-22T01:06:22.460+0000] {logging_mixin.py:188} INFO - [2026-01-22T01:06:22.460+0000] {dagbag.py:545} INFO - Filling up the DagBag from /opt/airflow/dags/pipeline_scheduled.py
[2026-01-22T01:06:22.486+0000] {processor.py:840} INFO - DAG(s) 'pipeline_scheduled' retrieved from /opt/airflow/dags/pipeline_scheduled.py
[2026-01-22T01:06:22.521+0000] {logging_mixin.py:188} INFO - [2026-01-22T01:06:22.520+0000] {dag.py:3089} INFO - Sync 1 DAGs
[2026-01-22T01:06:22.547+0000] {logging_mixin.py:188} INFO - [2026-01-22T01:06:22.547+0000] {dag.py:3947} INFO - Setting next_dagrun for pipeline_scheduled to 2026-01-22 01:00:00+00:00, run_after=2026-01-22 02:00:00+00:00
[2026-01-22T01:06:22.571+0000] {processor.py:183} INFO - Processing /opt/airflow/dags/pipeline_scheduled.py took 0.119 seconds
[2026-01-22T01:06:52.840+0000] {processor.py:161} INFO - Started process (PID=50594) to work on /opt/airflow/dags/pipeline_scheduled.py
[2026-01-22T01:06:52.841+0000] {processor.py:830} INFO - Processing file /opt/airflow/dags/pipeline_scheduled.py for tasks to queue
[2026-01-22T01:06:52.843+0000] {logging_mixin.py:188} INFO - [2026-01-22T01:06:52.842+0000] {dagbag.py:545} INFO - Filling up the DagBag from /opt/airflow/dags/pipeline_scheduled.py
[2026-01-22T01:06:52.873+0000] {processor.py:840} INFO - DAG(s) 'pipeline_scheduled' retrieved from /opt/airflow/dags/pipeline_scheduled.py
[2026-01-22T01:06:52.913+0000] {logging_mixin.py:188} INFO - [2026-01-22T01:06:52.913+0000] {dag.py:3089} INFO - Sync 1 DAGs
[2026-01-22T01:06:52.937+0000] {logging_mixin.py:188} INFO - [2026-01-22T01:06:52.937+0000] {dag.py:3947} INFO - Setting next_dagrun for pipeline_scheduled to 2026-01-22 01:00:00+00:00, run_after=2026-01-22 02:00:00+00:00
[2026-01-22T01:06:52.960+0000] {processor.py:183} INFO - Processing /opt/airflow/dags/pipeline_scheduled.py took 0.126 seconds
[2026-01-22T01:07:23.223+0000] {processor.py:161} INFO - Started process (PID=50604) to work on /opt/airflow/dags/pipeline_scheduled.py
[2026-01-22T01:07:23.225+0000] {processor.py:830} INFO - Processing file /opt/airflow/dags/pipeline_scheduled.py for tasks to queue
[2026-01-22T01:07:23.226+0000] {logging_mixin.py:188} INFO - [2026-01-22T01:07:23.226+0000] {dagbag.py:545} INFO - Filling up the DagBag from /opt/airflow/dags/pipeline_scheduled.py
[2026-01-22T01:07:23.258+0000] {processor.py:840} INFO - DAG(s) 'pipeline_scheduled' retrieved from /opt/airflow/dags/pipeline_scheduled.py
[2026-01-22T01:07:23.302+0000] {logging_mixin.py:188} INFO - [2026-01-22T01:07:23.302+0000] {dag.py:3089} INFO - Sync 1 DAGs
[2026-01-22T01:07:23.332+0000] {logging_mixin.py:188} INFO - [2026-01-22T01:07:23.332+0000] {dag.py:3947} INFO - Setting next_dagrun for pipeline_scheduled to 2026-01-22 01:00:00+00:00, run_after=2026-01-22 02:00:00+00:00
[2026-01-22T01:07:23.361+0000] {processor.py:183} INFO - Processing /opt/airflow/dags/pipeline_scheduled.py took 0.146 seconds
[2026-01-22T01:07:53.627+0000] {processor.py:161} INFO - Started process (PID=50614) to work on /opt/airflow/dags/pipeline_scheduled.py
[2026-01-22T01:07:53.628+0000] {processor.py:830} INFO - Processing file /opt/airflow/dags/pipeline_scheduled.py for tasks to queue
[2026-01-22T01:07:53.629+0000] {logging_mixin.py:188} INFO - [2026-01-22T01:07:53.629+0000] {dagbag.py:545} INFO - Filling up the DagBag from /opt/airflow/dags/pipeline_scheduled.py
[2026-01-22T01:07:53.661+0000] {processor.py:840} INFO - DAG(s) 'pipeline_scheduled' retrieved from /opt/airflow/dags/pipeline_scheduled.py
[2026-01-22T01:07:53.707+0000] {logging_mixin.py:188} INFO - [2026-01-22T01:07:53.706+0000] {dag.py:3089} INFO - Sync 1 DAGs
[2026-01-22T01:07:53.737+0000] {logging_mixin.py:188} INFO - [2026-01-22T01:07:53.737+0000] {dag.py:3947} INFO - Setting next_dagrun for pipeline_scheduled to 2026-01-22 01:00:00+00:00, run_after=2026-01-22 02:00:00+00:00
[2026-01-22T01:07:53.764+0000] {processor.py:183} INFO - Processing /opt/airflow/dags/pipeline_scheduled.py took 0.145 seconds
[2026-01-22T01:08:24.030+0000] {processor.py:161} INFO - Started process (PID=50624) to work on /opt/airflow/dags/pipeline_scheduled.py
[2026-01-22T01:08:24.031+0000] {processor.py:830} INFO - Processing file /opt/airflow/dags/pipeline_scheduled.py for tasks to queue
[2026-01-22T01:08:24.032+0000] {logging_mixin.py:188} INFO - [2026-01-22T01:08:24.032+0000] {dagbag.py:545} INFO - Filling up the DagBag from /opt/airflow/dags/pipeline_scheduled.py
[2026-01-22T01:08:24.060+0000] {processor.py:840} INFO - DAG(s) 'pipeline_scheduled' retrieved from /opt/airflow/dags/pipeline_scheduled.py
[2026-01-22T01:08:24.099+0000] {logging_mixin.py:188} INFO - [2026-01-22T01:08:24.099+0000] {dag.py:3089} INFO - Sync 1 DAGs
[2026-01-22T01:08:24.125+0000] {logging_mixin.py:188} INFO - [2026-01-22T01:08:24.125+0000] {dag.py:3947} INFO - Setting next_dagrun for pipeline_scheduled to 2026-01-22 01:00:00+00:00, run_after=2026-01-22 02:00:00+00:00
[2026-01-22T01:08:24.148+0000] {processor.py:183} INFO - Processing /opt/airflow/dags/pipeline_scheduled.py took 0.126 seconds
[2026-01-22T01:08:54.423+0000] {processor.py:161} INFO - Started process (PID=50634) to work on /opt/airflow/dags/pipeline_scheduled.py
[2026-01-22T01:08:54.424+0000] {processor.py:830} INFO - Processing file /opt/airflow/dags/pipeline_scheduled.py for tasks to queue
[2026-01-22T01:08:54.425+0000] {logging_mixin.py:188} INFO - [2026-01-22T01:08:54.425+0000] {dagbag.py:545} INFO - Filling up the DagBag from /opt/airflow/dags/pipeline_scheduled.py
[2026-01-22T01:08:54.451+0000] {processor.py:840} INFO - DAG(s) 'pipeline_scheduled' retrieved from /opt/airflow/dags/pipeline_scheduled.py
[2026-01-22T01:08:54.490+0000] {logging_mixin.py:188} INFO - [2026-01-22T01:08:54.490+0000] {dag.py:3089} INFO - Sync 1 DAGs
[2026-01-22T01:08:54.516+0000] {logging_mixin.py:188} INFO - [2026-01-22T01:08:54.516+0000] {dag.py:3947} INFO - Setting next_dagrun for pipeline_scheduled to 2026-01-22 01:00:00+00:00, run_after=2026-01-22 02:00:00+00:00
[2026-01-22T01:08:54.539+0000] {processor.py:183} INFO - Processing /opt/airflow/dags/pipeline_scheduled.py took 0.123 seconds
[2026-01-22T01:09:24.811+0000] {processor.py:161} INFO - Started process (PID=50644) to work on /opt/airflow/dags/pipeline_scheduled.py
[2026-01-22T01:09:24.813+0000] {processor.py:830} INFO - Processing file /opt/airflow/dags/pipeline_scheduled.py for tasks to queue
[2026-01-22T01:09:24.814+0000] {logging_mixin.py:188} INFO - [2026-01-22T01:09:24.814+0000] {dagbag.py:545} INFO - Filling up the DagBag from /opt/airflow/dags/pipeline_scheduled.py
[2026-01-22T01:09:24.842+0000] {processor.py:840} INFO - DAG(s) 'pipeline_scheduled' retrieved from /opt/airflow/dags/pipeline_scheduled.py
[2026-01-22T01:09:24.877+0000] {logging_mixin.py:188} INFO - [2026-01-22T01:09:24.876+0000] {dag.py:3089} INFO - Sync 1 DAGs
[2026-01-22T01:09:24.899+0000] {logging_mixin.py:188} INFO - [2026-01-22T01:09:24.899+0000] {dag.py:3947} INFO - Setting next_dagrun for pipeline_scheduled to 2026-01-22 01:00:00+00:00, run_after=2026-01-22 02:00:00+00:00
[2026-01-22T01:09:24.920+0000] {processor.py:183} INFO - Processing /opt/airflow/dags/pipeline_scheduled.py took 0.116 seconds
[2026-01-22T01:09:55.187+0000] {processor.py:161} INFO - Started process (PID=50654) to work on /opt/airflow/dags/pipeline_scheduled.py
[2026-01-22T01:09:55.189+0000] {processor.py:830} INFO - Processing file /opt/airflow/dags/pipeline_scheduled.py for tasks to queue
[2026-01-22T01:09:55.190+0000] {logging_mixin.py:188} INFO - [2026-01-22T01:09:55.189+0000] {dagbag.py:545} INFO - Filling up the DagBag from /opt/airflow/dags/pipeline_scheduled.py
[2026-01-22T01:09:55.217+0000] {processor.py:840} INFO - DAG(s) 'pipeline_scheduled' retrieved from /opt/airflow/dags/pipeline_scheduled.py
[2026-01-22T01:09:55.257+0000] {logging_mixin.py:188} INFO - [2026-01-22T01:09:55.257+0000] {dag.py:3089} INFO - Sync 1 DAGs
[2026-01-22T01:09:55.282+0000] {logging_mixin.py:188} INFO - [2026-01-22T01:09:55.282+0000] {dag.py:3947} INFO - Setting next_dagrun for pipeline_scheduled to 2026-01-22 01:00:00+00:00, run_after=2026-01-22 02:00:00+00:00
[2026-01-22T01:09:55.304+0000] {processor.py:183} INFO - Processing /opt/airflow/dags/pipeline_scheduled.py took 0.124 seconds
[2026-01-22T01:10:25.573+0000] {processor.py:161} INFO - Started process (PID=50664) to work on /opt/airflow/dags/pipeline_scheduled.py
[2026-01-22T01:10:25.575+0000] {processor.py:830} INFO - Processing file /opt/airflow/dags/pipeline_scheduled.py for tasks to queue
[2026-01-22T01:10:25.576+0000] {logging_mixin.py:188} INFO - [2026-01-22T01:10:25.576+0000] {dagbag.py:545} INFO - Filling up the DagBag from /opt/airflow/dags/pipeline_scheduled.py
[2026-01-22T01:10:25.603+0000] {processor.py:840} INFO - DAG(s) 'pipeline_scheduled' retrieved from /opt/airflow/dags/pipeline_scheduled.py
[2026-01-22T01:10:25.642+0000] {logging_mixin.py:188} INFO - [2026-01-22T01:10:25.642+0000] {dag.py:3089} INFO - Sync 1 DAGs
[2026-01-22T01:10:25.666+0000] {logging_mixin.py:188} INFO - [2026-01-22T01:10:25.666+0000] {dag.py:3947} INFO - Setting next_dagrun for pipeline_scheduled to 2026-01-22 01:00:00+00:00, run_after=2026-01-22 02:00:00+00:00
[2026-01-22T01:10:25.689+0000] {processor.py:183} INFO - Processing /opt/airflow/dags/pipeline_scheduled.py took 0.123 seconds
[2026-01-22T01:10:55.997+0000] {processor.py:161} INFO - Started process (PID=50680) to work on /opt/airflow/dags/pipeline_scheduled.py
[2026-01-22T01:10:55.998+0000] {processor.py:830} INFO - Processing file /opt/airflow/dags/pipeline_scheduled.py for tasks to queue
[2026-01-22T01:10:55.999+0000] {logging_mixin.py:188} INFO - [2026-01-22T01:10:55.998+0000] {dagbag.py:545} INFO - Filling up the DagBag from /opt/airflow/dags/pipeline_scheduled.py
[2026-01-22T01:10:56.025+0000] {processor.py:840} INFO - DAG(s) 'pipeline_scheduled' retrieved from /opt/airflow/dags/pipeline_scheduled.py
[2026-01-22T01:10:56.064+0000] {logging_mixin.py:188} INFO - [2026-01-22T01:10:56.064+0000] {dag.py:3089} INFO - Sync 1 DAGs
[2026-01-22T01:10:56.091+0000] {logging_mixin.py:188} INFO - [2026-01-22T01:10:56.091+0000] {dag.py:3947} INFO - Setting next_dagrun for pipeline_scheduled to 2026-01-22 01:00:00+00:00, run_after=2026-01-22 02:00:00+00:00
[2026-01-22T01:10:56.113+0000] {processor.py:183} INFO - Processing /opt/airflow/dags/pipeline_scheduled.py took 0.123 seconds
[2026-01-22T01:11:26.384+0000] {processor.py:161} INFO - Started process (PID=50690) to work on /opt/airflow/dags/pipeline_scheduled.py
[2026-01-22T01:11:26.385+0000] {processor.py:830} INFO - Processing file /opt/airflow/dags/pipeline_scheduled.py for tasks to queue
[2026-01-22T01:11:26.387+0000] {logging_mixin.py:188} INFO - [2026-01-22T01:11:26.386+0000] {dagbag.py:545} INFO - Filling up the DagBag from /opt/airflow/dags/pipeline_scheduled.py
[2026-01-22T01:11:26.417+0000] {processor.py:840} INFO - DAG(s) 'pipeline_scheduled' retrieved from /opt/airflow/dags/pipeline_scheduled.py
[2026-01-22T01:11:26.466+0000] {logging_mixin.py:188} INFO - [2026-01-22T01:11:26.465+0000] {dag.py:3089} INFO - Sync 1 DAGs
[2026-01-22T01:11:26.492+0000] {logging_mixin.py:188} INFO - [2026-01-22T01:11:26.492+0000] {dag.py:3947} INFO - Setting next_dagrun for pipeline_scheduled to 2026-01-22 01:00:00+00:00, run_after=2026-01-22 02:00:00+00:00
[2026-01-22T01:11:26.516+0000] {processor.py:183} INFO - Processing /opt/airflow/dags/pipeline_scheduled.py took 0.140 seconds
[2026-01-22T01:11:56.800+0000] {processor.py:161} INFO - Started process (PID=50700) to work on /opt/airflow/dags/pipeline_scheduled.py
[2026-01-22T01:11:56.801+0000] {processor.py:830} INFO - Processing file /opt/airflow/dags/pipeline_scheduled.py for tasks to queue
[2026-01-22T01:11:56.802+0000] {logging_mixin.py:188} INFO - [2026-01-22T01:11:56.802+0000] {dagbag.py:545} INFO - Filling up the DagBag from /opt/airflow/dags/pipeline_scheduled.py
[2026-01-22T01:11:56.832+0000] {processor.py:840} INFO - DAG(s) 'pipeline_scheduled' retrieved from /opt/airflow/dags/pipeline_scheduled.py
[2026-01-22T01:11:56.873+0000] {logging_mixin.py:188} INFO - [2026-01-22T01:11:56.873+0000] {dag.py:3089} INFO - Sync 1 DAGs
[2026-01-22T01:11:56.900+0000] {logging_mixin.py:188} INFO - [2026-01-22T01:11:56.900+0000] {dag.py:3947} INFO - Setting next_dagrun for pipeline_scheduled to 2026-01-22 01:00:00+00:00, run_after=2026-01-22 02:00:00+00:00
[2026-01-22T01:11:56.925+0000] {processor.py:183} INFO - Processing /opt/airflow/dags/pipeline_scheduled.py took 0.132 seconds
[2026-01-22T01:12:27.206+0000] {processor.py:161} INFO - Started process (PID=50710) to work on /opt/airflow/dags/pipeline_scheduled.py
[2026-01-22T01:12:27.208+0000] {processor.py:830} INFO - Processing file /opt/airflow/dags/pipeline_scheduled.py for tasks to queue
[2026-01-22T01:12:27.209+0000] {logging_mixin.py:188} INFO - [2026-01-22T01:12:27.209+0000] {dagbag.py:545} INFO - Filling up the DagBag from /opt/airflow/dags/pipeline_scheduled.py
[2026-01-22T01:12:27.235+0000] {processor.py:840} INFO - DAG(s) 'pipeline_scheduled' retrieved from /opt/airflow/dags/pipeline_scheduled.py
[2026-01-22T01:12:27.275+0000] {logging_mixin.py:188} INFO - [2026-01-22T01:12:27.274+0000] {dag.py:3089} INFO - Sync 1 DAGs
[2026-01-22T01:12:27.299+0000] {logging_mixin.py:188} INFO - [2026-01-22T01:12:27.299+0000] {dag.py:3947} INFO - Setting next_dagrun for pipeline_scheduled to 2026-01-22 01:00:00+00:00, run_after=2026-01-22 02:00:00+00:00
[2026-01-22T01:12:27.320+0000] {processor.py:183} INFO - Processing /opt/airflow/dags/pipeline_scheduled.py took 0.122 seconds
[2026-01-22T01:12:57.598+0000] {processor.py:161} INFO - Started process (PID=50720) to work on /opt/airflow/dags/pipeline_scheduled.py
[2026-01-22T01:12:57.599+0000] {processor.py:830} INFO - Processing file /opt/airflow/dags/pipeline_scheduled.py for tasks to queue
[2026-01-22T01:12:57.601+0000] {logging_mixin.py:188} INFO - [2026-01-22T01:12:57.600+0000] {dagbag.py:545} INFO - Filling up the DagBag from /opt/airflow/dags/pipeline_scheduled.py
[2026-01-22T01:12:57.628+0000] {processor.py:840} INFO - DAG(s) 'pipeline_scheduled' retrieved from /opt/airflow/dags/pipeline_scheduled.py
[2026-01-22T01:12:57.667+0000] {logging_mixin.py:188} INFO - [2026-01-22T01:12:57.667+0000] {dag.py:3089} INFO - Sync 1 DAGs
[2026-01-22T01:12:57.691+0000] {logging_mixin.py:188} INFO - [2026-01-22T01:12:57.691+0000] {dag.py:3947} INFO - Setting next_dagrun for pipeline_scheduled to 2026-01-22 01:00:00+00:00, run_after=2026-01-22 02:00:00+00:00
[2026-01-22T01:12:57.714+0000] {processor.py:183} INFO - Processing /opt/airflow/dags/pipeline_scheduled.py took 0.122 seconds
[2026-01-22T01:13:27.989+0000] {processor.py:161} INFO - Started process (PID=50730) to work on /opt/airflow/dags/pipeline_scheduled.py
[2026-01-22T01:13:27.990+0000] {processor.py:830} INFO - Processing file /opt/airflow/dags/pipeline_scheduled.py for tasks to queue
[2026-01-22T01:13:27.991+0000] {logging_mixin.py:188} INFO - [2026-01-22T01:13:27.991+0000] {dagbag.py:545} INFO - Filling up the DagBag from /opt/airflow/dags/pipeline_scheduled.py
[2026-01-22T01:13:28.021+0000] {processor.py:840} INFO - DAG(s) 'pipeline_scheduled' retrieved from /opt/airflow/dags/pipeline_scheduled.py
[2026-01-22T01:13:28.061+0000] {logging_mixin.py:188} INFO - [2026-01-22T01:13:28.061+0000] {dag.py:3089} INFO - Sync 1 DAGs
[2026-01-22T01:13:28.087+0000] {logging_mixin.py:188} INFO - [2026-01-22T01:13:28.086+0000] {dag.py:3947} INFO - Setting next_dagrun for pipeline_scheduled to 2026-01-22 01:00:00+00:00, run_after=2026-01-22 02:00:00+00:00
[2026-01-22T01:13:28.108+0000] {processor.py:183} INFO - Processing /opt/airflow/dags/pipeline_scheduled.py took 0.127 seconds
[2026-01-22T01:13:58.381+0000] {processor.py:161} INFO - Started process (PID=50740) to work on /opt/airflow/dags/pipeline_scheduled.py
[2026-01-22T01:13:58.382+0000] {processor.py:830} INFO - Processing file /opt/airflow/dags/pipeline_scheduled.py for tasks to queue
[2026-01-22T01:13:58.383+0000] {logging_mixin.py:188} INFO - [2026-01-22T01:13:58.383+0000] {dagbag.py:545} INFO - Filling up the DagBag from /opt/airflow/dags/pipeline_scheduled.py
[2026-01-22T01:13:58.411+0000] {processor.py:840} INFO - DAG(s) 'pipeline_scheduled' retrieved from /opt/airflow/dags/pipeline_scheduled.py
[2026-01-22T01:13:58.452+0000] {logging_mixin.py:188} INFO - [2026-01-22T01:13:58.452+0000] {dag.py:3089} INFO - Sync 1 DAGs
[2026-01-22T01:13:58.477+0000] {logging_mixin.py:188} INFO - [2026-01-22T01:13:58.477+0000] {dag.py:3947} INFO - Setting next_dagrun for pipeline_scheduled to 2026-01-22 01:00:00+00:00, run_after=2026-01-22 02:00:00+00:00
[2026-01-22T01:13:58.499+0000] {processor.py:183} INFO - Processing /opt/airflow/dags/pipeline_scheduled.py took 0.125 seconds
[2026-01-22T01:14:28.782+0000] {processor.py:161} INFO - Started process (PID=50750) to work on /opt/airflow/dags/pipeline_scheduled.py
[2026-01-22T01:14:28.783+0000] {processor.py:830} INFO - Processing file /opt/airflow/dags/pipeline_scheduled.py for tasks to queue
[2026-01-22T01:14:28.784+0000] {logging_mixin.py:188} INFO - [2026-01-22T01:14:28.784+0000] {dagbag.py:545} INFO - Filling up the DagBag from /opt/airflow/dags/pipeline_scheduled.py
[2026-01-22T01:14:28.812+0000] {processor.py:840} INFO - DAG(s) 'pipeline_scheduled' retrieved from /opt/airflow/dags/pipeline_scheduled.py
[2026-01-22T01:14:28.852+0000] {logging_mixin.py:188} INFO - [2026-01-22T01:14:28.852+0000] {dag.py:3089} INFO - Sync 1 DAGs
[2026-01-22T01:14:28.877+0000] {logging_mixin.py:188} INFO - [2026-01-22T01:14:28.877+0000] {dag.py:3947} INFO - Setting next_dagrun for pipeline_scheduled to 2026-01-22 01:00:00+00:00, run_after=2026-01-22 02:00:00+00:00
[2026-01-22T01:14:28.898+0000] {processor.py:183} INFO - Processing /opt/airflow/dags/pipeline_scheduled.py took 0.122 seconds
[2026-01-22T01:14:59.186+0000] {processor.py:161} INFO - Started process (PID=50760) to work on /opt/airflow/dags/pipeline_scheduled.py
[2026-01-22T01:14:59.187+0000] {processor.py:830} INFO - Processing file /opt/airflow/dags/pipeline_scheduled.py for tasks to queue
[2026-01-22T01:14:59.189+0000] {logging_mixin.py:188} INFO - [2026-01-22T01:14:59.188+0000] {dagbag.py:545} INFO - Filling up the DagBag from /opt/airflow/dags/pipeline_scheduled.py
[2026-01-22T01:14:59.215+0000] {processor.py:840} INFO - DAG(s) 'pipeline_scheduled' retrieved from /opt/airflow/dags/pipeline_scheduled.py
[2026-01-22T01:14:59.255+0000] {logging_mixin.py:188} INFO - [2026-01-22T01:14:59.255+0000] {dag.py:3089} INFO - Sync 1 DAGs
[2026-01-22T01:14:59.281+0000] {logging_mixin.py:188} INFO - [2026-01-22T01:14:59.280+0000] {dag.py:3947} INFO - Setting next_dagrun for pipeline_scheduled to 2026-01-22 01:00:00+00:00, run_after=2026-01-22 02:00:00+00:00
[2026-01-22T01:14:59.303+0000] {processor.py:183} INFO - Processing /opt/airflow/dags/pipeline_scheduled.py took 0.124 seconds
[2026-01-22T01:15:29.579+0000] {processor.py:161} INFO - Started process (PID=50770) to work on /opt/airflow/dags/pipeline_scheduled.py
[2026-01-22T01:15:29.580+0000] {processor.py:830} INFO - Processing file /opt/airflow/dags/pipeline_scheduled.py for tasks to queue
[2026-01-22T01:15:29.581+0000] {logging_mixin.py:188} INFO - [2026-01-22T01:15:29.581+0000] {dagbag.py:545} INFO - Filling up the DagBag from /opt/airflow/dags/pipeline_scheduled.py
[2026-01-22T01:15:29.609+0000] {processor.py:840} INFO - DAG(s) 'pipeline_scheduled' retrieved from /opt/airflow/dags/pipeline_scheduled.py
[2026-01-22T01:15:29.648+0000] {logging_mixin.py:188} INFO - [2026-01-22T01:15:29.648+0000] {dag.py:3089} INFO - Sync 1 DAGs
[2026-01-22T01:15:29.672+0000] {logging_mixin.py:188} INFO - [2026-01-22T01:15:29.671+0000] {dag.py:3947} INFO - Setting next_dagrun for pipeline_scheduled to 2026-01-22 01:00:00+00:00, run_after=2026-01-22 02:00:00+00:00
[2026-01-22T01:15:29.693+0000] {processor.py:183} INFO - Processing /opt/airflow/dags/pipeline_scheduled.py took 0.122 seconds
[2026-01-22T01:16:00.017+0000] {processor.py:161} INFO - Started process (PID=50780) to work on /opt/airflow/dags/pipeline_scheduled.py
[2026-01-22T01:16:00.019+0000] {processor.py:830} INFO - Processing file /opt/airflow/dags/pipeline_scheduled.py for tasks to queue
[2026-01-22T01:16:00.020+0000] {logging_mixin.py:188} INFO - [2026-01-22T01:16:00.020+0000] {dagbag.py:545} INFO - Filling up the DagBag from /opt/airflow/dags/pipeline_scheduled.py
[2026-01-22T01:16:00.049+0000] {processor.py:840} INFO - DAG(s) 'pipeline_scheduled' retrieved from /opt/airflow/dags/pipeline_scheduled.py
[2026-01-22T01:16:00.094+0000] {logging_mixin.py:188} INFO - [2026-01-22T01:16:00.094+0000] {dag.py:3089} INFO - Sync 1 DAGs
[2026-01-22T01:16:00.119+0000] {logging_mixin.py:188} INFO - [2026-01-22T01:16:00.119+0000] {dag.py:3947} INFO - Setting next_dagrun for pipeline_scheduled to 2026-01-22 01:00:00+00:00, run_after=2026-01-22 02:00:00+00:00
[2026-01-22T01:16:00.140+0000] {processor.py:183} INFO - Processing /opt/airflow/dags/pipeline_scheduled.py took 0.131 seconds
[2026-01-22T01:16:30.404+0000] {processor.py:161} INFO - Started process (PID=50790) to work on /opt/airflow/dags/pipeline_scheduled.py
[2026-01-22T01:16:30.405+0000] {processor.py:830} INFO - Processing file /opt/airflow/dags/pipeline_scheduled.py for tasks to queue
[2026-01-22T01:16:30.406+0000] {logging_mixin.py:188} INFO - [2026-01-22T01:16:30.406+0000] {dagbag.py:545} INFO - Filling up the DagBag from /opt/airflow/dags/pipeline_scheduled.py
[2026-01-22T01:16:30.431+0000] {processor.py:840} INFO - DAG(s) 'pipeline_scheduled' retrieved from /opt/airflow/dags/pipeline_scheduled.py
[2026-01-22T01:16:30.464+0000] {logging_mixin.py:188} INFO - [2026-01-22T01:16:30.464+0000] {dag.py:3089} INFO - Sync 1 DAGs
[2026-01-22T01:16:30.487+0000] {logging_mixin.py:188} INFO - [2026-01-22T01:16:30.487+0000] {dag.py:3947} INFO - Setting next_dagrun for pipeline_scheduled to 2026-01-22 01:00:00+00:00, run_after=2026-01-22 02:00:00+00:00
[2026-01-22T01:16:30.506+0000] {processor.py:183} INFO - Processing /opt/airflow/dags/pipeline_scheduled.py took 0.108 seconds
[2026-01-22T01:17:00.762+0000] {processor.py:161} INFO - Started process (PID=50800) to work on /opt/airflow/dags/pipeline_scheduled.py
[2026-01-22T01:17:00.763+0000] {processor.py:830} INFO - Processing file /opt/airflow/dags/pipeline_scheduled.py for tasks to queue
[2026-01-22T01:17:00.764+0000] {logging_mixin.py:188} INFO - [2026-01-22T01:17:00.764+0000] {dagbag.py:545} INFO - Filling up the DagBag from /opt/airflow/dags/pipeline_scheduled.py
[2026-01-22T01:17:00.789+0000] {processor.py:840} INFO - DAG(s) 'pipeline_scheduled' retrieved from /opt/airflow/dags/pipeline_scheduled.py
[2026-01-22T01:17:00.823+0000] {logging_mixin.py:188} INFO - [2026-01-22T01:17:00.823+0000] {dag.py:3089} INFO - Sync 1 DAGs
[2026-01-22T01:17:00.846+0000] {logging_mixin.py:188} INFO - [2026-01-22T01:17:00.846+0000] {dag.py:3947} INFO - Setting next_dagrun for pipeline_scheduled to 2026-01-22 01:00:00+00:00, run_after=2026-01-22 02:00:00+00:00
[2026-01-22T01:17:00.867+0000] {processor.py:183} INFO - Processing /opt/airflow/dags/pipeline_scheduled.py took 0.112 seconds
[2026-01-22T01:17:31.160+0000] {processor.py:161} INFO - Started process (PID=50810) to work on /opt/airflow/dags/pipeline_scheduled.py
[2026-01-22T01:17:31.162+0000] {processor.py:830} INFO - Processing file /opt/airflow/dags/pipeline_scheduled.py for tasks to queue
[2026-01-22T01:17:31.163+0000] {logging_mixin.py:188} INFO - [2026-01-22T01:17:31.163+0000] {dagbag.py:545} INFO - Filling up the DagBag from /opt/airflow/dags/pipeline_scheduled.py
[2026-01-22T01:17:31.204+0000] {processor.py:840} INFO - DAG(s) 'pipeline_scheduled' retrieved from /opt/airflow/dags/pipeline_scheduled.py
[2026-01-22T01:17:31.248+0000] {logging_mixin.py:188} INFO - [2026-01-22T01:17:31.247+0000] {dag.py:3089} INFO - Sync 1 DAGs
[2026-01-22T01:17:31.274+0000] {logging_mixin.py:188} INFO - [2026-01-22T01:17:31.273+0000] {dag.py:3947} INFO - Setting next_dagrun for pipeline_scheduled to 2026-01-22 01:00:00+00:00, run_after=2026-01-22 02:00:00+00:00
[2026-01-22T01:17:31.295+0000] {processor.py:183} INFO - Processing /opt/airflow/dags/pipeline_scheduled.py took 0.142 seconds
[2026-01-22T01:18:01.557+0000] {processor.py:161} INFO - Started process (PID=50820) to work on /opt/airflow/dags/pipeline_scheduled.py
[2026-01-22T01:18:01.558+0000] {processor.py:830} INFO - Processing file /opt/airflow/dags/pipeline_scheduled.py for tasks to queue
[2026-01-22T01:18:01.560+0000] {logging_mixin.py:188} INFO - [2026-01-22T01:18:01.559+0000] {dagbag.py:545} INFO - Filling up the DagBag from /opt/airflow/dags/pipeline_scheduled.py
[2026-01-22T01:18:01.588+0000] {processor.py:840} INFO - DAG(s) 'pipeline_scheduled' retrieved from /opt/airflow/dags/pipeline_scheduled.py
[2026-01-22T01:18:01.624+0000] {logging_mixin.py:188} INFO - [2026-01-22T01:18:01.624+0000] {dag.py:3089} INFO - Sync 1 DAGs
[2026-01-22T01:18:01.649+0000] {logging_mixin.py:188} INFO - [2026-01-22T01:18:01.649+0000] {dag.py:3947} INFO - Setting next_dagrun for pipeline_scheduled to 2026-01-22 01:00:00+00:00, run_after=2026-01-22 02:00:00+00:00
[2026-01-22T01:18:01.670+0000] {processor.py:183} INFO - Processing /opt/airflow/dags/pipeline_scheduled.py took 0.119 seconds
[2026-01-22T01:18:31.824+0000] {processor.py:161} INFO - Started process (PID=50830) to work on /opt/airflow/dags/pipeline_scheduled.py
[2026-01-22T01:18:31.825+0000] {processor.py:830} INFO - Processing file /opt/airflow/dags/pipeline_scheduled.py for tasks to queue
[2026-01-22T01:18:31.826+0000] {logging_mixin.py:188} INFO - [2026-01-22T01:18:31.826+0000] {dagbag.py:545} INFO - Filling up the DagBag from /opt/airflow/dags/pipeline_scheduled.py
[2026-01-22T01:18:31.850+0000] {processor.py:840} INFO - DAG(s) 'pipeline_scheduled' retrieved from /opt/airflow/dags/pipeline_scheduled.py
[2026-01-22T01:18:31.884+0000] {logging_mixin.py:188} INFO - [2026-01-22T01:18:31.884+0000] {dag.py:3089} INFO - Sync 1 DAGs
[2026-01-22T01:18:31.906+0000] {logging_mixin.py:188} INFO - [2026-01-22T01:18:31.906+0000] {dag.py:3947} INFO - Setting next_dagrun for pipeline_scheduled to 2026-01-22 01:00:00+00:00, run_after=2026-01-22 02:00:00+00:00
[2026-01-22T01:18:31.923+0000] {processor.py:183} INFO - Processing /opt/airflow/dags/pipeline_scheduled.py took 0.105 seconds
[2026-01-22T01:19:02.203+0000] {processor.py:161} INFO - Started process (PID=50840) to work on /opt/airflow/dags/pipeline_scheduled.py
[2026-01-22T01:19:02.205+0000] {processor.py:830} INFO - Processing file /opt/airflow/dags/pipeline_scheduled.py for tasks to queue
[2026-01-22T01:19:02.206+0000] {logging_mixin.py:188} INFO - [2026-01-22T01:19:02.206+0000] {dagbag.py:545} INFO - Filling up the DagBag from /opt/airflow/dags/pipeline_scheduled.py
[2026-01-22T01:19:02.233+0000] {processor.py:840} INFO - DAG(s) 'pipeline_scheduled' retrieved from /opt/airflow/dags/pipeline_scheduled.py
[2026-01-22T01:19:02.275+0000] {logging_mixin.py:188} INFO - [2026-01-22T01:19:02.275+0000] {dag.py:3089} INFO - Sync 1 DAGs
[2026-01-22T01:19:02.300+0000] {logging_mixin.py:188} INFO - [2026-01-22T01:19:02.300+0000] {dag.py:3947} INFO - Setting next_dagrun for pipeline_scheduled to 2026-01-22 01:00:00+00:00, run_after=2026-01-22 02:00:00+00:00
[2026-01-22T01:19:02.322+0000] {processor.py:183} INFO - Processing /opt/airflow/dags/pipeline_scheduled.py took 0.126 seconds
[2026-01-22T01:19:32.601+0000] {processor.py:161} INFO - Started process (PID=50850) to work on /opt/airflow/dags/pipeline_scheduled.py
[2026-01-22T01:19:32.602+0000] {processor.py:830} INFO - Processing file /opt/airflow/dags/pipeline_scheduled.py for tasks to queue
[2026-01-22T01:19:32.603+0000] {logging_mixin.py:188} INFO - [2026-01-22T01:19:32.603+0000] {dagbag.py:545} INFO - Filling up the DagBag from /opt/airflow/dags/pipeline_scheduled.py
[2026-01-22T01:19:32.629+0000] {processor.py:840} INFO - DAG(s) 'pipeline_scheduled' retrieved from /opt/airflow/dags/pipeline_scheduled.py
[2026-01-22T01:19:32.665+0000] {logging_mixin.py:188} INFO - [2026-01-22T01:19:32.665+0000] {dag.py:3089} INFO - Sync 1 DAGs
[2026-01-22T01:19:32.688+0000] {logging_mixin.py:188} INFO - [2026-01-22T01:19:32.687+0000] {dag.py:3947} INFO - Setting next_dagrun for pipeline_scheduled to 2026-01-22 01:00:00+00:00, run_after=2026-01-22 02:00:00+00:00
[2026-01-22T01:19:32.710+0000] {processor.py:183} INFO - Processing /opt/airflow/dags/pipeline_scheduled.py took 0.116 seconds
[2026-01-22T01:20:02.987+0000] {processor.py:161} INFO - Started process (PID=50860) to work on /opt/airflow/dags/pipeline_scheduled.py
[2026-01-22T01:20:02.988+0000] {processor.py:830} INFO - Processing file /opt/airflow/dags/pipeline_scheduled.py for tasks to queue
[2026-01-22T01:20:02.989+0000] {logging_mixin.py:188} INFO - [2026-01-22T01:20:02.989+0000] {dagbag.py:545} INFO - Filling up the DagBag from /opt/airflow/dags/pipeline_scheduled.py
[2026-01-22T01:20:03.016+0000] {processor.py:840} INFO - DAG(s) 'pipeline_scheduled' retrieved from /opt/airflow/dags/pipeline_scheduled.py
[2026-01-22T01:20:03.055+0000] {logging_mixin.py:188} INFO - [2026-01-22T01:20:03.055+0000] {dag.py:3089} INFO - Sync 1 DAGs
[2026-01-22T01:20:03.080+0000] {logging_mixin.py:188} INFO - [2026-01-22T01:20:03.079+0000] {dag.py:3947} INFO - Setting next_dagrun for pipeline_scheduled to 2026-01-22 01:00:00+00:00, run_after=2026-01-22 02:00:00+00:00
[2026-01-22T01:20:03.102+0000] {processor.py:183} INFO - Processing /opt/airflow/dags/pipeline_scheduled.py took 0.123 seconds
[2026-01-22T01:20:33.377+0000] {processor.py:161} INFO - Started process (PID=50870) to work on /opt/airflow/dags/pipeline_scheduled.py
[2026-01-22T01:20:33.378+0000] {processor.py:830} INFO - Processing file /opt/airflow/dags/pipeline_scheduled.py for tasks to queue
[2026-01-22T01:20:33.379+0000] {logging_mixin.py:188} INFO - [2026-01-22T01:20:33.379+0000] {dagbag.py:545} INFO - Filling up the DagBag from /opt/airflow/dags/pipeline_scheduled.py
[2026-01-22T01:20:33.405+0000] {processor.py:840} INFO - DAG(s) 'pipeline_scheduled' retrieved from /opt/airflow/dags/pipeline_scheduled.py
[2026-01-22T01:20:33.443+0000] {logging_mixin.py:188} INFO - [2026-01-22T01:20:33.443+0000] {dag.py:3089} INFO - Sync 1 DAGs
[2026-01-22T01:20:33.469+0000] {logging_mixin.py:188} INFO - [2026-01-22T01:20:33.469+0000] {dag.py:3947} INFO - Setting next_dagrun for pipeline_scheduled to 2026-01-22 01:00:00+00:00, run_after=2026-01-22 02:00:00+00:00
[2026-01-22T01:20:33.492+0000] {processor.py:183} INFO - Processing /opt/airflow/dags/pipeline_scheduled.py took 0.122 seconds
[2026-01-22T01:21:03.814+0000] {processor.py:161} INFO - Started process (PID=50886) to work on /opt/airflow/dags/pipeline_scheduled.py
[2026-01-22T01:21:03.815+0000] {processor.py:830} INFO - Processing file /opt/airflow/dags/pipeline_scheduled.py for tasks to queue
[2026-01-22T01:21:03.816+0000] {logging_mixin.py:188} INFO - [2026-01-22T01:21:03.815+0000] {dagbag.py:545} INFO - Filling up the DagBag from /opt/airflow/dags/pipeline_scheduled.py
[2026-01-22T01:21:03.845+0000] {processor.py:840} INFO - DAG(s) 'pipeline_scheduled' retrieved from /opt/airflow/dags/pipeline_scheduled.py
[2026-01-22T01:21:03.885+0000] {logging_mixin.py:188} INFO - [2026-01-22T01:21:03.884+0000] {dag.py:3089} INFO - Sync 1 DAGs
[2026-01-22T01:21:03.910+0000] {logging_mixin.py:188} INFO - [2026-01-22T01:21:03.909+0000] {dag.py:3947} INFO - Setting next_dagrun for pipeline_scheduled to 2026-01-22 01:00:00+00:00, run_after=2026-01-22 02:00:00+00:00
[2026-01-22T01:21:03.932+0000] {processor.py:183} INFO - Processing /opt/airflow/dags/pipeline_scheduled.py took 0.125 seconds
[2026-01-22T01:21:34.215+0000] {processor.py:161} INFO - Started process (PID=50896) to work on /opt/airflow/dags/pipeline_scheduled.py
[2026-01-22T01:21:34.217+0000] {processor.py:830} INFO - Processing file /opt/airflow/dags/pipeline_scheduled.py for tasks to queue
[2026-01-22T01:21:34.218+0000] {logging_mixin.py:188} INFO - [2026-01-22T01:21:34.217+0000] {dagbag.py:545} INFO - Filling up the DagBag from /opt/airflow/dags/pipeline_scheduled.py
[2026-01-22T01:21:34.242+0000] {processor.py:840} INFO - DAG(s) 'pipeline_scheduled' retrieved from /opt/airflow/dags/pipeline_scheduled.py
[2026-01-22T01:21:34.290+0000] {logging_mixin.py:188} INFO - [2026-01-22T01:21:34.289+0000] {dag.py:3089} INFO - Sync 1 DAGs
[2026-01-22T01:21:34.315+0000] {logging_mixin.py:188} INFO - [2026-01-22T01:21:34.315+0000] {dag.py:3947} INFO - Setting next_dagrun for pipeline_scheduled to 2026-01-22 01:00:00+00:00, run_after=2026-01-22 02:00:00+00:00
[2026-01-22T01:21:34.337+0000] {processor.py:183} INFO - Processing /opt/airflow/dags/pipeline_scheduled.py took 0.128 seconds
[2026-01-22T01:22:04.620+0000] {processor.py:161} INFO - Started process (PID=50906) to work on /opt/airflow/dags/pipeline_scheduled.py
[2026-01-22T01:22:04.621+0000] {processor.py:830} INFO - Processing file /opt/airflow/dags/pipeline_scheduled.py for tasks to queue
[2026-01-22T01:22:04.622+0000] {logging_mixin.py:188} INFO - [2026-01-22T01:22:04.622+0000] {dagbag.py:545} INFO - Filling up the DagBag from /opt/airflow/dags/pipeline_scheduled.py
[2026-01-22T01:22:04.650+0000] {processor.py:840} INFO - DAG(s) 'pipeline_scheduled' retrieved from /opt/airflow/dags/pipeline_scheduled.py
[2026-01-22T01:22:04.691+0000] {logging_mixin.py:188} INFO - [2026-01-22T01:22:04.691+0000] {dag.py:3089} INFO - Sync 1 DAGs
[2026-01-22T01:22:04.716+0000] {logging_mixin.py:188} INFO - [2026-01-22T01:22:04.716+0000] {dag.py:3947} INFO - Setting next_dagrun for pipeline_scheduled to 2026-01-22 01:00:00+00:00, run_after=2026-01-22 02:00:00+00:00
[2026-01-22T01:22:04.738+0000] {processor.py:183} INFO - Processing /opt/airflow/dags/pipeline_scheduled.py took 0.126 seconds
[2026-01-22T01:22:35.018+0000] {processor.py:161} INFO - Started process (PID=50916) to work on /opt/airflow/dags/pipeline_scheduled.py
[2026-01-22T01:22:35.019+0000] {processor.py:830} INFO - Processing file /opt/airflow/dags/pipeline_scheduled.py for tasks to queue
[2026-01-22T01:22:35.020+0000] {logging_mixin.py:188} INFO - [2026-01-22T01:22:35.020+0000] {dagbag.py:545} INFO - Filling up the DagBag from /opt/airflow/dags/pipeline_scheduled.py
[2026-01-22T01:22:35.049+0000] {processor.py:840} INFO - DAG(s) 'pipeline_scheduled' retrieved from /opt/airflow/dags/pipeline_scheduled.py
[2026-01-22T01:22:35.087+0000] {logging_mixin.py:188} INFO - [2026-01-22T01:22:35.087+0000] {dag.py:3089} INFO - Sync 1 DAGs
[2026-01-22T01:22:35.112+0000] {logging_mixin.py:188} INFO - [2026-01-22T01:22:35.112+0000] {dag.py:3947} INFO - Setting next_dagrun for pipeline_scheduled to 2026-01-22 01:00:00+00:00, run_after=2026-01-22 02:00:00+00:00
[2026-01-22T01:22:35.134+0000] {processor.py:183} INFO - Processing /opt/airflow/dags/pipeline_scheduled.py took 0.123 seconds
[2026-01-22T01:23:05.407+0000] {processor.py:161} INFO - Started process (PID=50926) to work on /opt/airflow/dags/pipeline_scheduled.py
[2026-01-22T01:23:05.408+0000] {processor.py:830} INFO - Processing file /opt/airflow/dags/pipeline_scheduled.py for tasks to queue
[2026-01-22T01:23:05.409+0000] {logging_mixin.py:188} INFO - [2026-01-22T01:23:05.409+0000] {dagbag.py:545} INFO - Filling up the DagBag from /opt/airflow/dags/pipeline_scheduled.py
[2026-01-22T01:23:05.437+0000] {processor.py:840} INFO - DAG(s) 'pipeline_scheduled' retrieved from /opt/airflow/dags/pipeline_scheduled.py
[2026-01-22T01:23:05.474+0000] {logging_mixin.py:188} INFO - [2026-01-22T01:23:05.474+0000] {dag.py:3089} INFO - Sync 1 DAGs
[2026-01-22T01:23:05.499+0000] {logging_mixin.py:188} INFO - [2026-01-22T01:23:05.499+0000] {dag.py:3947} INFO - Setting next_dagrun for pipeline_scheduled to 2026-01-22 01:00:00+00:00, run_after=2026-01-22 02:00:00+00:00
[2026-01-22T01:23:05.523+0000] {processor.py:183} INFO - Processing /opt/airflow/dags/pipeline_scheduled.py took 0.124 seconds
[2026-01-22T01:23:35.808+0000] {processor.py:161} INFO - Started process (PID=50936) to work on /opt/airflow/dags/pipeline_scheduled.py
[2026-01-22T01:23:35.810+0000] {processor.py:830} INFO - Processing file /opt/airflow/dags/pipeline_scheduled.py for tasks to queue
[2026-01-22T01:23:35.811+0000] {logging_mixin.py:188} INFO - [2026-01-22T01:23:35.810+0000] {dagbag.py:545} INFO - Filling up the DagBag from /opt/airflow/dags/pipeline_scheduled.py
[2026-01-22T01:23:35.840+0000] {processor.py:840} INFO - DAG(s) 'pipeline_scheduled' retrieved from /opt/airflow/dags/pipeline_scheduled.py
[2026-01-22T01:23:35.883+0000] {logging_mixin.py:188} INFO - [2026-01-22T01:23:35.883+0000] {dag.py:3089} INFO - Sync 1 DAGs
[2026-01-22T01:23:35.909+0000] {logging_mixin.py:188} INFO - [2026-01-22T01:23:35.909+0000] {dag.py:3947} INFO - Setting next_dagrun for pipeline_scheduled to 2026-01-22 01:00:00+00:00, run_after=2026-01-22 02:00:00+00:00
[2026-01-22T01:23:35.931+0000] {processor.py:183} INFO - Processing /opt/airflow/dags/pipeline_scheduled.py took 0.129 seconds
[2026-01-22T01:24:06.192+0000] {processor.py:161} INFO - Started process (PID=50946) to work on /opt/airflow/dags/pipeline_scheduled.py
[2026-01-22T01:24:06.193+0000] {processor.py:830} INFO - Processing file /opt/airflow/dags/pipeline_scheduled.py for tasks to queue
[2026-01-22T01:24:06.194+0000] {logging_mixin.py:188} INFO - [2026-01-22T01:24:06.194+0000] {dagbag.py:545} INFO - Filling up the DagBag from /opt/airflow/dags/pipeline_scheduled.py
[2026-01-22T01:24:06.220+0000] {processor.py:840} INFO - DAG(s) 'pipeline_scheduled' retrieved from /opt/airflow/dags/pipeline_scheduled.py
[2026-01-22T01:24:06.262+0000] {logging_mixin.py:188} INFO - [2026-01-22T01:24:06.262+0000] {dag.py:3089} INFO - Sync 1 DAGs
[2026-01-22T01:24:06.290+0000] {logging_mixin.py:188} INFO - [2026-01-22T01:24:06.289+0000] {dag.py:3947} INFO - Setting next_dagrun for pipeline_scheduled to 2026-01-22 01:00:00+00:00, run_after=2026-01-22 02:00:00+00:00
[2026-01-22T01:24:06.312+0000] {processor.py:183} INFO - Processing /opt/airflow/dags/pipeline_scheduled.py took 0.127 seconds
[2026-01-22T01:24:36.590+0000] {processor.py:161} INFO - Started process (PID=50956) to work on /opt/airflow/dags/pipeline_scheduled.py
[2026-01-22T01:24:36.592+0000] {processor.py:830} INFO - Processing file /opt/airflow/dags/pipeline_scheduled.py for tasks to queue
[2026-01-22T01:24:36.593+0000] {logging_mixin.py:188} INFO - [2026-01-22T01:24:36.592+0000] {dagbag.py:545} INFO - Filling up the DagBag from /opt/airflow/dags/pipeline_scheduled.py
[2026-01-22T01:24:36.622+0000] {processor.py:840} INFO - DAG(s) 'pipeline_scheduled' retrieved from /opt/airflow/dags/pipeline_scheduled.py
[2026-01-22T01:24:36.665+0000] {logging_mixin.py:188} INFO - [2026-01-22T01:24:36.665+0000] {dag.py:3089} INFO - Sync 1 DAGs
[2026-01-22T01:24:36.690+0000] {logging_mixin.py:188} INFO - [2026-01-22T01:24:36.690+0000] {dag.py:3947} INFO - Setting next_dagrun for pipeline_scheduled to 2026-01-22 01:00:00+00:00, run_after=2026-01-22 02:00:00+00:00
[2026-01-22T01:24:36.712+0000] {processor.py:183} INFO - Processing /opt/airflow/dags/pipeline_scheduled.py took 0.129 seconds
[2026-01-22T01:25:06.989+0000] {processor.py:161} INFO - Started process (PID=50966) to work on /opt/airflow/dags/pipeline_scheduled.py
[2026-01-22T01:25:06.990+0000] {processor.py:830} INFO - Processing file /opt/airflow/dags/pipeline_scheduled.py for tasks to queue
[2026-01-22T01:25:06.991+0000] {logging_mixin.py:188} INFO - [2026-01-22T01:25:06.991+0000] {dagbag.py:545} INFO - Filling up the DagBag from /opt/airflow/dags/pipeline_scheduled.py
[2026-01-22T01:25:07.018+0000] {processor.py:840} INFO - DAG(s) 'pipeline_scheduled' retrieved from /opt/airflow/dags/pipeline_scheduled.py
[2026-01-22T01:25:07.058+0000] {logging_mixin.py:188} INFO - [2026-01-22T01:25:07.058+0000] {dag.py:3089} INFO - Sync 1 DAGs
[2026-01-22T01:25:07.082+0000] {logging_mixin.py:188} INFO - [2026-01-22T01:25:07.082+0000] {dag.py:3947} INFO - Setting next_dagrun for pipeline_scheduled to 2026-01-22 01:00:00+00:00, run_after=2026-01-22 02:00:00+00:00
[2026-01-22T01:25:07.102+0000] {processor.py:183} INFO - Processing /opt/airflow/dags/pipeline_scheduled.py took 0.121 seconds
[2026-01-22T01:25:37.382+0000] {processor.py:161} INFO - Started process (PID=50976) to work on /opt/airflow/dags/pipeline_scheduled.py
[2026-01-22T01:25:37.384+0000] {processor.py:830} INFO - Processing file /opt/airflow/dags/pipeline_scheduled.py for tasks to queue
[2026-01-22T01:25:37.385+0000] {logging_mixin.py:188} INFO - [2026-01-22T01:25:37.384+0000] {dagbag.py:545} INFO - Filling up the DagBag from /opt/airflow/dags/pipeline_scheduled.py
[2026-01-22T01:25:37.411+0000] {processor.py:840} INFO - DAG(s) 'pipeline_scheduled' retrieved from /opt/airflow/dags/pipeline_scheduled.py
[2026-01-22T01:25:37.450+0000] {logging_mixin.py:188} INFO - [2026-01-22T01:25:37.450+0000] {dag.py:3089} INFO - Sync 1 DAGs
[2026-01-22T01:25:37.475+0000] {logging_mixin.py:188} INFO - [2026-01-22T01:25:37.475+0000] {dag.py:3947} INFO - Setting next_dagrun for pipeline_scheduled to 2026-01-22 01:00:00+00:00, run_after=2026-01-22 02:00:00+00:00
[2026-01-22T01:25:37.496+0000] {processor.py:183} INFO - Processing /opt/airflow/dags/pipeline_scheduled.py took 0.120 seconds
[2026-01-22T01:26:07.817+0000] {processor.py:161} INFO - Started process (PID=50986) to work on /opt/airflow/dags/pipeline_scheduled.py
[2026-01-22T01:26:07.818+0000] {processor.py:830} INFO - Processing file /opt/airflow/dags/pipeline_scheduled.py for tasks to queue
[2026-01-22T01:26:07.820+0000] {logging_mixin.py:188} INFO - [2026-01-22T01:26:07.819+0000] {dagbag.py:545} INFO - Filling up the DagBag from /opt/airflow/dags/pipeline_scheduled.py
[2026-01-22T01:26:07.847+0000] {processor.py:840} INFO - DAG(s) 'pipeline_scheduled' retrieved from /opt/airflow/dags/pipeline_scheduled.py
[2026-01-22T01:26:07.888+0000] {logging_mixin.py:188} INFO - [2026-01-22T01:26:07.888+0000] {dag.py:3089} INFO - Sync 1 DAGs
[2026-01-22T01:26:07.917+0000] {logging_mixin.py:188} INFO - [2026-01-22T01:26:07.917+0000] {dag.py:3947} INFO - Setting next_dagrun for pipeline_scheduled to 2026-01-22 01:00:00+00:00, run_after=2026-01-22 02:00:00+00:00
[2026-01-22T01:26:07.937+0000] {processor.py:183} INFO - Processing /opt/airflow/dags/pipeline_scheduled.py took 0.128 seconds
[2026-01-22T01:26:38.214+0000] {processor.py:161} INFO - Started process (PID=50996) to work on /opt/airflow/dags/pipeline_scheduled.py
[2026-01-22T01:26:38.216+0000] {processor.py:830} INFO - Processing file /opt/airflow/dags/pipeline_scheduled.py for tasks to queue
[2026-01-22T01:26:38.217+0000] {logging_mixin.py:188} INFO - [2026-01-22T01:26:38.217+0000] {dagbag.py:545} INFO - Filling up the DagBag from /opt/airflow/dags/pipeline_scheduled.py
[2026-01-22T01:26:38.245+0000] {processor.py:840} INFO - DAG(s) 'pipeline_scheduled' retrieved from /opt/airflow/dags/pipeline_scheduled.py
[2026-01-22T01:26:38.287+0000] {logging_mixin.py:188} INFO - [2026-01-22T01:26:38.287+0000] {dag.py:3089} INFO - Sync 1 DAGs
[2026-01-22T01:26:38.315+0000] {logging_mixin.py:188} INFO - [2026-01-22T01:26:38.314+0000] {dag.py:3947} INFO - Setting next_dagrun for pipeline_scheduled to 2026-01-22 01:00:00+00:00, run_after=2026-01-22 02:00:00+00:00
[2026-01-22T01:26:38.337+0000] {processor.py:183} INFO - Processing /opt/airflow/dags/pipeline_scheduled.py took 0.131 seconds
[2026-01-22T01:27:08.610+0000] {processor.py:161} INFO - Started process (PID=51006) to work on /opt/airflow/dags/pipeline_scheduled.py
[2026-01-22T01:27:08.611+0000] {processor.py:830} INFO - Processing file /opt/airflow/dags/pipeline_scheduled.py for tasks to queue
[2026-01-22T01:27:08.612+0000] {logging_mixin.py:188} INFO - [2026-01-22T01:27:08.612+0000] {dagbag.py:545} INFO - Filling up the DagBag from /opt/airflow/dags/pipeline_scheduled.py
[2026-01-22T01:27:08.638+0000] {processor.py:840} INFO - DAG(s) 'pipeline_scheduled' retrieved from /opt/airflow/dags/pipeline_scheduled.py
[2026-01-22T01:27:08.677+0000] {logging_mixin.py:188} INFO - [2026-01-22T01:27:08.677+0000] {dag.py:3089} INFO - Sync 1 DAGs
[2026-01-22T01:27:08.698+0000] {logging_mixin.py:188} INFO - [2026-01-22T01:27:08.698+0000] {dag.py:3947} INFO - Setting next_dagrun for pipeline_scheduled to 2026-01-22 01:00:00+00:00, run_after=2026-01-22 02:00:00+00:00
[2026-01-22T01:27:08.718+0000] {processor.py:183} INFO - Processing /opt/airflow/dags/pipeline_scheduled.py took 0.115 seconds
[2026-01-22T01:27:38.998+0000] {processor.py:161} INFO - Started process (PID=51016) to work on /opt/airflow/dags/pipeline_scheduled.py
[2026-01-22T01:27:39.000+0000] {processor.py:830} INFO - Processing file /opt/airflow/dags/pipeline_scheduled.py for tasks to queue
[2026-01-22T01:27:39.001+0000] {logging_mixin.py:188} INFO - [2026-01-22T01:27:39.000+0000] {dagbag.py:545} INFO - Filling up the DagBag from /opt/airflow/dags/pipeline_scheduled.py
[2026-01-22T01:27:39.028+0000] {processor.py:840} INFO - DAG(s) 'pipeline_scheduled' retrieved from /opt/airflow/dags/pipeline_scheduled.py
[2026-01-22T01:27:39.068+0000] {logging_mixin.py:188} INFO - [2026-01-22T01:27:39.068+0000] {dag.py:3089} INFO - Sync 1 DAGs
[2026-01-22T01:27:39.093+0000] {logging_mixin.py:188} INFO - [2026-01-22T01:27:39.093+0000] {dag.py:3947} INFO - Setting next_dagrun for pipeline_scheduled to 2026-01-22 01:00:00+00:00, run_after=2026-01-22 02:00:00+00:00
[2026-01-22T01:27:39.116+0000] {processor.py:183} INFO - Processing /opt/airflow/dags/pipeline_scheduled.py took 0.126 seconds
[2026-01-22T01:28:09.393+0000] {processor.py:161} INFO - Started process (PID=51026) to work on /opt/airflow/dags/pipeline_scheduled.py
[2026-01-22T01:28:09.394+0000] {processor.py:830} INFO - Processing file /opt/airflow/dags/pipeline_scheduled.py for tasks to queue
[2026-01-22T01:28:09.396+0000] {logging_mixin.py:188} INFO - [2026-01-22T01:28:09.395+0000] {dagbag.py:545} INFO - Filling up the DagBag from /opt/airflow/dags/pipeline_scheduled.py
[2026-01-22T01:28:09.423+0000] {processor.py:840} INFO - DAG(s) 'pipeline_scheduled' retrieved from /opt/airflow/dags/pipeline_scheduled.py
[2026-01-22T01:28:09.464+0000] {logging_mixin.py:188} INFO - [2026-01-22T01:28:09.464+0000] {dag.py:3089} INFO - Sync 1 DAGs
[2026-01-22T01:28:09.489+0000] {logging_mixin.py:188} INFO - [2026-01-22T01:28:09.488+0000] {dag.py:3947} INFO - Setting next_dagrun for pipeline_scheduled to 2026-01-22 01:00:00+00:00, run_after=2026-01-22 02:00:00+00:00
[2026-01-22T01:28:09.510+0000] {processor.py:183} INFO - Processing /opt/airflow/dags/pipeline_scheduled.py took 0.125 seconds
[2026-01-22T01:28:39.788+0000] {processor.py:161} INFO - Started process (PID=51036) to work on /opt/airflow/dags/pipeline_scheduled.py
[2026-01-22T01:28:39.789+0000] {processor.py:830} INFO - Processing file /opt/airflow/dags/pipeline_scheduled.py for tasks to queue
[2026-01-22T01:28:39.790+0000] {logging_mixin.py:188} INFO - [2026-01-22T01:28:39.790+0000] {dagbag.py:545} INFO - Filling up the DagBag from /opt/airflow/dags/pipeline_scheduled.py
[2026-01-22T01:28:39.817+0000] {processor.py:840} INFO - DAG(s) 'pipeline_scheduled' retrieved from /opt/airflow/dags/pipeline_scheduled.py
[2026-01-22T01:28:39.858+0000] {logging_mixin.py:188} INFO - [2026-01-22T01:28:39.857+0000] {dag.py:3089} INFO - Sync 1 DAGs
[2026-01-22T01:28:39.882+0000] {logging_mixin.py:188} INFO - [2026-01-22T01:28:39.882+0000] {dag.py:3947} INFO - Setting next_dagrun for pipeline_scheduled to 2026-01-22 01:00:00+00:00, run_after=2026-01-22 02:00:00+00:00
[2026-01-22T01:28:39.907+0000] {processor.py:183} INFO - Processing /opt/airflow/dags/pipeline_scheduled.py took 0.127 seconds
[2026-01-22T01:29:10.175+0000] {processor.py:161} INFO - Started process (PID=51046) to work on /opt/airflow/dags/pipeline_scheduled.py
[2026-01-22T01:29:10.176+0000] {processor.py:830} INFO - Processing file /opt/airflow/dags/pipeline_scheduled.py for tasks to queue
[2026-01-22T01:29:10.178+0000] {logging_mixin.py:188} INFO - [2026-01-22T01:29:10.177+0000] {dagbag.py:545} INFO - Filling up the DagBag from /opt/airflow/dags/pipeline_scheduled.py
[2026-01-22T01:29:10.205+0000] {processor.py:840} INFO - DAG(s) 'pipeline_scheduled' retrieved from /opt/airflow/dags/pipeline_scheduled.py
[2026-01-22T01:29:10.247+0000] {logging_mixin.py:188} INFO - [2026-01-22T01:29:10.247+0000] {dag.py:3089} INFO - Sync 1 DAGs
[2026-01-22T01:29:10.273+0000] {logging_mixin.py:188} INFO - [2026-01-22T01:29:10.273+0000] {dag.py:3947} INFO - Setting next_dagrun for pipeline_scheduled to 2026-01-22 01:00:00+00:00, run_after=2026-01-22 02:00:00+00:00
[2026-01-22T01:29:10.295+0000] {processor.py:183} INFO - Processing /opt/airflow/dags/pipeline_scheduled.py took 0.128 seconds
[2026-01-22T01:29:40.568+0000] {processor.py:161} INFO - Started process (PID=51056) to work on /opt/airflow/dags/pipeline_scheduled.py
[2026-01-22T01:29:40.569+0000] {processor.py:830} INFO - Processing file /opt/airflow/dags/pipeline_scheduled.py for tasks to queue
[2026-01-22T01:29:40.570+0000] {logging_mixin.py:188} INFO - [2026-01-22T01:29:40.570+0000] {dagbag.py:545} INFO - Filling up the DagBag from /opt/airflow/dags/pipeline_scheduled.py
[2026-01-22T01:29:40.599+0000] {processor.py:840} INFO - DAG(s) 'pipeline_scheduled' retrieved from /opt/airflow/dags/pipeline_scheduled.py
[2026-01-22T01:29:40.638+0000] {logging_mixin.py:188} INFO - [2026-01-22T01:29:40.638+0000] {dag.py:3089} INFO - Sync 1 DAGs
[2026-01-22T01:29:40.663+0000] {logging_mixin.py:188} INFO - [2026-01-22T01:29:40.663+0000] {dag.py:3947} INFO - Setting next_dagrun for pipeline_scheduled to 2026-01-22 01:00:00+00:00, run_after=2026-01-22 02:00:00+00:00
[2026-01-22T01:29:40.683+0000] {processor.py:183} INFO - Processing /opt/airflow/dags/pipeline_scheduled.py took 0.123 seconds
[2026-01-22T01:30:10.954+0000] {processor.py:161} INFO - Started process (PID=51066) to work on /opt/airflow/dags/pipeline_scheduled.py
[2026-01-22T01:30:10.956+0000] {processor.py:830} INFO - Processing file /opt/airflow/dags/pipeline_scheduled.py for tasks to queue
[2026-01-22T01:30:10.957+0000] {logging_mixin.py:188} INFO - [2026-01-22T01:30:10.957+0000] {dagbag.py:545} INFO - Filling up the DagBag from /opt/airflow/dags/pipeline_scheduled.py
[2026-01-22T01:30:10.984+0000] {processor.py:840} INFO - DAG(s) 'pipeline_scheduled' retrieved from /opt/airflow/dags/pipeline_scheduled.py
[2026-01-22T01:30:11.025+0000] {logging_mixin.py:188} INFO - [2026-01-22T01:30:11.025+0000] {dag.py:3089} INFO - Sync 1 DAGs
[2026-01-22T01:30:11.050+0000] {logging_mixin.py:188} INFO - [2026-01-22T01:30:11.050+0000] {dag.py:3947} INFO - Setting next_dagrun for pipeline_scheduled to 2026-01-22 01:00:00+00:00, run_after=2026-01-22 02:00:00+00:00
[2026-01-22T01:30:11.072+0000] {processor.py:183} INFO - Processing /opt/airflow/dags/pipeline_scheduled.py took 0.126 seconds
[2026-01-22T01:30:41.407+0000] {processor.py:161} INFO - Started process (PID=51076) to work on /opt/airflow/dags/pipeline_scheduled.py
[2026-01-22T01:30:41.408+0000] {processor.py:830} INFO - Processing file /opt/airflow/dags/pipeline_scheduled.py for tasks to queue
[2026-01-22T01:30:41.409+0000] {logging_mixin.py:188} INFO - [2026-01-22T01:30:41.409+0000] {dagbag.py:545} INFO - Filling up the DagBag from /opt/airflow/dags/pipeline_scheduled.py
[2026-01-22T01:30:41.436+0000] {processor.py:840} INFO - DAG(s) 'pipeline_scheduled' retrieved from /opt/airflow/dags/pipeline_scheduled.py
[2026-01-22T01:30:41.476+0000] {logging_mixin.py:188} INFO - [2026-01-22T01:30:41.475+0000] {dag.py:3089} INFO - Sync 1 DAGs
[2026-01-22T01:30:41.502+0000] {logging_mixin.py:188} INFO - [2026-01-22T01:30:41.502+0000] {dag.py:3947} INFO - Setting next_dagrun for pipeline_scheduled to 2026-01-22 01:00:00+00:00, run_after=2026-01-22 02:00:00+00:00
[2026-01-22T01:30:41.524+0000] {processor.py:183} INFO - Processing /opt/airflow/dags/pipeline_scheduled.py took 0.125 seconds
[2026-01-22T01:31:11.802+0000] {processor.py:161} INFO - Started process (PID=51092) to work on /opt/airflow/dags/pipeline_scheduled.py
[2026-01-22T01:31:11.803+0000] {processor.py:830} INFO - Processing file /opt/airflow/dags/pipeline_scheduled.py for tasks to queue
[2026-01-22T01:31:11.804+0000] {logging_mixin.py:188} INFO - [2026-01-22T01:31:11.804+0000] {dagbag.py:545} INFO - Filling up the DagBag from /opt/airflow/dags/pipeline_scheduled.py
[2026-01-22T01:31:11.832+0000] {processor.py:840} INFO - DAG(s) 'pipeline_scheduled' retrieved from /opt/airflow/dags/pipeline_scheduled.py
[2026-01-22T01:31:11.873+0000] {logging_mixin.py:188} INFO - [2026-01-22T01:31:11.872+0000] {dag.py:3089} INFO - Sync 1 DAGs
[2026-01-22T01:31:11.899+0000] {logging_mixin.py:188} INFO - [2026-01-22T01:31:11.898+0000] {dag.py:3947} INFO - Setting next_dagrun for pipeline_scheduled to 2026-01-22 01:00:00+00:00, run_after=2026-01-22 02:00:00+00:00
[2026-01-22T01:31:11.920+0000] {processor.py:183} INFO - Processing /opt/airflow/dags/pipeline_scheduled.py took 0.125 seconds
[2026-01-22T01:31:42.194+0000] {processor.py:161} INFO - Started process (PID=51102) to work on /opt/airflow/dags/pipeline_scheduled.py
[2026-01-22T01:31:42.196+0000] {processor.py:830} INFO - Processing file /opt/airflow/dags/pipeline_scheduled.py for tasks to queue
[2026-01-22T01:31:42.197+0000] {logging_mixin.py:188} INFO - [2026-01-22T01:31:42.196+0000] {dagbag.py:545} INFO - Filling up the DagBag from /opt/airflow/dags/pipeline_scheduled.py
[2026-01-22T01:31:42.222+0000] {processor.py:840} INFO - DAG(s) 'pipeline_scheduled' retrieved from /opt/airflow/dags/pipeline_scheduled.py
[2026-01-22T01:31:42.273+0000] {logging_mixin.py:188} INFO - [2026-01-22T01:31:42.273+0000] {dag.py:3089} INFO - Sync 1 DAGs
[2026-01-22T01:31:42.300+0000] {logging_mixin.py:188} INFO - [2026-01-22T01:31:42.300+0000] {dag.py:3947} INFO - Setting next_dagrun for pipeline_scheduled to 2026-01-22 01:00:00+00:00, run_after=2026-01-22 02:00:00+00:00
[2026-01-22T01:31:42.323+0000] {processor.py:183} INFO - Processing /opt/airflow/dags/pipeline_scheduled.py took 0.136 seconds
[2026-01-22T01:32:12.617+0000] {processor.py:161} INFO - Started process (PID=51112) to work on /opt/airflow/dags/pipeline_scheduled.py
[2026-01-22T01:32:12.618+0000] {processor.py:830} INFO - Processing file /opt/airflow/dags/pipeline_scheduled.py for tasks to queue
[2026-01-22T01:32:12.619+0000] {logging_mixin.py:188} INFO - [2026-01-22T01:32:12.619+0000] {dagbag.py:545} INFO - Filling up the DagBag from /opt/airflow/dags/pipeline_scheduled.py
[2026-01-22T01:32:12.646+0000] {processor.py:840} INFO - DAG(s) 'pipeline_scheduled' retrieved from /opt/airflow/dags/pipeline_scheduled.py
[2026-01-22T01:32:12.687+0000] {logging_mixin.py:188} INFO - [2026-01-22T01:32:12.686+0000] {dag.py:3089} INFO - Sync 1 DAGs
[2026-01-22T01:32:12.711+0000] {logging_mixin.py:188} INFO - [2026-01-22T01:32:12.711+0000] {dag.py:3947} INFO - Setting next_dagrun for pipeline_scheduled to 2026-01-22 01:00:00+00:00, run_after=2026-01-22 02:00:00+00:00
[2026-01-22T01:32:12.732+0000] {processor.py:183} INFO - Processing /opt/airflow/dags/pipeline_scheduled.py took 0.123 seconds
[2026-01-22T01:32:43.007+0000] {processor.py:161} INFO - Started process (PID=51122) to work on /opt/airflow/dags/pipeline_scheduled.py
[2026-01-22T01:32:43.008+0000] {processor.py:830} INFO - Processing file /opt/airflow/dags/pipeline_scheduled.py for tasks to queue
[2026-01-22T01:32:43.009+0000] {logging_mixin.py:188} INFO - [2026-01-22T01:32:43.009+0000] {dagbag.py:545} INFO - Filling up the DagBag from /opt/airflow/dags/pipeline_scheduled.py
[2026-01-22T01:32:43.036+0000] {processor.py:840} INFO - DAG(s) 'pipeline_scheduled' retrieved from /opt/airflow/dags/pipeline_scheduled.py
[2026-01-22T01:32:43.077+0000] {logging_mixin.py:188} INFO - [2026-01-22T01:32:43.077+0000] {dag.py:3089} INFO - Sync 1 DAGs
[2026-01-22T01:32:43.101+0000] {logging_mixin.py:188} INFO - [2026-01-22T01:32:43.101+0000] {dag.py:3947} INFO - Setting next_dagrun for pipeline_scheduled to 2026-01-22 01:00:00+00:00, run_after=2026-01-22 02:00:00+00:00
[2026-01-22T01:32:43.122+0000] {processor.py:183} INFO - Processing /opt/airflow/dags/pipeline_scheduled.py took 0.122 seconds
[2026-01-22T01:33:13.406+0000] {processor.py:161} INFO - Started process (PID=51132) to work on /opt/airflow/dags/pipeline_scheduled.py
[2026-01-22T01:33:13.408+0000] {processor.py:830} INFO - Processing file /opt/airflow/dags/pipeline_scheduled.py for tasks to queue
[2026-01-22T01:33:13.409+0000] {logging_mixin.py:188} INFO - [2026-01-22T01:33:13.409+0000] {dagbag.py:545} INFO - Filling up the DagBag from /opt/airflow/dags/pipeline_scheduled.py
[2026-01-22T01:33:13.437+0000] {processor.py:840} INFO - DAG(s) 'pipeline_scheduled' retrieved from /opt/airflow/dags/pipeline_scheduled.py
[2026-01-22T01:33:13.476+0000] {logging_mixin.py:188} INFO - [2026-01-22T01:33:13.476+0000] {dag.py:3089} INFO - Sync 1 DAGs
[2026-01-22T01:33:13.501+0000] {logging_mixin.py:188} INFO - [2026-01-22T01:33:13.500+0000] {dag.py:3947} INFO - Setting next_dagrun for pipeline_scheduled to 2026-01-22 01:00:00+00:00, run_after=2026-01-22 02:00:00+00:00
[2026-01-22T01:33:13.523+0000] {processor.py:183} INFO - Processing /opt/airflow/dags/pipeline_scheduled.py took 0.124 seconds
[2026-01-22T01:33:43.798+0000] {processor.py:161} INFO - Started process (PID=51142) to work on /opt/airflow/dags/pipeline_scheduled.py
[2026-01-22T01:33:43.799+0000] {processor.py:830} INFO - Processing file /opt/airflow/dags/pipeline_scheduled.py for tasks to queue
[2026-01-22T01:33:43.800+0000] {logging_mixin.py:188} INFO - [2026-01-22T01:33:43.800+0000] {dagbag.py:545} INFO - Filling up the DagBag from /opt/airflow/dags/pipeline_scheduled.py
[2026-01-22T01:33:43.827+0000] {processor.py:840} INFO - DAG(s) 'pipeline_scheduled' retrieved from /opt/airflow/dags/pipeline_scheduled.py
[2026-01-22T01:33:43.865+0000] {logging_mixin.py:188} INFO - [2026-01-22T01:33:43.865+0000] {dag.py:3089} INFO - Sync 1 DAGs
[2026-01-22T01:33:43.890+0000] {logging_mixin.py:188} INFO - [2026-01-22T01:33:43.890+0000] {dag.py:3947} INFO - Setting next_dagrun for pipeline_scheduled to 2026-01-22 01:00:00+00:00, run_after=2026-01-22 02:00:00+00:00
[2026-01-22T01:33:43.912+0000] {processor.py:183} INFO - Processing /opt/airflow/dags/pipeline_scheduled.py took 0.121 seconds
[2026-01-22T01:34:14.193+0000] {processor.py:161} INFO - Started process (PID=51152) to work on /opt/airflow/dags/pipeline_scheduled.py
[2026-01-22T01:34:14.194+0000] {processor.py:830} INFO - Processing file /opt/airflow/dags/pipeline_scheduled.py for tasks to queue
[2026-01-22T01:34:14.195+0000] {logging_mixin.py:188} INFO - [2026-01-22T01:34:14.195+0000] {dagbag.py:545} INFO - Filling up the DagBag from /opt/airflow/dags/pipeline_scheduled.py
[2026-01-22T01:34:14.223+0000] {processor.py:840} INFO - DAG(s) 'pipeline_scheduled' retrieved from /opt/airflow/dags/pipeline_scheduled.py
[2026-01-22T01:34:14.261+0000] {logging_mixin.py:188} INFO - [2026-01-22T01:34:14.261+0000] {dag.py:3089} INFO - Sync 1 DAGs
[2026-01-22T01:34:14.287+0000] {logging_mixin.py:188} INFO - [2026-01-22T01:34:14.287+0000] {dag.py:3947} INFO - Setting next_dagrun for pipeline_scheduled to 2026-01-22 01:00:00+00:00, run_after=2026-01-22 02:00:00+00:00
[2026-01-22T01:34:14.307+0000] {processor.py:183} INFO - Processing /opt/airflow/dags/pipeline_scheduled.py took 0.123 seconds
[2026-01-22T01:34:44.585+0000] {processor.py:161} INFO - Started process (PID=51162) to work on /opt/airflow/dags/pipeline_scheduled.py
[2026-01-22T01:34:44.586+0000] {processor.py:830} INFO - Processing file /opt/airflow/dags/pipeline_scheduled.py for tasks to queue
[2026-01-22T01:34:44.587+0000] {logging_mixin.py:188} INFO - [2026-01-22T01:34:44.587+0000] {dagbag.py:545} INFO - Filling up the DagBag from /opt/airflow/dags/pipeline_scheduled.py
[2026-01-22T01:34:44.612+0000] {processor.py:840} INFO - DAG(s) 'pipeline_scheduled' retrieved from /opt/airflow/dags/pipeline_scheduled.py
[2026-01-22T01:34:44.646+0000] {logging_mixin.py:188} INFO - [2026-01-22T01:34:44.646+0000] {dag.py:3089} INFO - Sync 1 DAGs
[2026-01-22T01:34:44.668+0000] {logging_mixin.py:188} INFO - [2026-01-22T01:34:44.668+0000] {dag.py:3947} INFO - Setting next_dagrun for pipeline_scheduled to 2026-01-22 01:00:00+00:00, run_after=2026-01-22 02:00:00+00:00
[2026-01-22T01:34:44.691+0000] {processor.py:183} INFO - Processing /opt/airflow/dags/pipeline_scheduled.py took 0.112 seconds
[2026-01-22T01:35:14.985+0000] {processor.py:161} INFO - Started process (PID=51172) to work on /opt/airflow/dags/pipeline_scheduled.py
[2026-01-22T01:35:14.986+0000] {processor.py:830} INFO - Processing file /opt/airflow/dags/pipeline_scheduled.py for tasks to queue
[2026-01-22T01:35:14.987+0000] {logging_mixin.py:188} INFO - [2026-01-22T01:35:14.987+0000] {dagbag.py:545} INFO - Filling up the DagBag from /opt/airflow/dags/pipeline_scheduled.py
[2026-01-22T01:35:15.014+0000] {processor.py:840} INFO - DAG(s) 'pipeline_scheduled' retrieved from /opt/airflow/dags/pipeline_scheduled.py
[2026-01-22T01:35:15.053+0000] {logging_mixin.py:188} INFO - [2026-01-22T01:35:15.052+0000] {dag.py:3089} INFO - Sync 1 DAGs
[2026-01-22T01:35:15.078+0000] {logging_mixin.py:188} INFO - [2026-01-22T01:35:15.078+0000] {dag.py:3947} INFO - Setting next_dagrun for pipeline_scheduled to 2026-01-22 01:00:00+00:00, run_after=2026-01-22 02:00:00+00:00
[2026-01-22T01:35:15.101+0000] {processor.py:183} INFO - Processing /opt/airflow/dags/pipeline_scheduled.py took 0.124 seconds
[2026-01-22T01:35:45.430+0000] {processor.py:161} INFO - Started process (PID=51182) to work on /opt/airflow/dags/pipeline_scheduled.py
[2026-01-22T01:35:45.431+0000] {processor.py:830} INFO - Processing file /opt/airflow/dags/pipeline_scheduled.py for tasks to queue
[2026-01-22T01:35:45.432+0000] {logging_mixin.py:188} INFO - [2026-01-22T01:35:45.432+0000] {dagbag.py:545} INFO - Filling up the DagBag from /opt/airflow/dags/pipeline_scheduled.py
[2026-01-22T01:35:45.460+0000] {processor.py:840} INFO - DAG(s) 'pipeline_scheduled' retrieved from /opt/airflow/dags/pipeline_scheduled.py
[2026-01-22T01:35:45.501+0000] {logging_mixin.py:188} INFO - [2026-01-22T01:35:45.500+0000] {dag.py:3089} INFO - Sync 1 DAGs
[2026-01-22T01:35:45.527+0000] {logging_mixin.py:188} INFO - [2026-01-22T01:35:45.527+0000] {dag.py:3947} INFO - Setting next_dagrun for pipeline_scheduled to 2026-01-22 01:00:00+00:00, run_after=2026-01-22 02:00:00+00:00
[2026-01-22T01:35:45.550+0000] {processor.py:183} INFO - Processing /opt/airflow/dags/pipeline_scheduled.py took 0.127 seconds
[2026-01-22T01:36:15.833+0000] {processor.py:161} INFO - Started process (PID=51192) to work on /opt/airflow/dags/pipeline_scheduled.py
[2026-01-22T01:36:15.835+0000] {processor.py:830} INFO - Processing file /opt/airflow/dags/pipeline_scheduled.py for tasks to queue
[2026-01-22T01:36:15.836+0000] {logging_mixin.py:188} INFO - [2026-01-22T01:36:15.835+0000] {dagbag.py:545} INFO - Filling up the DagBag from /opt/airflow/dags/pipeline_scheduled.py
[2026-01-22T01:36:15.863+0000] {processor.py:840} INFO - DAG(s) 'pipeline_scheduled' retrieved from /opt/airflow/dags/pipeline_scheduled.py
[2026-01-22T01:36:15.903+0000] {logging_mixin.py:188} INFO - [2026-01-22T01:36:15.903+0000] {dag.py:3089} INFO - Sync 1 DAGs
[2026-01-22T01:36:15.927+0000] {logging_mixin.py:188} INFO - [2026-01-22T01:36:15.927+0000] {dag.py:3947} INFO - Setting next_dagrun for pipeline_scheduled to 2026-01-22 01:00:00+00:00, run_after=2026-01-22 02:00:00+00:00
[2026-01-22T01:36:15.948+0000] {processor.py:183} INFO - Processing /opt/airflow/dags/pipeline_scheduled.py took 0.122 seconds
[2026-01-22T01:36:46.230+0000] {processor.py:161} INFO - Started process (PID=51202) to work on /opt/airflow/dags/pipeline_scheduled.py
[2026-01-22T01:36:46.231+0000] {processor.py:830} INFO - Processing file /opt/airflow/dags/pipeline_scheduled.py for tasks to queue
[2026-01-22T01:36:46.232+0000] {logging_mixin.py:188} INFO - [2026-01-22T01:36:46.232+0000] {dagbag.py:545} INFO - Filling up the DagBag from /opt/airflow/dags/pipeline_scheduled.py
[2026-01-22T01:36:46.259+0000] {processor.py:840} INFO - DAG(s) 'pipeline_scheduled' retrieved from /opt/airflow/dags/pipeline_scheduled.py
[2026-01-22T01:36:46.299+0000] {logging_mixin.py:188} INFO - [2026-01-22T01:36:46.299+0000] {dag.py:3089} INFO - Sync 1 DAGs
[2026-01-22T01:36:46.323+0000] {logging_mixin.py:188} INFO - [2026-01-22T01:36:46.323+0000] {dag.py:3947} INFO - Setting next_dagrun for pipeline_scheduled to 2026-01-22 01:00:00+00:00, run_after=2026-01-22 02:00:00+00:00
[2026-01-22T01:36:46.345+0000] {processor.py:183} INFO - Processing /opt/airflow/dags/pipeline_scheduled.py took 0.122 seconds
[2026-01-22T01:37:16.628+0000] {processor.py:161} INFO - Started process (PID=51212) to work on /opt/airflow/dags/pipeline_scheduled.py
[2026-01-22T01:37:16.629+0000] {processor.py:830} INFO - Processing file /opt/airflow/dags/pipeline_scheduled.py for tasks to queue
[2026-01-22T01:37:16.630+0000] {logging_mixin.py:188} INFO - [2026-01-22T01:37:16.630+0000] {dagbag.py:545} INFO - Filling up the DagBag from /opt/airflow/dags/pipeline_scheduled.py
[2026-01-22T01:37:16.658+0000] {processor.py:840} INFO - DAG(s) 'pipeline_scheduled' retrieved from /opt/airflow/dags/pipeline_scheduled.py
[2026-01-22T01:37:16.697+0000] {logging_mixin.py:188} INFO - [2026-01-22T01:37:16.697+0000] {dag.py:3089} INFO - Sync 1 DAGs
[2026-01-22T01:37:16.721+0000] {logging_mixin.py:188} INFO - [2026-01-22T01:37:16.721+0000] {dag.py:3947} INFO - Setting next_dagrun for pipeline_scheduled to 2026-01-22 01:00:00+00:00, run_after=2026-01-22 02:00:00+00:00
[2026-01-22T01:37:16.745+0000] {processor.py:183} INFO - Processing /opt/airflow/dags/pipeline_scheduled.py took 0.123 seconds
[2026-01-22T01:37:47.029+0000] {processor.py:161} INFO - Started process (PID=51222) to work on /opt/airflow/dags/pipeline_scheduled.py
[2026-01-22T01:37:47.030+0000] {processor.py:830} INFO - Processing file /opt/airflow/dags/pipeline_scheduled.py for tasks to queue
[2026-01-22T01:37:47.031+0000] {logging_mixin.py:188} INFO - [2026-01-22T01:37:47.030+0000] {dagbag.py:545} INFO - Filling up the DagBag from /opt/airflow/dags/pipeline_scheduled.py
[2026-01-22T01:37:47.057+0000] {processor.py:840} INFO - DAG(s) 'pipeline_scheduled' retrieved from /opt/airflow/dags/pipeline_scheduled.py
[2026-01-22T01:37:47.095+0000] {logging_mixin.py:188} INFO - [2026-01-22T01:37:47.095+0000] {dag.py:3089} INFO - Sync 1 DAGs
[2026-01-22T01:37:47.121+0000] {logging_mixin.py:188} INFO - [2026-01-22T01:37:47.121+0000] {dag.py:3947} INFO - Setting next_dagrun for pipeline_scheduled to 2026-01-22 01:00:00+00:00, run_after=2026-01-22 02:00:00+00:00
[2026-01-22T01:37:47.144+0000] {processor.py:183} INFO - Processing /opt/airflow/dags/pipeline_scheduled.py took 0.122 seconds
[2026-01-22T01:38:17.414+0000] {processor.py:161} INFO - Started process (PID=51232) to work on /opt/airflow/dags/pipeline_scheduled.py
[2026-01-22T01:38:17.415+0000] {processor.py:830} INFO - Processing file /opt/airflow/dags/pipeline_scheduled.py for tasks to queue
[2026-01-22T01:38:17.416+0000] {logging_mixin.py:188} INFO - [2026-01-22T01:38:17.415+0000] {dagbag.py:545} INFO - Filling up the DagBag from /opt/airflow/dags/pipeline_scheduled.py
[2026-01-22T01:38:17.441+0000] {processor.py:840} INFO - DAG(s) 'pipeline_scheduled' retrieved from /opt/airflow/dags/pipeline_scheduled.py
[2026-01-22T01:38:17.481+0000] {logging_mixin.py:188} INFO - [2026-01-22T01:38:17.480+0000] {dag.py:3089} INFO - Sync 1 DAGs
[2026-01-22T01:38:17.507+0000] {logging_mixin.py:188} INFO - [2026-01-22T01:38:17.507+0000] {dag.py:3947} INFO - Setting next_dagrun for pipeline_scheduled to 2026-01-22 01:00:00+00:00, run_after=2026-01-22 02:00:00+00:00
[2026-01-22T01:38:17.528+0000] {processor.py:183} INFO - Processing /opt/airflow/dags/pipeline_scheduled.py took 0.121 seconds
[2026-01-22T01:38:47.819+0000] {processor.py:161} INFO - Started process (PID=51242) to work on /opt/airflow/dags/pipeline_scheduled.py
[2026-01-22T01:38:47.820+0000] {processor.py:830} INFO - Processing file /opt/airflow/dags/pipeline_scheduled.py for tasks to queue
[2026-01-22T01:38:47.821+0000] {logging_mixin.py:188} INFO - [2026-01-22T01:38:47.821+0000] {dagbag.py:545} INFO - Filling up the DagBag from /opt/airflow/dags/pipeline_scheduled.py
[2026-01-22T01:38:47.849+0000] {processor.py:840} INFO - DAG(s) 'pipeline_scheduled' retrieved from /opt/airflow/dags/pipeline_scheduled.py
[2026-01-22T01:38:47.887+0000] {logging_mixin.py:188} INFO - [2026-01-22T01:38:47.887+0000] {dag.py:3089} INFO - Sync 1 DAGs
[2026-01-22T01:38:47.912+0000] {logging_mixin.py:188} INFO - [2026-01-22T01:38:47.912+0000] {dag.py:3947} INFO - Setting next_dagrun for pipeline_scheduled to 2026-01-22 01:00:00+00:00, run_after=2026-01-22 02:00:00+00:00
[2026-01-22T01:38:47.934+0000] {processor.py:183} INFO - Processing /opt/airflow/dags/pipeline_scheduled.py took 0.121 seconds
[2026-01-22T01:39:18.217+0000] {processor.py:161} INFO - Started process (PID=51252) to work on /opt/airflow/dags/pipeline_scheduled.py
[2026-01-22T01:39:18.218+0000] {processor.py:830} INFO - Processing file /opt/airflow/dags/pipeline_scheduled.py for tasks to queue
[2026-01-22T01:39:18.219+0000] {logging_mixin.py:188} INFO - [2026-01-22T01:39:18.219+0000] {dagbag.py:545} INFO - Filling up the DagBag from /opt/airflow/dags/pipeline_scheduled.py
[2026-01-22T01:39:18.246+0000] {processor.py:840} INFO - DAG(s) 'pipeline_scheduled' retrieved from /opt/airflow/dags/pipeline_scheduled.py
[2026-01-22T01:39:18.285+0000] {logging_mixin.py:188} INFO - [2026-01-22T01:39:18.285+0000] {dag.py:3089} INFO - Sync 1 DAGs
[2026-01-22T01:39:18.310+0000] {logging_mixin.py:188} INFO - [2026-01-22T01:39:18.310+0000] {dag.py:3947} INFO - Setting next_dagrun for pipeline_scheduled to 2026-01-22 01:00:00+00:00, run_after=2026-01-22 02:00:00+00:00
[2026-01-22T01:39:18.333+0000] {processor.py:183} INFO - Processing /opt/airflow/dags/pipeline_scheduled.py took 0.124 seconds
[2026-01-22T01:39:48.614+0000] {processor.py:161} INFO - Started process (PID=51262) to work on /opt/airflow/dags/pipeline_scheduled.py
[2026-01-22T01:39:48.615+0000] {processor.py:830} INFO - Processing file /opt/airflow/dags/pipeline_scheduled.py for tasks to queue
[2026-01-22T01:39:48.616+0000] {logging_mixin.py:188} INFO - [2026-01-22T01:39:48.616+0000] {dagbag.py:545} INFO - Filling up the DagBag from /opt/airflow/dags/pipeline_scheduled.py
[2026-01-22T01:39:48.643+0000] {processor.py:840} INFO - DAG(s) 'pipeline_scheduled' retrieved from /opt/airflow/dags/pipeline_scheduled.py
[2026-01-22T01:39:48.683+0000] {logging_mixin.py:188} INFO - [2026-01-22T01:39:48.683+0000] {dag.py:3089} INFO - Sync 1 DAGs
[2026-01-22T01:39:48.708+0000] {logging_mixin.py:188} INFO - [2026-01-22T01:39:48.708+0000] {dag.py:3947} INFO - Setting next_dagrun for pipeline_scheduled to 2026-01-22 01:00:00+00:00, run_after=2026-01-22 02:00:00+00:00
[2026-01-22T01:39:48.730+0000] {processor.py:183} INFO - Processing /opt/airflow/dags/pipeline_scheduled.py took 0.123 seconds
[2026-01-22T01:40:19.008+0000] {processor.py:161} INFO - Started process (PID=51272) to work on /opt/airflow/dags/pipeline_scheduled.py
[2026-01-22T01:40:19.010+0000] {processor.py:830} INFO - Processing file /opt/airflow/dags/pipeline_scheduled.py for tasks to queue
[2026-01-22T01:40:19.011+0000] {logging_mixin.py:188} INFO - [2026-01-22T01:40:19.010+0000] {dagbag.py:545} INFO - Filling up the DagBag from /opt/airflow/dags/pipeline_scheduled.py
[2026-01-22T01:40:19.038+0000] {processor.py:840} INFO - DAG(s) 'pipeline_scheduled' retrieved from /opt/airflow/dags/pipeline_scheduled.py
[2026-01-22T01:40:19.080+0000] {logging_mixin.py:188} INFO - [2026-01-22T01:40:19.079+0000] {dag.py:3089} INFO - Sync 1 DAGs
[2026-01-22T01:40:19.104+0000] {logging_mixin.py:188} INFO - [2026-01-22T01:40:19.104+0000] {dag.py:3947} INFO - Setting next_dagrun for pipeline_scheduled to 2026-01-22 01:00:00+00:00, run_after=2026-01-22 02:00:00+00:00
[2026-01-22T01:40:19.129+0000] {processor.py:183} INFO - Processing /opt/airflow/dags/pipeline_scheduled.py took 0.128 seconds
[2026-01-22T01:40:49.446+0000] {processor.py:161} INFO - Started process (PID=51282) to work on /opt/airflow/dags/pipeline_scheduled.py
[2026-01-22T01:40:49.448+0000] {processor.py:830} INFO - Processing file /opt/airflow/dags/pipeline_scheduled.py for tasks to queue
[2026-01-22T01:40:49.449+0000] {logging_mixin.py:188} INFO - [2026-01-22T01:40:49.448+0000] {dagbag.py:545} INFO - Filling up the DagBag from /opt/airflow/dags/pipeline_scheduled.py
[2026-01-22T01:40:49.476+0000] {processor.py:840} INFO - DAG(s) 'pipeline_scheduled' retrieved from /opt/airflow/dags/pipeline_scheduled.py
[2026-01-22T01:40:49.517+0000] {logging_mixin.py:188} INFO - [2026-01-22T01:40:49.517+0000] {dag.py:3089} INFO - Sync 1 DAGs
[2026-01-22T01:40:49.544+0000] {logging_mixin.py:188} INFO - [2026-01-22T01:40:49.544+0000] {dag.py:3947} INFO - Setting next_dagrun for pipeline_scheduled to 2026-01-22 01:00:00+00:00, run_after=2026-01-22 02:00:00+00:00
[2026-01-22T01:40:49.565+0000] {processor.py:183} INFO - Processing /opt/airflow/dags/pipeline_scheduled.py took 0.127 seconds
[2026-01-22T01:41:19.834+0000] {processor.py:161} INFO - Started process (PID=51292) to work on /opt/airflow/dags/pipeline_scheduled.py
[2026-01-22T01:41:19.836+0000] {processor.py:830} INFO - Processing file /opt/airflow/dags/pipeline_scheduled.py for tasks to queue
[2026-01-22T01:41:19.837+0000] {logging_mixin.py:188} INFO - [2026-01-22T01:41:19.836+0000] {dagbag.py:545} INFO - Filling up the DagBag from /opt/airflow/dags/pipeline_scheduled.py
[2026-01-22T01:41:19.864+0000] {processor.py:840} INFO - DAG(s) 'pipeline_scheduled' retrieved from /opt/airflow/dags/pipeline_scheduled.py
[2026-01-22T01:41:19.903+0000] {logging_mixin.py:188} INFO - [2026-01-22T01:41:19.902+0000] {dag.py:3089} INFO - Sync 1 DAGs
[2026-01-22T01:41:19.929+0000] {logging_mixin.py:188} INFO - [2026-01-22T01:41:19.929+0000] {dag.py:3947} INFO - Setting next_dagrun for pipeline_scheduled to 2026-01-22 01:00:00+00:00, run_after=2026-01-22 02:00:00+00:00
[2026-01-22T01:41:19.952+0000] {processor.py:183} INFO - Processing /opt/airflow/dags/pipeline_scheduled.py took 0.125 seconds
[2026-01-22T01:41:50.231+0000] {processor.py:161} INFO - Started process (PID=51302) to work on /opt/airflow/dags/pipeline_scheduled.py
[2026-01-22T01:41:50.232+0000] {processor.py:830} INFO - Processing file /opt/airflow/dags/pipeline_scheduled.py for tasks to queue
[2026-01-22T01:41:50.233+0000] {logging_mixin.py:188} INFO - [2026-01-22T01:41:50.233+0000] {dagbag.py:545} INFO - Filling up the DagBag from /opt/airflow/dags/pipeline_scheduled.py
[2026-01-22T01:41:50.261+0000] {processor.py:840} INFO - DAG(s) 'pipeline_scheduled' retrieved from /opt/airflow/dags/pipeline_scheduled.py
[2026-01-22T01:41:50.305+0000] {logging_mixin.py:188} INFO - [2026-01-22T01:41:50.305+0000] {dag.py:3089} INFO - Sync 1 DAGs
[2026-01-22T01:41:50.331+0000] {logging_mixin.py:188} INFO - [2026-01-22T01:41:50.331+0000] {dag.py:3947} INFO - Setting next_dagrun for pipeline_scheduled to 2026-01-22 01:00:00+00:00, run_after=2026-01-22 02:00:00+00:00
[2026-01-22T01:41:50.353+0000] {processor.py:183} INFO - Processing /opt/airflow/dags/pipeline_scheduled.py took 0.130 seconds
[2026-01-22T01:42:20.621+0000] {processor.py:161} INFO - Started process (PID=51312) to work on /opt/airflow/dags/pipeline_scheduled.py
[2026-01-22T01:42:20.622+0000] {processor.py:830} INFO - Processing file /opt/airflow/dags/pipeline_scheduled.py for tasks to queue
[2026-01-22T01:42:20.623+0000] {logging_mixin.py:188} INFO - [2026-01-22T01:42:20.623+0000] {dagbag.py:545} INFO - Filling up the DagBag from /opt/airflow/dags/pipeline_scheduled.py
[2026-01-22T01:42:20.647+0000] {processor.py:840} INFO - DAG(s) 'pipeline_scheduled' retrieved from /opt/airflow/dags/pipeline_scheduled.py
[2026-01-22T01:42:20.682+0000] {logging_mixin.py:188} INFO - [2026-01-22T01:42:20.681+0000] {dag.py:3089} INFO - Sync 1 DAGs
[2026-01-22T01:42:20.705+0000] {logging_mixin.py:188} INFO - [2026-01-22T01:42:20.705+0000] {dag.py:3947} INFO - Setting next_dagrun for pipeline_scheduled to 2026-01-22 01:00:00+00:00, run_after=2026-01-22 02:00:00+00:00
[2026-01-22T01:42:20.727+0000] {processor.py:183} INFO - Processing /opt/airflow/dags/pipeline_scheduled.py took 0.112 seconds
[2026-01-22T01:42:51.019+0000] {processor.py:161} INFO - Started process (PID=51322) to work on /opt/airflow/dags/pipeline_scheduled.py
[2026-01-22T01:42:51.021+0000] {processor.py:830} INFO - Processing file /opt/airflow/dags/pipeline_scheduled.py for tasks to queue
[2026-01-22T01:42:51.022+0000] {logging_mixin.py:188} INFO - [2026-01-22T01:42:51.021+0000] {dagbag.py:545} INFO - Filling up the DagBag from /opt/airflow/dags/pipeline_scheduled.py
[2026-01-22T01:42:51.048+0000] {processor.py:840} INFO - DAG(s) 'pipeline_scheduled' retrieved from /opt/airflow/dags/pipeline_scheduled.py
[2026-01-22T01:42:51.087+0000] {logging_mixin.py:188} INFO - [2026-01-22T01:42:51.086+0000] {dag.py:3089} INFO - Sync 1 DAGs
[2026-01-22T01:42:51.110+0000] {logging_mixin.py:188} INFO - [2026-01-22T01:42:51.110+0000] {dag.py:3947} INFO - Setting next_dagrun for pipeline_scheduled to 2026-01-22 01:00:00+00:00, run_after=2026-01-22 02:00:00+00:00
[2026-01-22T01:42:51.131+0000] {processor.py:183} INFO - Processing /opt/airflow/dags/pipeline_scheduled.py took 0.120 seconds
[2026-01-22T01:43:21.419+0000] {processor.py:161} INFO - Started process (PID=51332) to work on /opt/airflow/dags/pipeline_scheduled.py
[2026-01-22T01:43:21.420+0000] {processor.py:830} INFO - Processing file /opt/airflow/dags/pipeline_scheduled.py for tasks to queue
[2026-01-22T01:43:21.421+0000] {logging_mixin.py:188} INFO - [2026-01-22T01:43:21.421+0000] {dagbag.py:545} INFO - Filling up the DagBag from /opt/airflow/dags/pipeline_scheduled.py
[2026-01-22T01:43:21.450+0000] {processor.py:840} INFO - DAG(s) 'pipeline_scheduled' retrieved from /opt/airflow/dags/pipeline_scheduled.py
[2026-01-22T01:43:21.492+0000] {logging_mixin.py:188} INFO - [2026-01-22T01:43:21.491+0000] {dag.py:3089} INFO - Sync 1 DAGs
[2026-01-22T01:43:21.518+0000] {logging_mixin.py:188} INFO - [2026-01-22T01:43:21.518+0000] {dag.py:3947} INFO - Setting next_dagrun for pipeline_scheduled to 2026-01-22 01:00:00+00:00, run_after=2026-01-22 02:00:00+00:00
[2026-01-22T01:43:21.544+0000] {processor.py:183} INFO - Processing /opt/airflow/dags/pipeline_scheduled.py took 0.132 seconds
[2026-01-22T01:43:51.811+0000] {processor.py:161} INFO - Started process (PID=51342) to work on /opt/airflow/dags/pipeline_scheduled.py
[2026-01-22T01:43:51.812+0000] {processor.py:830} INFO - Processing file /opt/airflow/dags/pipeline_scheduled.py for tasks to queue
[2026-01-22T01:43:51.814+0000] {logging_mixin.py:188} INFO - [2026-01-22T01:43:51.813+0000] {dagbag.py:545} INFO - Filling up the DagBag from /opt/airflow/dags/pipeline_scheduled.py
[2026-01-22T01:43:51.840+0000] {processor.py:840} INFO - DAG(s) 'pipeline_scheduled' retrieved from /opt/airflow/dags/pipeline_scheduled.py
[2026-01-22T01:43:51.879+0000] {logging_mixin.py:188} INFO - [2026-01-22T01:43:51.878+0000] {dag.py:3089} INFO - Sync 1 DAGs
[2026-01-22T01:43:51.904+0000] {logging_mixin.py:188} INFO - [2026-01-22T01:43:51.904+0000] {dag.py:3947} INFO - Setting next_dagrun for pipeline_scheduled to 2026-01-22 01:00:00+00:00, run_after=2026-01-22 02:00:00+00:00
[2026-01-22T01:43:51.925+0000] {processor.py:183} INFO - Processing /opt/airflow/dags/pipeline_scheduled.py took 0.120 seconds
[2026-01-22T01:44:22.215+0000] {processor.py:161} INFO - Started process (PID=51352) to work on /opt/airflow/dags/pipeline_scheduled.py
[2026-01-22T01:44:22.216+0000] {processor.py:830} INFO - Processing file /opt/airflow/dags/pipeline_scheduled.py for tasks to queue
[2026-01-22T01:44:22.217+0000] {logging_mixin.py:188} INFO - [2026-01-22T01:44:22.217+0000] {dagbag.py:545} INFO - Filling up the DagBag from /opt/airflow/dags/pipeline_scheduled.py
[2026-01-22T01:44:22.245+0000] {processor.py:840} INFO - DAG(s) 'pipeline_scheduled' retrieved from /opt/airflow/dags/pipeline_scheduled.py
[2026-01-22T01:44:22.285+0000] {logging_mixin.py:188} INFO - [2026-01-22T01:44:22.285+0000] {dag.py:3089} INFO - Sync 1 DAGs
[2026-01-22T01:44:22.310+0000] {logging_mixin.py:188} INFO - [2026-01-22T01:44:22.310+0000] {dag.py:3947} INFO - Setting next_dagrun for pipeline_scheduled to 2026-01-22 01:00:00+00:00, run_after=2026-01-22 02:00:00+00:00
[2026-01-22T01:44:22.331+0000] {processor.py:183} INFO - Processing /opt/airflow/dags/pipeline_scheduled.py took 0.123 seconds
[2026-01-22T01:44:52.611+0000] {processor.py:161} INFO - Started process (PID=51362) to work on /opt/airflow/dags/pipeline_scheduled.py
[2026-01-22T01:44:52.612+0000] {processor.py:830} INFO - Processing file /opt/airflow/dags/pipeline_scheduled.py for tasks to queue
[2026-01-22T01:44:52.614+0000] {logging_mixin.py:188} INFO - [2026-01-22T01:44:52.613+0000] {dagbag.py:545} INFO - Filling up the DagBag from /opt/airflow/dags/pipeline_scheduled.py
[2026-01-22T01:44:52.644+0000] {processor.py:840} INFO - DAG(s) 'pipeline_scheduled' retrieved from /opt/airflow/dags/pipeline_scheduled.py
[2026-01-22T01:44:52.684+0000] {logging_mixin.py:188} INFO - [2026-01-22T01:44:52.683+0000] {dag.py:3089} INFO - Sync 1 DAGs
[2026-01-22T01:44:52.708+0000] {logging_mixin.py:188} INFO - [2026-01-22T01:44:52.708+0000] {dag.py:3947} INFO - Setting next_dagrun for pipeline_scheduled to 2026-01-22 01:00:00+00:00, run_after=2026-01-22 02:00:00+00:00
[2026-01-22T01:44:52.729+0000] {processor.py:183} INFO - Processing /opt/airflow/dags/pipeline_scheduled.py took 0.125 seconds
[2026-01-22T01:45:23.010+0000] {processor.py:161} INFO - Started process (PID=51372) to work on /opt/airflow/dags/pipeline_scheduled.py
[2026-01-22T01:45:23.011+0000] {processor.py:830} INFO - Processing file /opt/airflow/dags/pipeline_scheduled.py for tasks to queue
[2026-01-22T01:45:23.012+0000] {logging_mixin.py:188} INFO - [2026-01-22T01:45:23.012+0000] {dagbag.py:545} INFO - Filling up the DagBag from /opt/airflow/dags/pipeline_scheduled.py
[2026-01-22T01:45:23.038+0000] {processor.py:840} INFO - DAG(s) 'pipeline_scheduled' retrieved from /opt/airflow/dags/pipeline_scheduled.py
[2026-01-22T01:45:23.073+0000] {logging_mixin.py:188} INFO - [2026-01-22T01:45:23.072+0000] {dag.py:3089} INFO - Sync 1 DAGs
[2026-01-22T01:45:23.096+0000] {logging_mixin.py:188} INFO - [2026-01-22T01:45:23.095+0000] {dag.py:3947} INFO - Setting next_dagrun for pipeline_scheduled to 2026-01-22 01:00:00+00:00, run_after=2026-01-22 02:00:00+00:00
[2026-01-22T01:45:23.115+0000] {processor.py:183} INFO - Processing /opt/airflow/dags/pipeline_scheduled.py took 0.112 seconds
[2026-01-22T01:45:53.444+0000] {processor.py:161} INFO - Started process (PID=51382) to work on /opt/airflow/dags/pipeline_scheduled.py
[2026-01-22T01:45:53.446+0000] {processor.py:830} INFO - Processing file /opt/airflow/dags/pipeline_scheduled.py for tasks to queue
[2026-01-22T01:45:53.447+0000] {logging_mixin.py:188} INFO - [2026-01-22T01:45:53.446+0000] {dagbag.py:545} INFO - Filling up the DagBag from /opt/airflow/dags/pipeline_scheduled.py
[2026-01-22T01:45:53.474+0000] {processor.py:840} INFO - DAG(s) 'pipeline_scheduled' retrieved from /opt/airflow/dags/pipeline_scheduled.py
[2026-01-22T01:45:53.514+0000] {logging_mixin.py:188} INFO - [2026-01-22T01:45:53.514+0000] {dag.py:3089} INFO - Sync 1 DAGs
[2026-01-22T01:45:53.542+0000] {logging_mixin.py:188} INFO - [2026-01-22T01:45:53.542+0000] {dag.py:3947} INFO - Setting next_dagrun for pipeline_scheduled to 2026-01-22 01:00:00+00:00, run_after=2026-01-22 02:00:00+00:00
[2026-01-22T01:45:53.570+0000] {processor.py:183} INFO - Processing /opt/airflow/dags/pipeline_scheduled.py took 0.134 seconds
[2026-01-22T01:46:23.843+0000] {processor.py:161} INFO - Started process (PID=51392) to work on /opt/airflow/dags/pipeline_scheduled.py
[2026-01-22T01:46:23.844+0000] {processor.py:830} INFO - Processing file /opt/airflow/dags/pipeline_scheduled.py for tasks to queue
[2026-01-22T01:46:23.845+0000] {logging_mixin.py:188} INFO - [2026-01-22T01:46:23.845+0000] {dagbag.py:545} INFO - Filling up the DagBag from /opt/airflow/dags/pipeline_scheduled.py
[2026-01-22T01:46:23.873+0000] {processor.py:840} INFO - DAG(s) 'pipeline_scheduled' retrieved from /opt/airflow/dags/pipeline_scheduled.py
[2026-01-22T01:46:23.912+0000] {logging_mixin.py:188} INFO - [2026-01-22T01:46:23.912+0000] {dag.py:3089} INFO - Sync 1 DAGs
[2026-01-22T01:46:23.938+0000] {logging_mixin.py:188} INFO - [2026-01-22T01:46:23.938+0000] {dag.py:3947} INFO - Setting next_dagrun for pipeline_scheduled to 2026-01-22 01:00:00+00:00, run_after=2026-01-22 02:00:00+00:00
[2026-01-22T01:46:23.960+0000] {processor.py:183} INFO - Processing /opt/airflow/dags/pipeline_scheduled.py took 0.123 seconds
[2026-01-22T01:46:54.248+0000] {processor.py:161} INFO - Started process (PID=51402) to work on /opt/airflow/dags/pipeline_scheduled.py
[2026-01-22T01:46:54.249+0000] {processor.py:830} INFO - Processing file /opt/airflow/dags/pipeline_scheduled.py for tasks to queue
[2026-01-22T01:46:54.250+0000] {logging_mixin.py:188} INFO - [2026-01-22T01:46:54.250+0000] {dagbag.py:545} INFO - Filling up the DagBag from /opt/airflow/dags/pipeline_scheduled.py
[2026-01-22T01:46:54.276+0000] {processor.py:840} INFO - DAG(s) 'pipeline_scheduled' retrieved from /opt/airflow/dags/pipeline_scheduled.py
[2026-01-22T01:46:54.316+0000] {logging_mixin.py:188} INFO - [2026-01-22T01:46:54.316+0000] {dag.py:3089} INFO - Sync 1 DAGs
[2026-01-22T01:46:54.342+0000] {logging_mixin.py:188} INFO - [2026-01-22T01:46:54.341+0000] {dag.py:3947} INFO - Setting next_dagrun for pipeline_scheduled to 2026-01-22 01:00:00+00:00, run_after=2026-01-22 02:00:00+00:00
[2026-01-22T01:46:54.364+0000] {processor.py:183} INFO - Processing /opt/airflow/dags/pipeline_scheduled.py took 0.123 seconds
[2026-01-22T01:47:24.640+0000] {processor.py:161} INFO - Started process (PID=51412) to work on /opt/airflow/dags/pipeline_scheduled.py
[2026-01-22T01:47:24.641+0000] {processor.py:830} INFO - Processing file /opt/airflow/dags/pipeline_scheduled.py for tasks to queue
[2026-01-22T01:47:24.643+0000] {logging_mixin.py:188} INFO - [2026-01-22T01:47:24.642+0000] {dagbag.py:545} INFO - Filling up the DagBag from /opt/airflow/dags/pipeline_scheduled.py
[2026-01-22T01:47:24.671+0000] {processor.py:840} INFO - DAG(s) 'pipeline_scheduled' retrieved from /opt/airflow/dags/pipeline_scheduled.py
[2026-01-22T01:47:24.713+0000] {logging_mixin.py:188} INFO - [2026-01-22T01:47:24.713+0000] {dag.py:3089} INFO - Sync 1 DAGs
[2026-01-22T01:47:24.739+0000] {logging_mixin.py:188} INFO - [2026-01-22T01:47:24.739+0000] {dag.py:3947} INFO - Setting next_dagrun for pipeline_scheduled to 2026-01-22 01:00:00+00:00, run_after=2026-01-22 02:00:00+00:00
[2026-01-22T01:47:24.760+0000] {processor.py:183} INFO - Processing /opt/airflow/dags/pipeline_scheduled.py took 0.127 seconds
[2026-01-22T01:47:55.041+0000] {processor.py:161} INFO - Started process (PID=51422) to work on /opt/airflow/dags/pipeline_scheduled.py
[2026-01-22T01:47:55.043+0000] {processor.py:830} INFO - Processing file /opt/airflow/dags/pipeline_scheduled.py for tasks to queue
[2026-01-22T01:47:55.044+0000] {logging_mixin.py:188} INFO - [2026-01-22T01:47:55.044+0000] {dagbag.py:545} INFO - Filling up the DagBag from /opt/airflow/dags/pipeline_scheduled.py
[2026-01-22T01:47:55.072+0000] {processor.py:840} INFO - DAG(s) 'pipeline_scheduled' retrieved from /opt/airflow/dags/pipeline_scheduled.py
[2026-01-22T01:47:55.112+0000] {logging_mixin.py:188} INFO - [2026-01-22T01:47:55.112+0000] {dag.py:3089} INFO - Sync 1 DAGs
[2026-01-22T01:47:55.138+0000] {logging_mixin.py:188} INFO - [2026-01-22T01:47:55.137+0000] {dag.py:3947} INFO - Setting next_dagrun for pipeline_scheduled to 2026-01-22 01:00:00+00:00, run_after=2026-01-22 02:00:00+00:00
[2026-01-22T01:47:55.159+0000] {processor.py:183} INFO - Processing /opt/airflow/dags/pipeline_scheduled.py took 0.125 seconds
[2026-01-22T01:48:25.448+0000] {processor.py:161} INFO - Started process (PID=51432) to work on /opt/airflow/dags/pipeline_scheduled.py
[2026-01-22T01:48:25.449+0000] {processor.py:830} INFO - Processing file /opt/airflow/dags/pipeline_scheduled.py for tasks to queue
[2026-01-22T01:48:25.450+0000] {logging_mixin.py:188} INFO - [2026-01-22T01:48:25.449+0000] {dagbag.py:545} INFO - Filling up the DagBag from /opt/airflow/dags/pipeline_scheduled.py
[2026-01-22T01:48:25.477+0000] {processor.py:840} INFO - DAG(s) 'pipeline_scheduled' retrieved from /opt/airflow/dags/pipeline_scheduled.py
[2026-01-22T01:48:25.516+0000] {logging_mixin.py:188} INFO - [2026-01-22T01:48:25.516+0000] {dag.py:3089} INFO - Sync 1 DAGs
[2026-01-22T01:48:25.540+0000] {logging_mixin.py:188} INFO - [2026-01-22T01:48:25.539+0000] {dag.py:3947} INFO - Setting next_dagrun for pipeline_scheduled to 2026-01-22 01:00:00+00:00, run_after=2026-01-22 02:00:00+00:00
[2026-01-22T01:48:25.562+0000] {processor.py:183} INFO - Processing /opt/airflow/dags/pipeline_scheduled.py took 0.120 seconds
[2026-01-22T01:48:55.851+0000] {processor.py:161} INFO - Started process (PID=51442) to work on /opt/airflow/dags/pipeline_scheduled.py
[2026-01-22T01:48:55.852+0000] {processor.py:830} INFO - Processing file /opt/airflow/dags/pipeline_scheduled.py for tasks to queue
[2026-01-22T01:48:55.853+0000] {logging_mixin.py:188} INFO - [2026-01-22T01:48:55.852+0000] {dagbag.py:545} INFO - Filling up the DagBag from /opt/airflow/dags/pipeline_scheduled.py
[2026-01-22T01:48:55.880+0000] {processor.py:840} INFO - DAG(s) 'pipeline_scheduled' retrieved from /opt/airflow/dags/pipeline_scheduled.py
[2026-01-22T01:48:55.920+0000] {logging_mixin.py:188} INFO - [2026-01-22T01:48:55.920+0000] {dag.py:3089} INFO - Sync 1 DAGs
[2026-01-22T01:48:55.946+0000] {logging_mixin.py:188} INFO - [2026-01-22T01:48:55.946+0000] {dag.py:3947} INFO - Setting next_dagrun for pipeline_scheduled to 2026-01-22 01:00:00+00:00, run_after=2026-01-22 02:00:00+00:00
[2026-01-22T01:48:55.970+0000] {processor.py:183} INFO - Processing /opt/airflow/dags/pipeline_scheduled.py took 0.126 seconds
[2026-01-22T01:49:26.236+0000] {processor.py:161} INFO - Started process (PID=51452) to work on /opt/airflow/dags/pipeline_scheduled.py
[2026-01-22T01:49:26.238+0000] {processor.py:830} INFO - Processing file /opt/airflow/dags/pipeline_scheduled.py for tasks to queue
[2026-01-22T01:49:26.239+0000] {logging_mixin.py:188} INFO - [2026-01-22T01:49:26.238+0000] {dagbag.py:545} INFO - Filling up the DagBag from /opt/airflow/dags/pipeline_scheduled.py
[2026-01-22T01:49:26.266+0000] {processor.py:840} INFO - DAG(s) 'pipeline_scheduled' retrieved from /opt/airflow/dags/pipeline_scheduled.py
[2026-01-22T01:49:26.307+0000] {logging_mixin.py:188} INFO - [2026-01-22T01:49:26.307+0000] {dag.py:3089} INFO - Sync 1 DAGs
[2026-01-22T01:49:26.333+0000] {logging_mixin.py:188} INFO - [2026-01-22T01:49:26.333+0000] {dag.py:3947} INFO - Setting next_dagrun for pipeline_scheduled to 2026-01-22 01:00:00+00:00, run_after=2026-01-22 02:00:00+00:00
[2026-01-22T01:49:26.354+0000] {processor.py:183} INFO - Processing /opt/airflow/dags/pipeline_scheduled.py took 0.125 seconds
[2026-01-22T01:49:56.634+0000] {processor.py:161} INFO - Started process (PID=51462) to work on /opt/airflow/dags/pipeline_scheduled.py
[2026-01-22T01:49:56.635+0000] {processor.py:830} INFO - Processing file /opt/airflow/dags/pipeline_scheduled.py for tasks to queue
[2026-01-22T01:49:56.636+0000] {logging_mixin.py:188} INFO - [2026-01-22T01:49:56.636+0000] {dagbag.py:545} INFO - Filling up the DagBag from /opt/airflow/dags/pipeline_scheduled.py
[2026-01-22T01:49:56.664+0000] {processor.py:840} INFO - DAG(s) 'pipeline_scheduled' retrieved from /opt/airflow/dags/pipeline_scheduled.py
[2026-01-22T01:49:56.703+0000] {logging_mixin.py:188} INFO - [2026-01-22T01:49:56.703+0000] {dag.py:3089} INFO - Sync 1 DAGs
[2026-01-22T01:49:56.729+0000] {logging_mixin.py:188} INFO - [2026-01-22T01:49:56.729+0000] {dag.py:3947} INFO - Setting next_dagrun for pipeline_scheduled to 2026-01-22 01:00:00+00:00, run_after=2026-01-22 02:00:00+00:00
[2026-01-22T01:49:56.754+0000] {processor.py:183} INFO - Processing /opt/airflow/dags/pipeline_scheduled.py took 0.128 seconds
[2026-01-22T01:50:27.028+0000] {processor.py:161} INFO - Started process (PID=51472) to work on /opt/airflow/dags/pipeline_scheduled.py
[2026-01-22T01:50:27.029+0000] {processor.py:830} INFO - Processing file /opt/airflow/dags/pipeline_scheduled.py for tasks to queue
[2026-01-22T01:50:27.030+0000] {logging_mixin.py:188} INFO - [2026-01-22T01:50:27.030+0000] {dagbag.py:545} INFO - Filling up the DagBag from /opt/airflow/dags/pipeline_scheduled.py
[2026-01-22T01:50:27.063+0000] {processor.py:840} INFO - DAG(s) 'pipeline_scheduled' retrieved from /opt/airflow/dags/pipeline_scheduled.py
[2026-01-22T01:50:27.104+0000] {logging_mixin.py:188} INFO - [2026-01-22T01:50:27.104+0000] {dag.py:3089} INFO - Sync 1 DAGs
[2026-01-22T01:50:27.129+0000] {logging_mixin.py:188} INFO - [2026-01-22T01:50:27.128+0000] {dag.py:3947} INFO - Setting next_dagrun for pipeline_scheduled to 2026-01-22 01:00:00+00:00, run_after=2026-01-22 02:00:00+00:00
[2026-01-22T01:50:27.151+0000] {processor.py:183} INFO - Processing /opt/airflow/dags/pipeline_scheduled.py took 0.131 seconds
[2026-01-22T01:50:57.477+0000] {processor.py:161} INFO - Started process (PID=51482) to work on /opt/airflow/dags/pipeline_scheduled.py
[2026-01-22T01:50:57.478+0000] {processor.py:830} INFO - Processing file /opt/airflow/dags/pipeline_scheduled.py for tasks to queue
[2026-01-22T01:50:57.479+0000] {logging_mixin.py:188} INFO - [2026-01-22T01:50:57.479+0000] {dagbag.py:545} INFO - Filling up the DagBag from /opt/airflow/dags/pipeline_scheduled.py
[2026-01-22T01:50:57.505+0000] {processor.py:840} INFO - DAG(s) 'pipeline_scheduled' retrieved from /opt/airflow/dags/pipeline_scheduled.py
[2026-01-22T01:50:57.536+0000] {logging_mixin.py:188} INFO - [2026-01-22T01:50:57.536+0000] {dag.py:3089} INFO - Sync 1 DAGs
[2026-01-22T01:50:57.559+0000] {logging_mixin.py:188} INFO - [2026-01-22T01:50:57.558+0000] {dag.py:3947} INFO - Setting next_dagrun for pipeline_scheduled to 2026-01-22 01:00:00+00:00, run_after=2026-01-22 02:00:00+00:00
[2026-01-22T01:50:57.578+0000] {processor.py:183} INFO - Processing /opt/airflow/dags/pipeline_scheduled.py took 0.107 seconds
[2026-01-22T01:51:27.860+0000] {processor.py:161} INFO - Started process (PID=51492) to work on /opt/airflow/dags/pipeline_scheduled.py
[2026-01-22T01:51:27.861+0000] {processor.py:830} INFO - Processing file /opt/airflow/dags/pipeline_scheduled.py for tasks to queue
[2026-01-22T01:51:27.863+0000] {logging_mixin.py:188} INFO - [2026-01-22T01:51:27.862+0000] {dagbag.py:545} INFO - Filling up the DagBag from /opt/airflow/dags/pipeline_scheduled.py
[2026-01-22T01:51:27.890+0000] {processor.py:840} INFO - DAG(s) 'pipeline_scheduled' retrieved from /opt/airflow/dags/pipeline_scheduled.py
[2026-01-22T01:51:27.928+0000] {logging_mixin.py:188} INFO - [2026-01-22T01:51:27.928+0000] {dag.py:3089} INFO - Sync 1 DAGs
[2026-01-22T01:51:27.953+0000] {logging_mixin.py:188} INFO - [2026-01-22T01:51:27.952+0000] {dag.py:3947} INFO - Setting next_dagrun for pipeline_scheduled to 2026-01-22 01:00:00+00:00, run_after=2026-01-22 02:00:00+00:00
[2026-01-22T01:51:27.974+0000] {processor.py:183} INFO - Processing /opt/airflow/dags/pipeline_scheduled.py took 0.121 seconds
[2026-01-22T01:51:58.259+0000] {processor.py:161} INFO - Started process (PID=51502) to work on /opt/airflow/dags/pipeline_scheduled.py
[2026-01-22T01:51:58.260+0000] {processor.py:830} INFO - Processing file /opt/airflow/dags/pipeline_scheduled.py for tasks to queue
[2026-01-22T01:51:58.261+0000] {logging_mixin.py:188} INFO - [2026-01-22T01:51:58.261+0000] {dagbag.py:545} INFO - Filling up the DagBag from /opt/airflow/dags/pipeline_scheduled.py
[2026-01-22T01:51:58.288+0000] {processor.py:840} INFO - DAG(s) 'pipeline_scheduled' retrieved from /opt/airflow/dags/pipeline_scheduled.py
[2026-01-22T01:51:58.327+0000] {logging_mixin.py:188} INFO - [2026-01-22T01:51:58.327+0000] {dag.py:3089} INFO - Sync 1 DAGs
[2026-01-22T01:51:58.353+0000] {logging_mixin.py:188} INFO - [2026-01-22T01:51:58.353+0000] {dag.py:3947} INFO - Setting next_dagrun for pipeline_scheduled to 2026-01-22 01:00:00+00:00, run_after=2026-01-22 02:00:00+00:00
[2026-01-22T01:51:58.376+0000] {processor.py:183} INFO - Processing /opt/airflow/dags/pipeline_scheduled.py took 0.124 seconds
[2026-01-22T01:52:28.662+0000] {processor.py:161} INFO - Started process (PID=51512) to work on /opt/airflow/dags/pipeline_scheduled.py
[2026-01-22T01:52:28.663+0000] {processor.py:830} INFO - Processing file /opt/airflow/dags/pipeline_scheduled.py for tasks to queue
[2026-01-22T01:52:28.665+0000] {logging_mixin.py:188} INFO - [2026-01-22T01:52:28.664+0000] {dagbag.py:545} INFO - Filling up the DagBag from /opt/airflow/dags/pipeline_scheduled.py
[2026-01-22T01:52:28.695+0000] {processor.py:840} INFO - DAG(s) 'pipeline_scheduled' retrieved from /opt/airflow/dags/pipeline_scheduled.py
[2026-01-22T01:52:28.735+0000] {logging_mixin.py:188} INFO - [2026-01-22T01:52:28.735+0000] {dag.py:3089} INFO - Sync 1 DAGs
[2026-01-22T01:52:28.761+0000] {logging_mixin.py:188} INFO - [2026-01-22T01:52:28.761+0000] {dag.py:3947} INFO - Setting next_dagrun for pipeline_scheduled to 2026-01-22 01:00:00+00:00, run_after=2026-01-22 02:00:00+00:00
[2026-01-22T01:52:28.783+0000] {processor.py:183} INFO - Processing /opt/airflow/dags/pipeline_scheduled.py took 0.130 seconds
[2026-01-22T01:52:59.048+0000] {processor.py:161} INFO - Started process (PID=51522) to work on /opt/airflow/dags/pipeline_scheduled.py
[2026-01-22T01:52:59.049+0000] {processor.py:830} INFO - Processing file /opt/airflow/dags/pipeline_scheduled.py for tasks to queue
[2026-01-22T01:52:59.050+0000] {logging_mixin.py:188} INFO - [2026-01-22T01:52:59.050+0000] {dagbag.py:545} INFO - Filling up the DagBag from /opt/airflow/dags/pipeline_scheduled.py
[2026-01-22T01:52:59.077+0000] {processor.py:840} INFO - DAG(s) 'pipeline_scheduled' retrieved from /opt/airflow/dags/pipeline_scheduled.py
[2026-01-22T01:52:59.117+0000] {logging_mixin.py:188} INFO - [2026-01-22T01:52:59.117+0000] {dag.py:3089} INFO - Sync 1 DAGs
[2026-01-22T01:52:59.141+0000] {logging_mixin.py:188} INFO - [2026-01-22T01:52:59.141+0000] {dag.py:3947} INFO - Setting next_dagrun for pipeline_scheduled to 2026-01-22 01:00:00+00:00, run_after=2026-01-22 02:00:00+00:00
[2026-01-22T01:52:59.164+0000] {processor.py:183} INFO - Processing /opt/airflow/dags/pipeline_scheduled.py took 0.124 seconds
[2026-01-22T01:53:29.433+0000] {processor.py:161} INFO - Started process (PID=51532) to work on /opt/airflow/dags/pipeline_scheduled.py
[2026-01-22T01:53:29.434+0000] {processor.py:830} INFO - Processing file /opt/airflow/dags/pipeline_scheduled.py for tasks to queue
[2026-01-22T01:53:29.435+0000] {logging_mixin.py:188} INFO - [2026-01-22T01:53:29.435+0000] {dagbag.py:545} INFO - Filling up the DagBag from /opt/airflow/dags/pipeline_scheduled.py
[2026-01-22T01:53:29.463+0000] {processor.py:840} INFO - DAG(s) 'pipeline_scheduled' retrieved from /opt/airflow/dags/pipeline_scheduled.py
[2026-01-22T01:53:29.503+0000] {logging_mixin.py:188} INFO - [2026-01-22T01:53:29.503+0000] {dag.py:3089} INFO - Sync 1 DAGs
[2026-01-22T01:53:29.530+0000] {logging_mixin.py:188} INFO - [2026-01-22T01:53:29.530+0000] {dag.py:3947} INFO - Setting next_dagrun for pipeline_scheduled to 2026-01-22 01:00:00+00:00, run_after=2026-01-22 02:00:00+00:00
[2026-01-22T01:53:29.553+0000] {processor.py:183} INFO - Processing /opt/airflow/dags/pipeline_scheduled.py took 0.126 seconds
[2026-01-22T01:53:59.835+0000] {processor.py:161} INFO - Started process (PID=51542) to work on /opt/airflow/dags/pipeline_scheduled.py
[2026-01-22T01:53:59.836+0000] {processor.py:830} INFO - Processing file /opt/airflow/dags/pipeline_scheduled.py for tasks to queue
[2026-01-22T01:53:59.837+0000] {logging_mixin.py:188} INFO - [2026-01-22T01:53:59.837+0000] {dagbag.py:545} INFO - Filling up the DagBag from /opt/airflow/dags/pipeline_scheduled.py
[2026-01-22T01:53:59.865+0000] {processor.py:840} INFO - DAG(s) 'pipeline_scheduled' retrieved from /opt/airflow/dags/pipeline_scheduled.py
[2026-01-22T01:53:59.906+0000] {logging_mixin.py:188} INFO - [2026-01-22T01:53:59.906+0000] {dag.py:3089} INFO - Sync 1 DAGs
[2026-01-22T01:53:59.930+0000] {logging_mixin.py:188} INFO - [2026-01-22T01:53:59.930+0000] {dag.py:3947} INFO - Setting next_dagrun for pipeline_scheduled to 2026-01-22 01:00:00+00:00, run_after=2026-01-22 02:00:00+00:00
[2026-01-22T01:53:59.953+0000] {processor.py:183} INFO - Processing /opt/airflow/dags/pipeline_scheduled.py took 0.125 seconds
[2026-01-22T01:54:30.232+0000] {processor.py:161} INFO - Started process (PID=51552) to work on /opt/airflow/dags/pipeline_scheduled.py
[2026-01-22T01:54:30.234+0000] {processor.py:830} INFO - Processing file /opt/airflow/dags/pipeline_scheduled.py for tasks to queue
[2026-01-22T01:54:30.235+0000] {logging_mixin.py:188} INFO - [2026-01-22T01:54:30.235+0000] {dagbag.py:545} INFO - Filling up the DagBag from /opt/airflow/dags/pipeline_scheduled.py
[2026-01-22T01:54:30.264+0000] {processor.py:840} INFO - DAG(s) 'pipeline_scheduled' retrieved from /opt/airflow/dags/pipeline_scheduled.py
[2026-01-22T01:54:30.304+0000] {logging_mixin.py:188} INFO - [2026-01-22T01:54:30.304+0000] {dag.py:3089} INFO - Sync 1 DAGs
[2026-01-22T01:54:30.330+0000] {logging_mixin.py:188} INFO - [2026-01-22T01:54:30.330+0000] {dag.py:3947} INFO - Setting next_dagrun for pipeline_scheduled to 2026-01-22 01:00:00+00:00, run_after=2026-01-22 02:00:00+00:00
[2026-01-22T01:54:30.351+0000] {processor.py:183} INFO - Processing /opt/airflow/dags/pipeline_scheduled.py took 0.127 seconds
[2026-01-22T01:55:00.654+0000] {processor.py:161} INFO - Started process (PID=51562) to work on /opt/airflow/dags/pipeline_scheduled.py
[2026-01-22T01:55:00.655+0000] {processor.py:830} INFO - Processing file /opt/airflow/dags/pipeline_scheduled.py for tasks to queue
[2026-01-22T01:55:00.656+0000] {logging_mixin.py:188} INFO - [2026-01-22T01:55:00.656+0000] {dagbag.py:545} INFO - Filling up the DagBag from /opt/airflow/dags/pipeline_scheduled.py
[2026-01-22T01:55:00.683+0000] {processor.py:840} INFO - DAG(s) 'pipeline_scheduled' retrieved from /opt/airflow/dags/pipeline_scheduled.py
[2026-01-22T01:55:00.724+0000] {logging_mixin.py:188} INFO - [2026-01-22T01:55:00.724+0000] {dag.py:3089} INFO - Sync 1 DAGs
[2026-01-22T01:55:00.749+0000] {logging_mixin.py:188} INFO - [2026-01-22T01:55:00.749+0000] {dag.py:3947} INFO - Setting next_dagrun for pipeline_scheduled to 2026-01-22 01:00:00+00:00, run_after=2026-01-22 02:00:00+00:00
[2026-01-22T01:55:00.772+0000] {processor.py:183} INFO - Processing /opt/airflow/dags/pipeline_scheduled.py took 0.125 seconds
[2026-01-22T01:55:31.038+0000] {processor.py:161} INFO - Started process (PID=51572) to work on /opt/airflow/dags/pipeline_scheduled.py
[2026-01-22T01:55:31.039+0000] {processor.py:830} INFO - Processing file /opt/airflow/dags/pipeline_scheduled.py for tasks to queue
[2026-01-22T01:55:31.040+0000] {logging_mixin.py:188} INFO - [2026-01-22T01:55:31.040+0000] {dagbag.py:545} INFO - Filling up the DagBag from /opt/airflow/dags/pipeline_scheduled.py
[2026-01-22T01:55:31.068+0000] {processor.py:840} INFO - DAG(s) 'pipeline_scheduled' retrieved from /opt/airflow/dags/pipeline_scheduled.py
[2026-01-22T01:55:31.104+0000] {logging_mixin.py:188} INFO - [2026-01-22T01:55:31.104+0000] {dag.py:3089} INFO - Sync 1 DAGs
[2026-01-22T01:55:31.126+0000] {logging_mixin.py:188} INFO - [2026-01-22T01:55:31.126+0000] {dag.py:3947} INFO - Setting next_dagrun for pipeline_scheduled to 2026-01-22 01:00:00+00:00, run_after=2026-01-22 02:00:00+00:00
[2026-01-22T01:55:31.147+0000] {processor.py:183} INFO - Processing /opt/airflow/dags/pipeline_scheduled.py took 0.116 seconds
[2026-01-22T01:56:01.627+0000] {processor.py:161} INFO - Started process (PID=51582) to work on /opt/airflow/dags/pipeline_scheduled.py
[2026-01-22T01:56:01.630+0000] {processor.py:830} INFO - Processing file /opt/airflow/dags/pipeline_scheduled.py for tasks to queue
[2026-01-22T01:56:01.633+0000] {logging_mixin.py:188} INFO - [2026-01-22T01:56:01.632+0000] {dagbag.py:545} INFO - Filling up the DagBag from /opt/airflow/dags/pipeline_scheduled.py
[2026-01-22T01:56:01.689+0000] {processor.py:840} INFO - DAG(s) 'pipeline_scheduled' retrieved from /opt/airflow/dags/pipeline_scheduled.py
[2026-01-22T01:56:01.764+0000] {logging_mixin.py:188} INFO - [2026-01-22T01:56:01.763+0000] {dag.py:3089} INFO - Sync 1 DAGs
[2026-01-22T01:56:01.809+0000] {logging_mixin.py:188} INFO - [2026-01-22T01:56:01.809+0000] {dag.py:3947} INFO - Setting next_dagrun for pipeline_scheduled to 2026-01-22 01:00:00+00:00, run_after=2026-01-22 02:00:00+00:00
[2026-01-22T01:56:01.865+0000] {processor.py:183} INFO - Processing /opt/airflow/dags/pipeline_scheduled.py took 0.254 seconds
[2026-01-22T01:56:32.304+0000] {processor.py:161} INFO - Started process (PID=51592) to work on /opt/airflow/dags/pipeline_scheduled.py
[2026-01-22T01:56:32.306+0000] {processor.py:830} INFO - Processing file /opt/airflow/dags/pipeline_scheduled.py for tasks to queue
[2026-01-22T01:56:32.308+0000] {logging_mixin.py:188} INFO - [2026-01-22T01:56:32.307+0000] {dagbag.py:545} INFO - Filling up the DagBag from /opt/airflow/dags/pipeline_scheduled.py
[2026-01-22T01:56:32.356+0000] {processor.py:840} INFO - DAG(s) 'pipeline_scheduled' retrieved from /opt/airflow/dags/pipeline_scheduled.py
[2026-01-22T01:56:32.426+0000] {logging_mixin.py:188} INFO - [2026-01-22T01:56:32.425+0000] {dag.py:3089} INFO - Sync 1 DAGs
[2026-01-22T01:56:32.468+0000] {logging_mixin.py:188} INFO - [2026-01-22T01:56:32.467+0000] {dag.py:3947} INFO - Setting next_dagrun for pipeline_scheduled to 2026-01-22 01:00:00+00:00, run_after=2026-01-22 02:00:00+00:00
[2026-01-22T01:56:32.528+0000] {processor.py:183} INFO - Processing /opt/airflow/dags/pipeline_scheduled.py took 0.238 seconds
[2026-01-22T01:57:02.716+0000] {processor.py:161} INFO - Started process (PID=51602) to work on /opt/airflow/dags/pipeline_scheduled.py
[2026-01-22T01:57:02.718+0000] {processor.py:830} INFO - Processing file /opt/airflow/dags/pipeline_scheduled.py for tasks to queue
[2026-01-22T01:57:02.720+0000] {logging_mixin.py:188} INFO - [2026-01-22T01:57:02.719+0000] {dagbag.py:545} INFO - Filling up the DagBag from /opt/airflow/dags/pipeline_scheduled.py
[2026-01-22T01:57:02.772+0000] {processor.py:840} INFO - DAG(s) 'pipeline_scheduled' retrieved from /opt/airflow/dags/pipeline_scheduled.py
[2026-01-22T01:57:02.839+0000] {logging_mixin.py:188} INFO - [2026-01-22T01:57:02.839+0000] {dag.py:3089} INFO - Sync 1 DAGs
[2026-01-22T01:57:02.879+0000] {logging_mixin.py:188} INFO - [2026-01-22T01:57:02.879+0000] {dag.py:3947} INFO - Setting next_dagrun for pipeline_scheduled to 2026-01-22 01:00:00+00:00, run_after=2026-01-22 02:00:00+00:00
[2026-01-22T01:57:02.918+0000] {processor.py:183} INFO - Processing /opt/airflow/dags/pipeline_scheduled.py took 0.217 seconds
[2026-01-22T01:57:33.328+0000] {processor.py:161} INFO - Started process (PID=51612) to work on /opt/airflow/dags/pipeline_scheduled.py
[2026-01-22T01:57:33.331+0000] {processor.py:830} INFO - Processing file /opt/airflow/dags/pipeline_scheduled.py for tasks to queue
[2026-01-22T01:57:33.333+0000] {logging_mixin.py:188} INFO - [2026-01-22T01:57:33.332+0000] {dagbag.py:545} INFO - Filling up the DagBag from /opt/airflow/dags/pipeline_scheduled.py
[2026-01-22T01:57:33.384+0000] {processor.py:840} INFO - DAG(s) 'pipeline_scheduled' retrieved from /opt/airflow/dags/pipeline_scheduled.py
[2026-01-22T01:57:33.445+0000] {logging_mixin.py:188} INFO - [2026-01-22T01:57:33.445+0000] {dag.py:3089} INFO - Sync 1 DAGs
[2026-01-22T01:57:33.485+0000] {logging_mixin.py:188} INFO - [2026-01-22T01:57:33.485+0000] {dag.py:3947} INFO - Setting next_dagrun for pipeline_scheduled to 2026-01-22 01:00:00+00:00, run_after=2026-01-22 02:00:00+00:00
[2026-01-22T01:57:33.520+0000] {processor.py:183} INFO - Processing /opt/airflow/dags/pipeline_scheduled.py took 0.209 seconds
[2026-01-22T01:58:03.970+0000] {processor.py:161} INFO - Started process (PID=51622) to work on /opt/airflow/dags/pipeline_scheduled.py
[2026-01-22T01:58:03.972+0000] {processor.py:830} INFO - Processing file /opt/airflow/dags/pipeline_scheduled.py for tasks to queue
[2026-01-22T01:58:03.974+0000] {logging_mixin.py:188} INFO - [2026-01-22T01:58:03.973+0000] {dagbag.py:545} INFO - Filling up the DagBag from /opt/airflow/dags/pipeline_scheduled.py
[2026-01-22T01:58:04.011+0000] {processor.py:840} INFO - DAG(s) 'pipeline_scheduled' retrieved from /opt/airflow/dags/pipeline_scheduled.py
[2026-01-22T01:58:04.070+0000] {logging_mixin.py:188} INFO - [2026-01-22T01:58:04.070+0000] {dag.py:3089} INFO - Sync 1 DAGs
[2026-01-22T01:58:04.112+0000] {logging_mixin.py:188} INFO - [2026-01-22T01:58:04.111+0000] {dag.py:3947} INFO - Setting next_dagrun for pipeline_scheduled to 2026-01-22 01:00:00+00:00, run_after=2026-01-22 02:00:00+00:00
[2026-01-22T01:58:04.170+0000] {processor.py:183} INFO - Processing /opt/airflow/dags/pipeline_scheduled.py took 0.213 seconds
[2026-01-22T01:58:34.404+0000] {processor.py:161} INFO - Started process (PID=51632) to work on /opt/airflow/dags/pipeline_scheduled.py
[2026-01-22T01:58:34.406+0000] {processor.py:830} INFO - Processing file /opt/airflow/dags/pipeline_scheduled.py for tasks to queue
[2026-01-22T01:58:34.408+0000] {logging_mixin.py:188} INFO - [2026-01-22T01:58:34.407+0000] {dagbag.py:545} INFO - Filling up the DagBag from /opt/airflow/dags/pipeline_scheduled.py
[2026-01-22T01:58:34.456+0000] {processor.py:840} INFO - DAG(s) 'pipeline_scheduled' retrieved from /opt/airflow/dags/pipeline_scheduled.py
[2026-01-22T01:58:34.533+0000] {logging_mixin.py:188} INFO - [2026-01-22T01:58:34.533+0000] {dag.py:3089} INFO - Sync 1 DAGs
[2026-01-22T01:58:34.574+0000] {logging_mixin.py:188} INFO - [2026-01-22T01:58:34.573+0000] {dag.py:3947} INFO - Setting next_dagrun for pipeline_scheduled to 2026-01-22 01:00:00+00:00, run_after=2026-01-22 02:00:00+00:00
[2026-01-22T01:58:34.606+0000] {processor.py:183} INFO - Processing /opt/airflow/dags/pipeline_scheduled.py took 0.265 seconds
[2026-01-22T01:59:05.032+0000] {processor.py:161} INFO - Started process (PID=51642) to work on /opt/airflow/dags/pipeline_scheduled.py
[2026-01-22T01:59:05.099+0000] {processor.py:830} INFO - Processing file /opt/airflow/dags/pipeline_scheduled.py for tasks to queue
[2026-01-22T01:59:05.102+0000] {logging_mixin.py:188} INFO - [2026-01-22T01:59:05.101+0000] {dagbag.py:545} INFO - Filling up the DagBag from /opt/airflow/dags/pipeline_scheduled.py
[2026-01-22T01:59:05.139+0000] {processor.py:840} INFO - DAG(s) 'pipeline_scheduled' retrieved from /opt/airflow/dags/pipeline_scheduled.py
[2026-01-22T01:59:05.212+0000] {logging_mixin.py:188} INFO - [2026-01-22T01:59:05.212+0000] {dag.py:3089} INFO - Sync 1 DAGs
[2026-01-22T01:59:05.254+0000] {logging_mixin.py:188} INFO - [2026-01-22T01:59:05.253+0000] {dag.py:3947} INFO - Setting next_dagrun for pipeline_scheduled to 2026-01-22 01:00:00+00:00, run_after=2026-01-22 02:00:00+00:00
[2026-01-22T01:59:05.314+0000] {processor.py:183} INFO - Processing /opt/airflow/dags/pipeline_scheduled.py took 0.293 seconds
[2026-01-22T01:59:35.795+0000] {processor.py:161} INFO - Started process (PID=51652) to work on /opt/airflow/dags/pipeline_scheduled.py
[2026-01-22T01:59:35.797+0000] {processor.py:830} INFO - Processing file /opt/airflow/dags/pipeline_scheduled.py for tasks to queue
[2026-01-22T01:59:35.799+0000] {logging_mixin.py:188} INFO - [2026-01-22T01:59:35.798+0000] {dagbag.py:545} INFO - Filling up the DagBag from /opt/airflow/dags/pipeline_scheduled.py
[2026-01-22T01:59:35.852+0000] {processor.py:840} INFO - DAG(s) 'pipeline_scheduled' retrieved from /opt/airflow/dags/pipeline_scheduled.py
[2026-01-22T01:59:35.940+0000] {logging_mixin.py:188} INFO - [2026-01-22T01:59:35.940+0000] {dag.py:3089} INFO - Sync 1 DAGs
[2026-01-22T01:59:35.990+0000] {logging_mixin.py:188} INFO - [2026-01-22T01:59:35.989+0000] {dag.py:3947} INFO - Setting next_dagrun for pipeline_scheduled to 2026-01-22 01:00:00+00:00, run_after=2026-01-22 02:00:00+00:00
[2026-01-22T01:59:36.030+0000] {processor.py:183} INFO - Processing /opt/airflow/dags/pipeline_scheduled.py took 0.291 seconds
[2026-01-22T02:00:06.471+0000] {processor.py:161} INFO - Started process (PID=51665) to work on /opt/airflow/dags/pipeline_scheduled.py
[2026-01-22T02:00:06.473+0000] {processor.py:830} INFO - Processing file /opt/airflow/dags/pipeline_scheduled.py for tasks to queue
[2026-01-22T02:00:06.474+0000] {logging_mixin.py:188} INFO - [2026-01-22T02:00:06.474+0000] {dagbag.py:545} INFO - Filling up the DagBag from /opt/airflow/dags/pipeline_scheduled.py
[2026-01-22T02:00:06.516+0000] {processor.py:840} INFO - DAG(s) 'pipeline_scheduled' retrieved from /opt/airflow/dags/pipeline_scheduled.py
[2026-01-22T02:00:06.580+0000] {logging_mixin.py:188} INFO - [2026-01-22T02:00:06.580+0000] {dag.py:3089} INFO - Sync 1 DAGs
[2026-01-22T02:00:06.619+0000] {logging_mixin.py:188} INFO - [2026-01-22T02:00:06.619+0000] {dag.py:3947} INFO - Setting next_dagrun for pipeline_scheduled to 2026-01-22 02:00:00+00:00, run_after=2026-01-22 03:00:00+00:00
[2026-01-22T02:00:06.672+0000] {processor.py:183} INFO - Processing /opt/airflow/dags/pipeline_scheduled.py took 0.212 seconds
[2026-01-22T02:00:36.891+0000] {processor.py:161} INFO - Started process (PID=51675) to work on /opt/airflow/dags/pipeline_scheduled.py
[2026-01-22T02:00:36.894+0000] {processor.py:830} INFO - Processing file /opt/airflow/dags/pipeline_scheduled.py for tasks to queue
[2026-01-22T02:00:36.896+0000] {logging_mixin.py:188} INFO - [2026-01-22T02:00:36.895+0000] {dagbag.py:545} INFO - Filling up the DagBag from /opt/airflow/dags/pipeline_scheduled.py
[2026-01-22T02:00:36.946+0000] {processor.py:840} INFO - DAG(s) 'pipeline_scheduled' retrieved from /opt/airflow/dags/pipeline_scheduled.py
[2026-01-22T02:00:37.015+0000] {logging_mixin.py:188} INFO - [2026-01-22T02:00:37.014+0000] {dag.py:3089} INFO - Sync 1 DAGs
[2026-01-22T02:00:37.062+0000] {logging_mixin.py:188} INFO - [2026-01-22T02:00:37.061+0000] {dag.py:3947} INFO - Setting next_dagrun for pipeline_scheduled to 2026-01-22 02:00:00+00:00, run_after=2026-01-22 03:00:00+00:00
[2026-01-22T02:00:37.105+0000] {processor.py:183} INFO - Processing /opt/airflow/dags/pipeline_scheduled.py took 0.229 seconds
[2026-01-22T02:01:07.587+0000] {processor.py:161} INFO - Started process (PID=51685) to work on /opt/airflow/dags/pipeline_scheduled.py
[2026-01-22T02:01:07.590+0000] {processor.py:830} INFO - Processing file /opt/airflow/dags/pipeline_scheduled.py for tasks to queue
[2026-01-22T02:01:07.593+0000] {logging_mixin.py:188} INFO - [2026-01-22T02:01:07.592+0000] {dagbag.py:545} INFO - Filling up the DagBag from /opt/airflow/dags/pipeline_scheduled.py
[2026-01-22T02:01:07.638+0000] {processor.py:840} INFO - DAG(s) 'pipeline_scheduled' retrieved from /opt/airflow/dags/pipeline_scheduled.py
[2026-01-22T02:01:07.707+0000] {logging_mixin.py:188} INFO - [2026-01-22T02:01:07.707+0000] {dag.py:3089} INFO - Sync 1 DAGs
[2026-01-22T02:01:07.750+0000] {logging_mixin.py:188} INFO - [2026-01-22T02:01:07.750+0000] {dag.py:3947} INFO - Setting next_dagrun for pipeline_scheduled to 2026-01-22 02:00:00+00:00, run_after=2026-01-22 03:00:00+00:00
[2026-01-22T02:01:07.807+0000] {processor.py:183} INFO - Processing /opt/airflow/dags/pipeline_scheduled.py took 0.235 seconds
[2026-01-22T02:01:37.974+0000] {processor.py:161} INFO - Started process (PID=51695) to work on /opt/airflow/dags/pipeline_scheduled.py
[2026-01-22T02:01:37.976+0000] {processor.py:830} INFO - Processing file /opt/airflow/dags/pipeline_scheduled.py for tasks to queue
[2026-01-22T02:01:37.978+0000] {logging_mixin.py:188} INFO - [2026-01-22T02:01:37.978+0000] {dagbag.py:545} INFO - Filling up the DagBag from /opt/airflow/dags/pipeline_scheduled.py
[2026-01-22T02:01:38.021+0000] {processor.py:840} INFO - DAG(s) 'pipeline_scheduled' retrieved from /opt/airflow/dags/pipeline_scheduled.py
[2026-01-22T02:01:38.087+0000] {logging_mixin.py:188} INFO - [2026-01-22T02:01:38.086+0000] {dag.py:3089} INFO - Sync 1 DAGs
[2026-01-22T02:01:38.133+0000] {logging_mixin.py:188} INFO - [2026-01-22T02:01:38.132+0000] {dag.py:3947} INFO - Setting next_dagrun for pipeline_scheduled to 2026-01-22 02:00:00+00:00, run_after=2026-01-22 03:00:00+00:00
[2026-01-22T02:01:38.168+0000] {processor.py:183} INFO - Processing /opt/airflow/dags/pipeline_scheduled.py took 0.210 seconds
[2026-01-22T02:02:08.601+0000] {processor.py:161} INFO - Started process (PID=51705) to work on /opt/airflow/dags/pipeline_scheduled.py
[2026-01-22T02:02:08.603+0000] {processor.py:830} INFO - Processing file /opt/airflow/dags/pipeline_scheduled.py for tasks to queue
[2026-01-22T02:02:08.604+0000] {logging_mixin.py:188} INFO - [2026-01-22T02:02:08.604+0000] {dagbag.py:545} INFO - Filling up the DagBag from /opt/airflow/dags/pipeline_scheduled.py
[2026-01-22T02:02:08.648+0000] {processor.py:840} INFO - DAG(s) 'pipeline_scheduled' retrieved from /opt/airflow/dags/pipeline_scheduled.py
[2026-01-22T02:02:08.718+0000] {logging_mixin.py:188} INFO - [2026-01-22T02:02:08.717+0000] {dag.py:3089} INFO - Sync 1 DAGs
[2026-01-22T02:02:08.757+0000] {logging_mixin.py:188} INFO - [2026-01-22T02:02:08.757+0000] {dag.py:3947} INFO - Setting next_dagrun for pipeline_scheduled to 2026-01-22 02:00:00+00:00, run_after=2026-01-22 03:00:00+00:00
[2026-01-22T02:02:08.827+0000] {processor.py:183} INFO - Processing /opt/airflow/dags/pipeline_scheduled.py took 0.238 seconds
[2026-01-22T02:02:38.991+0000] {processor.py:161} INFO - Started process (PID=51715) to work on /opt/airflow/dags/pipeline_scheduled.py
[2026-01-22T02:02:38.992+0000] {processor.py:830} INFO - Processing file /opt/airflow/dags/pipeline_scheduled.py for tasks to queue
[2026-01-22T02:02:38.994+0000] {logging_mixin.py:188} INFO - [2026-01-22T02:02:38.993+0000] {dagbag.py:545} INFO - Filling up the DagBag from /opt/airflow/dags/pipeline_scheduled.py
[2026-01-22T02:02:39.034+0000] {processor.py:840} INFO - DAG(s) 'pipeline_scheduled' retrieved from /opt/airflow/dags/pipeline_scheduled.py
[2026-01-22T02:02:39.098+0000] {logging_mixin.py:188} INFO - [2026-01-22T02:02:39.097+0000] {dag.py:3089} INFO - Sync 1 DAGs
[2026-01-22T02:02:39.138+0000] {logging_mixin.py:188} INFO - [2026-01-22T02:02:39.137+0000] {dag.py:3947} INFO - Setting next_dagrun for pipeline_scheduled to 2026-01-22 02:00:00+00:00, run_after=2026-01-22 03:00:00+00:00
[2026-01-22T02:02:39.171+0000] {processor.py:183} INFO - Processing /opt/airflow/dags/pipeline_scheduled.py took 0.192 seconds
[2026-01-22T02:03:09.591+0000] {processor.py:161} INFO - Started process (PID=51725) to work on /opt/airflow/dags/pipeline_scheduled.py
[2026-01-22T02:03:09.593+0000] {processor.py:830} INFO - Processing file /opt/airflow/dags/pipeline_scheduled.py for tasks to queue
[2026-01-22T02:03:09.595+0000] {logging_mixin.py:188} INFO - [2026-01-22T02:03:09.594+0000] {dagbag.py:545} INFO - Filling up the DagBag from /opt/airflow/dags/pipeline_scheduled.py
[2026-01-22T02:03:09.635+0000] {processor.py:840} INFO - DAG(s) 'pipeline_scheduled' retrieved from /opt/airflow/dags/pipeline_scheduled.py
[2026-01-22T02:03:09.698+0000] {logging_mixin.py:188} INFO - [2026-01-22T02:03:09.697+0000] {dag.py:3089} INFO - Sync 1 DAGs
[2026-01-22T02:03:09.738+0000] {logging_mixin.py:188} INFO - [2026-01-22T02:03:09.736+0000] {dag.py:3947} INFO - Setting next_dagrun for pipeline_scheduled to 2026-01-22 02:00:00+00:00, run_after=2026-01-22 03:00:00+00:00
[2026-01-22T02:03:09.802+0000] {processor.py:183} INFO - Processing /opt/airflow/dags/pipeline_scheduled.py took 0.221 seconds
[2026-01-22T02:03:40.100+0000] {processor.py:161} INFO - Started process (PID=51735) to work on /opt/airflow/dags/pipeline_scheduled.py
[2026-01-22T02:03:40.104+0000] {processor.py:830} INFO - Processing file /opt/airflow/dags/pipeline_scheduled.py for tasks to queue
[2026-01-22T02:03:40.106+0000] {logging_mixin.py:188} INFO - [2026-01-22T02:03:40.106+0000] {dagbag.py:545} INFO - Filling up the DagBag from /opt/airflow/dags/pipeline_scheduled.py
[2026-01-22T02:03:40.163+0000] {processor.py:840} INFO - DAG(s) 'pipeline_scheduled' retrieved from /opt/airflow/dags/pipeline_scheduled.py
[2026-01-22T02:03:40.248+0000] {logging_mixin.py:188} INFO - [2026-01-22T02:03:40.247+0000] {dag.py:3089} INFO - Sync 1 DAGs
[2026-01-22T02:03:40.289+0000] {logging_mixin.py:188} INFO - [2026-01-22T02:03:40.288+0000] {dag.py:3947} INFO - Setting next_dagrun for pipeline_scheduled to 2026-01-22 02:00:00+00:00, run_after=2026-01-22 03:00:00+00:00
[2026-01-22T02:03:40.325+0000] {processor.py:183} INFO - Processing /opt/airflow/dags/pipeline_scheduled.py took 0.286 seconds
[2026-01-22T02:04:10.763+0000] {processor.py:161} INFO - Started process (PID=51745) to work on /opt/airflow/dags/pipeline_scheduled.py
[2026-01-22T02:04:10.766+0000] {processor.py:830} INFO - Processing file /opt/airflow/dags/pipeline_scheduled.py for tasks to queue
[2026-01-22T02:04:10.768+0000] {logging_mixin.py:188} INFO - [2026-01-22T02:04:10.767+0000] {dagbag.py:545} INFO - Filling up the DagBag from /opt/airflow/dags/pipeline_scheduled.py
[2026-01-22T02:04:10.811+0000] {processor.py:840} INFO - DAG(s) 'pipeline_scheduled' retrieved from /opt/airflow/dags/pipeline_scheduled.py
[2026-01-22T02:04:10.875+0000] {logging_mixin.py:188} INFO - [2026-01-22T02:04:10.875+0000] {dag.py:3089} INFO - Sync 1 DAGs
[2026-01-22T02:04:10.920+0000] {logging_mixin.py:188} INFO - [2026-01-22T02:04:10.919+0000] {dag.py:3947} INFO - Setting next_dagrun for pipeline_scheduled to 2026-01-22 02:00:00+00:00, run_after=2026-01-22 03:00:00+00:00
[2026-01-22T02:04:10.980+0000] {processor.py:183} INFO - Processing /opt/airflow/dags/pipeline_scheduled.py took 0.235 seconds
[2026-01-22T02:04:41.202+0000] {processor.py:161} INFO - Started process (PID=51755) to work on /opt/airflow/dags/pipeline_scheduled.py
[2026-01-22T02:04:41.204+0000] {processor.py:830} INFO - Processing file /opt/airflow/dags/pipeline_scheduled.py for tasks to queue
[2026-01-22T02:04:41.206+0000] {logging_mixin.py:188} INFO - [2026-01-22T02:04:41.206+0000] {dagbag.py:545} INFO - Filling up the DagBag from /opt/airflow/dags/pipeline_scheduled.py
[2026-01-22T02:04:41.262+0000] {processor.py:840} INFO - DAG(s) 'pipeline_scheduled' retrieved from /opt/airflow/dags/pipeline_scheduled.py
[2026-01-22T02:04:41.345+0000] {logging_mixin.py:188} INFO - [2026-01-22T02:04:41.344+0000] {dag.py:3089} INFO - Sync 1 DAGs
[2026-01-22T02:04:41.387+0000] {logging_mixin.py:188} INFO - [2026-01-22T02:04:41.386+0000] {dag.py:3947} INFO - Setting next_dagrun for pipeline_scheduled to 2026-01-22 02:00:00+00:00, run_after=2026-01-22 03:00:00+00:00
[2026-01-22T02:04:41.419+0000] {processor.py:183} INFO - Processing /opt/airflow/dags/pipeline_scheduled.py took 0.281 seconds
[2026-01-22T02:05:11.844+0000] {processor.py:161} INFO - Started process (PID=51765) to work on /opt/airflow/dags/pipeline_scheduled.py
[2026-01-22T02:05:11.846+0000] {processor.py:830} INFO - Processing file /opt/airflow/dags/pipeline_scheduled.py for tasks to queue
[2026-01-22T02:05:11.849+0000] {logging_mixin.py:188} INFO - [2026-01-22T02:05:11.848+0000] {dagbag.py:545} INFO - Filling up the DagBag from /opt/airflow/dags/pipeline_scheduled.py
[2026-01-22T02:05:11.891+0000] {processor.py:840} INFO - DAG(s) 'pipeline_scheduled' retrieved from /opt/airflow/dags/pipeline_scheduled.py
[2026-01-22T02:05:11.950+0000] {logging_mixin.py:188} INFO - [2026-01-22T02:05:11.949+0000] {dag.py:3089} INFO - Sync 1 DAGs
[2026-01-22T02:05:11.988+0000] {logging_mixin.py:188} INFO - [2026-01-22T02:05:11.988+0000] {dag.py:3947} INFO - Setting next_dagrun for pipeline_scheduled to 2026-01-22 02:00:00+00:00, run_after=2026-01-22 03:00:00+00:00
[2026-01-22T02:05:12.019+0000] {processor.py:183} INFO - Processing /opt/airflow/dags/pipeline_scheduled.py took 0.189 seconds
[2026-01-22T02:05:42.455+0000] {processor.py:161} INFO - Started process (PID=51775) to work on /opt/airflow/dags/pipeline_scheduled.py
[2026-01-22T02:05:42.457+0000] {processor.py:830} INFO - Processing file /opt/airflow/dags/pipeline_scheduled.py for tasks to queue
[2026-01-22T02:05:42.459+0000] {logging_mixin.py:188} INFO - [2026-01-22T02:05:42.458+0000] {dagbag.py:545} INFO - Filling up the DagBag from /opt/airflow/dags/pipeline_scheduled.py
[2026-01-22T02:05:42.510+0000] {processor.py:840} INFO - DAG(s) 'pipeline_scheduled' retrieved from /opt/airflow/dags/pipeline_scheduled.py
[2026-01-22T02:05:42.595+0000] {logging_mixin.py:188} INFO - [2026-01-22T02:05:42.594+0000] {dag.py:3089} INFO - Sync 1 DAGs
[2026-01-22T02:05:42.641+0000] {logging_mixin.py:188} INFO - [2026-01-22T02:05:42.641+0000] {dag.py:3947} INFO - Setting next_dagrun for pipeline_scheduled to 2026-01-22 02:00:00+00:00, run_after=2026-01-22 03:00:00+00:00
[2026-01-22T02:05:42.674+0000] {processor.py:183} INFO - Processing /opt/airflow/dags/pipeline_scheduled.py took 0.278 seconds
[2026-01-22T02:06:13.176+0000] {processor.py:161} INFO - Started process (PID=51785) to work on /opt/airflow/dags/pipeline_scheduled.py
[2026-01-22T02:06:13.178+0000] {processor.py:830} INFO - Processing file /opt/airflow/dags/pipeline_scheduled.py for tasks to queue
[2026-01-22T02:06:13.179+0000] {logging_mixin.py:188} INFO - [2026-01-22T02:06:13.179+0000] {dagbag.py:545} INFO - Filling up the DagBag from /opt/airflow/dags/pipeline_scheduled.py
[2026-01-22T02:06:13.219+0000] {processor.py:840} INFO - DAG(s) 'pipeline_scheduled' retrieved from /opt/airflow/dags/pipeline_scheduled.py
[2026-01-22T02:06:13.285+0000] {logging_mixin.py:188} INFO - [2026-01-22T02:06:13.284+0000] {dag.py:3089} INFO - Sync 1 DAGs
[2026-01-22T02:06:13.325+0000] {logging_mixin.py:188} INFO - [2026-01-22T02:06:13.325+0000] {dag.py:3947} INFO - Setting next_dagrun for pipeline_scheduled to 2026-01-22 02:00:00+00:00, run_after=2026-01-22 03:00:00+00:00
[2026-01-22T02:06:13.383+0000] {processor.py:183} INFO - Processing /opt/airflow/dags/pipeline_scheduled.py took 0.218 seconds
[2026-01-22T02:06:43.577+0000] {processor.py:161} INFO - Started process (PID=51795) to work on /opt/airflow/dags/pipeline_scheduled.py
[2026-01-22T02:06:43.580+0000] {processor.py:830} INFO - Processing file /opt/airflow/dags/pipeline_scheduled.py for tasks to queue
[2026-01-22T02:06:43.582+0000] {logging_mixin.py:188} INFO - [2026-01-22T02:06:43.581+0000] {dagbag.py:545} INFO - Filling up the DagBag from /opt/airflow/dags/pipeline_scheduled.py
[2026-01-22T02:06:43.636+0000] {processor.py:840} INFO - DAG(s) 'pipeline_scheduled' retrieved from /opt/airflow/dags/pipeline_scheduled.py
[2026-01-22T02:06:43.724+0000] {logging_mixin.py:188} INFO - [2026-01-22T02:06:43.724+0000] {dag.py:3089} INFO - Sync 1 DAGs
[2026-01-22T02:06:43.769+0000] {logging_mixin.py:188} INFO - [2026-01-22T02:06:43.769+0000] {dag.py:3947} INFO - Setting next_dagrun for pipeline_scheduled to 2026-01-22 02:00:00+00:00, run_after=2026-01-22 03:00:00+00:00
[2026-01-22T02:06:43.810+0000] {processor.py:183} INFO - Processing /opt/airflow/dags/pipeline_scheduled.py took 0.279 seconds
[2026-01-22T02:07:14.254+0000] {processor.py:161} INFO - Started process (PID=51805) to work on /opt/airflow/dags/pipeline_scheduled.py
[2026-01-22T02:07:14.257+0000] {processor.py:830} INFO - Processing file /opt/airflow/dags/pipeline_scheduled.py for tasks to queue
[2026-01-22T02:07:14.258+0000] {logging_mixin.py:188} INFO - [2026-01-22T02:07:14.258+0000] {dagbag.py:545} INFO - Filling up the DagBag from /opt/airflow/dags/pipeline_scheduled.py
[2026-01-22T02:07:14.370+0000] {processor.py:840} INFO - DAG(s) 'pipeline_scheduled' retrieved from /opt/airflow/dags/pipeline_scheduled.py
[2026-01-22T02:07:14.434+0000] {logging_mixin.py:188} INFO - [2026-01-22T02:07:14.434+0000] {dag.py:3089} INFO - Sync 1 DAGs
[2026-01-22T02:07:14.475+0000] {logging_mixin.py:188} INFO - [2026-01-22T02:07:14.475+0000] {dag.py:3947} INFO - Setting next_dagrun for pipeline_scheduled to 2026-01-22 02:00:00+00:00, run_after=2026-01-22 03:00:00+00:00
[2026-01-22T02:07:14.507+0000] {processor.py:183} INFO - Processing /opt/airflow/dags/pipeline_scheduled.py took 0.265 seconds
[2026-01-22T02:07:44.890+0000] {processor.py:161} INFO - Started process (PID=51815) to work on /opt/airflow/dags/pipeline_scheduled.py
[2026-01-22T02:07:44.893+0000] {processor.py:830} INFO - Processing file /opt/airflow/dags/pipeline_scheduled.py for tasks to queue
[2026-01-22T02:07:44.895+0000] {logging_mixin.py:188} INFO - [2026-01-22T02:07:44.894+0000] {dagbag.py:545} INFO - Filling up the DagBag from /opt/airflow/dags/pipeline_scheduled.py
[2026-01-22T02:07:44.952+0000] {processor.py:840} INFO - DAG(s) 'pipeline_scheduled' retrieved from /opt/airflow/dags/pipeline_scheduled.py
[2026-01-22T02:07:45.041+0000] {logging_mixin.py:188} INFO - [2026-01-22T02:07:45.040+0000] {dag.py:3089} INFO - Sync 1 DAGs
[2026-01-22T02:07:45.084+0000] {logging_mixin.py:188} INFO - [2026-01-22T02:07:45.084+0000] {dag.py:3947} INFO - Setting next_dagrun for pipeline_scheduled to 2026-01-22 02:00:00+00:00, run_after=2026-01-22 03:00:00+00:00
[2026-01-22T02:07:45.118+0000] {processor.py:183} INFO - Processing /opt/airflow/dags/pipeline_scheduled.py took 0.289 seconds
[2026-01-22T02:08:15.611+0000] {processor.py:161} INFO - Started process (PID=51825) to work on /opt/airflow/dags/pipeline_scheduled.py
[2026-01-22T02:08:15.613+0000] {processor.py:830} INFO - Processing file /opt/airflow/dags/pipeline_scheduled.py for tasks to queue
[2026-01-22T02:08:15.618+0000] {logging_mixin.py:188} INFO - [2026-01-22T02:08:15.616+0000] {dagbag.py:545} INFO - Filling up the DagBag from /opt/airflow/dags/pipeline_scheduled.py
[2026-01-22T02:08:15.662+0000] {processor.py:840} INFO - DAG(s) 'pipeline_scheduled' retrieved from /opt/airflow/dags/pipeline_scheduled.py
[2026-01-22T02:08:15.729+0000] {logging_mixin.py:188} INFO - [2026-01-22T02:08:15.728+0000] {dag.py:3089} INFO - Sync 1 DAGs
[2026-01-22T02:08:15.768+0000] {logging_mixin.py:188} INFO - [2026-01-22T02:08:15.767+0000] {dag.py:3947} INFO - Setting next_dagrun for pipeline_scheduled to 2026-01-22 02:00:00+00:00, run_after=2026-01-22 03:00:00+00:00
[2026-01-22T02:08:15.834+0000] {processor.py:183} INFO - Processing /opt/airflow/dags/pipeline_scheduled.py took 0.244 seconds
[2026-01-22T02:08:45.985+0000] {processor.py:161} INFO - Started process (PID=51835) to work on /opt/airflow/dags/pipeline_scheduled.py
[2026-01-22T02:08:45.987+0000] {processor.py:830} INFO - Processing file /opt/airflow/dags/pipeline_scheduled.py for tasks to queue
[2026-01-22T02:08:45.989+0000] {logging_mixin.py:188} INFO - [2026-01-22T02:08:45.988+0000] {dagbag.py:545} INFO - Filling up the DagBag from /opt/airflow/dags/pipeline_scheduled.py
[2026-01-22T02:08:46.039+0000] {processor.py:840} INFO - DAG(s) 'pipeline_scheduled' retrieved from /opt/airflow/dags/pipeline_scheduled.py
[2026-01-22T02:08:46.106+0000] {logging_mixin.py:188} INFO - [2026-01-22T02:08:46.106+0000] {dag.py:3089} INFO - Sync 1 DAGs
[2026-01-22T02:08:46.147+0000] {logging_mixin.py:188} INFO - [2026-01-22T02:08:46.147+0000] {dag.py:3947} INFO - Setting next_dagrun for pipeline_scheduled to 2026-01-22 02:00:00+00:00, run_after=2026-01-22 03:00:00+00:00
[2026-01-22T02:08:46.208+0000] {processor.py:183} INFO - Processing /opt/airflow/dags/pipeline_scheduled.py took 0.235 seconds
[2026-01-22T02:09:16.584+0000] {processor.py:161} INFO - Started process (PID=51845) to work on /opt/airflow/dags/pipeline_scheduled.py
[2026-01-22T02:09:16.586+0000] {processor.py:830} INFO - Processing file /opt/airflow/dags/pipeline_scheduled.py for tasks to queue
[2026-01-22T02:09:16.588+0000] {logging_mixin.py:188} INFO - [2026-01-22T02:09:16.587+0000] {dagbag.py:545} INFO - Filling up the DagBag from /opt/airflow/dags/pipeline_scheduled.py
[2026-01-22T02:09:16.632+0000] {processor.py:840} INFO - DAG(s) 'pipeline_scheduled' retrieved from /opt/airflow/dags/pipeline_scheduled.py
[2026-01-22T02:09:16.697+0000] {logging_mixin.py:188} INFO - [2026-01-22T02:09:16.696+0000] {dag.py:3089} INFO - Sync 1 DAGs
[2026-01-22T02:09:16.738+0000] {logging_mixin.py:188} INFO - [2026-01-22T02:09:16.738+0000] {dag.py:3947} INFO - Setting next_dagrun for pipeline_scheduled to 2026-01-22 02:00:00+00:00, run_after=2026-01-22 03:00:00+00:00
[2026-01-22T02:09:16.804+0000] {processor.py:183} INFO - Processing /opt/airflow/dags/pipeline_scheduled.py took 0.234 seconds
[2026-01-22T02:09:46.940+0000] {processor.py:161} INFO - Started process (PID=51855) to work on /opt/airflow/dags/pipeline_scheduled.py
[2026-01-22T02:09:46.942+0000] {processor.py:830} INFO - Processing file /opt/airflow/dags/pipeline_scheduled.py for tasks to queue
[2026-01-22T02:09:46.944+0000] {logging_mixin.py:188} INFO - [2026-01-22T02:09:46.943+0000] {dagbag.py:545} INFO - Filling up the DagBag from /opt/airflow/dags/pipeline_scheduled.py
[2026-01-22T02:09:46.985+0000] {processor.py:840} INFO - DAG(s) 'pipeline_scheduled' retrieved from /opt/airflow/dags/pipeline_scheduled.py
[2026-01-22T02:09:47.052+0000] {logging_mixin.py:188} INFO - [2026-01-22T02:09:47.051+0000] {dag.py:3089} INFO - Sync 1 DAGs
[2026-01-22T02:09:47.091+0000] {logging_mixin.py:188} INFO - [2026-01-22T02:09:47.090+0000] {dag.py:3947} INFO - Setting next_dagrun for pipeline_scheduled to 2026-01-22 02:00:00+00:00, run_after=2026-01-22 03:00:00+00:00
[2026-01-22T02:09:47.154+0000] {processor.py:183} INFO - Processing /opt/airflow/dags/pipeline_scheduled.py took 0.225 seconds
[2026-01-22T02:10:17.537+0000] {processor.py:161} INFO - Started process (PID=51868) to work on /opt/airflow/dags/pipeline_scheduled.py
[2026-01-22T02:10:17.539+0000] {processor.py:830} INFO - Processing file /opt/airflow/dags/pipeline_scheduled.py for tasks to queue
[2026-01-22T02:10:17.541+0000] {logging_mixin.py:188} INFO - [2026-01-22T02:10:17.540+0000] {dagbag.py:545} INFO - Filling up the DagBag from /opt/airflow/dags/pipeline_scheduled.py
[2026-01-22T02:10:17.578+0000] {processor.py:840} INFO - DAG(s) 'pipeline_scheduled' retrieved from /opt/airflow/dags/pipeline_scheduled.py
[2026-01-22T02:10:17.645+0000] {logging_mixin.py:188} INFO - [2026-01-22T02:10:17.644+0000] {dag.py:3089} INFO - Sync 1 DAGs
[2026-01-22T02:10:17.688+0000] {logging_mixin.py:188} INFO - [2026-01-22T02:10:17.687+0000] {dag.py:3947} INFO - Setting next_dagrun for pipeline_scheduled to 2026-01-22 02:00:00+00:00, run_after=2026-01-22 03:00:00+00:00
[2026-01-22T02:10:17.751+0000] {processor.py:183} INFO - Processing /opt/airflow/dags/pipeline_scheduled.py took 0.226 seconds
[2026-01-22T02:10:47.994+0000] {processor.py:161} INFO - Started process (PID=51878) to work on /opt/airflow/dags/pipeline_scheduled.py
[2026-01-22T02:10:47.996+0000] {processor.py:830} INFO - Processing file /opt/airflow/dags/pipeline_scheduled.py for tasks to queue
[2026-01-22T02:10:47.998+0000] {logging_mixin.py:188} INFO - [2026-01-22T02:10:47.997+0000] {dagbag.py:545} INFO - Filling up the DagBag from /opt/airflow/dags/pipeline_scheduled.py
[2026-01-22T02:10:48.048+0000] {processor.py:840} INFO - DAG(s) 'pipeline_scheduled' retrieved from /opt/airflow/dags/pipeline_scheduled.py
[2026-01-22T02:10:48.123+0000] {logging_mixin.py:188} INFO - [2026-01-22T02:10:48.122+0000] {dag.py:3089} INFO - Sync 1 DAGs
[2026-01-22T02:10:48.162+0000] {logging_mixin.py:188} INFO - [2026-01-22T02:10:48.161+0000] {dag.py:3947} INFO - Setting next_dagrun for pipeline_scheduled to 2026-01-22 02:00:00+00:00, run_after=2026-01-22 03:00:00+00:00
[2026-01-22T02:10:48.216+0000] {processor.py:183} INFO - Processing /opt/airflow/dags/pipeline_scheduled.py took 0.232 seconds
[2026-01-22T02:11:18.547+0000] {processor.py:161} INFO - Started process (PID=51888) to work on /opt/airflow/dags/pipeline_scheduled.py
[2026-01-22T02:11:18.550+0000] {processor.py:830} INFO - Processing file /opt/airflow/dags/pipeline_scheduled.py for tasks to queue
[2026-01-22T02:11:18.551+0000] {logging_mixin.py:188} INFO - [2026-01-22T02:11:18.551+0000] {dagbag.py:545} INFO - Filling up the DagBag from /opt/airflow/dags/pipeline_scheduled.py
[2026-01-22T02:11:18.603+0000] {processor.py:840} INFO - DAG(s) 'pipeline_scheduled' retrieved from /opt/airflow/dags/pipeline_scheduled.py
[2026-01-22T02:11:18.668+0000] {logging_mixin.py:188} INFO - [2026-01-22T02:11:18.668+0000] {dag.py:3089} INFO - Sync 1 DAGs
[2026-01-22T02:11:18.711+0000] {logging_mixin.py:188} INFO - [2026-01-22T02:11:18.710+0000] {dag.py:3947} INFO - Setting next_dagrun for pipeline_scheduled to 2026-01-22 02:00:00+00:00, run_after=2026-01-22 03:00:00+00:00
[2026-01-22T02:11:18.743+0000] {processor.py:183} INFO - Processing /opt/airflow/dags/pipeline_scheduled.py took 0.209 seconds
[2026-01-22T02:11:49.144+0000] {processor.py:161} INFO - Started process (PID=51898) to work on /opt/airflow/dags/pipeline_scheduled.py
[2026-01-22T02:11:49.145+0000] {processor.py:830} INFO - Processing file /opt/airflow/dags/pipeline_scheduled.py for tasks to queue
[2026-01-22T02:11:49.147+0000] {logging_mixin.py:188} INFO - [2026-01-22T02:11:49.146+0000] {dagbag.py:545} INFO - Filling up the DagBag from /opt/airflow/dags/pipeline_scheduled.py
[2026-01-22T02:11:49.184+0000] {processor.py:840} INFO - DAG(s) 'pipeline_scheduled' retrieved from /opt/airflow/dags/pipeline_scheduled.py
[2026-01-22T02:11:49.246+0000] {logging_mixin.py:188} INFO - [2026-01-22T02:11:49.246+0000] {dag.py:3089} INFO - Sync 1 DAGs
[2026-01-22T02:11:49.285+0000] {logging_mixin.py:188} INFO - [2026-01-22T02:11:49.285+0000] {dag.py:3947} INFO - Setting next_dagrun for pipeline_scheduled to 2026-01-22 02:00:00+00:00, run_after=2026-01-22 03:00:00+00:00
[2026-01-22T02:11:49.316+0000] {processor.py:183} INFO - Processing /opt/airflow/dags/pipeline_scheduled.py took 0.182 seconds
[2026-01-22T02:12:19.722+0000] {processor.py:161} INFO - Started process (PID=51908) to work on /opt/airflow/dags/pipeline_scheduled.py
[2026-01-22T02:12:19.724+0000] {processor.py:830} INFO - Processing file /opt/airflow/dags/pipeline_scheduled.py for tasks to queue
[2026-01-22T02:12:19.726+0000] {logging_mixin.py:188} INFO - [2026-01-22T02:12:19.725+0000] {dagbag.py:545} INFO - Filling up the DagBag from /opt/airflow/dags/pipeline_scheduled.py
[2026-01-22T02:12:19.767+0000] {processor.py:840} INFO - DAG(s) 'pipeline_scheduled' retrieved from /opt/airflow/dags/pipeline_scheduled.py
[2026-01-22T02:12:19.835+0000] {logging_mixin.py:188} INFO - [2026-01-22T02:12:19.834+0000] {dag.py:3089} INFO - Sync 1 DAGs
[2026-01-22T02:12:19.876+0000] {logging_mixin.py:188} INFO - [2026-01-22T02:12:19.875+0000] {dag.py:3947} INFO - Setting next_dagrun for pipeline_scheduled to 2026-01-22 02:00:00+00:00, run_after=2026-01-22 03:00:00+00:00
[2026-01-22T02:12:19.933+0000] {processor.py:183} INFO - Processing /opt/airflow/dags/pipeline_scheduled.py took 0.224 seconds
[2026-01-22T02:12:50.112+0000] {processor.py:161} INFO - Started process (PID=51918) to work on /opt/airflow/dags/pipeline_scheduled.py
[2026-01-22T02:12:50.114+0000] {processor.py:830} INFO - Processing file /opt/airflow/dags/pipeline_scheduled.py for tasks to queue
[2026-01-22T02:12:50.116+0000] {logging_mixin.py:188} INFO - [2026-01-22T02:12:50.115+0000] {dagbag.py:545} INFO - Filling up the DagBag from /opt/airflow/dags/pipeline_scheduled.py
[2026-01-22T02:12:50.159+0000] {processor.py:840} INFO - DAG(s) 'pipeline_scheduled' retrieved from /opt/airflow/dags/pipeline_scheduled.py
[2026-01-22T02:12:50.231+0000] {logging_mixin.py:188} INFO - [2026-01-22T02:12:50.230+0000] {dag.py:3089} INFO - Sync 1 DAGs
[2026-01-22T02:12:50.273+0000] {logging_mixin.py:188} INFO - [2026-01-22T02:12:50.273+0000] {dag.py:3947} INFO - Setting next_dagrun for pipeline_scheduled to 2026-01-22 02:00:00+00:00, run_after=2026-01-22 03:00:00+00:00
[2026-01-22T02:12:50.309+0000] {processor.py:183} INFO - Processing /opt/airflow/dags/pipeline_scheduled.py took 0.210 seconds
[2026-01-22T02:13:20.677+0000] {processor.py:161} INFO - Started process (PID=51928) to work on /opt/airflow/dags/pipeline_scheduled.py
[2026-01-22T02:13:20.680+0000] {processor.py:830} INFO - Processing file /opt/airflow/dags/pipeline_scheduled.py for tasks to queue
[2026-01-22T02:13:20.682+0000] {logging_mixin.py:188} INFO - [2026-01-22T02:13:20.681+0000] {dagbag.py:545} INFO - Filling up the DagBag from /opt/airflow/dags/pipeline_scheduled.py
[2026-01-22T02:13:20.733+0000] {processor.py:840} INFO - DAG(s) 'pipeline_scheduled' retrieved from /opt/airflow/dags/pipeline_scheduled.py
[2026-01-22T02:13:20.804+0000] {logging_mixin.py:188} INFO - [2026-01-22T02:13:20.803+0000] {dag.py:3089} INFO - Sync 1 DAGs
[2026-01-22T02:13:20.848+0000] {logging_mixin.py:188} INFO - [2026-01-22T02:13:20.847+0000] {dag.py:3947} INFO - Setting next_dagrun for pipeline_scheduled to 2026-01-22 02:00:00+00:00, run_after=2026-01-22 03:00:00+00:00
[2026-01-22T02:13:20.881+0000] {processor.py:183} INFO - Processing /opt/airflow/dags/pipeline_scheduled.py took 0.219 seconds
[2026-01-22T02:13:51.302+0000] {processor.py:161} INFO - Started process (PID=51938) to work on /opt/airflow/dags/pipeline_scheduled.py
[2026-01-22T02:13:51.304+0000] {processor.py:830} INFO - Processing file /opt/airflow/dags/pipeline_scheduled.py for tasks to queue
[2026-01-22T02:13:51.307+0000] {logging_mixin.py:188} INFO - [2026-01-22T02:13:51.306+0000] {dagbag.py:545} INFO - Filling up the DagBag from /opt/airflow/dags/pipeline_scheduled.py
[2026-01-22T02:13:51.349+0000] {processor.py:840} INFO - DAG(s) 'pipeline_scheduled' retrieved from /opt/airflow/dags/pipeline_scheduled.py
[2026-01-22T02:13:51.424+0000] {logging_mixin.py:188} INFO - [2026-01-22T02:13:51.423+0000] {dag.py:3089} INFO - Sync 1 DAGs
[2026-01-22T02:13:51.468+0000] {logging_mixin.py:188} INFO - [2026-01-22T02:13:51.468+0000] {dag.py:3947} INFO - Setting next_dagrun for pipeline_scheduled to 2026-01-22 02:00:00+00:00, run_after=2026-01-22 03:00:00+00:00
[2026-01-22T02:13:51.539+0000] {processor.py:183} INFO - Processing /opt/airflow/dags/pipeline_scheduled.py took 0.249 seconds
[2026-01-22T02:14:21.689+0000] {processor.py:161} INFO - Started process (PID=51948) to work on /opt/airflow/dags/pipeline_scheduled.py
[2026-01-22T02:14:21.692+0000] {processor.py:830} INFO - Processing file /opt/airflow/dags/pipeline_scheduled.py for tasks to queue
[2026-01-22T02:14:21.694+0000] {logging_mixin.py:188} INFO - [2026-01-22T02:14:21.693+0000] {dagbag.py:545} INFO - Filling up the DagBag from /opt/airflow/dags/pipeline_scheduled.py
[2026-01-22T02:14:21.742+0000] {processor.py:840} INFO - DAG(s) 'pipeline_scheduled' retrieved from /opt/airflow/dags/pipeline_scheduled.py
[2026-01-22T02:14:21.833+0000] {logging_mixin.py:188} INFO - [2026-01-22T02:14:21.833+0000] {dag.py:3089} INFO - Sync 1 DAGs
[2026-01-22T02:14:21.882+0000] {logging_mixin.py:188} INFO - [2026-01-22T02:14:21.882+0000] {dag.py:3947} INFO - Setting next_dagrun for pipeline_scheduled to 2026-01-22 02:00:00+00:00, run_after=2026-01-22 03:00:00+00:00
[2026-01-22T02:14:21.914+0000] {processor.py:183} INFO - Processing /opt/airflow/dags/pipeline_scheduled.py took 0.244 seconds
[2026-01-22T02:14:52.319+0000] {processor.py:161} INFO - Started process (PID=51958) to work on /opt/airflow/dags/pipeline_scheduled.py
[2026-01-22T02:14:52.321+0000] {processor.py:830} INFO - Processing file /opt/airflow/dags/pipeline_scheduled.py for tasks to queue
[2026-01-22T02:14:52.323+0000] {logging_mixin.py:188} INFO - [2026-01-22T02:14:52.322+0000] {dagbag.py:545} INFO - Filling up the DagBag from /opt/airflow/dags/pipeline_scheduled.py
[2026-01-22T02:14:52.367+0000] {processor.py:840} INFO - DAG(s) 'pipeline_scheduled' retrieved from /opt/airflow/dags/pipeline_scheduled.py
[2026-01-22T02:14:52.435+0000] {logging_mixin.py:188} INFO - [2026-01-22T02:14:52.434+0000] {dag.py:3089} INFO - Sync 1 DAGs
[2026-01-22T02:14:52.475+0000] {logging_mixin.py:188} INFO - [2026-01-22T02:14:52.475+0000] {dag.py:3947} INFO - Setting next_dagrun for pipeline_scheduled to 2026-01-22 02:00:00+00:00, run_after=2026-01-22 03:00:00+00:00
[2026-01-22T02:14:52.512+0000] {processor.py:183} INFO - Processing /opt/airflow/dags/pipeline_scheduled.py took 0.205 seconds
[2026-01-22T02:15:22.909+0000] {processor.py:161} INFO - Started process (PID=51968) to work on /opt/airflow/dags/pipeline_scheduled.py
[2026-01-22T02:15:22.911+0000] {processor.py:830} INFO - Processing file /opt/airflow/dags/pipeline_scheduled.py for tasks to queue
[2026-01-22T02:15:22.913+0000] {logging_mixin.py:188} INFO - [2026-01-22T02:15:22.912+0000] {dagbag.py:545} INFO - Filling up the DagBag from /opt/airflow/dags/pipeline_scheduled.py
[2026-01-22T02:15:22.952+0000] {processor.py:840} INFO - DAG(s) 'pipeline_scheduled' retrieved from /opt/airflow/dags/pipeline_scheduled.py
[2026-01-22T02:15:23.015+0000] {logging_mixin.py:188} INFO - [2026-01-22T02:15:23.014+0000] {dag.py:3089} INFO - Sync 1 DAGs
[2026-01-22T02:15:23.054+0000] {logging_mixin.py:188} INFO - [2026-01-22T02:15:23.053+0000] {dag.py:3947} INFO - Setting next_dagrun for pipeline_scheduled to 2026-01-22 02:00:00+00:00, run_after=2026-01-22 03:00:00+00:00
[2026-01-22T02:15:23.127+0000] {processor.py:183} INFO - Processing /opt/airflow/dags/pipeline_scheduled.py took 0.230 seconds
[2026-01-22T02:15:53.363+0000] {processor.py:161} INFO - Started process (PID=51978) to work on /opt/airflow/dags/pipeline_scheduled.py
[2026-01-22T02:15:53.365+0000] {processor.py:830} INFO - Processing file /opt/airflow/dags/pipeline_scheduled.py for tasks to queue
[2026-01-22T02:15:53.366+0000] {logging_mixin.py:188} INFO - [2026-01-22T02:15:53.366+0000] {dagbag.py:545} INFO - Filling up the DagBag from /opt/airflow/dags/pipeline_scheduled.py
[2026-01-22T02:15:53.413+0000] {processor.py:840} INFO - DAG(s) 'pipeline_scheduled' retrieved from /opt/airflow/dags/pipeline_scheduled.py
[2026-01-22T02:15:53.555+0000] {logging_mixin.py:188} INFO - [2026-01-22T02:15:53.555+0000] {dag.py:3089} INFO - Sync 1 DAGs
[2026-01-22T02:15:53.603+0000] {logging_mixin.py:188} INFO - [2026-01-22T02:15:53.603+0000] {dag.py:3947} INFO - Setting next_dagrun for pipeline_scheduled to 2026-01-22 02:00:00+00:00, run_after=2026-01-22 03:00:00+00:00
[2026-01-22T02:15:53.639+0000] {processor.py:183} INFO - Processing /opt/airflow/dags/pipeline_scheduled.py took 0.289 seconds
[2026-01-22T02:16:23.999+0000] {processor.py:161} INFO - Started process (PID=51988) to work on /opt/airflow/dags/pipeline_scheduled.py
[2026-01-22T02:16:24.002+0000] {processor.py:830} INFO - Processing file /opt/airflow/dags/pipeline_scheduled.py for tasks to queue
[2026-01-22T02:16:24.004+0000] {logging_mixin.py:188} INFO - [2026-01-22T02:16:24.003+0000] {dagbag.py:545} INFO - Filling up the DagBag from /opt/airflow/dags/pipeline_scheduled.py
[2026-01-22T02:16:24.055+0000] {processor.py:840} INFO - DAG(s) 'pipeline_scheduled' retrieved from /opt/airflow/dags/pipeline_scheduled.py
[2026-01-22T02:16:24.121+0000] {logging_mixin.py:188} INFO - [2026-01-22T02:16:24.121+0000] {dag.py:3089} INFO - Sync 1 DAGs
[2026-01-22T02:16:24.172+0000] {logging_mixin.py:188} INFO - [2026-01-22T02:16:24.172+0000] {dag.py:3947} INFO - Setting next_dagrun for pipeline_scheduled to 2026-01-22 02:00:00+00:00, run_after=2026-01-22 03:00:00+00:00
[2026-01-22T02:16:24.250+0000] {processor.py:183} INFO - Processing /opt/airflow/dags/pipeline_scheduled.py took 0.263 seconds
[2026-01-22T02:16:54.388+0000] {processor.py:161} INFO - Started process (PID=51998) to work on /opt/airflow/dags/pipeline_scheduled.py
[2026-01-22T02:16:54.390+0000] {processor.py:830} INFO - Processing file /opt/airflow/dags/pipeline_scheduled.py for tasks to queue
[2026-01-22T02:16:54.392+0000] {logging_mixin.py:188} INFO - [2026-01-22T02:16:54.391+0000] {dagbag.py:545} INFO - Filling up the DagBag from /opt/airflow/dags/pipeline_scheduled.py
[2026-01-22T02:16:54.440+0000] {processor.py:840} INFO - DAG(s) 'pipeline_scheduled' retrieved from /opt/airflow/dags/pipeline_scheduled.py
[2026-01-22T02:16:54.509+0000] {logging_mixin.py:188} INFO - [2026-01-22T02:16:54.509+0000] {dag.py:3089} INFO - Sync 1 DAGs
[2026-01-22T02:16:54.554+0000] {logging_mixin.py:188} INFO - [2026-01-22T02:16:54.554+0000] {dag.py:3947} INFO - Setting next_dagrun for pipeline_scheduled to 2026-01-22 02:00:00+00:00, run_after=2026-01-22 03:00:00+00:00
[2026-01-22T02:16:54.635+0000] {processor.py:183} INFO - Processing /opt/airflow/dags/pipeline_scheduled.py took 0.260 seconds
[2026-01-22T02:17:25.054+0000] {processor.py:161} INFO - Started process (PID=52008) to work on /opt/airflow/dags/pipeline_scheduled.py
[2026-01-22T02:17:25.058+0000] {processor.py:830} INFO - Processing file /opt/airflow/dags/pipeline_scheduled.py for tasks to queue
[2026-01-22T02:17:25.060+0000] {logging_mixin.py:188} INFO - [2026-01-22T02:17:25.059+0000] {dagbag.py:545} INFO - Filling up the DagBag from /opt/airflow/dags/pipeline_scheduled.py
[2026-01-22T02:17:25.101+0000] {processor.py:840} INFO - DAG(s) 'pipeline_scheduled' retrieved from /opt/airflow/dags/pipeline_scheduled.py
[2026-01-22T02:17:25.169+0000] {logging_mixin.py:188} INFO - [2026-01-22T02:17:25.168+0000] {dag.py:3089} INFO - Sync 1 DAGs
[2026-01-22T02:17:25.209+0000] {logging_mixin.py:188} INFO - [2026-01-22T02:17:25.209+0000] {dag.py:3947} INFO - Setting next_dagrun for pipeline_scheduled to 2026-01-22 02:00:00+00:00, run_after=2026-01-22 03:00:00+00:00
[2026-01-22T02:17:25.276+0000] {processor.py:183} INFO - Processing /opt/airflow/dags/pipeline_scheduled.py took 0.234 seconds
[2026-01-22T02:17:55.459+0000] {processor.py:161} INFO - Started process (PID=52018) to work on /opt/airflow/dags/pipeline_scheduled.py
[2026-01-22T02:17:55.462+0000] {processor.py:830} INFO - Processing file /opt/airflow/dags/pipeline_scheduled.py for tasks to queue
[2026-01-22T02:17:55.465+0000] {logging_mixin.py:188} INFO - [2026-01-22T02:17:55.464+0000] {dagbag.py:545} INFO - Filling up the DagBag from /opt/airflow/dags/pipeline_scheduled.py
[2026-01-22T02:17:55.519+0000] {processor.py:840} INFO - DAG(s) 'pipeline_scheduled' retrieved from /opt/airflow/dags/pipeline_scheduled.py
[2026-01-22T02:17:55.586+0000] {logging_mixin.py:188} INFO - [2026-01-22T02:17:55.586+0000] {dag.py:3089} INFO - Sync 1 DAGs
[2026-01-22T02:17:55.631+0000] {logging_mixin.py:188} INFO - [2026-01-22T02:17:55.630+0000] {dag.py:3947} INFO - Setting next_dagrun for pipeline_scheduled to 2026-01-22 02:00:00+00:00, run_after=2026-01-22 03:00:00+00:00
[2026-01-22T02:17:55.694+0000] {processor.py:183} INFO - Processing /opt/airflow/dags/pipeline_scheduled.py took 0.251 seconds
[2026-01-22T02:18:26.002+0000] {processor.py:161} INFO - Started process (PID=52028) to work on /opt/airflow/dags/pipeline_scheduled.py
[2026-01-22T02:18:26.004+0000] {processor.py:830} INFO - Processing file /opt/airflow/dags/pipeline_scheduled.py for tasks to queue
[2026-01-22T02:18:26.006+0000] {logging_mixin.py:188} INFO - [2026-01-22T02:18:26.005+0000] {dagbag.py:545} INFO - Filling up the DagBag from /opt/airflow/dags/pipeline_scheduled.py
[2026-01-22T02:18:26.056+0000] {processor.py:840} INFO - DAG(s) 'pipeline_scheduled' retrieved from /opt/airflow/dags/pipeline_scheduled.py
[2026-01-22T02:18:26.114+0000] {logging_mixin.py:188} INFO - [2026-01-22T02:18:26.114+0000] {dag.py:3089} INFO - Sync 1 DAGs
[2026-01-22T02:18:26.150+0000] {logging_mixin.py:188} INFO - [2026-01-22T02:18:26.150+0000] {dag.py:3947} INFO - Setting next_dagrun for pipeline_scheduled to 2026-01-22 02:00:00+00:00, run_after=2026-01-22 03:00:00+00:00
[2026-01-22T02:18:26.181+0000] {processor.py:183} INFO - Processing /opt/airflow/dags/pipeline_scheduled.py took 0.192 seconds
[2026-01-22T02:18:56.606+0000] {processor.py:161} INFO - Started process (PID=52038) to work on /opt/airflow/dags/pipeline_scheduled.py
[2026-01-22T02:18:56.609+0000] {processor.py:830} INFO - Processing file /opt/airflow/dags/pipeline_scheduled.py for tasks to queue
[2026-01-22T02:18:56.611+0000] {logging_mixin.py:188} INFO - [2026-01-22T02:18:56.610+0000] {dagbag.py:545} INFO - Filling up the DagBag from /opt/airflow/dags/pipeline_scheduled.py
[2026-01-22T02:18:56.656+0000] {processor.py:840} INFO - DAG(s) 'pipeline_scheduled' retrieved from /opt/airflow/dags/pipeline_scheduled.py
[2026-01-22T02:18:56.730+0000] {logging_mixin.py:188} INFO - [2026-01-22T02:18:56.729+0000] {dag.py:3089} INFO - Sync 1 DAGs
[2026-01-22T02:18:56.782+0000] {logging_mixin.py:188} INFO - [2026-01-22T02:18:56.782+0000] {dag.py:3947} INFO - Setting next_dagrun for pipeline_scheduled to 2026-01-22 02:00:00+00:00, run_after=2026-01-22 03:00:00+00:00
[2026-01-22T02:18:56.821+0000] {processor.py:183} INFO - Processing /opt/airflow/dags/pipeline_scheduled.py took 0.232 seconds
[2026-01-22T02:19:27.208+0000] {processor.py:161} INFO - Started process (PID=52048) to work on /opt/airflow/dags/pipeline_scheduled.py
[2026-01-22T02:19:27.210+0000] {processor.py:830} INFO - Processing file /opt/airflow/dags/pipeline_scheduled.py for tasks to queue
[2026-01-22T02:19:27.213+0000] {logging_mixin.py:188} INFO - [2026-01-22T02:19:27.212+0000] {dagbag.py:545} INFO - Filling up the DagBag from /opt/airflow/dags/pipeline_scheduled.py
[2026-01-22T02:19:27.255+0000] {processor.py:840} INFO - DAG(s) 'pipeline_scheduled' retrieved from /opt/airflow/dags/pipeline_scheduled.py
[2026-01-22T02:19:27.320+0000] {logging_mixin.py:188} INFO - [2026-01-22T02:19:27.320+0000] {dag.py:3089} INFO - Sync 1 DAGs
[2026-01-22T02:19:27.362+0000] {logging_mixin.py:188} INFO - [2026-01-22T02:19:27.362+0000] {dag.py:3947} INFO - Setting next_dagrun for pipeline_scheduled to 2026-01-22 02:00:00+00:00, run_after=2026-01-22 03:00:00+00:00
[2026-01-22T02:19:27.396+0000] {processor.py:183} INFO - Processing /opt/airflow/dags/pipeline_scheduled.py took 0.201 seconds
[2026-01-22T02:19:57.806+0000] {processor.py:161} INFO - Started process (PID=52058) to work on /opt/airflow/dags/pipeline_scheduled.py
[2026-01-22T02:19:57.808+0000] {processor.py:830} INFO - Processing file /opt/airflow/dags/pipeline_scheduled.py for tasks to queue
[2026-01-22T02:19:57.810+0000] {logging_mixin.py:188} INFO - [2026-01-22T02:19:57.809+0000] {dagbag.py:545} INFO - Filling up the DagBag from /opt/airflow/dags/pipeline_scheduled.py
[2026-01-22T02:19:57.852+0000] {processor.py:840} INFO - DAG(s) 'pipeline_scheduled' retrieved from /opt/airflow/dags/pipeline_scheduled.py
[2026-01-22T02:19:57.920+0000] {logging_mixin.py:188} INFO - [2026-01-22T02:19:57.919+0000] {dag.py:3089} INFO - Sync 1 DAGs
[2026-01-22T02:19:57.966+0000] {logging_mixin.py:188} INFO - [2026-01-22T02:19:57.965+0000] {dag.py:3947} INFO - Setting next_dagrun for pipeline_scheduled to 2026-01-22 02:00:00+00:00, run_after=2026-01-22 03:00:00+00:00
[2026-01-22T02:19:58.036+0000] {processor.py:183} INFO - Processing /opt/airflow/dags/pipeline_scheduled.py took 0.245 seconds
[2026-01-22T02:20:28.193+0000] {processor.py:161} INFO - Started process (PID=52071) to work on /opt/airflow/dags/pipeline_scheduled.py
[2026-01-22T02:20:28.196+0000] {processor.py:830} INFO - Processing file /opt/airflow/dags/pipeline_scheduled.py for tasks to queue
[2026-01-22T02:20:28.198+0000] {logging_mixin.py:188} INFO - [2026-01-22T02:20:28.197+0000] {dagbag.py:545} INFO - Filling up the DagBag from /opt/airflow/dags/pipeline_scheduled.py
[2026-01-22T02:20:28.252+0000] {processor.py:840} INFO - DAG(s) 'pipeline_scheduled' retrieved from /opt/airflow/dags/pipeline_scheduled.py
[2026-01-22T02:20:28.315+0000] {logging_mixin.py:188} INFO - [2026-01-22T02:20:28.315+0000] {dag.py:3089} INFO - Sync 1 DAGs
[2026-01-22T02:20:28.356+0000] {logging_mixin.py:188} INFO - [2026-01-22T02:20:28.356+0000] {dag.py:3947} INFO - Setting next_dagrun for pipeline_scheduled to 2026-01-22 02:00:00+00:00, run_after=2026-01-22 03:00:00+00:00
[2026-01-22T02:20:28.415+0000] {processor.py:183} INFO - Processing /opt/airflow/dags/pipeline_scheduled.py took 0.237 seconds
[2026-01-22T02:20:58.864+0000] {processor.py:161} INFO - Started process (PID=52081) to work on /opt/airflow/dags/pipeline_scheduled.py
[2026-01-22T02:20:58.866+0000] {processor.py:830} INFO - Processing file /opt/airflow/dags/pipeline_scheduled.py for tasks to queue
[2026-01-22T02:20:58.868+0000] {logging_mixin.py:188} INFO - [2026-01-22T02:20:58.867+0000] {dagbag.py:545} INFO - Filling up the DagBag from /opt/airflow/dags/pipeline_scheduled.py
[2026-01-22T02:20:58.909+0000] {processor.py:840} INFO - DAG(s) 'pipeline_scheduled' retrieved from /opt/airflow/dags/pipeline_scheduled.py
[2026-01-22T02:20:58.973+0000] {logging_mixin.py:188} INFO - [2026-01-22T02:20:58.973+0000] {dag.py:3089} INFO - Sync 1 DAGs
[2026-01-22T02:20:59.014+0000] {logging_mixin.py:188} INFO - [2026-01-22T02:20:59.013+0000] {dag.py:3947} INFO - Setting next_dagrun for pipeline_scheduled to 2026-01-22 02:00:00+00:00, run_after=2026-01-22 03:00:00+00:00
[2026-01-22T02:20:59.081+0000] {processor.py:183} INFO - Processing /opt/airflow/dags/pipeline_scheduled.py took 0.229 seconds
[2026-01-22T02:21:29.254+0000] {processor.py:161} INFO - Started process (PID=52091) to work on /opt/airflow/dags/pipeline_scheduled.py
[2026-01-22T02:21:29.257+0000] {processor.py:830} INFO - Processing file /opt/airflow/dags/pipeline_scheduled.py for tasks to queue
[2026-01-22T02:21:29.259+0000] {logging_mixin.py:188} INFO - [2026-01-22T02:21:29.259+0000] {dagbag.py:545} INFO - Filling up the DagBag from /opt/airflow/dags/pipeline_scheduled.py
[2026-01-22T02:21:29.306+0000] {processor.py:840} INFO - DAG(s) 'pipeline_scheduled' retrieved from /opt/airflow/dags/pipeline_scheduled.py
[2026-01-22T02:21:29.386+0000] {logging_mixin.py:188} INFO - [2026-01-22T02:21:29.385+0000] {dag.py:3089} INFO - Sync 1 DAGs
[2026-01-22T02:21:29.434+0000] {logging_mixin.py:188} INFO - [2026-01-22T02:21:29.433+0000] {dag.py:3947} INFO - Setting next_dagrun for pipeline_scheduled to 2026-01-22 02:00:00+00:00, run_after=2026-01-22 03:00:00+00:00
[2026-01-22T02:21:29.492+0000] {processor.py:183} INFO - Processing /opt/airflow/dags/pipeline_scheduled.py took 0.255 seconds
[2026-01-22T02:21:59.819+0000] {processor.py:161} INFO - Started process (PID=52101) to work on /opt/airflow/dags/pipeline_scheduled.py
[2026-01-22T02:21:59.821+0000] {processor.py:830} INFO - Processing file /opt/airflow/dags/pipeline_scheduled.py for tasks to queue
[2026-01-22T02:21:59.824+0000] {logging_mixin.py:188} INFO - [2026-01-22T02:21:59.823+0000] {dagbag.py:545} INFO - Filling up the DagBag from /opt/airflow/dags/pipeline_scheduled.py
[2026-01-22T02:21:59.866+0000] {processor.py:840} INFO - DAG(s) 'pipeline_scheduled' retrieved from /opt/airflow/dags/pipeline_scheduled.py
[2026-01-22T02:21:59.932+0000] {logging_mixin.py:188} INFO - [2026-01-22T02:21:59.932+0000] {dag.py:3089} INFO - Sync 1 DAGs
[2026-01-22T02:21:59.992+0000] {logging_mixin.py:188} INFO - [2026-01-22T02:21:59.992+0000] {dag.py:3947} INFO - Setting next_dagrun for pipeline_scheduled to 2026-01-22 02:00:00+00:00, run_after=2026-01-22 03:00:00+00:00
[2026-01-22T02:22:00.033+0000] {processor.py:183} INFO - Processing /opt/airflow/dags/pipeline_scheduled.py took 0.227 seconds
[2026-01-22T02:22:30.523+0000] {processor.py:161} INFO - Started process (PID=52111) to work on /opt/airflow/dags/pipeline_scheduled.py
[2026-01-22T02:22:30.525+0000] {processor.py:830} INFO - Processing file /opt/airflow/dags/pipeline_scheduled.py for tasks to queue
[2026-01-22T02:22:30.527+0000] {logging_mixin.py:188} INFO - [2026-01-22T02:22:30.526+0000] {dagbag.py:545} INFO - Filling up the DagBag from /opt/airflow/dags/pipeline_scheduled.py
[2026-01-22T02:22:30.569+0000] {processor.py:840} INFO - DAG(s) 'pipeline_scheduled' retrieved from /opt/airflow/dags/pipeline_scheduled.py
[2026-01-22T02:22:30.635+0000] {logging_mixin.py:188} INFO - [2026-01-22T02:22:30.634+0000] {dag.py:3089} INFO - Sync 1 DAGs
[2026-01-22T02:22:30.673+0000] {logging_mixin.py:188} INFO - [2026-01-22T02:22:30.672+0000] {dag.py:3947} INFO - Setting next_dagrun for pipeline_scheduled to 2026-01-22 02:00:00+00:00, run_after=2026-01-22 03:00:00+00:00
[2026-01-22T02:22:30.738+0000] {processor.py:183} INFO - Processing /opt/airflow/dags/pipeline_scheduled.py took 0.227 seconds
[2026-01-22T02:23:00.894+0000] {processor.py:161} INFO - Started process (PID=52121) to work on /opt/airflow/dags/pipeline_scheduled.py
[2026-01-22T02:23:00.896+0000] {processor.py:830} INFO - Processing file /opt/airflow/dags/pipeline_scheduled.py for tasks to queue
[2026-01-22T02:23:00.898+0000] {logging_mixin.py:188} INFO - [2026-01-22T02:23:00.897+0000] {dagbag.py:545} INFO - Filling up the DagBag from /opt/airflow/dags/pipeline_scheduled.py
[2026-01-22T02:23:00.945+0000] {processor.py:840} INFO - DAG(s) 'pipeline_scheduled' retrieved from /opt/airflow/dags/pipeline_scheduled.py
[2026-01-22T02:23:01.018+0000] {logging_mixin.py:188} INFO - [2026-01-22T02:23:01.017+0000] {dag.py:3089} INFO - Sync 1 DAGs
[2026-01-22T02:23:01.058+0000] {logging_mixin.py:188} INFO - [2026-01-22T02:23:01.057+0000] {dag.py:3947} INFO - Setting next_dagrun for pipeline_scheduled to 2026-01-22 02:00:00+00:00, run_after=2026-01-22 03:00:00+00:00
[2026-01-22T02:23:01.123+0000] {processor.py:183} INFO - Processing /opt/airflow/dags/pipeline_scheduled.py took 0.242 seconds
[2026-01-22T02:23:31.456+0000] {processor.py:161} INFO - Started process (PID=52131) to work on /opt/airflow/dags/pipeline_scheduled.py
[2026-01-22T02:23:31.458+0000] {processor.py:830} INFO - Processing file /opt/airflow/dags/pipeline_scheduled.py for tasks to queue
[2026-01-22T02:23:31.460+0000] {logging_mixin.py:188} INFO - [2026-01-22T02:23:31.460+0000] {dagbag.py:545} INFO - Filling up the DagBag from /opt/airflow/dags/pipeline_scheduled.py
[2026-01-22T02:23:31.511+0000] {processor.py:840} INFO - DAG(s) 'pipeline_scheduled' retrieved from /opt/airflow/dags/pipeline_scheduled.py
[2026-01-22T02:23:31.579+0000] {logging_mixin.py:188} INFO - [2026-01-22T02:23:31.578+0000] {dag.py:3089} INFO - Sync 1 DAGs
[2026-01-22T02:23:31.621+0000] {logging_mixin.py:188} INFO - [2026-01-22T02:23:31.621+0000] {dag.py:3947} INFO - Setting next_dagrun for pipeline_scheduled to 2026-01-22 02:00:00+00:00, run_after=2026-01-22 03:00:00+00:00
[2026-01-22T02:23:31.698+0000] {processor.py:183} INFO - Processing /opt/airflow/dags/pipeline_scheduled.py took 0.260 seconds
[2026-01-22T02:24:01.906+0000] {processor.py:161} INFO - Started process (PID=52141) to work on /opt/airflow/dags/pipeline_scheduled.py
[2026-01-22T02:24:01.909+0000] {processor.py:830} INFO - Processing file /opt/airflow/dags/pipeline_scheduled.py for tasks to queue
[2026-01-22T02:24:01.911+0000] {logging_mixin.py:188} INFO - [2026-01-22T02:24:01.910+0000] {dagbag.py:545} INFO - Filling up the DagBag from /opt/airflow/dags/pipeline_scheduled.py
[2026-01-22T02:24:01.959+0000] {processor.py:840} INFO - DAG(s) 'pipeline_scheduled' retrieved from /opt/airflow/dags/pipeline_scheduled.py
[2026-01-22T02:24:02.040+0000] {logging_mixin.py:188} INFO - [2026-01-22T02:24:02.039+0000] {dag.py:3089} INFO - Sync 1 DAGs
[2026-01-22T02:24:02.091+0000] {logging_mixin.py:188} INFO - [2026-01-22T02:24:02.091+0000] {dag.py:3947} INFO - Setting next_dagrun for pipeline_scheduled to 2026-01-22 02:00:00+00:00, run_after=2026-01-22 03:00:00+00:00
[2026-01-22T02:24:02.131+0000] {processor.py:183} INFO - Processing /opt/airflow/dags/pipeline_scheduled.py took 0.238 seconds
[2026-01-22T02:24:32.486+0000] {processor.py:161} INFO - Started process (PID=52151) to work on /opt/airflow/dags/pipeline_scheduled.py
[2026-01-22T02:24:32.489+0000] {processor.py:830} INFO - Processing file /opt/airflow/dags/pipeline_scheduled.py for tasks to queue
[2026-01-22T02:24:32.491+0000] {logging_mixin.py:188} INFO - [2026-01-22T02:24:32.490+0000] {dagbag.py:545} INFO - Filling up the DagBag from /opt/airflow/dags/pipeline_scheduled.py
[2026-01-22T02:24:32.534+0000] {processor.py:840} INFO - DAG(s) 'pipeline_scheduled' retrieved from /opt/airflow/dags/pipeline_scheduled.py
[2026-01-22T02:24:32.607+0000] {logging_mixin.py:188} INFO - [2026-01-22T02:24:32.606+0000] {dag.py:3089} INFO - Sync 1 DAGs
[2026-01-22T02:24:32.656+0000] {logging_mixin.py:188} INFO - [2026-01-22T02:24:32.656+0000] {dag.py:3947} INFO - Setting next_dagrun for pipeline_scheduled to 2026-01-22 02:00:00+00:00, run_after=2026-01-22 03:00:00+00:00
[2026-01-22T02:24:32.699+0000] {processor.py:183} INFO - Processing /opt/airflow/dags/pipeline_scheduled.py took 0.225 seconds
[2026-01-22T02:25:03.110+0000] {processor.py:161} INFO - Started process (PID=52161) to work on /opt/airflow/dags/pipeline_scheduled.py
[2026-01-22T02:25:03.112+0000] {processor.py:830} INFO - Processing file /opt/airflow/dags/pipeline_scheduled.py for tasks to queue
[2026-01-22T02:25:03.114+0000] {logging_mixin.py:188} INFO - [2026-01-22T02:25:03.114+0000] {dagbag.py:545} INFO - Filling up the DagBag from /opt/airflow/dags/pipeline_scheduled.py
[2026-01-22T02:25:03.158+0000] {processor.py:840} INFO - DAG(s) 'pipeline_scheduled' retrieved from /opt/airflow/dags/pipeline_scheduled.py
[2026-01-22T02:25:03.224+0000] {logging_mixin.py:188} INFO - [2026-01-22T02:25:03.224+0000] {dag.py:3089} INFO - Sync 1 DAGs
[2026-01-22T02:25:03.269+0000] {logging_mixin.py:188} INFO - [2026-01-22T02:25:03.268+0000] {dag.py:3947} INFO - Setting next_dagrun for pipeline_scheduled to 2026-01-22 02:00:00+00:00, run_after=2026-01-22 03:00:00+00:00
[2026-01-22T02:25:03.337+0000] {processor.py:183} INFO - Processing /opt/airflow/dags/pipeline_scheduled.py took 0.240 seconds
[2026-01-22T02:25:33.486+0000] {processor.py:161} INFO - Started process (PID=52171) to work on /opt/airflow/dags/pipeline_scheduled.py
[2026-01-22T02:25:33.488+0000] {processor.py:830} INFO - Processing file /opt/airflow/dags/pipeline_scheduled.py for tasks to queue
[2026-01-22T02:25:33.490+0000] {logging_mixin.py:188} INFO - [2026-01-22T02:25:33.489+0000] {dagbag.py:545} INFO - Filling up the DagBag from /opt/airflow/dags/pipeline_scheduled.py
[2026-01-22T02:25:33.533+0000] {processor.py:840} INFO - DAG(s) 'pipeline_scheduled' retrieved from /opt/airflow/dags/pipeline_scheduled.py
[2026-01-22T02:25:33.597+0000] {logging_mixin.py:188} INFO - [2026-01-22T02:25:33.597+0000] {dag.py:3089} INFO - Sync 1 DAGs
[2026-01-22T02:25:33.636+0000] {logging_mixin.py:188} INFO - [2026-01-22T02:25:33.636+0000] {dag.py:3947} INFO - Setting next_dagrun for pipeline_scheduled to 2026-01-22 02:00:00+00:00, run_after=2026-01-22 03:00:00+00:00
[2026-01-22T02:25:33.685+0000] {processor.py:183} INFO - Processing /opt/airflow/dags/pipeline_scheduled.py took 0.213 seconds
[2026-01-22T02:26:04.149+0000] {processor.py:161} INFO - Started process (PID=52181) to work on /opt/airflow/dags/pipeline_scheduled.py
[2026-01-22T02:26:04.151+0000] {processor.py:830} INFO - Processing file /opt/airflow/dags/pipeline_scheduled.py for tasks to queue
[2026-01-22T02:26:04.153+0000] {logging_mixin.py:188} INFO - [2026-01-22T02:26:04.152+0000] {dagbag.py:545} INFO - Filling up the DagBag from /opt/airflow/dags/pipeline_scheduled.py
[2026-01-22T02:26:04.196+0000] {processor.py:840} INFO - DAG(s) 'pipeline_scheduled' retrieved from /opt/airflow/dags/pipeline_scheduled.py
[2026-01-22T02:26:04.261+0000] {logging_mixin.py:188} INFO - [2026-01-22T02:26:04.260+0000] {dag.py:3089} INFO - Sync 1 DAGs
[2026-01-22T02:26:04.300+0000] {logging_mixin.py:188} INFO - [2026-01-22T02:26:04.300+0000] {dag.py:3947} INFO - Setting next_dagrun for pipeline_scheduled to 2026-01-22 02:00:00+00:00, run_after=2026-01-22 03:00:00+00:00
[2026-01-22T02:26:04.374+0000] {processor.py:183} INFO - Processing /opt/airflow/dags/pipeline_scheduled.py took 0.241 seconds
[2026-01-22T02:26:34.520+0000] {processor.py:161} INFO - Started process (PID=52191) to work on /opt/airflow/dags/pipeline_scheduled.py
[2026-01-22T02:26:34.525+0000] {processor.py:830} INFO - Processing file /opt/airflow/dags/pipeline_scheduled.py for tasks to queue
[2026-01-22T02:26:34.527+0000] {logging_mixin.py:188} INFO - [2026-01-22T02:26:34.526+0000] {dagbag.py:545} INFO - Filling up the DagBag from /opt/airflow/dags/pipeline_scheduled.py
[2026-01-22T02:26:34.581+0000] {processor.py:840} INFO - DAG(s) 'pipeline_scheduled' retrieved from /opt/airflow/dags/pipeline_scheduled.py
[2026-01-22T02:26:34.654+0000] {logging_mixin.py:188} INFO - [2026-01-22T02:26:34.654+0000] {dag.py:3089} INFO - Sync 1 DAGs
[2026-01-22T02:26:34.698+0000] {logging_mixin.py:188} INFO - [2026-01-22T02:26:34.698+0000] {dag.py:3947} INFO - Setting next_dagrun for pipeline_scheduled to 2026-01-22 02:00:00+00:00, run_after=2026-01-22 03:00:00+00:00
[2026-01-22T02:26:34.758+0000] {processor.py:183} INFO - Processing /opt/airflow/dags/pipeline_scheduled.py took 0.250 seconds
[2026-01-22T02:27:05.121+0000] {processor.py:161} INFO - Started process (PID=52201) to work on /opt/airflow/dags/pipeline_scheduled.py
[2026-01-22T02:27:05.123+0000] {processor.py:830} INFO - Processing file /opt/airflow/dags/pipeline_scheduled.py for tasks to queue
[2026-01-22T02:27:05.124+0000] {logging_mixin.py:188} INFO - [2026-01-22T02:27:05.124+0000] {dagbag.py:545} INFO - Filling up the DagBag from /opt/airflow/dags/pipeline_scheduled.py
[2026-01-22T02:27:05.166+0000] {processor.py:840} INFO - DAG(s) 'pipeline_scheduled' retrieved from /opt/airflow/dags/pipeline_scheduled.py
[2026-01-22T02:27:05.236+0000] {logging_mixin.py:188} INFO - [2026-01-22T02:27:05.235+0000] {dag.py:3089} INFO - Sync 1 DAGs
[2026-01-22T02:27:05.335+0000] {logging_mixin.py:188} INFO - [2026-01-22T02:27:05.335+0000] {dag.py:3947} INFO - Setting next_dagrun for pipeline_scheduled to 2026-01-22 02:00:00+00:00, run_after=2026-01-22 03:00:00+00:00
[2026-01-22T02:27:05.373+0000] {processor.py:183} INFO - Processing /opt/airflow/dags/pipeline_scheduled.py took 0.266 seconds
[2026-01-22T02:27:35.828+0000] {processor.py:161} INFO - Started process (PID=52211) to work on /opt/airflow/dags/pipeline_scheduled.py
[2026-01-22T02:27:35.830+0000] {processor.py:830} INFO - Processing file /opt/airflow/dags/pipeline_scheduled.py for tasks to queue
[2026-01-22T02:27:35.832+0000] {logging_mixin.py:188} INFO - [2026-01-22T02:27:35.832+0000] {dagbag.py:545} INFO - Filling up the DagBag from /opt/airflow/dags/pipeline_scheduled.py
[2026-01-22T02:27:35.882+0000] {processor.py:840} INFO - DAG(s) 'pipeline_scheduled' retrieved from /opt/airflow/dags/pipeline_scheduled.py
[2026-01-22T02:27:35.977+0000] {logging_mixin.py:188} INFO - [2026-01-22T02:27:35.976+0000] {dag.py:3089} INFO - Sync 1 DAGs
[2026-01-22T02:27:36.035+0000] {logging_mixin.py:188} INFO - [2026-01-22T02:27:36.034+0000] {dag.py:3947} INFO - Setting next_dagrun for pipeline_scheduled to 2026-01-22 02:00:00+00:00, run_after=2026-01-22 03:00:00+00:00
[2026-01-22T02:27:36.084+0000] {processor.py:183} INFO - Processing /opt/airflow/dags/pipeline_scheduled.py took 0.271 seconds
[2026-01-22T02:28:06.487+0000] {processor.py:161} INFO - Started process (PID=52221) to work on /opt/airflow/dags/pipeline_scheduled.py
[2026-01-22T02:28:06.489+0000] {processor.py:830} INFO - Processing file /opt/airflow/dags/pipeline_scheduled.py for tasks to queue
[2026-01-22T02:28:06.491+0000] {logging_mixin.py:188} INFO - [2026-01-22T02:28:06.490+0000] {dagbag.py:545} INFO - Filling up the DagBag from /opt/airflow/dags/pipeline_scheduled.py
[2026-01-22T02:28:06.534+0000] {processor.py:840} INFO - DAG(s) 'pipeline_scheduled' retrieved from /opt/airflow/dags/pipeline_scheduled.py
[2026-01-22T02:28:06.601+0000] {logging_mixin.py:188} INFO - [2026-01-22T02:28:06.600+0000] {dag.py:3089} INFO - Sync 1 DAGs
[2026-01-22T02:28:06.677+0000] {logging_mixin.py:188} INFO - [2026-01-22T02:28:06.677+0000] {dag.py:3947} INFO - Setting next_dagrun for pipeline_scheduled to 2026-01-22 02:00:00+00:00, run_after=2026-01-22 03:00:00+00:00
[2026-01-22T02:28:06.714+0000] {processor.py:183} INFO - Processing /opt/airflow/dags/pipeline_scheduled.py took 0.239 seconds
[2026-01-22T02:28:37.145+0000] {processor.py:161} INFO - Started process (PID=52231) to work on /opt/airflow/dags/pipeline_scheduled.py
[2026-01-22T02:28:37.147+0000] {processor.py:830} INFO - Processing file /opt/airflow/dags/pipeline_scheduled.py for tasks to queue
[2026-01-22T02:28:37.149+0000] {logging_mixin.py:188} INFO - [2026-01-22T02:28:37.148+0000] {dagbag.py:545} INFO - Filling up the DagBag from /opt/airflow/dags/pipeline_scheduled.py
[2026-01-22T02:28:37.192+0000] {processor.py:840} INFO - DAG(s) 'pipeline_scheduled' retrieved from /opt/airflow/dags/pipeline_scheduled.py
[2026-01-22T02:28:37.262+0000] {logging_mixin.py:188} INFO - [2026-01-22T02:28:37.261+0000] {dag.py:3089} INFO - Sync 1 DAGs
[2026-01-22T02:28:37.302+0000] {logging_mixin.py:188} INFO - [2026-01-22T02:28:37.302+0000] {dag.py:3947} INFO - Setting next_dagrun for pipeline_scheduled to 2026-01-22 02:00:00+00:00, run_after=2026-01-22 03:00:00+00:00
[2026-01-22T02:28:37.337+0000] {processor.py:183} INFO - Processing /opt/airflow/dags/pipeline_scheduled.py took 0.206 seconds
[2026-01-22T02:29:07.751+0000] {processor.py:161} INFO - Started process (PID=52241) to work on /opt/airflow/dags/pipeline_scheduled.py
[2026-01-22T02:29:07.754+0000] {processor.py:830} INFO - Processing file /opt/airflow/dags/pipeline_scheduled.py for tasks to queue
[2026-01-22T02:29:07.756+0000] {logging_mixin.py:188} INFO - [2026-01-22T02:29:07.755+0000] {dagbag.py:545} INFO - Filling up the DagBag from /opt/airflow/dags/pipeline_scheduled.py
[2026-01-22T02:29:07.803+0000] {processor.py:840} INFO - DAG(s) 'pipeline_scheduled' retrieved from /opt/airflow/dags/pipeline_scheduled.py
[2026-01-22T02:29:07.876+0000] {logging_mixin.py:188} INFO - [2026-01-22T02:29:07.875+0000] {dag.py:3089} INFO - Sync 1 DAGs
[2026-01-22T02:29:07.921+0000] {logging_mixin.py:188} INFO - [2026-01-22T02:29:07.920+0000] {dag.py:3947} INFO - Setting next_dagrun for pipeline_scheduled to 2026-01-22 02:00:00+00:00, run_after=2026-01-22 03:00:00+00:00
[2026-01-22T02:29:07.981+0000] {processor.py:183} INFO - Processing /opt/airflow/dags/pipeline_scheduled.py took 0.244 seconds
[2026-01-22T02:29:38.397+0000] {processor.py:161} INFO - Started process (PID=52251) to work on /opt/airflow/dags/pipeline_scheduled.py
[2026-01-22T02:29:38.399+0000] {processor.py:830} INFO - Processing file /opt/airflow/dags/pipeline_scheduled.py for tasks to queue
[2026-01-22T02:29:38.401+0000] {logging_mixin.py:188} INFO - [2026-01-22T02:29:38.400+0000] {dagbag.py:545} INFO - Filling up the DagBag from /opt/airflow/dags/pipeline_scheduled.py
[2026-01-22T02:29:38.443+0000] {processor.py:840} INFO - DAG(s) 'pipeline_scheduled' retrieved from /opt/airflow/dags/pipeline_scheduled.py
[2026-01-22T02:29:38.512+0000] {logging_mixin.py:188} INFO - [2026-01-22T02:29:38.511+0000] {dag.py:3089} INFO - Sync 1 DAGs
[2026-01-22T02:29:38.552+0000] {logging_mixin.py:188} INFO - [2026-01-22T02:29:38.552+0000] {dag.py:3947} INFO - Setting next_dagrun for pipeline_scheduled to 2026-01-22 02:00:00+00:00, run_after=2026-01-22 03:00:00+00:00
[2026-01-22T02:29:38.586+0000] {processor.py:183} INFO - Processing /opt/airflow/dags/pipeline_scheduled.py took 0.204 seconds
[2026-01-22T02:30:09.049+0000] {processor.py:161} INFO - Started process (PID=52262) to work on /opt/airflow/dags/pipeline_scheduled.py
[2026-01-22T02:30:09.051+0000] {processor.py:830} INFO - Processing file /opt/airflow/dags/pipeline_scheduled.py for tasks to queue
[2026-01-22T02:30:09.054+0000] {logging_mixin.py:188} INFO - [2026-01-22T02:30:09.053+0000] {dagbag.py:545} INFO - Filling up the DagBag from /opt/airflow/dags/pipeline_scheduled.py
[2026-01-22T02:30:09.104+0000] {processor.py:840} INFO - DAG(s) 'pipeline_scheduled' retrieved from /opt/airflow/dags/pipeline_scheduled.py
[2026-01-22T02:30:09.195+0000] {logging_mixin.py:188} INFO - [2026-01-22T02:30:09.195+0000] {dag.py:3089} INFO - Sync 1 DAGs
[2026-01-22T02:30:09.248+0000] {logging_mixin.py:188} INFO - [2026-01-22T02:30:09.248+0000] {dag.py:3947} INFO - Setting next_dagrun for pipeline_scheduled to 2026-01-22 02:00:00+00:00, run_after=2026-01-22 03:00:00+00:00
[2026-01-22T02:30:09.287+0000] {processor.py:183} INFO - Processing /opt/airflow/dags/pipeline_scheduled.py took 0.253 seconds
[2026-01-22T02:30:39.691+0000] {processor.py:161} INFO - Started process (PID=52274) to work on /opt/airflow/dags/pipeline_scheduled.py
[2026-01-22T02:30:39.693+0000] {processor.py:830} INFO - Processing file /opt/airflow/dags/pipeline_scheduled.py for tasks to queue
[2026-01-22T02:30:39.694+0000] {logging_mixin.py:188} INFO - [2026-01-22T02:30:39.694+0000] {dagbag.py:545} INFO - Filling up the DagBag from /opt/airflow/dags/pipeline_scheduled.py
[2026-01-22T02:30:39.735+0000] {processor.py:840} INFO - DAG(s) 'pipeline_scheduled' retrieved from /opt/airflow/dags/pipeline_scheduled.py
[2026-01-22T02:30:39.846+0000] {logging_mixin.py:188} INFO - [2026-01-22T02:30:39.845+0000] {dag.py:3089} INFO - Sync 1 DAGs
[2026-01-22T02:30:39.884+0000] {logging_mixin.py:188} INFO - [2026-01-22T02:30:39.884+0000] {dag.py:3947} INFO - Setting next_dagrun for pipeline_scheduled to 2026-01-22 02:00:00+00:00, run_after=2026-01-22 03:00:00+00:00
[2026-01-22T02:30:39.917+0000] {processor.py:183} INFO - Processing /opt/airflow/dags/pipeline_scheduled.py took 0.235 seconds
[2026-01-22T02:31:10.489+0000] {processor.py:161} INFO - Started process (PID=52284) to work on /opt/airflow/dags/pipeline_scheduled.py
[2026-01-22T02:31:10.491+0000] {processor.py:830} INFO - Processing file /opt/airflow/dags/pipeline_scheduled.py for tasks to queue
[2026-01-22T02:31:10.493+0000] {logging_mixin.py:188} INFO - [2026-01-22T02:31:10.493+0000] {dagbag.py:545} INFO - Filling up the DagBag from /opt/airflow/dags/pipeline_scheduled.py
[2026-01-22T02:31:10.544+0000] {processor.py:840} INFO - DAG(s) 'pipeline_scheduled' retrieved from /opt/airflow/dags/pipeline_scheduled.py
[2026-01-22T02:31:10.614+0000] {logging_mixin.py:188} INFO - [2026-01-22T02:31:10.614+0000] {dag.py:3089} INFO - Sync 1 DAGs
[2026-01-22T02:31:10.726+0000] {logging_mixin.py:188} INFO - [2026-01-22T02:31:10.725+0000] {dag.py:3947} INFO - Setting next_dagrun for pipeline_scheduled to 2026-01-22 02:00:00+00:00, run_after=2026-01-22 03:00:00+00:00
[2026-01-22T02:31:10.760+0000] {processor.py:183} INFO - Processing /opt/airflow/dags/pipeline_scheduled.py took 0.288 seconds
[2026-01-22T02:31:41.141+0000] {processor.py:161} INFO - Started process (PID=52294) to work on /opt/airflow/dags/pipeline_scheduled.py
[2026-01-22T02:31:41.143+0000] {processor.py:830} INFO - Processing file /opt/airflow/dags/pipeline_scheduled.py for tasks to queue
[2026-01-22T02:31:41.144+0000] {logging_mixin.py:188} INFO - [2026-01-22T02:31:41.144+0000] {dagbag.py:545} INFO - Filling up the DagBag from /opt/airflow/dags/pipeline_scheduled.py
[2026-01-22T02:31:41.184+0000] {processor.py:840} INFO - DAG(s) 'pipeline_scheduled' retrieved from /opt/airflow/dags/pipeline_scheduled.py
[2026-01-22T02:31:41.245+0000] {logging_mixin.py:188} INFO - [2026-01-22T02:31:41.245+0000] {dag.py:3089} INFO - Sync 1 DAGs
[2026-01-22T02:31:41.281+0000] {logging_mixin.py:188} INFO - [2026-01-22T02:31:41.281+0000] {dag.py:3947} INFO - Setting next_dagrun for pipeline_scheduled to 2026-01-22 02:00:00+00:00, run_after=2026-01-22 03:00:00+00:00
[2026-01-22T02:31:41.352+0000] {processor.py:183} INFO - Processing /opt/airflow/dags/pipeline_scheduled.py took 0.221 seconds
[2026-01-22T02:32:11.518+0000] {processor.py:161} INFO - Started process (PID=52304) to work on /opt/airflow/dags/pipeline_scheduled.py
[2026-01-22T02:32:11.520+0000] {processor.py:830} INFO - Processing file /opt/airflow/dags/pipeline_scheduled.py for tasks to queue
[2026-01-22T02:32:11.521+0000] {logging_mixin.py:188} INFO - [2026-01-22T02:32:11.521+0000] {dagbag.py:545} INFO - Filling up the DagBag from /opt/airflow/dags/pipeline_scheduled.py
[2026-01-22T02:32:11.562+0000] {processor.py:840} INFO - DAG(s) 'pipeline_scheduled' retrieved from /opt/airflow/dags/pipeline_scheduled.py
[2026-01-22T02:32:11.628+0000] {logging_mixin.py:188} INFO - [2026-01-22T02:32:11.627+0000] {dag.py:3089} INFO - Sync 1 DAGs
[2026-01-22T02:32:11.668+0000] {logging_mixin.py:188} INFO - [2026-01-22T02:32:11.668+0000] {dag.py:3947} INFO - Setting next_dagrun for pipeline_scheduled to 2026-01-22 02:00:00+00:00, run_after=2026-01-22 03:00:00+00:00
[2026-01-22T02:32:11.711+0000] {processor.py:183} INFO - Processing /opt/airflow/dags/pipeline_scheduled.py took 0.208 seconds
[2026-01-22T02:32:42.077+0000] {processor.py:161} INFO - Started process (PID=52314) to work on /opt/airflow/dags/pipeline_scheduled.py
[2026-01-22T02:32:42.080+0000] {processor.py:830} INFO - Processing file /opt/airflow/dags/pipeline_scheduled.py for tasks to queue
[2026-01-22T02:32:42.082+0000] {logging_mixin.py:188} INFO - [2026-01-22T02:32:42.081+0000] {dagbag.py:545} INFO - Filling up the DagBag from /opt/airflow/dags/pipeline_scheduled.py
[2026-01-22T02:32:42.123+0000] {processor.py:840} INFO - DAG(s) 'pipeline_scheduled' retrieved from /opt/airflow/dags/pipeline_scheduled.py
[2026-01-22T02:32:42.197+0000] {logging_mixin.py:188} INFO - [2026-01-22T02:32:42.197+0000] {dag.py:3089} INFO - Sync 1 DAGs
[2026-01-22T02:32:42.242+0000] {logging_mixin.py:188} INFO - [2026-01-22T02:32:42.242+0000] {dag.py:3947} INFO - Setting next_dagrun for pipeline_scheduled to 2026-01-22 02:00:00+00:00, run_after=2026-01-22 03:00:00+00:00
[2026-01-22T02:32:42.296+0000] {processor.py:183} INFO - Processing /opt/airflow/dags/pipeline_scheduled.py took 0.234 seconds
[2026-01-22T02:33:12.450+0000] {processor.py:161} INFO - Started process (PID=52324) to work on /opt/airflow/dags/pipeline_scheduled.py
[2026-01-22T02:33:12.453+0000] {processor.py:830} INFO - Processing file /opt/airflow/dags/pipeline_scheduled.py for tasks to queue
[2026-01-22T02:33:12.455+0000] {logging_mixin.py:188} INFO - [2026-01-22T02:33:12.454+0000] {dagbag.py:545} INFO - Filling up the DagBag from /opt/airflow/dags/pipeline_scheduled.py
[2026-01-22T02:33:12.502+0000] {processor.py:840} INFO - DAG(s) 'pipeline_scheduled' retrieved from /opt/airflow/dags/pipeline_scheduled.py
[2026-01-22T02:33:12.578+0000] {logging_mixin.py:188} INFO - [2026-01-22T02:33:12.577+0000] {dag.py:3089} INFO - Sync 1 DAGs
[2026-01-22T02:33:12.619+0000] {logging_mixin.py:188} INFO - [2026-01-22T02:33:12.618+0000] {dag.py:3947} INFO - Setting next_dagrun for pipeline_scheduled to 2026-01-22 02:00:00+00:00, run_after=2026-01-22 03:00:00+00:00
[2026-01-22T02:33:12.682+0000] {processor.py:183} INFO - Processing /opt/airflow/dags/pipeline_scheduled.py took 0.247 seconds
[2026-01-22T02:33:43.047+0000] {processor.py:161} INFO - Started process (PID=52334) to work on /opt/airflow/dags/pipeline_scheduled.py
[2026-01-22T02:33:43.052+0000] {processor.py:830} INFO - Processing file /opt/airflow/dags/pipeline_scheduled.py for tasks to queue
[2026-01-22T02:33:43.056+0000] {logging_mixin.py:188} INFO - [2026-01-22T02:33:43.055+0000] {dagbag.py:545} INFO - Filling up the DagBag from /opt/airflow/dags/pipeline_scheduled.py
[2026-01-22T02:33:43.112+0000] {processor.py:840} INFO - DAG(s) 'pipeline_scheduled' retrieved from /opt/airflow/dags/pipeline_scheduled.py
[2026-01-22T02:33:43.186+0000] {logging_mixin.py:188} INFO - [2026-01-22T02:33:43.185+0000] {dag.py:3089} INFO - Sync 1 DAGs
[2026-01-22T02:33:43.237+0000] {logging_mixin.py:188} INFO - [2026-01-22T02:33:43.236+0000] {dag.py:3947} INFO - Setting next_dagrun for pipeline_scheduled to 2026-01-22 02:00:00+00:00, run_after=2026-01-22 03:00:00+00:00
[2026-01-22T02:33:43.279+0000] {processor.py:183} INFO - Processing /opt/airflow/dags/pipeline_scheduled.py took 0.249 seconds
[2026-01-22T02:34:13.430+0000] {processor.py:161} INFO - Started process (PID=52344) to work on /opt/airflow/dags/pipeline_scheduled.py
[2026-01-22T02:34:13.432+0000] {processor.py:830} INFO - Processing file /opt/airflow/dags/pipeline_scheduled.py for tasks to queue
[2026-01-22T02:34:13.434+0000] {logging_mixin.py:188} INFO - [2026-01-22T02:34:13.433+0000] {dagbag.py:545} INFO - Filling up the DagBag from /opt/airflow/dags/pipeline_scheduled.py
[2026-01-22T02:34:13.480+0000] {processor.py:840} INFO - DAG(s) 'pipeline_scheduled' retrieved from /opt/airflow/dags/pipeline_scheduled.py
[2026-01-22T02:34:13.545+0000] {logging_mixin.py:188} INFO - [2026-01-22T02:34:13.545+0000] {dag.py:3089} INFO - Sync 1 DAGs
[2026-01-22T02:34:13.589+0000] {logging_mixin.py:188} INFO - [2026-01-22T02:34:13.589+0000] {dag.py:3947} INFO - Setting next_dagrun for pipeline_scheduled to 2026-01-22 02:00:00+00:00, run_after=2026-01-22 03:00:00+00:00
[2026-01-22T02:34:13.639+0000] {processor.py:183} INFO - Processing /opt/airflow/dags/pipeline_scheduled.py took 0.221 seconds
[2026-01-22T02:34:44.016+0000] {processor.py:161} INFO - Started process (PID=52354) to work on /opt/airflow/dags/pipeline_scheduled.py
[2026-01-22T02:34:44.018+0000] {processor.py:830} INFO - Processing file /opt/airflow/dags/pipeline_scheduled.py for tasks to queue
[2026-01-22T02:34:44.022+0000] {logging_mixin.py:188} INFO - [2026-01-22T02:34:44.021+0000] {dagbag.py:545} INFO - Filling up the DagBag from /opt/airflow/dags/pipeline_scheduled.py
[2026-01-22T02:34:44.063+0000] {processor.py:840} INFO - DAG(s) 'pipeline_scheduled' retrieved from /opt/airflow/dags/pipeline_scheduled.py
[2026-01-22T02:34:44.133+0000] {logging_mixin.py:188} INFO - [2026-01-22T02:34:44.132+0000] {dag.py:3089} INFO - Sync 1 DAGs
[2026-01-22T02:34:44.176+0000] {logging_mixin.py:188} INFO - [2026-01-22T02:34:44.176+0000] {dag.py:3947} INFO - Setting next_dagrun for pipeline_scheduled to 2026-01-22 02:00:00+00:00, run_after=2026-01-22 03:00:00+00:00
[2026-01-22T02:34:44.213+0000] {processor.py:183} INFO - Processing /opt/airflow/dags/pipeline_scheduled.py took 0.209 seconds
[2026-01-22T02:35:14.645+0000] {processor.py:161} INFO - Started process (PID=52364) to work on /opt/airflow/dags/pipeline_scheduled.py
[2026-01-22T02:35:14.647+0000] {processor.py:830} INFO - Processing file /opt/airflow/dags/pipeline_scheduled.py for tasks to queue
[2026-01-22T02:35:14.649+0000] {logging_mixin.py:188} INFO - [2026-01-22T02:35:14.649+0000] {dagbag.py:545} INFO - Filling up the DagBag from /opt/airflow/dags/pipeline_scheduled.py
[2026-01-22T02:35:14.693+0000] {processor.py:840} INFO - DAG(s) 'pipeline_scheduled' retrieved from /opt/airflow/dags/pipeline_scheduled.py
[2026-01-22T02:35:14.759+0000] {logging_mixin.py:188} INFO - [2026-01-22T02:35:14.759+0000] {dag.py:3089} INFO - Sync 1 DAGs
[2026-01-22T02:35:14.799+0000] {logging_mixin.py:188} INFO - [2026-01-22T02:35:14.799+0000] {dag.py:3947} INFO - Setting next_dagrun for pipeline_scheduled to 2026-01-22 02:00:00+00:00, run_after=2026-01-22 03:00:00+00:00
[2026-01-22T02:35:14.875+0000] {processor.py:183} INFO - Processing /opt/airflow/dags/pipeline_scheduled.py took 0.247 seconds
[2026-01-22T02:35:45.052+0000] {processor.py:161} INFO - Started process (PID=52374) to work on /opt/airflow/dags/pipeline_scheduled.py
[2026-01-22T02:35:45.054+0000] {processor.py:830} INFO - Processing file /opt/airflow/dags/pipeline_scheduled.py for tasks to queue
[2026-01-22T02:35:45.056+0000] {logging_mixin.py:188} INFO - [2026-01-22T02:35:45.055+0000] {dagbag.py:545} INFO - Filling up the DagBag from /opt/airflow/dags/pipeline_scheduled.py
[2026-01-22T02:35:45.100+0000] {processor.py:840} INFO - DAG(s) 'pipeline_scheduled' retrieved from /opt/airflow/dags/pipeline_scheduled.py
[2026-01-22T02:35:45.170+0000] {logging_mixin.py:188} INFO - [2026-01-22T02:35:45.170+0000] {dag.py:3089} INFO - Sync 1 DAGs
[2026-01-22T02:35:45.216+0000] {logging_mixin.py:188} INFO - [2026-01-22T02:35:45.215+0000] {dag.py:3947} INFO - Setting next_dagrun for pipeline_scheduled to 2026-01-22 02:00:00+00:00, run_after=2026-01-22 03:00:00+00:00
[2026-01-22T02:35:45.253+0000] {processor.py:183} INFO - Processing /opt/airflow/dags/pipeline_scheduled.py took 0.216 seconds
[2026-01-22T02:36:15.814+0000] {processor.py:161} INFO - Started process (PID=52384) to work on /opt/airflow/dags/pipeline_scheduled.py
[2026-01-22T02:36:15.817+0000] {processor.py:830} INFO - Processing file /opt/airflow/dags/pipeline_scheduled.py for tasks to queue
[2026-01-22T02:36:15.820+0000] {logging_mixin.py:188} INFO - [2026-01-22T02:36:15.820+0000] {dagbag.py:545} INFO - Filling up the DagBag from /opt/airflow/dags/pipeline_scheduled.py
[2026-01-22T02:36:15.873+0000] {processor.py:840} INFO - DAG(s) 'pipeline_scheduled' retrieved from /opt/airflow/dags/pipeline_scheduled.py
[2026-01-22T02:36:15.955+0000] {logging_mixin.py:188} INFO - [2026-01-22T02:36:15.955+0000] {dag.py:3089} INFO - Sync 1 DAGs
[2026-01-22T02:36:15.999+0000] {logging_mixin.py:188} INFO - [2026-01-22T02:36:15.998+0000] {dag.py:3947} INFO - Setting next_dagrun for pipeline_scheduled to 2026-01-22 02:00:00+00:00, run_after=2026-01-22 03:00:00+00:00
[2026-01-22T02:36:16.040+0000] {processor.py:183} INFO - Processing /opt/airflow/dags/pipeline_scheduled.py took 0.242 seconds
[2026-01-22T02:36:46.484+0000] {processor.py:161} INFO - Started process (PID=52394) to work on /opt/airflow/dags/pipeline_scheduled.py
[2026-01-22T02:36:46.487+0000] {processor.py:830} INFO - Processing file /opt/airflow/dags/pipeline_scheduled.py for tasks to queue
[2026-01-22T02:36:46.489+0000] {logging_mixin.py:188} INFO - [2026-01-22T02:36:46.489+0000] {dagbag.py:545} INFO - Filling up the DagBag from /opt/airflow/dags/pipeline_scheduled.py
[2026-01-22T02:36:46.535+0000] {processor.py:840} INFO - DAG(s) 'pipeline_scheduled' retrieved from /opt/airflow/dags/pipeline_scheduled.py
[2026-01-22T02:36:46.603+0000] {logging_mixin.py:188} INFO - [2026-01-22T02:36:46.602+0000] {dag.py:3089} INFO - Sync 1 DAGs
[2026-01-22T02:36:46.642+0000] {logging_mixin.py:188} INFO - [2026-01-22T02:36:46.642+0000] {dag.py:3947} INFO - Setting next_dagrun for pipeline_scheduled to 2026-01-22 02:00:00+00:00, run_after=2026-01-22 03:00:00+00:00
[2026-01-22T02:36:46.682+0000] {processor.py:183} INFO - Processing /opt/airflow/dags/pipeline_scheduled.py took 0.212 seconds
[2026-01-22T02:37:17.136+0000] {processor.py:161} INFO - Started process (PID=52404) to work on /opt/airflow/dags/pipeline_scheduled.py
[2026-01-22T02:37:17.138+0000] {processor.py:830} INFO - Processing file /opt/airflow/dags/pipeline_scheduled.py for tasks to queue
[2026-01-22T02:37:17.140+0000] {logging_mixin.py:188} INFO - [2026-01-22T02:37:17.139+0000] {dagbag.py:545} INFO - Filling up the DagBag from /opt/airflow/dags/pipeline_scheduled.py
[2026-01-22T02:37:17.184+0000] {processor.py:840} INFO - DAG(s) 'pipeline_scheduled' retrieved from /opt/airflow/dags/pipeline_scheduled.py
[2026-01-22T02:37:17.257+0000] {logging_mixin.py:188} INFO - [2026-01-22T02:37:17.257+0000] {dag.py:3089} INFO - Sync 1 DAGs
[2026-01-22T02:37:17.295+0000] {logging_mixin.py:188} INFO - [2026-01-22T02:37:17.295+0000] {dag.py:3947} INFO - Setting next_dagrun for pipeline_scheduled to 2026-01-22 02:00:00+00:00, run_after=2026-01-22 03:00:00+00:00
[2026-01-22T02:37:17.325+0000] {processor.py:183} INFO - Processing /opt/airflow/dags/pipeline_scheduled.py took 0.251 seconds
[2026-01-22T02:37:47.751+0000] {processor.py:161} INFO - Started process (PID=52414) to work on /opt/airflow/dags/pipeline_scheduled.py
[2026-01-22T02:37:47.753+0000] {processor.py:830} INFO - Processing file /opt/airflow/dags/pipeline_scheduled.py for tasks to queue
[2026-01-22T02:37:47.754+0000] {logging_mixin.py:188} INFO - [2026-01-22T02:37:47.754+0000] {dagbag.py:545} INFO - Filling up the DagBag from /opt/airflow/dags/pipeline_scheduled.py
[2026-01-22T02:37:47.794+0000] {processor.py:840} INFO - DAG(s) 'pipeline_scheduled' retrieved from /opt/airflow/dags/pipeline_scheduled.py
[2026-01-22T02:37:47.927+0000] {logging_mixin.py:188} INFO - [2026-01-22T02:37:47.926+0000] {dag.py:3089} INFO - Sync 1 DAGs
[2026-01-22T02:37:47.969+0000] {logging_mixin.py:188} INFO - [2026-01-22T02:37:47.968+0000] {dag.py:3947} INFO - Setting next_dagrun for pipeline_scheduled to 2026-01-22 02:00:00+00:00, run_after=2026-01-22 03:00:00+00:00
[2026-01-22T02:37:48.006+0000] {processor.py:183} INFO - Processing /opt/airflow/dags/pipeline_scheduled.py took 0.266 seconds
[2026-01-22T02:38:18.395+0000] {processor.py:161} INFO - Started process (PID=52424) to work on /opt/airflow/dags/pipeline_scheduled.py
[2026-01-22T02:38:18.397+0000] {processor.py:830} INFO - Processing file /opt/airflow/dags/pipeline_scheduled.py for tasks to queue
[2026-01-22T02:38:18.399+0000] {logging_mixin.py:188} INFO - [2026-01-22T02:38:18.398+0000] {dagbag.py:545} INFO - Filling up the DagBag from /opt/airflow/dags/pipeline_scheduled.py
[2026-01-22T02:38:18.445+0000] {processor.py:840} INFO - DAG(s) 'pipeline_scheduled' retrieved from /opt/airflow/dags/pipeline_scheduled.py
[2026-01-22T02:38:18.514+0000] {logging_mixin.py:188} INFO - [2026-01-22T02:38:18.513+0000] {dag.py:3089} INFO - Sync 1 DAGs
[2026-01-22T02:38:18.559+0000] {logging_mixin.py:188} INFO - [2026-01-22T02:38:18.559+0000] {dag.py:3947} INFO - Setting next_dagrun for pipeline_scheduled to 2026-01-22 02:00:00+00:00, run_after=2026-01-22 03:00:00+00:00
[2026-01-22T02:38:18.613+0000] {processor.py:183} INFO - Processing /opt/airflow/dags/pipeline_scheduled.py took 0.232 seconds
[2026-01-22T02:38:48.825+0000] {processor.py:161} INFO - Started process (PID=52434) to work on /opt/airflow/dags/pipeline_scheduled.py
[2026-01-22T02:38:48.827+0000] {processor.py:830} INFO - Processing file /opt/airflow/dags/pipeline_scheduled.py for tasks to queue
[2026-01-22T02:38:48.829+0000] {logging_mixin.py:188} INFO - [2026-01-22T02:38:48.828+0000] {dagbag.py:545} INFO - Filling up the DagBag from /opt/airflow/dags/pipeline_scheduled.py
[2026-01-22T02:38:48.869+0000] {processor.py:840} INFO - DAG(s) 'pipeline_scheduled' retrieved from /opt/airflow/dags/pipeline_scheduled.py
[2026-01-22T02:38:48.935+0000] {logging_mixin.py:188} INFO - [2026-01-22T02:38:48.935+0000] {dag.py:3089} INFO - Sync 1 DAGs
[2026-01-22T02:38:48.976+0000] {logging_mixin.py:188} INFO - [2026-01-22T02:38:48.975+0000] {dag.py:3947} INFO - Setting next_dagrun for pipeline_scheduled to 2026-01-22 02:00:00+00:00, run_after=2026-01-22 03:00:00+00:00
[2026-01-22T02:38:49.036+0000] {processor.py:183} INFO - Processing /opt/airflow/dags/pipeline_scheduled.py took 0.225 seconds
[2026-01-22T02:39:19.352+0000] {processor.py:161} INFO - Started process (PID=52444) to work on /opt/airflow/dags/pipeline_scheduled.py
[2026-01-22T02:39:19.354+0000] {processor.py:830} INFO - Processing file /opt/airflow/dags/pipeline_scheduled.py for tasks to queue
[2026-01-22T02:39:19.357+0000] {logging_mixin.py:188} INFO - [2026-01-22T02:39:19.356+0000] {dagbag.py:545} INFO - Filling up the DagBag from /opt/airflow/dags/pipeline_scheduled.py
[2026-01-22T02:39:19.403+0000] {processor.py:840} INFO - DAG(s) 'pipeline_scheduled' retrieved from /opt/airflow/dags/pipeline_scheduled.py
[2026-01-22T02:39:19.474+0000] {logging_mixin.py:188} INFO - [2026-01-22T02:39:19.474+0000] {dag.py:3089} INFO - Sync 1 DAGs
[2026-01-22T02:39:19.518+0000] {logging_mixin.py:188} INFO - [2026-01-22T02:39:19.518+0000] {dag.py:3947} INFO - Setting next_dagrun for pipeline_scheduled to 2026-01-22 02:00:00+00:00, run_after=2026-01-22 03:00:00+00:00
[2026-01-22T02:39:19.555+0000] {processor.py:183} INFO - Processing /opt/airflow/dags/pipeline_scheduled.py took 0.216 seconds
[2026-01-22T02:39:49.996+0000] {processor.py:161} INFO - Started process (PID=52454) to work on /opt/airflow/dags/pipeline_scheduled.py
[2026-01-22T02:39:49.997+0000] {processor.py:830} INFO - Processing file /opt/airflow/dags/pipeline_scheduled.py for tasks to queue
[2026-01-22T02:39:49.999+0000] {logging_mixin.py:188} INFO - [2026-01-22T02:39:49.998+0000] {dagbag.py:545} INFO - Filling up the DagBag from /opt/airflow/dags/pipeline_scheduled.py
[2026-01-22T02:39:50.046+0000] {processor.py:840} INFO - DAG(s) 'pipeline_scheduled' retrieved from /opt/airflow/dags/pipeline_scheduled.py
[2026-01-22T02:39:50.171+0000] {logging_mixin.py:188} INFO - [2026-01-22T02:39:50.170+0000] {dag.py:3089} INFO - Sync 1 DAGs
[2026-01-22T02:39:50.219+0000] {logging_mixin.py:188} INFO - [2026-01-22T02:39:50.218+0000] {dag.py:3947} INFO - Setting next_dagrun for pipeline_scheduled to 2026-01-22 02:00:00+00:00, run_after=2026-01-22 03:00:00+00:00
[2026-01-22T02:39:50.256+0000] {processor.py:183} INFO - Processing /opt/airflow/dags/pipeline_scheduled.py took 0.271 seconds
[2026-01-22T02:40:20.597+0000] {processor.py:161} INFO - Started process (PID=52464) to work on /opt/airflow/dags/pipeline_scheduled.py
[2026-01-22T02:40:20.599+0000] {processor.py:830} INFO - Processing file /opt/airflow/dags/pipeline_scheduled.py for tasks to queue
[2026-01-22T02:40:20.600+0000] {logging_mixin.py:188} INFO - [2026-01-22T02:40:20.600+0000] {dagbag.py:545} INFO - Filling up the DagBag from /opt/airflow/dags/pipeline_scheduled.py
[2026-01-22T02:40:20.642+0000] {processor.py:840} INFO - DAG(s) 'pipeline_scheduled' retrieved from /opt/airflow/dags/pipeline_scheduled.py
[2026-01-22T02:40:20.719+0000] {logging_mixin.py:188} INFO - [2026-01-22T02:40:20.718+0000] {dag.py:3089} INFO - Sync 1 DAGs
[2026-01-22T02:40:20.767+0000] {logging_mixin.py:188} INFO - [2026-01-22T02:40:20.766+0000] {dag.py:3947} INFO - Setting next_dagrun for pipeline_scheduled to 2026-01-22 02:00:00+00:00, run_after=2026-01-22 03:00:00+00:00
[2026-01-22T02:40:20.805+0000] {processor.py:183} INFO - Processing /opt/airflow/dags/pipeline_scheduled.py took 0.220 seconds
[2026-01-22T02:40:51.297+0000] {processor.py:161} INFO - Started process (PID=52474) to work on /opt/airflow/dags/pipeline_scheduled.py
[2026-01-22T02:40:51.300+0000] {processor.py:830} INFO - Processing file /opt/airflow/dags/pipeline_scheduled.py for tasks to queue
[2026-01-22T02:40:51.301+0000] {logging_mixin.py:188} INFO - [2026-01-22T02:40:51.301+0000] {dagbag.py:545} INFO - Filling up the DagBag from /opt/airflow/dags/pipeline_scheduled.py
[2026-01-22T02:40:51.343+0000] {processor.py:840} INFO - DAG(s) 'pipeline_scheduled' retrieved from /opt/airflow/dags/pipeline_scheduled.py
[2026-01-22T02:40:51.407+0000] {logging_mixin.py:188} INFO - [2026-01-22T02:40:51.407+0000] {dag.py:3089} INFO - Sync 1 DAGs
[2026-01-22T02:40:51.476+0000] {logging_mixin.py:188} INFO - [2026-01-22T02:40:51.476+0000] {dag.py:3947} INFO - Setting next_dagrun for pipeline_scheduled to 2026-01-22 02:00:00+00:00, run_after=2026-01-22 03:00:00+00:00
[2026-01-22T02:40:51.512+0000] {processor.py:183} INFO - Processing /opt/airflow/dags/pipeline_scheduled.py took 0.226 seconds
[2026-01-22T02:41:21.942+0000] {processor.py:161} INFO - Started process (PID=52484) to work on /opt/airflow/dags/pipeline_scheduled.py
[2026-01-22T02:41:21.945+0000] {processor.py:830} INFO - Processing file /opt/airflow/dags/pipeline_scheduled.py for tasks to queue
[2026-01-22T02:41:21.947+0000] {logging_mixin.py:188} INFO - [2026-01-22T02:41:21.946+0000] {dagbag.py:545} INFO - Filling up the DagBag from /opt/airflow/dags/pipeline_scheduled.py
[2026-01-22T02:41:21.990+0000] {processor.py:840} INFO - DAG(s) 'pipeline_scheduled' retrieved from /opt/airflow/dags/pipeline_scheduled.py
[2026-01-22T02:41:22.061+0000] {logging_mixin.py:188} INFO - [2026-01-22T02:41:22.060+0000] {dag.py:3089} INFO - Sync 1 DAGs
[2026-01-22T02:41:22.101+0000] {logging_mixin.py:188} INFO - [2026-01-22T02:41:22.100+0000] {dag.py:3947} INFO - Setting next_dagrun for pipeline_scheduled to 2026-01-22 02:00:00+00:00, run_after=2026-01-22 03:00:00+00:00
[2026-01-22T02:41:22.134+0000] {processor.py:183} INFO - Processing /opt/airflow/dags/pipeline_scheduled.py took 0.203 seconds
[2026-01-22T02:41:52.537+0000] {processor.py:161} INFO - Started process (PID=52494) to work on /opt/airflow/dags/pipeline_scheduled.py
[2026-01-22T02:41:52.539+0000] {processor.py:830} INFO - Processing file /opt/airflow/dags/pipeline_scheduled.py for tasks to queue
[2026-01-22T02:41:52.541+0000] {logging_mixin.py:188} INFO - [2026-01-22T02:41:52.540+0000] {dagbag.py:545} INFO - Filling up the DagBag from /opt/airflow/dags/pipeline_scheduled.py
[2026-01-22T02:41:52.582+0000] {processor.py:840} INFO - DAG(s) 'pipeline_scheduled' retrieved from /opt/airflow/dags/pipeline_scheduled.py
[2026-01-22T02:41:52.647+0000] {logging_mixin.py:188} INFO - [2026-01-22T02:41:52.646+0000] {dag.py:3089} INFO - Sync 1 DAGs
[2026-01-22T02:41:52.689+0000] {logging_mixin.py:188} INFO - [2026-01-22T02:41:52.689+0000] {dag.py:3947} INFO - Setting next_dagrun for pipeline_scheduled to 2026-01-22 02:00:00+00:00, run_after=2026-01-22 03:00:00+00:00
[2026-01-22T02:41:52.759+0000] {processor.py:183} INFO - Processing /opt/airflow/dags/pipeline_scheduled.py took 0.232 seconds
[2026-01-22T02:42:22.976+0000] {processor.py:161} INFO - Started process (PID=52504) to work on /opt/airflow/dags/pipeline_scheduled.py
[2026-01-22T02:42:22.978+0000] {processor.py:830} INFO - Processing file /opt/airflow/dags/pipeline_scheduled.py for tasks to queue
[2026-01-22T02:42:22.980+0000] {logging_mixin.py:188} INFO - [2026-01-22T02:42:22.979+0000] {dagbag.py:545} INFO - Filling up the DagBag from /opt/airflow/dags/pipeline_scheduled.py
[2026-01-22T02:42:23.033+0000] {processor.py:840} INFO - DAG(s) 'pipeline_scheduled' retrieved from /opt/airflow/dags/pipeline_scheduled.py
[2026-01-22T02:42:23.121+0000] {logging_mixin.py:188} INFO - [2026-01-22T02:42:23.120+0000] {dag.py:3089} INFO - Sync 1 DAGs
[2026-01-22T02:42:23.168+0000] {logging_mixin.py:188} INFO - [2026-01-22T02:42:23.168+0000] {dag.py:3947} INFO - Setting next_dagrun for pipeline_scheduled to 2026-01-22 02:00:00+00:00, run_after=2026-01-22 03:00:00+00:00
[2026-01-22T02:42:23.203+0000] {processor.py:183} INFO - Processing /opt/airflow/dags/pipeline_scheduled.py took 0.281 seconds
[2026-01-22T02:42:53.618+0000] {processor.py:161} INFO - Started process (PID=52514) to work on /opt/airflow/dags/pipeline_scheduled.py
[2026-01-22T02:42:53.619+0000] {processor.py:830} INFO - Processing file /opt/airflow/dags/pipeline_scheduled.py for tasks to queue
[2026-01-22T02:42:53.621+0000] {logging_mixin.py:188} INFO - [2026-01-22T02:42:53.620+0000] {dagbag.py:545} INFO - Filling up the DagBag from /opt/airflow/dags/pipeline_scheduled.py
[2026-01-22T02:42:53.666+0000] {processor.py:840} INFO - DAG(s) 'pipeline_scheduled' retrieved from /opt/airflow/dags/pipeline_scheduled.py
[2026-01-22T02:42:53.734+0000] {logging_mixin.py:188} INFO - [2026-01-22T02:42:53.734+0000] {dag.py:3089} INFO - Sync 1 DAGs
[2026-01-22T02:42:53.776+0000] {logging_mixin.py:188} INFO - [2026-01-22T02:42:53.776+0000] {dag.py:3947} INFO - Setting next_dagrun for pipeline_scheduled to 2026-01-22 02:00:00+00:00, run_after=2026-01-22 03:00:00+00:00
[2026-01-22T02:42:53.840+0000] {processor.py:183} INFO - Processing /opt/airflow/dags/pipeline_scheduled.py took 0.234 seconds
[2026-01-22T02:43:24.041+0000] {processor.py:161} INFO - Started process (PID=52524) to work on /opt/airflow/dags/pipeline_scheduled.py
[2026-01-22T02:43:24.045+0000] {processor.py:830} INFO - Processing file /opt/airflow/dags/pipeline_scheduled.py for tasks to queue
[2026-01-22T02:43:24.048+0000] {logging_mixin.py:188} INFO - [2026-01-22T02:43:24.047+0000] {dagbag.py:545} INFO - Filling up the DagBag from /opt/airflow/dags/pipeline_scheduled.py
[2026-01-22T02:43:24.105+0000] {processor.py:840} INFO - DAG(s) 'pipeline_scheduled' retrieved from /opt/airflow/dags/pipeline_scheduled.py
[2026-01-22T02:43:24.195+0000] {logging_mixin.py:188} INFO - [2026-01-22T02:43:24.195+0000] {dag.py:3089} INFO - Sync 1 DAGs
[2026-01-22T02:43:24.238+0000] {logging_mixin.py:188} INFO - [2026-01-22T02:43:24.237+0000] {dag.py:3947} INFO - Setting next_dagrun for pipeline_scheduled to 2026-01-22 02:00:00+00:00, run_after=2026-01-22 03:00:00+00:00
[2026-01-22T02:43:24.272+0000] {processor.py:183} INFO - Processing /opt/airflow/dags/pipeline_scheduled.py took 0.292 seconds
[2026-01-22T02:43:54.686+0000] {processor.py:161} INFO - Started process (PID=52534) to work on /opt/airflow/dags/pipeline_scheduled.py
[2026-01-22T02:43:54.687+0000] {processor.py:830} INFO - Processing file /opt/airflow/dags/pipeline_scheduled.py for tasks to queue
[2026-01-22T02:43:54.689+0000] {logging_mixin.py:188} INFO - [2026-01-22T02:43:54.688+0000] {dagbag.py:545} INFO - Filling up the DagBag from /opt/airflow/dags/pipeline_scheduled.py
[2026-01-22T02:43:54.729+0000] {processor.py:840} INFO - DAG(s) 'pipeline_scheduled' retrieved from /opt/airflow/dags/pipeline_scheduled.py
[2026-01-22T02:43:54.788+0000] {logging_mixin.py:188} INFO - [2026-01-22T02:43:54.788+0000] {dag.py:3089} INFO - Sync 1 DAGs
[2026-01-22T02:43:54.833+0000] {logging_mixin.py:188} INFO - [2026-01-22T02:43:54.833+0000] {dag.py:3947} INFO - Setting next_dagrun for pipeline_scheduled to 2026-01-22 02:00:00+00:00, run_after=2026-01-22 03:00:00+00:00
[2026-01-22T02:43:54.901+0000] {processor.py:183} INFO - Processing /opt/airflow/dags/pipeline_scheduled.py took 0.227 seconds
[2026-01-22T02:44:25.121+0000] {processor.py:161} INFO - Started process (PID=52544) to work on /opt/airflow/dags/pipeline_scheduled.py
[2026-01-22T02:44:25.124+0000] {processor.py:830} INFO - Processing file /opt/airflow/dags/pipeline_scheduled.py for tasks to queue
[2026-01-22T02:44:25.125+0000] {logging_mixin.py:188} INFO - [2026-01-22T02:44:25.125+0000] {dagbag.py:545} INFO - Filling up the DagBag from /opt/airflow/dags/pipeline_scheduled.py
[2026-01-22T02:44:25.178+0000] {processor.py:840} INFO - DAG(s) 'pipeline_scheduled' retrieved from /opt/airflow/dags/pipeline_scheduled.py
[2026-01-22T02:44:25.259+0000] {logging_mixin.py:188} INFO - [2026-01-22T02:44:25.259+0000] {dag.py:3089} INFO - Sync 1 DAGs
[2026-01-22T02:44:25.302+0000] {logging_mixin.py:188} INFO - [2026-01-22T02:44:25.301+0000] {dag.py:3947} INFO - Setting next_dagrun for pipeline_scheduled to 2026-01-22 02:00:00+00:00, run_after=2026-01-22 03:00:00+00:00
[2026-01-22T02:44:25.335+0000] {processor.py:183} INFO - Processing /opt/airflow/dags/pipeline_scheduled.py took 0.275 seconds
[2026-01-22T02:44:55.751+0000] {processor.py:161} INFO - Started process (PID=52554) to work on /opt/airflow/dags/pipeline_scheduled.py
[2026-01-22T02:44:55.753+0000] {processor.py:830} INFO - Processing file /opt/airflow/dags/pipeline_scheduled.py for tasks to queue
[2026-01-22T02:44:55.755+0000] {logging_mixin.py:188} INFO - [2026-01-22T02:44:55.754+0000] {dagbag.py:545} INFO - Filling up the DagBag from /opt/airflow/dags/pipeline_scheduled.py
[2026-01-22T02:44:55.797+0000] {processor.py:840} INFO - DAG(s) 'pipeline_scheduled' retrieved from /opt/airflow/dags/pipeline_scheduled.py
[2026-01-22T02:44:55.868+0000] {logging_mixin.py:188} INFO - [2026-01-22T02:44:55.867+0000] {dag.py:3089} INFO - Sync 1 DAGs
[2026-01-22T02:44:55.912+0000] {logging_mixin.py:188} INFO - [2026-01-22T02:44:55.911+0000] {dag.py:3947} INFO - Setting next_dagrun for pipeline_scheduled to 2026-01-22 02:00:00+00:00, run_after=2026-01-22 03:00:00+00:00
[2026-01-22T02:44:55.978+0000] {processor.py:183} INFO - Processing /opt/airflow/dags/pipeline_scheduled.py took 0.237 seconds
[2026-01-22T02:45:26.179+0000] {processor.py:161} INFO - Started process (PID=52564) to work on /opt/airflow/dags/pipeline_scheduled.py
[2026-01-22T02:45:26.182+0000] {processor.py:830} INFO - Processing file /opt/airflow/dags/pipeline_scheduled.py for tasks to queue
[2026-01-22T02:45:26.184+0000] {logging_mixin.py:188} INFO - [2026-01-22T02:45:26.183+0000] {dagbag.py:545} INFO - Filling up the DagBag from /opt/airflow/dags/pipeline_scheduled.py
[2026-01-22T02:45:26.232+0000] {processor.py:840} INFO - DAG(s) 'pipeline_scheduled' retrieved from /opt/airflow/dags/pipeline_scheduled.py
[2026-01-22T02:45:26.322+0000] {logging_mixin.py:188} INFO - [2026-01-22T02:45:26.322+0000] {dag.py:3089} INFO - Sync 1 DAGs
[2026-01-22T02:45:26.367+0000] {logging_mixin.py:188} INFO - [2026-01-22T02:45:26.366+0000] {dag.py:3947} INFO - Setting next_dagrun for pipeline_scheduled to 2026-01-22 02:00:00+00:00, run_after=2026-01-22 03:00:00+00:00
[2026-01-22T02:45:26.401+0000] {processor.py:183} INFO - Processing /opt/airflow/dags/pipeline_scheduled.py took 0.275 seconds
[2026-01-22T02:45:56.911+0000] {processor.py:161} INFO - Started process (PID=52574) to work on /opt/airflow/dags/pipeline_scheduled.py
[2026-01-22T02:45:56.913+0000] {processor.py:830} INFO - Processing file /opt/airflow/dags/pipeline_scheduled.py for tasks to queue
[2026-01-22T02:45:56.914+0000] {logging_mixin.py:188} INFO - [2026-01-22T02:45:56.914+0000] {dagbag.py:545} INFO - Filling up the DagBag from /opt/airflow/dags/pipeline_scheduled.py
[2026-01-22T02:45:56.957+0000] {processor.py:840} INFO - DAG(s) 'pipeline_scheduled' retrieved from /opt/airflow/dags/pipeline_scheduled.py
[2026-01-22T02:45:57.026+0000] {logging_mixin.py:188} INFO - [2026-01-22T02:45:57.026+0000] {dag.py:3089} INFO - Sync 1 DAGs
[2026-01-22T02:45:57.069+0000] {logging_mixin.py:188} INFO - [2026-01-22T02:45:57.069+0000] {dag.py:3947} INFO - Setting next_dagrun for pipeline_scheduled to 2026-01-22 02:00:00+00:00, run_after=2026-01-22 03:00:00+00:00
[2026-01-22T02:45:57.132+0000] {processor.py:183} INFO - Processing /opt/airflow/dags/pipeline_scheduled.py took 0.233 seconds
[2026-01-22T02:46:27.293+0000] {processor.py:161} INFO - Started process (PID=52584) to work on /opt/airflow/dags/pipeline_scheduled.py
[2026-01-22T02:46:27.295+0000] {processor.py:830} INFO - Processing file /opt/airflow/dags/pipeline_scheduled.py for tasks to queue
[2026-01-22T02:46:27.297+0000] {logging_mixin.py:188} INFO - [2026-01-22T02:46:27.296+0000] {dagbag.py:545} INFO - Filling up the DagBag from /opt/airflow/dags/pipeline_scheduled.py
[2026-01-22T02:46:27.340+0000] {processor.py:840} INFO - DAG(s) 'pipeline_scheduled' retrieved from /opt/airflow/dags/pipeline_scheduled.py
[2026-01-22T02:46:27.405+0000] {logging_mixin.py:188} INFO - [2026-01-22T02:46:27.405+0000] {dag.py:3089} INFO - Sync 1 DAGs
[2026-01-22T02:46:27.446+0000] {logging_mixin.py:188} INFO - [2026-01-22T02:46:27.445+0000] {dag.py:3947} INFO - Setting next_dagrun for pipeline_scheduled to 2026-01-22 02:00:00+00:00, run_after=2026-01-22 03:00:00+00:00
[2026-01-22T02:46:27.481+0000] {processor.py:183} INFO - Processing /opt/airflow/dags/pipeline_scheduled.py took 0.203 seconds
[2026-01-22T02:46:57.926+0000] {processor.py:161} INFO - Started process (PID=52594) to work on /opt/airflow/dags/pipeline_scheduled.py
[2026-01-22T02:46:57.931+0000] {processor.py:830} INFO - Processing file /opt/airflow/dags/pipeline_scheduled.py for tasks to queue
[2026-01-22T02:46:57.933+0000] {logging_mixin.py:188} INFO - [2026-01-22T02:46:57.932+0000] {dagbag.py:545} INFO - Filling up the DagBag from /opt/airflow/dags/pipeline_scheduled.py
[2026-01-22T02:46:57.974+0000] {processor.py:840} INFO - DAG(s) 'pipeline_scheduled' retrieved from /opt/airflow/dags/pipeline_scheduled.py
[2026-01-22T02:46:58.041+0000] {logging_mixin.py:188} INFO - [2026-01-22T02:46:58.040+0000] {dag.py:3089} INFO - Sync 1 DAGs
[2026-01-22T02:46:58.083+0000] {logging_mixin.py:188} INFO - [2026-01-22T02:46:58.083+0000] {dag.py:3947} INFO - Setting next_dagrun for pipeline_scheduled to 2026-01-22 02:00:00+00:00, run_after=2026-01-22 03:00:00+00:00
[2026-01-22T02:46:58.119+0000] {processor.py:183} INFO - Processing /opt/airflow/dags/pipeline_scheduled.py took 0.206 seconds
[2026-01-22T02:47:28.609+0000] {processor.py:161} INFO - Started process (PID=52604) to work on /opt/airflow/dags/pipeline_scheduled.py
[2026-01-22T02:47:28.612+0000] {processor.py:830} INFO - Processing file /opt/airflow/dags/pipeline_scheduled.py for tasks to queue
[2026-01-22T02:47:28.614+0000] {logging_mixin.py:188} INFO - [2026-01-22T02:47:28.613+0000] {dagbag.py:545} INFO - Filling up the DagBag from /opt/airflow/dags/pipeline_scheduled.py
[2026-01-22T02:47:28.671+0000] {processor.py:840} INFO - DAG(s) 'pipeline_scheduled' retrieved from /opt/airflow/dags/pipeline_scheduled.py
[2026-01-22T02:47:28.756+0000] {logging_mixin.py:188} INFO - [2026-01-22T02:47:28.755+0000] {dag.py:3089} INFO - Sync 1 DAGs
[2026-01-22T02:47:28.799+0000] {logging_mixin.py:188} INFO - [2026-01-22T02:47:28.798+0000] {dag.py:3947} INFO - Setting next_dagrun for pipeline_scheduled to 2026-01-22 02:00:00+00:00, run_after=2026-01-22 03:00:00+00:00
[2026-01-22T02:47:28.837+0000] {processor.py:183} INFO - Processing /opt/airflow/dags/pipeline_scheduled.py took 0.286 seconds
[2026-01-22T02:47:59.276+0000] {processor.py:161} INFO - Started process (PID=52614) to work on /opt/airflow/dags/pipeline_scheduled.py
[2026-01-22T02:47:59.279+0000] {processor.py:830} INFO - Processing file /opt/airflow/dags/pipeline_scheduled.py for tasks to queue
[2026-01-22T02:47:59.280+0000] {logging_mixin.py:188} INFO - [2026-01-22T02:47:59.280+0000] {dagbag.py:545} INFO - Filling up the DagBag from /opt/airflow/dags/pipeline_scheduled.py
[2026-01-22T02:47:59.325+0000] {processor.py:840} INFO - DAG(s) 'pipeline_scheduled' retrieved from /opt/airflow/dags/pipeline_scheduled.py
[2026-01-22T02:47:59.401+0000] {logging_mixin.py:188} INFO - [2026-01-22T02:47:59.401+0000] {dag.py:3089} INFO - Sync 1 DAGs
[2026-01-22T02:47:59.451+0000] {logging_mixin.py:188} INFO - [2026-01-22T02:47:59.450+0000] {dag.py:3947} INFO - Setting next_dagrun for pipeline_scheduled to 2026-01-22 02:00:00+00:00, run_after=2026-01-22 03:00:00+00:00
[2026-01-22T02:47:59.488+0000] {processor.py:183} INFO - Processing /opt/airflow/dags/pipeline_scheduled.py took 0.229 seconds
[2026-01-22T02:48:29.909+0000] {processor.py:161} INFO - Started process (PID=52624) to work on /opt/airflow/dags/pipeline_scheduled.py
[2026-01-22T02:48:29.910+0000] {processor.py:830} INFO - Processing file /opt/airflow/dags/pipeline_scheduled.py for tasks to queue
[2026-01-22T02:48:29.912+0000] {logging_mixin.py:188} INFO - [2026-01-22T02:48:29.911+0000] {dagbag.py:545} INFO - Filling up the DagBag from /opt/airflow/dags/pipeline_scheduled.py
[2026-01-22T02:48:29.955+0000] {processor.py:840} INFO - DAG(s) 'pipeline_scheduled' retrieved from /opt/airflow/dags/pipeline_scheduled.py
[2026-01-22T02:48:30.022+0000] {logging_mixin.py:188} INFO - [2026-01-22T02:48:30.021+0000] {dag.py:3089} INFO - Sync 1 DAGs
[2026-01-22T02:48:30.060+0000] {logging_mixin.py:188} INFO - [2026-01-22T02:48:30.059+0000] {dag.py:3947} INFO - Setting next_dagrun for pipeline_scheduled to 2026-01-22 02:00:00+00:00, run_after=2026-01-22 03:00:00+00:00
[2026-01-22T02:48:30.091+0000] {processor.py:183} INFO - Processing /opt/airflow/dags/pipeline_scheduled.py took 0.193 seconds
[2026-01-22T02:49:00.512+0000] {processor.py:161} INFO - Started process (PID=52634) to work on /opt/airflow/dags/pipeline_scheduled.py
[2026-01-22T02:49:00.515+0000] {processor.py:830} INFO - Processing file /opt/airflow/dags/pipeline_scheduled.py for tasks to queue
[2026-01-22T02:49:00.517+0000] {logging_mixin.py:188} INFO - [2026-01-22T02:49:00.516+0000] {dagbag.py:545} INFO - Filling up the DagBag from /opt/airflow/dags/pipeline_scheduled.py
[2026-01-22T02:49:00.562+0000] {processor.py:840} INFO - DAG(s) 'pipeline_scheduled' retrieved from /opt/airflow/dags/pipeline_scheduled.py
[2026-01-22T02:49:00.637+0000] {logging_mixin.py:188} INFO - [2026-01-22T02:49:00.637+0000] {dag.py:3089} INFO - Sync 1 DAGs
[2026-01-22T02:49:00.679+0000] {logging_mixin.py:188} INFO - [2026-01-22T02:49:00.678+0000] {dag.py:3947} INFO - Setting next_dagrun for pipeline_scheduled to 2026-01-22 02:00:00+00:00, run_after=2026-01-22 03:00:00+00:00
[2026-01-22T02:49:00.712+0000] {processor.py:183} INFO - Processing /opt/airflow/dags/pipeline_scheduled.py took 0.212 seconds
[2026-01-22T02:49:31.162+0000] {processor.py:161} INFO - Started process (PID=52644) to work on /opt/airflow/dags/pipeline_scheduled.py
[2026-01-22T02:49:31.164+0000] {processor.py:830} INFO - Processing file /opt/airflow/dags/pipeline_scheduled.py for tasks to queue
[2026-01-22T02:49:31.166+0000] {logging_mixin.py:188} INFO - [2026-01-22T02:49:31.166+0000] {dagbag.py:545} INFO - Filling up the DagBag from /opt/airflow/dags/pipeline_scheduled.py
[2026-01-22T02:49:31.221+0000] {processor.py:840} INFO - DAG(s) 'pipeline_scheduled' retrieved from /opt/airflow/dags/pipeline_scheduled.py
[2026-01-22T02:49:31.309+0000] {logging_mixin.py:188} INFO - [2026-01-22T02:49:31.309+0000] {dag.py:3089} INFO - Sync 1 DAGs
[2026-01-22T02:49:31.363+0000] {logging_mixin.py:188} INFO - [2026-01-22T02:49:31.363+0000] {dag.py:3947} INFO - Setting next_dagrun for pipeline_scheduled to 2026-01-22 02:00:00+00:00, run_after=2026-01-22 03:00:00+00:00
[2026-01-22T02:49:31.403+0000] {processor.py:183} INFO - Processing /opt/airflow/dags/pipeline_scheduled.py took 0.301 seconds
[2026-01-22T02:50:01.825+0000] {processor.py:161} INFO - Started process (PID=52654) to work on /opt/airflow/dags/pipeline_scheduled.py
[2026-01-22T02:50:01.827+0000] {processor.py:830} INFO - Processing file /opt/airflow/dags/pipeline_scheduled.py for tasks to queue
[2026-01-22T02:50:01.829+0000] {logging_mixin.py:188} INFO - [2026-01-22T02:50:01.828+0000] {dagbag.py:545} INFO - Filling up the DagBag from /opt/airflow/dags/pipeline_scheduled.py
[2026-01-22T02:50:01.871+0000] {processor.py:840} INFO - DAG(s) 'pipeline_scheduled' retrieved from /opt/airflow/dags/pipeline_scheduled.py
[2026-01-22T02:50:01.941+0000] {logging_mixin.py:188} INFO - [2026-01-22T02:50:01.941+0000] {dag.py:3089} INFO - Sync 1 DAGs
[2026-01-22T02:50:01.982+0000] {logging_mixin.py:188} INFO - [2026-01-22T02:50:01.981+0000] {dag.py:3947} INFO - Setting next_dagrun for pipeline_scheduled to 2026-01-22 02:00:00+00:00, run_after=2026-01-22 03:00:00+00:00
[2026-01-22T02:50:02.018+0000] {processor.py:183} INFO - Processing /opt/airflow/dags/pipeline_scheduled.py took 0.207 seconds
[2026-01-22T02:50:32.489+0000] {processor.py:161} INFO - Started process (PID=52664) to work on /opt/airflow/dags/pipeline_scheduled.py
[2026-01-22T02:50:32.491+0000] {processor.py:830} INFO - Processing file /opt/airflow/dags/pipeline_scheduled.py for tasks to queue
[2026-01-22T02:50:32.493+0000] {logging_mixin.py:188} INFO - [2026-01-22T02:50:32.492+0000] {dagbag.py:545} INFO - Filling up the DagBag from /opt/airflow/dags/pipeline_scheduled.py
[2026-01-22T02:50:32.547+0000] {processor.py:840} INFO - DAG(s) 'pipeline_scheduled' retrieved from /opt/airflow/dags/pipeline_scheduled.py
[2026-01-22T02:50:32.640+0000] {logging_mixin.py:188} INFO - [2026-01-22T02:50:32.640+0000] {dag.py:3089} INFO - Sync 1 DAGs
[2026-01-22T02:50:32.683+0000] {logging_mixin.py:188} INFO - [2026-01-22T02:50:32.683+0000] {dag.py:3947} INFO - Setting next_dagrun for pipeline_scheduled to 2026-01-22 02:00:00+00:00, run_after=2026-01-22 03:00:00+00:00
[2026-01-22T02:50:32.715+0000] {processor.py:183} INFO - Processing /opt/airflow/dags/pipeline_scheduled.py took 0.284 seconds
[2026-01-22T02:51:03.216+0000] {processor.py:161} INFO - Started process (PID=52674) to work on /opt/airflow/dags/pipeline_scheduled.py
[2026-01-22T02:51:03.219+0000] {processor.py:830} INFO - Processing file /opt/airflow/dags/pipeline_scheduled.py for tasks to queue
[2026-01-22T02:51:03.220+0000] {logging_mixin.py:188} INFO - [2026-01-22T02:51:03.220+0000] {dagbag.py:545} INFO - Filling up the DagBag from /opt/airflow/dags/pipeline_scheduled.py
[2026-01-22T02:51:03.274+0000] {processor.py:840} INFO - DAG(s) 'pipeline_scheduled' retrieved from /opt/airflow/dags/pipeline_scheduled.py
[2026-01-22T02:51:03.350+0000] {logging_mixin.py:188} INFO - [2026-01-22T02:51:03.349+0000] {dag.py:3089} INFO - Sync 1 DAGs
[2026-01-22T02:51:03.396+0000] {logging_mixin.py:188} INFO - [2026-01-22T02:51:03.396+0000] {dag.py:3947} INFO - Setting next_dagrun for pipeline_scheduled to 2026-01-22 02:00:00+00:00, run_after=2026-01-22 03:00:00+00:00
[2026-01-22T02:51:03.452+0000] {processor.py:183} INFO - Processing /opt/airflow/dags/pipeline_scheduled.py took 0.251 seconds
[2026-01-22T02:51:33.656+0000] {processor.py:161} INFO - Started process (PID=52684) to work on /opt/airflow/dags/pipeline_scheduled.py
[2026-01-22T02:51:33.658+0000] {processor.py:830} INFO - Processing file /opt/airflow/dags/pipeline_scheduled.py for tasks to queue
[2026-01-22T02:51:33.660+0000] {logging_mixin.py:188} INFO - [2026-01-22T02:51:33.659+0000] {dagbag.py:545} INFO - Filling up the DagBag from /opt/airflow/dags/pipeline_scheduled.py
[2026-01-22T02:51:33.711+0000] {processor.py:840} INFO - DAG(s) 'pipeline_scheduled' retrieved from /opt/airflow/dags/pipeline_scheduled.py
[2026-01-22T02:51:33.796+0000] {logging_mixin.py:188} INFO - [2026-01-22T02:51:33.796+0000] {dag.py:3089} INFO - Sync 1 DAGs
[2026-01-22T02:51:33.840+0000] {logging_mixin.py:188} INFO - [2026-01-22T02:51:33.839+0000] {dag.py:3947} INFO - Setting next_dagrun for pipeline_scheduled to 2026-01-22 02:00:00+00:00, run_after=2026-01-22 03:00:00+00:00
[2026-01-22T02:51:33.875+0000] {processor.py:183} INFO - Processing /opt/airflow/dags/pipeline_scheduled.py took 0.290 seconds
[2026-01-22T02:52:04.285+0000] {processor.py:161} INFO - Started process (PID=52694) to work on /opt/airflow/dags/pipeline_scheduled.py
[2026-01-22T02:52:04.286+0000] {processor.py:830} INFO - Processing file /opt/airflow/dags/pipeline_scheduled.py for tasks to queue
[2026-01-22T02:52:04.288+0000] {logging_mixin.py:188} INFO - [2026-01-22T02:52:04.287+0000] {dagbag.py:545} INFO - Filling up the DagBag from /opt/airflow/dags/pipeline_scheduled.py
[2026-01-22T02:52:04.329+0000] {processor.py:840} INFO - DAG(s) 'pipeline_scheduled' retrieved from /opt/airflow/dags/pipeline_scheduled.py
[2026-01-22T02:52:04.400+0000] {logging_mixin.py:188} INFO - [2026-01-22T02:52:04.399+0000] {dag.py:3089} INFO - Sync 1 DAGs
[2026-01-22T02:52:04.439+0000] {logging_mixin.py:188} INFO - [2026-01-22T02:52:04.439+0000] {dag.py:3947} INFO - Setting next_dagrun for pipeline_scheduled to 2026-01-22 02:00:00+00:00, run_after=2026-01-22 03:00:00+00:00
[2026-01-22T02:52:04.475+0000] {processor.py:183} INFO - Processing /opt/airflow/dags/pipeline_scheduled.py took 0.203 seconds
[2026-01-22T02:52:34.934+0000] {processor.py:161} INFO - Started process (PID=52704) to work on /opt/airflow/dags/pipeline_scheduled.py
[2026-01-22T02:52:34.937+0000] {processor.py:830} INFO - Processing file /opt/airflow/dags/pipeline_scheduled.py for tasks to queue
[2026-01-22T02:52:34.939+0000] {logging_mixin.py:188} INFO - [2026-01-22T02:52:34.938+0000] {dagbag.py:545} INFO - Filling up the DagBag from /opt/airflow/dags/pipeline_scheduled.py
[2026-01-22T02:52:34.990+0000] {processor.py:840} INFO - DAG(s) 'pipeline_scheduled' retrieved from /opt/airflow/dags/pipeline_scheduled.py
[2026-01-22T02:52:35.074+0000] {logging_mixin.py:188} INFO - [2026-01-22T02:52:35.074+0000] {dag.py:3089} INFO - Sync 1 DAGs
[2026-01-22T02:52:35.137+0000] {logging_mixin.py:188} INFO - [2026-01-22T02:52:35.137+0000] {dag.py:3947} INFO - Setting next_dagrun for pipeline_scheduled to 2026-01-22 02:00:00+00:00, run_after=2026-01-22 03:00:00+00:00
[2026-01-22T02:52:35.178+0000] {processor.py:183} INFO - Processing /opt/airflow/dags/pipeline_scheduled.py took 0.296 seconds
[2026-01-22T02:53:05.644+0000] {processor.py:161} INFO - Started process (PID=52714) to work on /opt/airflow/dags/pipeline_scheduled.py
[2026-01-22T02:53:05.647+0000] {processor.py:830} INFO - Processing file /opt/airflow/dags/pipeline_scheduled.py for tasks to queue
[2026-01-22T02:53:05.648+0000] {logging_mixin.py:188} INFO - [2026-01-22T02:53:05.648+0000] {dagbag.py:545} INFO - Filling up the DagBag from /opt/airflow/dags/pipeline_scheduled.py
[2026-01-22T02:53:05.692+0000] {processor.py:840} INFO - DAG(s) 'pipeline_scheduled' retrieved from /opt/airflow/dags/pipeline_scheduled.py
[2026-01-22T02:53:05.759+0000] {logging_mixin.py:188} INFO - [2026-01-22T02:53:05.758+0000] {dag.py:3089} INFO - Sync 1 DAGs
[2026-01-22T02:53:05.800+0000] {logging_mixin.py:188} INFO - [2026-01-22T02:53:05.799+0000] {dag.py:3947} INFO - Setting next_dagrun for pipeline_scheduled to 2026-01-22 02:00:00+00:00, run_after=2026-01-22 03:00:00+00:00
[2026-01-22T02:53:05.835+0000] {processor.py:183} INFO - Processing /opt/airflow/dags/pipeline_scheduled.py took 0.207 seconds
[2026-01-22T02:53:36.244+0000] {processor.py:161} INFO - Started process (PID=52724) to work on /opt/airflow/dags/pipeline_scheduled.py
[2026-01-22T02:53:36.247+0000] {processor.py:830} INFO - Processing file /opt/airflow/dags/pipeline_scheduled.py for tasks to queue
[2026-01-22T02:53:36.248+0000] {logging_mixin.py:188} INFO - [2026-01-22T02:53:36.248+0000] {dagbag.py:545} INFO - Filling up the DagBag from /opt/airflow/dags/pipeline_scheduled.py
[2026-01-22T02:53:36.293+0000] {processor.py:840} INFO - DAG(s) 'pipeline_scheduled' retrieved from /opt/airflow/dags/pipeline_scheduled.py
[2026-01-22T02:53:36.361+0000] {logging_mixin.py:188} INFO - [2026-01-22T02:53:36.361+0000] {dag.py:3089} INFO - Sync 1 DAGs
[2026-01-22T02:53:36.406+0000] {logging_mixin.py:188} INFO - [2026-01-22T02:53:36.405+0000] {dag.py:3947} INFO - Setting next_dagrun for pipeline_scheduled to 2026-01-22 02:00:00+00:00, run_after=2026-01-22 03:00:00+00:00
[2026-01-22T02:53:36.446+0000] {processor.py:183} INFO - Processing /opt/airflow/dags/pipeline_scheduled.py took 0.218 seconds
[2026-01-22T02:54:06.896+0000] {processor.py:161} INFO - Started process (PID=52734) to work on /opt/airflow/dags/pipeline_scheduled.py
[2026-01-22T02:54:06.899+0000] {processor.py:830} INFO - Processing file /opt/airflow/dags/pipeline_scheduled.py for tasks to queue
[2026-01-22T02:54:06.900+0000] {logging_mixin.py:188} INFO - [2026-01-22T02:54:06.900+0000] {dagbag.py:545} INFO - Filling up the DagBag from /opt/airflow/dags/pipeline_scheduled.py
[2026-01-22T02:54:06.944+0000] {processor.py:840} INFO - DAG(s) 'pipeline_scheduled' retrieved from /opt/airflow/dags/pipeline_scheduled.py
[2026-01-22T02:54:07.014+0000] {logging_mixin.py:188} INFO - [2026-01-22T02:54:07.013+0000] {dag.py:3089} INFO - Sync 1 DAGs
[2026-01-22T02:54:07.059+0000] {logging_mixin.py:188} INFO - [2026-01-22T02:54:07.058+0000] {dag.py:3947} INFO - Setting next_dagrun for pipeline_scheduled to 2026-01-22 02:00:00+00:00, run_after=2026-01-22 03:00:00+00:00
[2026-01-22T02:54:07.092+0000] {processor.py:183} INFO - Processing /opt/airflow/dags/pipeline_scheduled.py took 0.210 seconds
[2026-01-22T02:54:37.537+0000] {processor.py:161} INFO - Started process (PID=52744) to work on /opt/airflow/dags/pipeline_scheduled.py
[2026-01-22T02:54:37.539+0000] {processor.py:830} INFO - Processing file /opt/airflow/dags/pipeline_scheduled.py for tasks to queue
[2026-01-22T02:54:37.541+0000] {logging_mixin.py:188} INFO - [2026-01-22T02:54:37.540+0000] {dagbag.py:545} INFO - Filling up the DagBag from /opt/airflow/dags/pipeline_scheduled.py
[2026-01-22T02:54:37.592+0000] {processor.py:840} INFO - DAG(s) 'pipeline_scheduled' retrieved from /opt/airflow/dags/pipeline_scheduled.py
[2026-01-22T02:54:37.681+0000] {logging_mixin.py:188} INFO - [2026-01-22T02:54:37.681+0000] {dag.py:3089} INFO - Sync 1 DAGs
[2026-01-22T02:54:37.734+0000] {logging_mixin.py:188} INFO - [2026-01-22T02:54:37.734+0000] {dag.py:3947} INFO - Setting next_dagrun for pipeline_scheduled to 2026-01-22 02:00:00+00:00, run_after=2026-01-22 03:00:00+00:00
[2026-01-22T02:54:37.775+0000] {processor.py:183} INFO - Processing /opt/airflow/dags/pipeline_scheduled.py took 0.284 seconds
[2026-01-22T02:55:08.192+0000] {processor.py:161} INFO - Started process (PID=52754) to work on /opt/airflow/dags/pipeline_scheduled.py
[2026-01-22T02:55:08.194+0000] {processor.py:830} INFO - Processing file /opt/airflow/dags/pipeline_scheduled.py for tasks to queue
[2026-01-22T02:55:08.196+0000] {logging_mixin.py:188} INFO - [2026-01-22T02:55:08.195+0000] {dagbag.py:545} INFO - Filling up the DagBag from /opt/airflow/dags/pipeline_scheduled.py
[2026-01-22T02:55:08.238+0000] {processor.py:840} INFO - DAG(s) 'pipeline_scheduled' retrieved from /opt/airflow/dags/pipeline_scheduled.py
[2026-01-22T02:55:08.314+0000] {logging_mixin.py:188} INFO - [2026-01-22T02:55:08.314+0000] {dag.py:3089} INFO - Sync 1 DAGs
[2026-01-22T02:55:08.360+0000] {logging_mixin.py:188} INFO - [2026-01-22T02:55:08.360+0000] {dag.py:3947} INFO - Setting next_dagrun for pipeline_scheduled to 2026-01-22 02:00:00+00:00, run_after=2026-01-22 03:00:00+00:00
[2026-01-22T02:55:08.418+0000] {processor.py:183} INFO - Processing /opt/airflow/dags/pipeline_scheduled.py took 0.239 seconds
[2026-01-22T02:55:38.661+0000] {processor.py:161} INFO - Started process (PID=52764) to work on /opt/airflow/dags/pipeline_scheduled.py
[2026-01-22T02:55:38.664+0000] {processor.py:830} INFO - Processing file /opt/airflow/dags/pipeline_scheduled.py for tasks to queue
[2026-01-22T02:55:38.666+0000] {logging_mixin.py:188} INFO - [2026-01-22T02:55:38.665+0000] {dagbag.py:545} INFO - Filling up the DagBag from /opt/airflow/dags/pipeline_scheduled.py
[2026-01-22T02:55:38.721+0000] {processor.py:840} INFO - DAG(s) 'pipeline_scheduled' retrieved from /opt/airflow/dags/pipeline_scheduled.py
[2026-01-22T02:55:38.804+0000] {logging_mixin.py:188} INFO - [2026-01-22T02:55:38.804+0000] {dag.py:3089} INFO - Sync 1 DAGs
[2026-01-22T02:55:38.851+0000] {logging_mixin.py:188} INFO - [2026-01-22T02:55:38.850+0000] {dag.py:3947} INFO - Setting next_dagrun for pipeline_scheduled to 2026-01-22 02:00:00+00:00, run_after=2026-01-22 03:00:00+00:00
[2026-01-22T02:55:38.884+0000] {processor.py:183} INFO - Processing /opt/airflow/dags/pipeline_scheduled.py took 0.282 seconds
[2026-01-22T02:56:09.411+0000] {processor.py:161} INFO - Started process (PID=52774) to work on /opt/airflow/dags/pipeline_scheduled.py
[2026-01-22T02:56:09.413+0000] {processor.py:830} INFO - Processing file /opt/airflow/dags/pipeline_scheduled.py for tasks to queue
[2026-01-22T02:56:09.416+0000] {logging_mixin.py:188} INFO - [2026-01-22T02:56:09.415+0000] {dagbag.py:545} INFO - Filling up the DagBag from /opt/airflow/dags/pipeline_scheduled.py
[2026-01-22T02:56:09.463+0000] {processor.py:840} INFO - DAG(s) 'pipeline_scheduled' retrieved from /opt/airflow/dags/pipeline_scheduled.py
[2026-01-22T02:56:09.530+0000] {logging_mixin.py:188} INFO - [2026-01-22T02:56:09.530+0000] {dag.py:3089} INFO - Sync 1 DAGs
[2026-01-22T02:56:09.572+0000] {logging_mixin.py:188} INFO - [2026-01-22T02:56:09.572+0000] {dag.py:3947} INFO - Setting next_dagrun for pipeline_scheduled to 2026-01-22 02:00:00+00:00, run_after=2026-01-22 03:00:00+00:00
[2026-01-22T02:56:09.632+0000] {processor.py:183} INFO - Processing /opt/airflow/dags/pipeline_scheduled.py took 0.239 seconds
[2026-01-22T02:56:39.832+0000] {processor.py:161} INFO - Started process (PID=52784) to work on /opt/airflow/dags/pipeline_scheduled.py
[2026-01-22T02:56:39.835+0000] {processor.py:830} INFO - Processing file /opt/airflow/dags/pipeline_scheduled.py for tasks to queue
[2026-01-22T02:56:39.837+0000] {logging_mixin.py:188} INFO - [2026-01-22T02:56:39.836+0000] {dagbag.py:545} INFO - Filling up the DagBag from /opt/airflow/dags/pipeline_scheduled.py
[2026-01-22T02:56:39.895+0000] {processor.py:840} INFO - DAG(s) 'pipeline_scheduled' retrieved from /opt/airflow/dags/pipeline_scheduled.py
[2026-01-22T02:56:39.979+0000] {logging_mixin.py:188} INFO - [2026-01-22T02:56:39.978+0000] {dag.py:3089} INFO - Sync 1 DAGs
[2026-01-22T02:56:40.023+0000] {logging_mixin.py:188} INFO - [2026-01-22T02:56:40.022+0000] {dag.py:3947} INFO - Setting next_dagrun for pipeline_scheduled to 2026-01-22 02:00:00+00:00, run_after=2026-01-22 03:00:00+00:00
[2026-01-22T02:56:40.063+0000] {processor.py:183} INFO - Processing /opt/airflow/dags/pipeline_scheduled.py took 0.292 seconds
[2026-01-22T02:57:10.476+0000] {processor.py:161} INFO - Started process (PID=52794) to work on /opt/airflow/dags/pipeline_scheduled.py
[2026-01-22T02:57:10.478+0000] {processor.py:830} INFO - Processing file /opt/airflow/dags/pipeline_scheduled.py for tasks to queue
[2026-01-22T02:57:10.479+0000] {logging_mixin.py:188} INFO - [2026-01-22T02:57:10.478+0000] {dagbag.py:545} INFO - Filling up the DagBag from /opt/airflow/dags/pipeline_scheduled.py
[2026-01-22T02:57:10.519+0000] {processor.py:840} INFO - DAG(s) 'pipeline_scheduled' retrieved from /opt/airflow/dags/pipeline_scheduled.py
[2026-01-22T02:57:10.576+0000] {logging_mixin.py:188} INFO - [2026-01-22T02:57:10.576+0000] {dag.py:3089} INFO - Sync 1 DAGs
[2026-01-22T02:57:10.614+0000] {logging_mixin.py:188} INFO - [2026-01-22T02:57:10.613+0000] {dag.py:3947} INFO - Setting next_dagrun for pipeline_scheduled to 2026-01-22 02:00:00+00:00, run_after=2026-01-22 03:00:00+00:00
[2026-01-22T02:57:10.645+0000] {processor.py:183} INFO - Processing /opt/airflow/dags/pipeline_scheduled.py took 0.180 seconds
[2026-01-22T02:57:41.075+0000] {processor.py:161} INFO - Started process (PID=52804) to work on /opt/airflow/dags/pipeline_scheduled.py
[2026-01-22T02:57:41.076+0000] {processor.py:830} INFO - Processing file /opt/airflow/dags/pipeline_scheduled.py for tasks to queue
[2026-01-22T02:57:41.078+0000] {logging_mixin.py:188} INFO - [2026-01-22T02:57:41.077+0000] {dagbag.py:545} INFO - Filling up the DagBag from /opt/airflow/dags/pipeline_scheduled.py
[2026-01-22T02:57:41.169+0000] {processor.py:840} INFO - DAG(s) 'pipeline_scheduled' retrieved from /opt/airflow/dags/pipeline_scheduled.py
[2026-01-22T02:57:41.259+0000] {logging_mixin.py:188} INFO - [2026-01-22T02:57:41.258+0000] {dag.py:3089} INFO - Sync 1 DAGs
[2026-01-22T02:57:41.317+0000] {logging_mixin.py:188} INFO - [2026-01-22T02:57:41.317+0000] {dag.py:3947} INFO - Setting next_dagrun for pipeline_scheduled to 2026-01-22 02:00:00+00:00, run_after=2026-01-22 03:00:00+00:00
[2026-01-22T02:57:41.369+0000] {processor.py:183} INFO - Processing /opt/airflow/dags/pipeline_scheduled.py took 0.305 seconds
[2026-01-22T02:58:11.776+0000] {processor.py:161} INFO - Started process (PID=52814) to work on /opt/airflow/dags/pipeline_scheduled.py
[2026-01-22T02:58:11.778+0000] {processor.py:830} INFO - Processing file /opt/airflow/dags/pipeline_scheduled.py for tasks to queue
[2026-01-22T02:58:11.780+0000] {logging_mixin.py:188} INFO - [2026-01-22T02:58:11.779+0000] {dagbag.py:545} INFO - Filling up the DagBag from /opt/airflow/dags/pipeline_scheduled.py
[2026-01-22T02:58:11.823+0000] {processor.py:840} INFO - DAG(s) 'pipeline_scheduled' retrieved from /opt/airflow/dags/pipeline_scheduled.py
[2026-01-22T02:58:11.883+0000] {logging_mixin.py:188} INFO - [2026-01-22T02:58:11.883+0000] {dag.py:3089} INFO - Sync 1 DAGs
[2026-01-22T02:58:11.923+0000] {logging_mixin.py:188} INFO - [2026-01-22T02:58:11.922+0000] {dag.py:3947} INFO - Setting next_dagrun for pipeline_scheduled to 2026-01-22 02:00:00+00:00, run_after=2026-01-22 03:00:00+00:00
[2026-01-22T02:58:11.959+0000] {processor.py:183} INFO - Processing /opt/airflow/dags/pipeline_scheduled.py took 0.196 seconds
[2026-01-22T02:58:42.384+0000] {processor.py:161} INFO - Started process (PID=52824) to work on /opt/airflow/dags/pipeline_scheduled.py
[2026-01-22T02:58:42.386+0000] {processor.py:830} INFO - Processing file /opt/airflow/dags/pipeline_scheduled.py for tasks to queue
[2026-01-22T02:58:42.388+0000] {logging_mixin.py:188} INFO - [2026-01-22T02:58:42.388+0000] {dagbag.py:545} INFO - Filling up the DagBag from /opt/airflow/dags/pipeline_scheduled.py
[2026-01-22T02:58:42.449+0000] {processor.py:840} INFO - DAG(s) 'pipeline_scheduled' retrieved from /opt/airflow/dags/pipeline_scheduled.py
[2026-01-22T02:58:42.536+0000] {logging_mixin.py:188} INFO - [2026-01-22T02:58:42.536+0000] {dag.py:3089} INFO - Sync 1 DAGs
[2026-01-22T02:58:42.579+0000] {logging_mixin.py:188} INFO - [2026-01-22T02:58:42.578+0000] {dag.py:3947} INFO - Setting next_dagrun for pipeline_scheduled to 2026-01-22 02:00:00+00:00, run_after=2026-01-22 03:00:00+00:00
[2026-01-22T02:58:42.613+0000] {processor.py:183} INFO - Processing /opt/airflow/dags/pipeline_scheduled.py took 0.256 seconds
[2026-01-22T02:59:13.053+0000] {processor.py:161} INFO - Started process (PID=52834) to work on /opt/airflow/dags/pipeline_scheduled.py
[2026-01-22T02:59:13.055+0000] {processor.py:830} INFO - Processing file /opt/airflow/dags/pipeline_scheduled.py for tasks to queue
[2026-01-22T02:59:13.057+0000] {logging_mixin.py:188} INFO - [2026-01-22T02:59:13.056+0000] {dagbag.py:545} INFO - Filling up the DagBag from /opt/airflow/dags/pipeline_scheduled.py
[2026-01-22T02:59:13.101+0000] {processor.py:840} INFO - DAG(s) 'pipeline_scheduled' retrieved from /opt/airflow/dags/pipeline_scheduled.py
[2026-01-22T02:59:13.167+0000] {logging_mixin.py:188} INFO - [2026-01-22T02:59:13.166+0000] {dag.py:3089} INFO - Sync 1 DAGs
[2026-01-22T02:59:13.207+0000] {logging_mixin.py:188} INFO - [2026-01-22T02:59:13.206+0000] {dag.py:3947} INFO - Setting next_dagrun for pipeline_scheduled to 2026-01-22 02:00:00+00:00, run_after=2026-01-22 03:00:00+00:00
[2026-01-22T02:59:13.242+0000] {processor.py:183} INFO - Processing /opt/airflow/dags/pipeline_scheduled.py took 0.202 seconds
[2026-01-22T02:59:43.675+0000] {processor.py:161} INFO - Started process (PID=52844) to work on /opt/airflow/dags/pipeline_scheduled.py
[2026-01-22T02:59:43.677+0000] {processor.py:830} INFO - Processing file /opt/airflow/dags/pipeline_scheduled.py for tasks to queue
[2026-01-22T02:59:43.678+0000] {logging_mixin.py:188} INFO - [2026-01-22T02:59:43.678+0000] {dagbag.py:545} INFO - Filling up the DagBag from /opt/airflow/dags/pipeline_scheduled.py
[2026-01-22T02:59:43.723+0000] {processor.py:840} INFO - DAG(s) 'pipeline_scheduled' retrieved from /opt/airflow/dags/pipeline_scheduled.py
[2026-01-22T02:59:43.812+0000] {logging_mixin.py:188} INFO - [2026-01-22T02:59:43.812+0000] {dag.py:3089} INFO - Sync 1 DAGs
[2026-01-22T02:59:43.873+0000] {logging_mixin.py:188} INFO - [2026-01-22T02:59:43.873+0000] {dag.py:3947} INFO - Setting next_dagrun for pipeline_scheduled to 2026-01-22 02:00:00+00:00, run_after=2026-01-22 03:00:00+00:00
[2026-01-22T02:59:43.917+0000] {processor.py:183} INFO - Processing /opt/airflow/dags/pipeline_scheduled.py took 0.256 seconds
[2026-01-22T03:00:14.325+0000] {processor.py:161} INFO - Started process (PID=52857) to work on /opt/airflow/dags/pipeline_scheduled.py
[2026-01-22T03:00:14.327+0000] {processor.py:830} INFO - Processing file /opt/airflow/dags/pipeline_scheduled.py for tasks to queue
[2026-01-22T03:00:14.328+0000] {logging_mixin.py:188} INFO - [2026-01-22T03:00:14.328+0000] {dagbag.py:545} INFO - Filling up the DagBag from /opt/airflow/dags/pipeline_scheduled.py
[2026-01-22T03:00:14.374+0000] {processor.py:840} INFO - DAG(s) 'pipeline_scheduled' retrieved from /opt/airflow/dags/pipeline_scheduled.py
[2026-01-22T03:00:14.442+0000] {logging_mixin.py:188} INFO - [2026-01-22T03:00:14.442+0000] {dag.py:3089} INFO - Sync 1 DAGs
[2026-01-22T03:00:14.487+0000] {logging_mixin.py:188} INFO - [2026-01-22T03:00:14.486+0000] {dag.py:3947} INFO - Setting next_dagrun for pipeline_scheduled to 2026-01-22 03:00:00+00:00, run_after=2026-01-22 04:00:00+00:00
[2026-01-22T03:00:14.550+0000] {processor.py:183} INFO - Processing /opt/airflow/dags/pipeline_scheduled.py took 0.236 seconds
[2026-01-22T03:00:44.708+0000] {processor.py:161} INFO - Started process (PID=52867) to work on /opt/airflow/dags/pipeline_scheduled.py
[2026-01-22T03:00:44.710+0000] {processor.py:830} INFO - Processing file /opt/airflow/dags/pipeline_scheduled.py for tasks to queue
[2026-01-22T03:00:44.711+0000] {logging_mixin.py:188} INFO - [2026-01-22T03:00:44.711+0000] {dagbag.py:545} INFO - Filling up the DagBag from /opt/airflow/dags/pipeline_scheduled.py
[2026-01-22T03:00:44.751+0000] {processor.py:840} INFO - DAG(s) 'pipeline_scheduled' retrieved from /opt/airflow/dags/pipeline_scheduled.py
[2026-01-22T03:00:44.867+0000] {logging_mixin.py:188} INFO - [2026-01-22T03:00:44.867+0000] {dag.py:3089} INFO - Sync 1 DAGs
[2026-01-22T03:00:44.914+0000] {logging_mixin.py:188} INFO - [2026-01-22T03:00:44.914+0000] {dag.py:3947} INFO - Setting next_dagrun for pipeline_scheduled to 2026-01-22 03:00:00+00:00, run_after=2026-01-22 04:00:00+00:00
[2026-01-22T03:00:44.954+0000] {processor.py:183} INFO - Processing /opt/airflow/dags/pipeline_scheduled.py took 0.258 seconds
[2026-01-22T03:01:15.467+0000] {processor.py:161} INFO - Started process (PID=52877) to work on /opt/airflow/dags/pipeline_scheduled.py
[2026-01-22T03:01:15.469+0000] {processor.py:830} INFO - Processing file /opt/airflow/dags/pipeline_scheduled.py for tasks to queue
[2026-01-22T03:01:15.471+0000] {logging_mixin.py:188} INFO - [2026-01-22T03:01:15.470+0000] {dagbag.py:545} INFO - Filling up the DagBag from /opt/airflow/dags/pipeline_scheduled.py
[2026-01-22T03:01:15.542+0000] {processor.py:840} INFO - DAG(s) 'pipeline_scheduled' retrieved from /opt/airflow/dags/pipeline_scheduled.py
[2026-01-22T03:01:15.664+0000] {logging_mixin.py:188} INFO - [2026-01-22T03:01:15.664+0000] {dag.py:3089} INFO - Sync 1 DAGs
[2026-01-22T03:01:15.734+0000] {logging_mixin.py:188} INFO - [2026-01-22T03:01:15.733+0000] {dag.py:3947} INFO - Setting next_dagrun for pipeline_scheduled to 2026-01-22 03:00:00+00:00, run_after=2026-01-22 04:00:00+00:00
[2026-01-22T03:01:15.866+0000] {processor.py:183} INFO - Processing /opt/airflow/dags/pipeline_scheduled.py took 0.410 seconds
[2026-01-22T03:01:46.129+0000] {processor.py:161} INFO - Started process (PID=52887) to work on /opt/airflow/dags/pipeline_scheduled.py
[2026-01-22T03:01:46.131+0000] {processor.py:830} INFO - Processing file /opt/airflow/dags/pipeline_scheduled.py for tasks to queue
[2026-01-22T03:01:46.133+0000] {logging_mixin.py:188} INFO - [2026-01-22T03:01:46.133+0000] {dagbag.py:545} INFO - Filling up the DagBag from /opt/airflow/dags/pipeline_scheduled.py
[2026-01-22T03:01:46.175+0000] {processor.py:840} INFO - DAG(s) 'pipeline_scheduled' retrieved from /opt/airflow/dags/pipeline_scheduled.py
[2026-01-22T03:01:46.242+0000] {logging_mixin.py:188} INFO - [2026-01-22T03:01:46.241+0000] {dag.py:3089} INFO - Sync 1 DAGs
[2026-01-22T03:01:46.283+0000] {logging_mixin.py:188} INFO - [2026-01-22T03:01:46.283+0000] {dag.py:3947} INFO - Setting next_dagrun for pipeline_scheduled to 2026-01-22 03:00:00+00:00, run_after=2026-01-22 04:00:00+00:00
[2026-01-22T03:01:46.337+0000] {processor.py:183} INFO - Processing /opt/airflow/dags/pipeline_scheduled.py took 0.221 seconds
[2026-01-22T03:02:16.638+0000] {processor.py:161} INFO - Started process (PID=52897) to work on /opt/airflow/dags/pipeline_scheduled.py
[2026-01-22T03:02:16.641+0000] {processor.py:830} INFO - Processing file /opt/airflow/dags/pipeline_scheduled.py for tasks to queue
[2026-01-22T03:02:16.642+0000] {logging_mixin.py:188} INFO - [2026-01-22T03:02:16.642+0000] {dagbag.py:545} INFO - Filling up the DagBag from /opt/airflow/dags/pipeline_scheduled.py
[2026-01-22T03:02:16.695+0000] {processor.py:840} INFO - DAG(s) 'pipeline_scheduled' retrieved from /opt/airflow/dags/pipeline_scheduled.py
[2026-01-22T03:02:16.784+0000] {logging_mixin.py:188} INFO - [2026-01-22T03:02:16.784+0000] {dag.py:3089} INFO - Sync 1 DAGs
[2026-01-22T03:02:16.831+0000] {logging_mixin.py:188} INFO - [2026-01-22T03:02:16.830+0000] {dag.py:3947} INFO - Setting next_dagrun for pipeline_scheduled to 2026-01-22 03:00:00+00:00, run_after=2026-01-22 04:00:00+00:00
[2026-01-22T03:02:16.866+0000] {processor.py:183} INFO - Processing /opt/airflow/dags/pipeline_scheduled.py took 0.284 seconds
[2026-01-22T03:02:47.288+0000] {processor.py:161} INFO - Started process (PID=52907) to work on /opt/airflow/dags/pipeline_scheduled.py
[2026-01-22T03:02:47.290+0000] {processor.py:830} INFO - Processing file /opt/airflow/dags/pipeline_scheduled.py for tasks to queue
[2026-01-22T03:02:47.292+0000] {logging_mixin.py:188} INFO - [2026-01-22T03:02:47.291+0000] {dagbag.py:545} INFO - Filling up the DagBag from /opt/airflow/dags/pipeline_scheduled.py
[2026-01-22T03:02:47.335+0000] {processor.py:840} INFO - DAG(s) 'pipeline_scheduled' retrieved from /opt/airflow/dags/pipeline_scheduled.py
[2026-01-22T03:02:47.403+0000] {logging_mixin.py:188} INFO - [2026-01-22T03:02:47.403+0000] {dag.py:3089} INFO - Sync 1 DAGs
[2026-01-22T03:02:47.445+0000] {logging_mixin.py:188} INFO - [2026-01-22T03:02:47.444+0000] {dag.py:3947} INFO - Setting next_dagrun for pipeline_scheduled to 2026-01-22 03:00:00+00:00, run_after=2026-01-22 04:00:00+00:00
[2026-01-22T03:02:47.505+0000] {processor.py:183} INFO - Processing /opt/airflow/dags/pipeline_scheduled.py took 0.229 seconds
[2026-01-22T03:03:17.677+0000] {processor.py:161} INFO - Started process (PID=52917) to work on /opt/airflow/dags/pipeline_scheduled.py
[2026-01-22T03:03:17.680+0000] {processor.py:830} INFO - Processing file /opt/airflow/dags/pipeline_scheduled.py for tasks to queue
[2026-01-22T03:03:17.682+0000] {logging_mixin.py:188} INFO - [2026-01-22T03:03:17.681+0000] {dagbag.py:545} INFO - Filling up the DagBag from /opt/airflow/dags/pipeline_scheduled.py
[2026-01-22T03:03:17.737+0000] {processor.py:840} INFO - DAG(s) 'pipeline_scheduled' retrieved from /opt/airflow/dags/pipeline_scheduled.py
[2026-01-22T03:03:17.804+0000] {logging_mixin.py:188} INFO - [2026-01-22T03:03:17.803+0000] {dag.py:3089} INFO - Sync 1 DAGs
[2026-01-22T03:03:17.847+0000] {logging_mixin.py:188} INFO - [2026-01-22T03:03:17.847+0000] {dag.py:3947} INFO - Setting next_dagrun for pipeline_scheduled to 2026-01-22 03:00:00+00:00, run_after=2026-01-22 04:00:00+00:00
[2026-01-22T03:03:17.880+0000] {processor.py:183} INFO - Processing /opt/airflow/dags/pipeline_scheduled.py took 0.224 seconds
[2026-01-22T03:03:48.293+0000] {processor.py:161} INFO - Started process (PID=52927) to work on /opt/airflow/dags/pipeline_scheduled.py
[2026-01-22T03:03:48.294+0000] {processor.py:830} INFO - Processing file /opt/airflow/dags/pipeline_scheduled.py for tasks to queue
[2026-01-22T03:03:48.296+0000] {logging_mixin.py:188} INFO - [2026-01-22T03:03:48.295+0000] {dagbag.py:545} INFO - Filling up the DagBag from /opt/airflow/dags/pipeline_scheduled.py
[2026-01-22T03:03:48.337+0000] {processor.py:840} INFO - DAG(s) 'pipeline_scheduled' retrieved from /opt/airflow/dags/pipeline_scheduled.py
[2026-01-22T03:03:48.409+0000] {logging_mixin.py:188} INFO - [2026-01-22T03:03:48.408+0000] {dag.py:3089} INFO - Sync 1 DAGs
[2026-01-22T03:03:48.452+0000] {logging_mixin.py:188} INFO - [2026-01-22T03:03:48.451+0000] {dag.py:3947} INFO - Setting next_dagrun for pipeline_scheduled to 2026-01-22 03:00:00+00:00, run_after=2026-01-22 04:00:00+00:00
[2026-01-22T03:03:48.521+0000] {processor.py:183} INFO - Processing /opt/airflow/dags/pipeline_scheduled.py took 0.239 seconds
[2026-01-22T03:04:18.678+0000] {processor.py:161} INFO - Started process (PID=52937) to work on /opt/airflow/dags/pipeline_scheduled.py
[2026-01-22T03:04:18.681+0000] {processor.py:830} INFO - Processing file /opt/airflow/dags/pipeline_scheduled.py for tasks to queue
[2026-01-22T03:04:18.683+0000] {logging_mixin.py:188} INFO - [2026-01-22T03:04:18.682+0000] {dagbag.py:545} INFO - Filling up the DagBag from /opt/airflow/dags/pipeline_scheduled.py
[2026-01-22T03:04:18.730+0000] {processor.py:840} INFO - DAG(s) 'pipeline_scheduled' retrieved from /opt/airflow/dags/pipeline_scheduled.py
[2026-01-22T03:04:18.804+0000] {logging_mixin.py:188} INFO - [2026-01-22T03:04:18.804+0000] {dag.py:3089} INFO - Sync 1 DAGs
[2026-01-22T03:04:18.853+0000] {logging_mixin.py:188} INFO - [2026-01-22T03:04:18.852+0000] {dag.py:3947} INFO - Setting next_dagrun for pipeline_scheduled to 2026-01-22 03:00:00+00:00, run_after=2026-01-22 04:00:00+00:00
[2026-01-22T03:04:18.888+0000] {processor.py:183} INFO - Processing /opt/airflow/dags/pipeline_scheduled.py took 0.224 seconds
[2026-01-22T03:04:49.310+0000] {processor.py:161} INFO - Started process (PID=52947) to work on /opt/airflow/dags/pipeline_scheduled.py
[2026-01-22T03:04:49.312+0000] {processor.py:830} INFO - Processing file /opt/airflow/dags/pipeline_scheduled.py for tasks to queue
[2026-01-22T03:04:49.315+0000] {logging_mixin.py:188} INFO - [2026-01-22T03:04:49.314+0000] {dagbag.py:545} INFO - Filling up the DagBag from /opt/airflow/dags/pipeline_scheduled.py
[2026-01-22T03:04:49.363+0000] {processor.py:840} INFO - DAG(s) 'pipeline_scheduled' retrieved from /opt/airflow/dags/pipeline_scheduled.py
[2026-01-22T03:04:49.505+0000] {logging_mixin.py:188} INFO - [2026-01-22T03:04:49.505+0000] {dag.py:3089} INFO - Sync 1 DAGs
[2026-01-22T03:04:49.555+0000] {logging_mixin.py:188} INFO - [2026-01-22T03:04:49.555+0000] {dag.py:3947} INFO - Setting next_dagrun for pipeline_scheduled to 2026-01-22 03:00:00+00:00, run_after=2026-01-22 04:00:00+00:00
[2026-01-22T03:04:49.597+0000] {processor.py:183} INFO - Processing /opt/airflow/dags/pipeline_scheduled.py took 0.301 seconds
[2026-01-22T03:05:19.986+0000] {processor.py:161} INFO - Started process (PID=52957) to work on /opt/airflow/dags/pipeline_scheduled.py
[2026-01-22T03:05:19.989+0000] {processor.py:830} INFO - Processing file /opt/airflow/dags/pipeline_scheduled.py for tasks to queue
[2026-01-22T03:05:19.991+0000] {logging_mixin.py:188} INFO - [2026-01-22T03:05:19.990+0000] {dagbag.py:545} INFO - Filling up the DagBag from /opt/airflow/dags/pipeline_scheduled.py
[2026-01-22T03:05:20.047+0000] {processor.py:840} INFO - DAG(s) 'pipeline_scheduled' retrieved from /opt/airflow/dags/pipeline_scheduled.py
[2026-01-22T03:05:20.124+0000] {logging_mixin.py:188} INFO - [2026-01-22T03:05:20.123+0000] {dag.py:3089} INFO - Sync 1 DAGs
[2026-01-22T03:05:20.167+0000] {logging_mixin.py:188} INFO - [2026-01-22T03:05:20.167+0000] {dag.py:3947} INFO - Setting next_dagrun for pipeline_scheduled to 2026-01-22 03:00:00+00:00, run_after=2026-01-22 04:00:00+00:00
[2026-01-22T03:05:20.206+0000] {processor.py:183} INFO - Processing /opt/airflow/dags/pipeline_scheduled.py took 0.277 seconds
[2026-01-22T03:05:50.738+0000] {processor.py:161} INFO - Started process (PID=52967) to work on /opt/airflow/dags/pipeline_scheduled.py
[2026-01-22T03:05:50.740+0000] {processor.py:830} INFO - Processing file /opt/airflow/dags/pipeline_scheduled.py for tasks to queue
[2026-01-22T03:05:50.742+0000] {logging_mixin.py:188} INFO - [2026-01-22T03:05:50.741+0000] {dagbag.py:545} INFO - Filling up the DagBag from /opt/airflow/dags/pipeline_scheduled.py
[2026-01-22T03:05:50.777+0000] {processor.py:840} INFO - DAG(s) 'pipeline_scheduled' retrieved from /opt/airflow/dags/pipeline_scheduled.py
[2026-01-22T03:05:50.841+0000] {logging_mixin.py:188} INFO - [2026-01-22T03:05:50.840+0000] {dag.py:3089} INFO - Sync 1 DAGs
[2026-01-22T03:05:50.881+0000] {logging_mixin.py:188} INFO - [2026-01-22T03:05:50.881+0000] {dag.py:3947} INFO - Setting next_dagrun for pipeline_scheduled to 2026-01-22 03:00:00+00:00, run_after=2026-01-22 04:00:00+00:00
[2026-01-22T03:05:50.950+0000] {processor.py:183} INFO - Processing /opt/airflow/dags/pipeline_scheduled.py took 0.222 seconds
[2026-01-22T03:06:21.119+0000] {processor.py:161} INFO - Started process (PID=52977) to work on /opt/airflow/dags/pipeline_scheduled.py
[2026-01-22T03:06:21.123+0000] {processor.py:830} INFO - Processing file /opt/airflow/dags/pipeline_scheduled.py for tasks to queue
[2026-01-22T03:06:21.125+0000] {logging_mixin.py:188} INFO - [2026-01-22T03:06:21.124+0000] {dagbag.py:545} INFO - Filling up the DagBag from /opt/airflow/dags/pipeline_scheduled.py
[2026-01-22T03:06:21.166+0000] {processor.py:840} INFO - DAG(s) 'pipeline_scheduled' retrieved from /opt/airflow/dags/pipeline_scheduled.py
[2026-01-22T03:06:21.235+0000] {logging_mixin.py:188} INFO - [2026-01-22T03:06:21.234+0000] {dag.py:3089} INFO - Sync 1 DAGs
[2026-01-22T03:06:21.279+0000] {logging_mixin.py:188} INFO - [2026-01-22T03:06:21.279+0000] {dag.py:3947} INFO - Setting next_dagrun for pipeline_scheduled to 2026-01-22 03:00:00+00:00, run_after=2026-01-22 04:00:00+00:00
[2026-01-22T03:06:21.330+0000] {processor.py:183} INFO - Processing /opt/airflow/dags/pipeline_scheduled.py took 0.226 seconds
[2026-01-22T03:06:51.684+0000] {processor.py:161} INFO - Started process (PID=52987) to work on /opt/airflow/dags/pipeline_scheduled.py
[2026-01-22T03:06:51.686+0000] {processor.py:830} INFO - Processing file /opt/airflow/dags/pipeline_scheduled.py for tasks to queue
[2026-01-22T03:06:51.688+0000] {logging_mixin.py:188} INFO - [2026-01-22T03:06:51.688+0000] {dagbag.py:545} INFO - Filling up the DagBag from /opt/airflow/dags/pipeline_scheduled.py
[2026-01-22T03:06:51.734+0000] {processor.py:840} INFO - DAG(s) 'pipeline_scheduled' retrieved from /opt/airflow/dags/pipeline_scheduled.py
[2026-01-22T03:06:51.798+0000] {logging_mixin.py:188} INFO - [2026-01-22T03:06:51.798+0000] {dag.py:3089} INFO - Sync 1 DAGs
[2026-01-22T03:06:51.835+0000] {logging_mixin.py:188} INFO - [2026-01-22T03:06:51.835+0000] {dag.py:3947} INFO - Setting next_dagrun for pipeline_scheduled to 2026-01-22 03:00:00+00:00, run_after=2026-01-22 04:00:00+00:00
[2026-01-22T03:06:51.870+0000] {processor.py:183} INFO - Processing /opt/airflow/dags/pipeline_scheduled.py took 0.198 seconds
[2026-01-22T03:07:22.298+0000] {processor.py:161} INFO - Started process (PID=52997) to work on /opt/airflow/dags/pipeline_scheduled.py
[2026-01-22T03:07:22.300+0000] {processor.py:830} INFO - Processing file /opt/airflow/dags/pipeline_scheduled.py for tasks to queue
[2026-01-22T03:07:22.302+0000] {logging_mixin.py:188} INFO - [2026-01-22T03:07:22.301+0000] {dagbag.py:545} INFO - Filling up the DagBag from /opt/airflow/dags/pipeline_scheduled.py
[2026-01-22T03:07:22.346+0000] {processor.py:840} INFO - DAG(s) 'pipeline_scheduled' retrieved from /opt/airflow/dags/pipeline_scheduled.py
[2026-01-22T03:07:22.411+0000] {logging_mixin.py:188} INFO - [2026-01-22T03:07:22.411+0000] {dag.py:3089} INFO - Sync 1 DAGs
[2026-01-22T03:07:22.450+0000] {logging_mixin.py:188} INFO - [2026-01-22T03:07:22.450+0000] {dag.py:3947} INFO - Setting next_dagrun for pipeline_scheduled to 2026-01-22 03:00:00+00:00, run_after=2026-01-22 04:00:00+00:00
[2026-01-22T03:07:22.521+0000] {processor.py:183} INFO - Processing /opt/airflow/dags/pipeline_scheduled.py took 0.233 seconds
[2026-01-22T03:07:52.681+0000] {processor.py:161} INFO - Started process (PID=53007) to work on /opt/airflow/dags/pipeline_scheduled.py
[2026-01-22T03:07:52.683+0000] {processor.py:830} INFO - Processing file /opt/airflow/dags/pipeline_scheduled.py for tasks to queue
[2026-01-22T03:07:52.685+0000] {logging_mixin.py:188} INFO - [2026-01-22T03:07:52.684+0000] {dagbag.py:545} INFO - Filling up the DagBag from /opt/airflow/dags/pipeline_scheduled.py
[2026-01-22T03:07:52.731+0000] {processor.py:840} INFO - DAG(s) 'pipeline_scheduled' retrieved from /opt/airflow/dags/pipeline_scheduled.py
[2026-01-22T03:07:52.805+0000] {logging_mixin.py:188} INFO - [2026-01-22T03:07:52.805+0000] {dag.py:3089} INFO - Sync 1 DAGs
[2026-01-22T03:07:52.849+0000] {logging_mixin.py:188} INFO - [2026-01-22T03:07:52.849+0000] {dag.py:3947} INFO - Setting next_dagrun for pipeline_scheduled to 2026-01-22 03:00:00+00:00, run_after=2026-01-22 04:00:00+00:00
[2026-01-22T03:07:52.905+0000] {processor.py:183} INFO - Processing /opt/airflow/dags/pipeline_scheduled.py took 0.237 seconds
[2026-01-22T03:08:23.230+0000] {processor.py:161} INFO - Started process (PID=53017) to work on /opt/airflow/dags/pipeline_scheduled.py
[2026-01-22T03:08:23.232+0000] {processor.py:830} INFO - Processing file /opt/airflow/dags/pipeline_scheduled.py for tasks to queue
[2026-01-22T03:08:23.233+0000] {logging_mixin.py:188} INFO - [2026-01-22T03:08:23.233+0000] {dagbag.py:545} INFO - Filling up the DagBag from /opt/airflow/dags/pipeline_scheduled.py
[2026-01-22T03:08:23.274+0000] {processor.py:840} INFO - DAG(s) 'pipeline_scheduled' retrieved from /opt/airflow/dags/pipeline_scheduled.py
[2026-01-22T03:08:23.339+0000] {logging_mixin.py:188} INFO - [2026-01-22T03:08:23.339+0000] {dag.py:3089} INFO - Sync 1 DAGs
[2026-01-22T03:08:23.382+0000] {logging_mixin.py:188} INFO - [2026-01-22T03:08:23.382+0000] {dag.py:3947} INFO - Setting next_dagrun for pipeline_scheduled to 2026-01-22 03:00:00+00:00, run_after=2026-01-22 04:00:00+00:00
[2026-01-22T03:08:23.446+0000] {processor.py:183} INFO - Processing /opt/airflow/dags/pipeline_scheduled.py took 0.227 seconds
[2026-01-22T03:08:53.611+0000] {processor.py:161} INFO - Started process (PID=53027) to work on /opt/airflow/dags/pipeline_scheduled.py
[2026-01-22T03:08:53.613+0000] {processor.py:830} INFO - Processing file /opt/airflow/dags/pipeline_scheduled.py for tasks to queue
[2026-01-22T03:08:53.615+0000] {logging_mixin.py:188} INFO - [2026-01-22T03:08:53.614+0000] {dagbag.py:545} INFO - Filling up the DagBag from /opt/airflow/dags/pipeline_scheduled.py
[2026-01-22T03:08:53.660+0000] {processor.py:840} INFO - DAG(s) 'pipeline_scheduled' retrieved from /opt/airflow/dags/pipeline_scheduled.py
[2026-01-22T03:08:53.731+0000] {logging_mixin.py:188} INFO - [2026-01-22T03:08:53.730+0000] {dag.py:3089} INFO - Sync 1 DAGs
[2026-01-22T03:08:53.775+0000] {logging_mixin.py:188} INFO - [2026-01-22T03:08:53.775+0000] {dag.py:3947} INFO - Setting next_dagrun for pipeline_scheduled to 2026-01-22 03:00:00+00:00, run_after=2026-01-22 04:00:00+00:00
[2026-01-22T03:08:53.810+0000] {processor.py:183} INFO - Processing /opt/airflow/dags/pipeline_scheduled.py took 0.211 seconds
[2026-01-22T03:09:24.193+0000] {processor.py:161} INFO - Started process (PID=53037) to work on /opt/airflow/dags/pipeline_scheduled.py
[2026-01-22T03:09:24.195+0000] {processor.py:830} INFO - Processing file /opt/airflow/dags/pipeline_scheduled.py for tasks to queue
[2026-01-22T03:09:24.196+0000] {logging_mixin.py:188} INFO - [2026-01-22T03:09:24.196+0000] {dagbag.py:545} INFO - Filling up the DagBag from /opt/airflow/dags/pipeline_scheduled.py
[2026-01-22T03:09:24.237+0000] {processor.py:840} INFO - DAG(s) 'pipeline_scheduled' retrieved from /opt/airflow/dags/pipeline_scheduled.py
[2026-01-22T03:09:24.301+0000] {logging_mixin.py:188} INFO - [2026-01-22T03:09:24.301+0000] {dag.py:3089} INFO - Sync 1 DAGs
[2026-01-22T03:09:24.341+0000] {logging_mixin.py:188} INFO - [2026-01-22T03:09:24.341+0000] {dag.py:3947} INFO - Setting next_dagrun for pipeline_scheduled to 2026-01-22 03:00:00+00:00, run_after=2026-01-22 04:00:00+00:00
[2026-01-22T03:09:24.413+0000] {processor.py:183} INFO - Processing /opt/airflow/dags/pipeline_scheduled.py took 0.230 seconds
[2026-01-22T03:09:54.605+0000] {processor.py:161} INFO - Started process (PID=53047) to work on /opt/airflow/dags/pipeline_scheduled.py
[2026-01-22T03:09:54.607+0000] {processor.py:830} INFO - Processing file /opt/airflow/dags/pipeline_scheduled.py for tasks to queue
[2026-01-22T03:09:54.609+0000] {logging_mixin.py:188} INFO - [2026-01-22T03:09:54.608+0000] {dagbag.py:545} INFO - Filling up the DagBag from /opt/airflow/dags/pipeline_scheduled.py
[2026-01-22T03:09:54.651+0000] {processor.py:840} INFO - DAG(s) 'pipeline_scheduled' retrieved from /opt/airflow/dags/pipeline_scheduled.py
[2026-01-22T03:09:54.722+0000] {logging_mixin.py:188} INFO - [2026-01-22T03:09:54.721+0000] {dag.py:3089} INFO - Sync 1 DAGs
[2026-01-22T03:09:54.766+0000] {logging_mixin.py:188} INFO - [2026-01-22T03:09:54.766+0000] {dag.py:3947} INFO - Setting next_dagrun for pipeline_scheduled to 2026-01-22 03:00:00+00:00, run_after=2026-01-22 04:00:00+00:00
[2026-01-22T03:09:54.840+0000] {processor.py:183} INFO - Processing /opt/airflow/dags/pipeline_scheduled.py took 0.246 seconds
[2026-01-22T03:10:25.115+0000] {processor.py:161} INFO - Started process (PID=53060) to work on /opt/airflow/dags/pipeline_scheduled.py
[2026-01-22T03:10:25.116+0000] {processor.py:830} INFO - Processing file /opt/airflow/dags/pipeline_scheduled.py for tasks to queue
[2026-01-22T03:10:25.118+0000] {logging_mixin.py:188} INFO - [2026-01-22T03:10:25.117+0000] {dagbag.py:545} INFO - Filling up the DagBag from /opt/airflow/dags/pipeline_scheduled.py
[2026-01-22T03:10:25.162+0000] {processor.py:840} INFO - DAG(s) 'pipeline_scheduled' retrieved from /opt/airflow/dags/pipeline_scheduled.py
[2026-01-22T03:10:25.269+0000] {logging_mixin.py:188} INFO - [2026-01-22T03:10:25.268+0000] {dag.py:3089} INFO - Sync 1 DAGs
[2026-01-22T03:10:25.306+0000] {logging_mixin.py:188} INFO - [2026-01-22T03:10:25.306+0000] {dag.py:3947} INFO - Setting next_dagrun for pipeline_scheduled to 2026-01-22 03:00:00+00:00, run_after=2026-01-22 04:00:00+00:00
[2026-01-22T03:10:25.339+0000] {processor.py:183} INFO - Processing /opt/airflow/dags/pipeline_scheduled.py took 0.235 seconds
[2026-01-22T03:10:55.836+0000] {processor.py:161} INFO - Started process (PID=53070) to work on /opt/airflow/dags/pipeline_scheduled.py
[2026-01-22T03:10:55.838+0000] {processor.py:830} INFO - Processing file /opt/airflow/dags/pipeline_scheduled.py for tasks to queue
[2026-01-22T03:10:55.841+0000] {logging_mixin.py:188} INFO - [2026-01-22T03:10:55.840+0000] {dagbag.py:545} INFO - Filling up the DagBag from /opt/airflow/dags/pipeline_scheduled.py
[2026-01-22T03:10:55.892+0000] {processor.py:840} INFO - DAG(s) 'pipeline_scheduled' retrieved from /opt/airflow/dags/pipeline_scheduled.py
[2026-01-22T03:10:55.960+0000] {logging_mixin.py:188} INFO - [2026-01-22T03:10:55.959+0000] {dag.py:3089} INFO - Sync 1 DAGs
[2026-01-22T03:10:56.006+0000] {logging_mixin.py:188} INFO - [2026-01-22T03:10:56.005+0000] {dag.py:3947} INFO - Setting next_dagrun for pipeline_scheduled to 2026-01-22 03:00:00+00:00, run_after=2026-01-22 04:00:00+00:00
[2026-01-22T03:10:56.068+0000] {processor.py:183} INFO - Processing /opt/airflow/dags/pipeline_scheduled.py took 0.248 seconds
[2026-01-22T03:11:26.299+0000] {processor.py:161} INFO - Started process (PID=53080) to work on /opt/airflow/dags/pipeline_scheduled.py
[2026-01-22T03:11:26.302+0000] {processor.py:830} INFO - Processing file /opt/airflow/dags/pipeline_scheduled.py for tasks to queue
[2026-01-22T03:11:26.303+0000] {logging_mixin.py:188} INFO - [2026-01-22T03:11:26.303+0000] {dagbag.py:545} INFO - Filling up the DagBag from /opt/airflow/dags/pipeline_scheduled.py
[2026-01-22T03:11:26.357+0000] {processor.py:840} INFO - DAG(s) 'pipeline_scheduled' retrieved from /opt/airflow/dags/pipeline_scheduled.py
[2026-01-22T03:11:26.428+0000] {logging_mixin.py:188} INFO - [2026-01-22T03:11:26.428+0000] {dag.py:3089} INFO - Sync 1 DAGs
[2026-01-22T03:11:26.467+0000] {logging_mixin.py:188} INFO - [2026-01-22T03:11:26.466+0000] {dag.py:3947} INFO - Setting next_dagrun for pipeline_scheduled to 2026-01-22 03:00:00+00:00, run_after=2026-01-22 04:00:00+00:00
[2026-01-22T03:11:26.573+0000] {processor.py:183} INFO - Processing /opt/airflow/dags/pipeline_scheduled.py took 0.291 seconds
[2026-01-22T03:11:56.807+0000] {processor.py:161} INFO - Started process (PID=53090) to work on /opt/airflow/dags/pipeline_scheduled.py
[2026-01-22T03:11:56.809+0000] {processor.py:830} INFO - Processing file /opt/airflow/dags/pipeline_scheduled.py for tasks to queue
[2026-01-22T03:11:56.811+0000] {logging_mixin.py:188} INFO - [2026-01-22T03:11:56.810+0000] {dagbag.py:545} INFO - Filling up the DagBag from /opt/airflow/dags/pipeline_scheduled.py
[2026-01-22T03:11:56.854+0000] {processor.py:840} INFO - DAG(s) 'pipeline_scheduled' retrieved from /opt/airflow/dags/pipeline_scheduled.py
[2026-01-22T03:11:56.922+0000] {logging_mixin.py:188} INFO - [2026-01-22T03:11:56.922+0000] {dag.py:3089} INFO - Sync 1 DAGs
[2026-01-22T03:11:56.963+0000] {logging_mixin.py:188} INFO - [2026-01-22T03:11:56.963+0000] {dag.py:3947} INFO - Setting next_dagrun for pipeline_scheduled to 2026-01-22 03:00:00+00:00, run_after=2026-01-22 04:00:00+00:00
[2026-01-22T03:11:56.995+0000] {processor.py:183} INFO - Processing /opt/airflow/dags/pipeline_scheduled.py took 0.201 seconds
[2026-01-22T03:12:27.435+0000] {processor.py:161} INFO - Started process (PID=53100) to work on /opt/airflow/dags/pipeline_scheduled.py
[2026-01-22T03:12:27.438+0000] {processor.py:830} INFO - Processing file /opt/airflow/dags/pipeline_scheduled.py for tasks to queue
[2026-01-22T03:12:27.439+0000] {logging_mixin.py:188} INFO - [2026-01-22T03:12:27.439+0000] {dagbag.py:545} INFO - Filling up the DagBag from /opt/airflow/dags/pipeline_scheduled.py
[2026-01-22T03:12:27.490+0000] {processor.py:840} INFO - DAG(s) 'pipeline_scheduled' retrieved from /opt/airflow/dags/pipeline_scheduled.py
[2026-01-22T03:12:27.563+0000] {logging_mixin.py:188} INFO - [2026-01-22T03:12:27.562+0000] {dag.py:3089} INFO - Sync 1 DAGs
[2026-01-22T03:12:27.609+0000] {logging_mixin.py:188} INFO - [2026-01-22T03:12:27.609+0000] {dag.py:3947} INFO - Setting next_dagrun for pipeline_scheduled to 2026-01-22 03:00:00+00:00, run_after=2026-01-22 04:00:00+00:00
[2026-01-22T03:12:27.689+0000] {processor.py:183} INFO - Processing /opt/airflow/dags/pipeline_scheduled.py took 0.267 seconds
[2026-01-22T03:12:58.127+0000] {processor.py:161} INFO - Started process (PID=53110) to work on /opt/airflow/dags/pipeline_scheduled.py
[2026-01-22T03:12:58.129+0000] {processor.py:830} INFO - Processing file /opt/airflow/dags/pipeline_scheduled.py for tasks to queue
[2026-01-22T03:12:58.131+0000] {logging_mixin.py:188} INFO - [2026-01-22T03:12:58.130+0000] {dagbag.py:545} INFO - Filling up the DagBag from /opt/airflow/dags/pipeline_scheduled.py
[2026-01-22T03:12:58.171+0000] {processor.py:840} INFO - DAG(s) 'pipeline_scheduled' retrieved from /opt/airflow/dags/pipeline_scheduled.py
[2026-01-22T03:12:58.240+0000] {logging_mixin.py:188} INFO - [2026-01-22T03:12:58.239+0000] {dag.py:3089} INFO - Sync 1 DAGs
[2026-01-22T03:12:58.281+0000] {logging_mixin.py:188} INFO - [2026-01-22T03:12:58.281+0000] {dag.py:3947} INFO - Setting next_dagrun for pipeline_scheduled to 2026-01-22 03:00:00+00:00, run_after=2026-01-22 04:00:00+00:00
[2026-01-22T03:12:58.316+0000] {processor.py:183} INFO - Processing /opt/airflow/dags/pipeline_scheduled.py took 0.203 seconds
[2026-01-22T03:13:28.720+0000] {processor.py:161} INFO - Started process (PID=53120) to work on /opt/airflow/dags/pipeline_scheduled.py
[2026-01-22T03:13:28.721+0000] {processor.py:830} INFO - Processing file /opt/airflow/dags/pipeline_scheduled.py for tasks to queue
[2026-01-22T03:13:28.723+0000] {logging_mixin.py:188} INFO - [2026-01-22T03:13:28.722+0000] {dagbag.py:545} INFO - Filling up the DagBag from /opt/airflow/dags/pipeline_scheduled.py
[2026-01-22T03:13:28.767+0000] {processor.py:840} INFO - DAG(s) 'pipeline_scheduled' retrieved from /opt/airflow/dags/pipeline_scheduled.py
[2026-01-22T03:13:28.877+0000] {logging_mixin.py:188} INFO - [2026-01-22T03:13:28.877+0000] {dag.py:3089} INFO - Sync 1 DAGs
[2026-01-22T03:13:28.925+0000] {logging_mixin.py:188} INFO - [2026-01-22T03:13:28.925+0000] {dag.py:3947} INFO - Setting next_dagrun for pipeline_scheduled to 2026-01-22 03:00:00+00:00, run_after=2026-01-22 04:00:00+00:00
[2026-01-22T03:13:28.987+0000] {processor.py:183} INFO - Processing /opt/airflow/dags/pipeline_scheduled.py took 0.281 seconds
[2026-01-22T03:13:59.420+0000] {processor.py:161} INFO - Started process (PID=53130) to work on /opt/airflow/dags/pipeline_scheduled.py
[2026-01-22T03:13:59.423+0000] {processor.py:830} INFO - Processing file /opt/airflow/dags/pipeline_scheduled.py for tasks to queue
[2026-01-22T03:13:59.425+0000] {logging_mixin.py:188} INFO - [2026-01-22T03:13:59.424+0000] {dagbag.py:545} INFO - Filling up the DagBag from /opt/airflow/dags/pipeline_scheduled.py
[2026-01-22T03:13:59.469+0000] {processor.py:840} INFO - DAG(s) 'pipeline_scheduled' retrieved from /opt/airflow/dags/pipeline_scheduled.py
[2026-01-22T03:13:59.550+0000] {logging_mixin.py:188} INFO - [2026-01-22T03:13:59.550+0000] {dag.py:3089} INFO - Sync 1 DAGs
[2026-01-22T03:13:59.594+0000] {logging_mixin.py:188} INFO - [2026-01-22T03:13:59.593+0000] {dag.py:3947} INFO - Setting next_dagrun for pipeline_scheduled to 2026-01-22 03:00:00+00:00, run_after=2026-01-22 04:00:00+00:00
[2026-01-22T03:13:59.628+0000] {processor.py:183} INFO - Processing /opt/airflow/dags/pipeline_scheduled.py took 0.221 seconds
[2026-01-22T03:14:30.049+0000] {processor.py:161} INFO - Started process (PID=53140) to work on /opt/airflow/dags/pipeline_scheduled.py
[2026-01-22T03:14:30.050+0000] {processor.py:830} INFO - Processing file /opt/airflow/dags/pipeline_scheduled.py for tasks to queue
[2026-01-22T03:14:30.053+0000] {logging_mixin.py:188} INFO - [2026-01-22T03:14:30.052+0000] {dagbag.py:545} INFO - Filling up the DagBag from /opt/airflow/dags/pipeline_scheduled.py
[2026-01-22T03:14:30.100+0000] {processor.py:840} INFO - DAG(s) 'pipeline_scheduled' retrieved from /opt/airflow/dags/pipeline_scheduled.py
[2026-01-22T03:14:30.179+0000] {logging_mixin.py:188} INFO - [2026-01-22T03:14:30.178+0000] {dag.py:3089} INFO - Sync 1 DAGs
[2026-01-22T03:14:30.224+0000] {logging_mixin.py:188} INFO - [2026-01-22T03:14:30.223+0000] {dag.py:3947} INFO - Setting next_dagrun for pipeline_scheduled to 2026-01-22 03:00:00+00:00, run_after=2026-01-22 04:00:00+00:00
[2026-01-22T03:14:30.262+0000] {processor.py:183} INFO - Processing /opt/airflow/dags/pipeline_scheduled.py took 0.227 seconds
[2026-01-22T03:15:00.687+0000] {processor.py:161} INFO - Started process (PID=53150) to work on /opt/airflow/dags/pipeline_scheduled.py
[2026-01-22T03:15:00.689+0000] {processor.py:830} INFO - Processing file /opt/airflow/dags/pipeline_scheduled.py for tasks to queue
[2026-01-22T03:15:00.691+0000] {logging_mixin.py:188} INFO - [2026-01-22T03:15:00.690+0000] {dagbag.py:545} INFO - Filling up the DagBag from /opt/airflow/dags/pipeline_scheduled.py
[2026-01-22T03:15:00.734+0000] {processor.py:840} INFO - DAG(s) 'pipeline_scheduled' retrieved from /opt/airflow/dags/pipeline_scheduled.py
[2026-01-22T03:15:00.802+0000] {logging_mixin.py:188} INFO - [2026-01-22T03:15:00.802+0000] {dag.py:3089} INFO - Sync 1 DAGs
[2026-01-22T03:15:00.845+0000] {logging_mixin.py:188} INFO - [2026-01-22T03:15:00.844+0000] {dag.py:3947} INFO - Setting next_dagrun for pipeline_scheduled to 2026-01-22 03:00:00+00:00, run_after=2026-01-22 04:00:00+00:00
[2026-01-22T03:15:00.882+0000] {processor.py:183} INFO - Processing /opt/airflow/dags/pipeline_scheduled.py took 0.206 seconds
[2026-01-22T03:15:31.088+0000] {processor.py:161} INFO - Started process (PID=53160) to work on /opt/airflow/dags/pipeline_scheduled.py
[2026-01-22T03:15:31.090+0000] {processor.py:830} INFO - Processing file /opt/airflow/dags/pipeline_scheduled.py for tasks to queue
[2026-01-22T03:15:31.092+0000] {logging_mixin.py:188} INFO - [2026-01-22T03:15:31.092+0000] {dagbag.py:545} INFO - Filling up the DagBag from /opt/airflow/dags/pipeline_scheduled.py
[2026-01-22T03:15:31.145+0000] {processor.py:840} INFO - DAG(s) 'pipeline_scheduled' retrieved from /opt/airflow/dags/pipeline_scheduled.py
[2026-01-22T03:15:31.223+0000] {logging_mixin.py:188} INFO - [2026-01-22T03:15:31.223+0000] {dag.py:3089} INFO - Sync 1 DAGs
[2026-01-22T03:15:31.278+0000] {logging_mixin.py:188} INFO - [2026-01-22T03:15:31.278+0000] {dag.py:3947} INFO - Setting next_dagrun for pipeline_scheduled to 2026-01-22 03:00:00+00:00, run_after=2026-01-22 04:00:00+00:00
[2026-01-22T03:15:31.327+0000] {processor.py:183} INFO - Processing /opt/airflow/dags/pipeline_scheduled.py took 0.253 seconds
[2026-01-22T03:16:01.682+0000] {processor.py:161} INFO - Started process (PID=53170) to work on /opt/airflow/dags/pipeline_scheduled.py
[2026-01-22T03:16:01.684+0000] {processor.py:830} INFO - Processing file /opt/airflow/dags/pipeline_scheduled.py for tasks to queue
[2026-01-22T03:16:01.686+0000] {logging_mixin.py:188} INFO - [2026-01-22T03:16:01.686+0000] {dagbag.py:545} INFO - Filling up the DagBag from /opt/airflow/dags/pipeline_scheduled.py
[2026-01-22T03:16:01.730+0000] {processor.py:840} INFO - DAG(s) 'pipeline_scheduled' retrieved from /opt/airflow/dags/pipeline_scheduled.py
[2026-01-22T03:16:01.801+0000] {logging_mixin.py:188} INFO - [2026-01-22T03:16:01.800+0000] {dag.py:3089} INFO - Sync 1 DAGs
[2026-01-22T03:16:01.841+0000] {logging_mixin.py:188} INFO - [2026-01-22T03:16:01.841+0000] {dag.py:3947} INFO - Setting next_dagrun for pipeline_scheduled to 2026-01-22 03:00:00+00:00, run_after=2026-01-22 04:00:00+00:00
[2026-01-22T03:16:01.906+0000] {processor.py:183} INFO - Processing /opt/airflow/dags/pipeline_scheduled.py took 0.240 seconds
[2026-01-22T03:16:32.082+0000] {processor.py:161} INFO - Started process (PID=53180) to work on /opt/airflow/dags/pipeline_scheduled.py
[2026-01-22T03:16:32.085+0000] {processor.py:830} INFO - Processing file /opt/airflow/dags/pipeline_scheduled.py for tasks to queue
[2026-01-22T03:16:32.087+0000] {logging_mixin.py:188} INFO - [2026-01-22T03:16:32.086+0000] {dagbag.py:545} INFO - Filling up the DagBag from /opt/airflow/dags/pipeline_scheduled.py
[2026-01-22T03:16:32.133+0000] {processor.py:840} INFO - DAG(s) 'pipeline_scheduled' retrieved from /opt/airflow/dags/pipeline_scheduled.py
[2026-01-22T03:16:32.207+0000] {logging_mixin.py:188} INFO - [2026-01-22T03:16:32.206+0000] {dag.py:3089} INFO - Sync 1 DAGs
[2026-01-22T03:16:32.256+0000] {logging_mixin.py:188} INFO - [2026-01-22T03:16:32.255+0000] {dag.py:3947} INFO - Setting next_dagrun for pipeline_scheduled to 2026-01-22 03:00:00+00:00, run_after=2026-01-22 04:00:00+00:00
[2026-01-22T03:16:32.303+0000] {processor.py:183} INFO - Processing /opt/airflow/dags/pipeline_scheduled.py took 0.237 seconds
[2026-01-22T03:17:02.639+0000] {processor.py:161} INFO - Started process (PID=53190) to work on /opt/airflow/dags/pipeline_scheduled.py
[2026-01-22T03:17:02.641+0000] {processor.py:830} INFO - Processing file /opt/airflow/dags/pipeline_scheduled.py for tasks to queue
[2026-01-22T03:17:02.643+0000] {logging_mixin.py:188} INFO - [2026-01-22T03:17:02.643+0000] {dagbag.py:545} INFO - Filling up the DagBag from /opt/airflow/dags/pipeline_scheduled.py
[2026-01-22T03:17:02.685+0000] {processor.py:840} INFO - DAG(s) 'pipeline_scheduled' retrieved from /opt/airflow/dags/pipeline_scheduled.py
[2026-01-22T03:17:02.746+0000] {logging_mixin.py:188} INFO - [2026-01-22T03:17:02.746+0000] {dag.py:3089} INFO - Sync 1 DAGs
[2026-01-22T03:17:02.785+0000] {logging_mixin.py:188} INFO - [2026-01-22T03:17:02.784+0000] {dag.py:3947} INFO - Setting next_dagrun for pipeline_scheduled to 2026-01-22 03:00:00+00:00, run_after=2026-01-22 04:00:00+00:00
[2026-01-22T03:17:02.848+0000] {processor.py:183} INFO - Processing /opt/airflow/dags/pipeline_scheduled.py took 0.220 seconds
[2026-01-22T03:17:33.064+0000] {processor.py:161} INFO - Started process (PID=53200) to work on /opt/airflow/dags/pipeline_scheduled.py
[2026-01-22T03:17:33.067+0000] {processor.py:830} INFO - Processing file /opt/airflow/dags/pipeline_scheduled.py for tasks to queue
[2026-01-22T03:17:33.069+0000] {logging_mixin.py:188} INFO - [2026-01-22T03:17:33.068+0000] {dagbag.py:545} INFO - Filling up the DagBag from /opt/airflow/dags/pipeline_scheduled.py
[2026-01-22T03:17:33.109+0000] {processor.py:840} INFO - DAG(s) 'pipeline_scheduled' retrieved from /opt/airflow/dags/pipeline_scheduled.py
[2026-01-22T03:17:33.186+0000] {logging_mixin.py:188} INFO - [2026-01-22T03:17:33.186+0000] {dag.py:3089} INFO - Sync 1 DAGs
[2026-01-22T03:17:33.229+0000] {logging_mixin.py:188} INFO - [2026-01-22T03:17:33.228+0000] {dag.py:3947} INFO - Setting next_dagrun for pipeline_scheduled to 2026-01-22 03:00:00+00:00, run_after=2026-01-22 04:00:00+00:00
[2026-01-22T03:17:33.309+0000] {processor.py:183} INFO - Processing /opt/airflow/dags/pipeline_scheduled.py took 0.266 seconds
[2026-01-22T03:18:03.586+0000] {processor.py:161} INFO - Started process (PID=53210) to work on /opt/airflow/dags/pipeline_scheduled.py
[2026-01-22T03:18:03.588+0000] {processor.py:830} INFO - Processing file /opt/airflow/dags/pipeline_scheduled.py for tasks to queue
[2026-01-22T03:18:03.591+0000] {logging_mixin.py:188} INFO - [2026-01-22T03:18:03.590+0000] {dagbag.py:545} INFO - Filling up the DagBag from /opt/airflow/dags/pipeline_scheduled.py
[2026-01-22T03:18:03.635+0000] {processor.py:840} INFO - DAG(s) 'pipeline_scheduled' retrieved from /opt/airflow/dags/pipeline_scheduled.py
[2026-01-22T03:18:03.706+0000] {logging_mixin.py:188} INFO - [2026-01-22T03:18:03.705+0000] {dag.py:3089} INFO - Sync 1 DAGs
[2026-01-22T03:18:03.747+0000] {logging_mixin.py:188} INFO - [2026-01-22T03:18:03.747+0000] {dag.py:3947} INFO - Setting next_dagrun for pipeline_scheduled to 2026-01-22 03:00:00+00:00, run_after=2026-01-22 04:00:00+00:00
[2026-01-22T03:18:03.817+0000] {processor.py:183} INFO - Processing /opt/airflow/dags/pipeline_scheduled.py took 0.242 seconds
[2026-01-22T03:18:34.045+0000] {processor.py:161} INFO - Started process (PID=53220) to work on /opt/airflow/dags/pipeline_scheduled.py
[2026-01-22T03:18:34.048+0000] {processor.py:830} INFO - Processing file /opt/airflow/dags/pipeline_scheduled.py for tasks to queue
[2026-01-22T03:18:34.050+0000] {logging_mixin.py:188} INFO - [2026-01-22T03:18:34.049+0000] {dagbag.py:545} INFO - Filling up the DagBag from /opt/airflow/dags/pipeline_scheduled.py
[2026-01-22T03:18:34.097+0000] {processor.py:840} INFO - DAG(s) 'pipeline_scheduled' retrieved from /opt/airflow/dags/pipeline_scheduled.py
[2026-01-22T03:18:34.171+0000] {logging_mixin.py:188} INFO - [2026-01-22T03:18:34.170+0000] {dag.py:3089} INFO - Sync 1 DAGs
[2026-01-22T03:18:34.212+0000] {logging_mixin.py:188} INFO - [2026-01-22T03:18:34.211+0000] {dag.py:3947} INFO - Setting next_dagrun for pipeline_scheduled to 2026-01-22 03:00:00+00:00, run_after=2026-01-22 04:00:00+00:00
[2026-01-22T03:18:34.268+0000] {processor.py:183} INFO - Processing /opt/airflow/dags/pipeline_scheduled.py took 0.235 seconds
[2026-01-22T03:19:04.571+0000] {processor.py:161} INFO - Started process (PID=53230) to work on /opt/airflow/dags/pipeline_scheduled.py
[2026-01-22T03:19:04.573+0000] {processor.py:830} INFO - Processing file /opt/airflow/dags/pipeline_scheduled.py for tasks to queue
[2026-01-22T03:19:04.575+0000] {logging_mixin.py:188} INFO - [2026-01-22T03:19:04.574+0000] {dagbag.py:545} INFO - Filling up the DagBag from /opt/airflow/dags/pipeline_scheduled.py
[2026-01-22T03:19:04.621+0000] {processor.py:840} INFO - DAG(s) 'pipeline_scheduled' retrieved from /opt/airflow/dags/pipeline_scheduled.py
[2026-01-22T03:19:04.699+0000] {logging_mixin.py:188} INFO - [2026-01-22T03:19:04.698+0000] {dag.py:3089} INFO - Sync 1 DAGs
[2026-01-22T03:19:04.747+0000] {logging_mixin.py:188} INFO - [2026-01-22T03:19:04.747+0000] {dag.py:3947} INFO - Setting next_dagrun for pipeline_scheduled to 2026-01-22 03:00:00+00:00, run_after=2026-01-22 04:00:00+00:00
[2026-01-22T03:19:04.816+0000] {processor.py:183} INFO - Processing /opt/airflow/dags/pipeline_scheduled.py took 0.257 seconds
[2026-01-22T03:19:35.034+0000] {processor.py:161} INFO - Started process (PID=53240) to work on /opt/airflow/dags/pipeline_scheduled.py
[2026-01-22T03:19:35.037+0000] {processor.py:830} INFO - Processing file /opt/airflow/dags/pipeline_scheduled.py for tasks to queue
[2026-01-22T03:19:35.039+0000] {logging_mixin.py:188} INFO - [2026-01-22T03:19:35.038+0000] {dagbag.py:545} INFO - Filling up the DagBag from /opt/airflow/dags/pipeline_scheduled.py
[2026-01-22T03:19:35.089+0000] {processor.py:840} INFO - DAG(s) 'pipeline_scheduled' retrieved from /opt/airflow/dags/pipeline_scheduled.py
[2026-01-22T03:19:35.182+0000] {logging_mixin.py:188} INFO - [2026-01-22T03:19:35.182+0000] {dag.py:3089} INFO - Sync 1 DAGs
[2026-01-22T03:19:35.232+0000] {logging_mixin.py:188} INFO - [2026-01-22T03:19:35.231+0000] {dag.py:3947} INFO - Setting next_dagrun for pipeline_scheduled to 2026-01-22 03:00:00+00:00, run_after=2026-01-22 04:00:00+00:00
[2026-01-22T03:19:35.281+0000] {processor.py:183} INFO - Processing /opt/airflow/dags/pipeline_scheduled.py took 0.264 seconds
[2026-01-22T03:20:05.619+0000] {processor.py:161} INFO - Started process (PID=53251) to work on /opt/airflow/dags/pipeline_scheduled.py
[2026-01-22T03:20:05.622+0000] {processor.py:830} INFO - Processing file /opt/airflow/dags/pipeline_scheduled.py for tasks to queue
[2026-01-22T03:20:05.624+0000] {logging_mixin.py:188} INFO - [2026-01-22T03:20:05.623+0000] {dagbag.py:545} INFO - Filling up the DagBag from /opt/airflow/dags/pipeline_scheduled.py
[2026-01-22T03:20:05.671+0000] {processor.py:840} INFO - DAG(s) 'pipeline_scheduled' retrieved from /opt/airflow/dags/pipeline_scheduled.py
[2026-01-22T03:20:05.756+0000] {logging_mixin.py:188} INFO - [2026-01-22T03:20:05.756+0000] {dag.py:3089} INFO - Sync 1 DAGs
[2026-01-22T03:20:05.805+0000] {logging_mixin.py:188} INFO - [2026-01-22T03:20:05.804+0000] {dag.py:3947} INFO - Setting next_dagrun for pipeline_scheduled to 2026-01-22 03:00:00+00:00, run_after=2026-01-22 04:00:00+00:00
[2026-01-22T03:20:05.846+0000] {processor.py:183} INFO - Processing /opt/airflow/dags/pipeline_scheduled.py took 0.245 seconds
[2026-01-22T03:20:36.270+0000] {processor.py:161} INFO - Started process (PID=53263) to work on /opt/airflow/dags/pipeline_scheduled.py
[2026-01-22T03:20:36.273+0000] {processor.py:830} INFO - Processing file /opt/airflow/dags/pipeline_scheduled.py for tasks to queue
[2026-01-22T03:20:36.275+0000] {logging_mixin.py:188} INFO - [2026-01-22T03:20:36.274+0000] {dagbag.py:545} INFO - Filling up the DagBag from /opt/airflow/dags/pipeline_scheduled.py
[2026-01-22T03:20:36.331+0000] {processor.py:840} INFO - DAG(s) 'pipeline_scheduled' retrieved from /opt/airflow/dags/pipeline_scheduled.py
[2026-01-22T03:20:36.409+0000] {logging_mixin.py:188} INFO - [2026-01-22T03:20:36.408+0000] {dag.py:3089} INFO - Sync 1 DAGs
[2026-01-22T03:20:36.460+0000] {logging_mixin.py:188} INFO - [2026-01-22T03:20:36.460+0000] {dag.py:3947} INFO - Setting next_dagrun for pipeline_scheduled to 2026-01-22 03:00:00+00:00, run_after=2026-01-22 04:00:00+00:00
[2026-01-22T03:20:36.528+0000] {processor.py:183} INFO - Processing /opt/airflow/dags/pipeline_scheduled.py took 0.273 seconds
[2026-01-22T03:21:07.015+0000] {processor.py:161} INFO - Started process (PID=53273) to work on /opt/airflow/dags/pipeline_scheduled.py
[2026-01-22T03:21:07.017+0000] {processor.py:830} INFO - Processing file /opt/airflow/dags/pipeline_scheduled.py for tasks to queue
[2026-01-22T03:21:07.019+0000] {logging_mixin.py:188} INFO - [2026-01-22T03:21:07.019+0000] {dagbag.py:545} INFO - Filling up the DagBag from /opt/airflow/dags/pipeline_scheduled.py
[2026-01-22T03:21:07.069+0000] {processor.py:840} INFO - DAG(s) 'pipeline_scheduled' retrieved from /opt/airflow/dags/pipeline_scheduled.py
[2026-01-22T03:21:07.140+0000] {logging_mixin.py:188} INFO - [2026-01-22T03:21:07.139+0000] {dag.py:3089} INFO - Sync 1 DAGs
[2026-01-22T03:21:07.185+0000] {logging_mixin.py:188} INFO - [2026-01-22T03:21:07.184+0000] {dag.py:3947} INFO - Setting next_dagrun for pipeline_scheduled to 2026-01-22 03:00:00+00:00, run_after=2026-01-22 04:00:00+00:00
[2026-01-22T03:21:07.242+0000] {processor.py:183} INFO - Processing /opt/airflow/dags/pipeline_scheduled.py took 0.244 seconds
[2026-01-22T03:21:37.439+0000] {processor.py:161} INFO - Started process (PID=53283) to work on /opt/airflow/dags/pipeline_scheduled.py
[2026-01-22T03:21:37.442+0000] {processor.py:830} INFO - Processing file /opt/airflow/dags/pipeline_scheduled.py for tasks to queue
[2026-01-22T03:21:37.444+0000] {logging_mixin.py:188} INFO - [2026-01-22T03:21:37.443+0000] {dagbag.py:545} INFO - Filling up the DagBag from /opt/airflow/dags/pipeline_scheduled.py
[2026-01-22T03:21:37.487+0000] {processor.py:840} INFO - DAG(s) 'pipeline_scheduled' retrieved from /opt/airflow/dags/pipeline_scheduled.py
[2026-01-22T03:21:37.563+0000] {logging_mixin.py:188} INFO - [2026-01-22T03:21:37.563+0000] {dag.py:3089} INFO - Sync 1 DAGs
[2026-01-22T03:21:37.616+0000] {logging_mixin.py:188} INFO - [2026-01-22T03:21:37.615+0000] {dag.py:3947} INFO - Setting next_dagrun for pipeline_scheduled to 2026-01-22 03:00:00+00:00, run_after=2026-01-22 04:00:00+00:00
[2026-01-22T03:21:37.659+0000] {processor.py:183} INFO - Processing /opt/airflow/dags/pipeline_scheduled.py took 0.235 seconds
[2026-01-22T03:22:08.000+0000] {processor.py:161} INFO - Started process (PID=53293) to work on /opt/airflow/dags/pipeline_scheduled.py
[2026-01-22T03:22:08.003+0000] {processor.py:830} INFO - Processing file /opt/airflow/dags/pipeline_scheduled.py for tasks to queue
[2026-01-22T03:22:08.005+0000] {logging_mixin.py:188} INFO - [2026-01-22T03:22:08.004+0000] {dagbag.py:545} INFO - Filling up the DagBag from /opt/airflow/dags/pipeline_scheduled.py
[2026-01-22T03:22:08.054+0000] {processor.py:840} INFO - DAG(s) 'pipeline_scheduled' retrieved from /opt/airflow/dags/pipeline_scheduled.py
[2026-01-22T03:22:08.120+0000] {logging_mixin.py:188} INFO - [2026-01-22T03:22:08.119+0000] {dag.py:3089} INFO - Sync 1 DAGs
[2026-01-22T03:22:08.160+0000] {logging_mixin.py:188} INFO - [2026-01-22T03:22:08.159+0000] {dag.py:3947} INFO - Setting next_dagrun for pipeline_scheduled to 2026-01-22 03:00:00+00:00, run_after=2026-01-22 04:00:00+00:00
[2026-01-22T03:22:08.226+0000] {processor.py:183} INFO - Processing /opt/airflow/dags/pipeline_scheduled.py took 0.240 seconds
[2026-01-22T03:22:38.481+0000] {processor.py:161} INFO - Started process (PID=53303) to work on /opt/airflow/dags/pipeline_scheduled.py
[2026-01-22T03:22:38.483+0000] {processor.py:830} INFO - Processing file /opt/airflow/dags/pipeline_scheduled.py for tasks to queue
[2026-01-22T03:22:38.485+0000] {logging_mixin.py:188} INFO - [2026-01-22T03:22:38.484+0000] {dagbag.py:545} INFO - Filling up the DagBag from /opt/airflow/dags/pipeline_scheduled.py
[2026-01-22T03:22:38.529+0000] {processor.py:840} INFO - DAG(s) 'pipeline_scheduled' retrieved from /opt/airflow/dags/pipeline_scheduled.py
[2026-01-22T03:22:38.608+0000] {logging_mixin.py:188} INFO - [2026-01-22T03:22:38.608+0000] {dag.py:3089} INFO - Sync 1 DAGs
[2026-01-22T03:22:38.665+0000] {logging_mixin.py:188} INFO - [2026-01-22T03:22:38.664+0000] {dag.py:3947} INFO - Setting next_dagrun for pipeline_scheduled to 2026-01-22 03:00:00+00:00, run_after=2026-01-22 04:00:00+00:00
[2026-01-22T03:22:38.702+0000] {processor.py:183} INFO - Processing /opt/airflow/dags/pipeline_scheduled.py took 0.233 seconds
[2026-01-22T03:23:09.177+0000] {processor.py:161} INFO - Started process (PID=53313) to work on /opt/airflow/dags/pipeline_scheduled.py
[2026-01-22T03:23:09.179+0000] {processor.py:830} INFO - Processing file /opt/airflow/dags/pipeline_scheduled.py for tasks to queue
[2026-01-22T03:23:09.181+0000] {logging_mixin.py:188} INFO - [2026-01-22T03:23:09.180+0000] {dagbag.py:545} INFO - Filling up the DagBag from /opt/airflow/dags/pipeline_scheduled.py
[2026-01-22T03:23:09.222+0000] {processor.py:840} INFO - DAG(s) 'pipeline_scheduled' retrieved from /opt/airflow/dags/pipeline_scheduled.py
[2026-01-22T03:23:09.288+0000] {logging_mixin.py:188} INFO - [2026-01-22T03:23:09.287+0000] {dag.py:3089} INFO - Sync 1 DAGs
[2026-01-22T03:23:09.338+0000] {logging_mixin.py:188} INFO - [2026-01-22T03:23:09.338+0000] {dag.py:3947} INFO - Setting next_dagrun for pipeline_scheduled to 2026-01-22 03:00:00+00:00, run_after=2026-01-22 04:00:00+00:00
[2026-01-22T03:23:09.383+0000] {processor.py:183} INFO - Processing /opt/airflow/dags/pipeline_scheduled.py took 0.218 seconds
[2026-01-22T03:23:39.765+0000] {processor.py:161} INFO - Started process (PID=53323) to work on /opt/airflow/dags/pipeline_scheduled.py
[2026-01-22T03:23:39.767+0000] {processor.py:830} INFO - Processing file /opt/airflow/dags/pipeline_scheduled.py for tasks to queue
[2026-01-22T03:23:39.769+0000] {logging_mixin.py:188} INFO - [2026-01-22T03:23:39.768+0000] {dagbag.py:545} INFO - Filling up the DagBag from /opt/airflow/dags/pipeline_scheduled.py
[2026-01-22T03:23:39.808+0000] {processor.py:840} INFO - DAG(s) 'pipeline_scheduled' retrieved from /opt/airflow/dags/pipeline_scheduled.py
[2026-01-22T03:23:39.873+0000] {logging_mixin.py:188} INFO - [2026-01-22T03:23:39.872+0000] {dag.py:3089} INFO - Sync 1 DAGs
[2026-01-22T03:23:39.913+0000] {logging_mixin.py:188} INFO - [2026-01-22T03:23:39.913+0000] {dag.py:3947} INFO - Setting next_dagrun for pipeline_scheduled to 2026-01-22 03:00:00+00:00, run_after=2026-01-22 04:00:00+00:00
[2026-01-22T03:23:39.978+0000] {processor.py:183} INFO - Processing /opt/airflow/dags/pipeline_scheduled.py took 0.225 seconds
[2026-01-22T03:24:10.141+0000] {processor.py:161} INFO - Started process (PID=53333) to work on /opt/airflow/dags/pipeline_scheduled.py
[2026-01-22T03:24:10.144+0000] {processor.py:830} INFO - Processing file /opt/airflow/dags/pipeline_scheduled.py for tasks to queue
[2026-01-22T03:24:10.145+0000] {logging_mixin.py:188} INFO - [2026-01-22T03:24:10.145+0000] {dagbag.py:545} INFO - Filling up the DagBag from /opt/airflow/dags/pipeline_scheduled.py
[2026-01-22T03:24:10.192+0000] {processor.py:840} INFO - DAG(s) 'pipeline_scheduled' retrieved from /opt/airflow/dags/pipeline_scheduled.py
[2026-01-22T03:24:10.264+0000] {logging_mixin.py:188} INFO - [2026-01-22T03:24:10.263+0000] {dag.py:3089} INFO - Sync 1 DAGs
[2026-01-22T03:24:10.315+0000] {logging_mixin.py:188} INFO - [2026-01-22T03:24:10.315+0000] {dag.py:3947} INFO - Setting next_dagrun for pipeline_scheduled to 2026-01-22 03:00:00+00:00, run_after=2026-01-22 04:00:00+00:00
[2026-01-22T03:24:10.351+0000] {processor.py:183} INFO - Processing /opt/airflow/dags/pipeline_scheduled.py took 0.227 seconds
[2026-01-22T03:24:40.755+0000] {processor.py:161} INFO - Started process (PID=53343) to work on /opt/airflow/dags/pipeline_scheduled.py
[2026-01-22T03:24:40.758+0000] {processor.py:830} INFO - Processing file /opt/airflow/dags/pipeline_scheduled.py for tasks to queue
[2026-01-22T03:24:40.760+0000] {logging_mixin.py:188} INFO - [2026-01-22T03:24:40.759+0000] {dagbag.py:545} INFO - Filling up the DagBag from /opt/airflow/dags/pipeline_scheduled.py
[2026-01-22T03:24:40.800+0000] {processor.py:840} INFO - DAG(s) 'pipeline_scheduled' retrieved from /opt/airflow/dags/pipeline_scheduled.py
[2026-01-22T03:24:40.866+0000] {logging_mixin.py:188} INFO - [2026-01-22T03:24:40.866+0000] {dag.py:3089} INFO - Sync 1 DAGs
[2026-01-22T03:24:40.911+0000] {logging_mixin.py:188} INFO - [2026-01-22T03:24:40.910+0000] {dag.py:3947} INFO - Setting next_dagrun for pipeline_scheduled to 2026-01-22 03:00:00+00:00, run_after=2026-01-22 04:00:00+00:00
[2026-01-22T03:24:40.972+0000] {processor.py:183} INFO - Processing /opt/airflow/dags/pipeline_scheduled.py took 0.230 seconds
[2026-01-22T03:25:11.129+0000] {processor.py:161} INFO - Started process (PID=53353) to work on /opt/airflow/dags/pipeline_scheduled.py
[2026-01-22T03:25:11.131+0000] {processor.py:830} INFO - Processing file /opt/airflow/dags/pipeline_scheduled.py for tasks to queue
[2026-01-22T03:25:11.133+0000] {logging_mixin.py:188} INFO - [2026-01-22T03:25:11.132+0000] {dagbag.py:545} INFO - Filling up the DagBag from /opt/airflow/dags/pipeline_scheduled.py
[2026-01-22T03:25:11.184+0000] {processor.py:840} INFO - DAG(s) 'pipeline_scheduled' retrieved from /opt/airflow/dags/pipeline_scheduled.py
[2026-01-22T03:25:11.256+0000] {logging_mixin.py:188} INFO - [2026-01-22T03:25:11.256+0000] {dag.py:3089} INFO - Sync 1 DAGs
[2026-01-22T03:25:11.300+0000] {logging_mixin.py:188} INFO - [2026-01-22T03:25:11.299+0000] {dag.py:3947} INFO - Setting next_dagrun for pipeline_scheduled to 2026-01-22 03:00:00+00:00, run_after=2026-01-22 04:00:00+00:00
[2026-01-22T03:25:11.334+0000] {processor.py:183} INFO - Processing /opt/airflow/dags/pipeline_scheduled.py took 0.220 seconds
[2026-01-22T03:25:41.729+0000] {processor.py:161} INFO - Started process (PID=53363) to work on /opt/airflow/dags/pipeline_scheduled.py
[2026-01-22T03:25:41.731+0000] {processor.py:830} INFO - Processing file /opt/airflow/dags/pipeline_scheduled.py for tasks to queue
[2026-01-22T03:25:41.733+0000] {logging_mixin.py:188} INFO - [2026-01-22T03:25:41.732+0000] {dagbag.py:545} INFO - Filling up the DagBag from /opt/airflow/dags/pipeline_scheduled.py
[2026-01-22T03:25:41.774+0000] {processor.py:840} INFO - DAG(s) 'pipeline_scheduled' retrieved from /opt/airflow/dags/pipeline_scheduled.py
[2026-01-22T03:25:41.838+0000] {logging_mixin.py:188} INFO - [2026-01-22T03:25:41.837+0000] {dag.py:3089} INFO - Sync 1 DAGs
[2026-01-22T03:25:41.876+0000] {logging_mixin.py:188} INFO - [2026-01-22T03:25:41.876+0000] {dag.py:3947} INFO - Setting next_dagrun for pipeline_scheduled to 2026-01-22 03:00:00+00:00, run_after=2026-01-22 04:00:00+00:00
[2026-01-22T03:25:41.946+0000] {processor.py:183} INFO - Processing /opt/airflow/dags/pipeline_scheduled.py took 0.229 seconds
[2026-01-22T03:26:12.171+0000] {processor.py:161} INFO - Started process (PID=53373) to work on /opt/airflow/dags/pipeline_scheduled.py
[2026-01-22T03:26:12.174+0000] {processor.py:830} INFO - Processing file /opt/airflow/dags/pipeline_scheduled.py for tasks to queue
[2026-01-22T03:26:12.176+0000] {logging_mixin.py:188} INFO - [2026-01-22T03:26:12.175+0000] {dagbag.py:545} INFO - Filling up the DagBag from /opt/airflow/dags/pipeline_scheduled.py
[2026-01-22T03:26:12.226+0000] {processor.py:840} INFO - DAG(s) 'pipeline_scheduled' retrieved from /opt/airflow/dags/pipeline_scheduled.py
[2026-01-22T03:26:12.299+0000] {logging_mixin.py:188} INFO - [2026-01-22T03:26:12.299+0000] {dag.py:3089} INFO - Sync 1 DAGs
[2026-01-22T03:26:12.342+0000] {logging_mixin.py:188} INFO - [2026-01-22T03:26:12.341+0000] {dag.py:3947} INFO - Setting next_dagrun for pipeline_scheduled to 2026-01-22 03:00:00+00:00, run_after=2026-01-22 04:00:00+00:00
[2026-01-22T03:26:12.383+0000] {processor.py:183} INFO - Processing /opt/airflow/dags/pipeline_scheduled.py took 0.226 seconds
[2026-01-22T03:26:42.691+0000] {processor.py:161} INFO - Started process (PID=53383) to work on /opt/airflow/dags/pipeline_scheduled.py
[2026-01-22T03:26:42.695+0000] {processor.py:830} INFO - Processing file /opt/airflow/dags/pipeline_scheduled.py for tasks to queue
[2026-01-22T03:26:42.697+0000] {logging_mixin.py:188} INFO - [2026-01-22T03:26:42.696+0000] {dagbag.py:545} INFO - Filling up the DagBag from /opt/airflow/dags/pipeline_scheduled.py
[2026-01-22T03:26:42.740+0000] {processor.py:840} INFO - DAG(s) 'pipeline_scheduled' retrieved from /opt/airflow/dags/pipeline_scheduled.py
[2026-01-22T03:26:42.803+0000] {logging_mixin.py:188} INFO - [2026-01-22T03:26:42.803+0000] {dag.py:3089} INFO - Sync 1 DAGs
[2026-01-22T03:26:42.844+0000] {logging_mixin.py:188} INFO - [2026-01-22T03:26:42.844+0000] {dag.py:3947} INFO - Setting next_dagrun for pipeline_scheduled to 2026-01-22 03:00:00+00:00, run_after=2026-01-22 04:00:00+00:00
[2026-01-22T03:26:42.916+0000] {processor.py:183} INFO - Processing /opt/airflow/dags/pipeline_scheduled.py took 0.240 seconds
[2026-01-22T03:27:13.110+0000] {processor.py:161} INFO - Started process (PID=53393) to work on /opt/airflow/dags/pipeline_scheduled.py
[2026-01-22T03:27:13.112+0000] {processor.py:830} INFO - Processing file /opt/airflow/dags/pipeline_scheduled.py for tasks to queue
[2026-01-22T03:27:13.114+0000] {logging_mixin.py:188} INFO - [2026-01-22T03:27:13.113+0000] {dagbag.py:545} INFO - Filling up the DagBag from /opt/airflow/dags/pipeline_scheduled.py
[2026-01-22T03:27:13.157+0000] {processor.py:840} INFO - DAG(s) 'pipeline_scheduled' retrieved from /opt/airflow/dags/pipeline_scheduled.py
[2026-01-22T03:27:13.229+0000] {logging_mixin.py:188} INFO - [2026-01-22T03:27:13.228+0000] {dag.py:3089} INFO - Sync 1 DAGs
[2026-01-22T03:27:13.279+0000] {logging_mixin.py:188} INFO - [2026-01-22T03:27:13.279+0000] {dag.py:3947} INFO - Setting next_dagrun for pipeline_scheduled to 2026-01-22 03:00:00+00:00, run_after=2026-01-22 04:00:00+00:00
[2026-01-22T03:27:13.334+0000] {processor.py:183} INFO - Processing /opt/airflow/dags/pipeline_scheduled.py took 0.242 seconds
[2026-01-22T03:27:43.657+0000] {processor.py:161} INFO - Started process (PID=53403) to work on /opt/airflow/dags/pipeline_scheduled.py
[2026-01-22T03:27:43.659+0000] {processor.py:830} INFO - Processing file /opt/airflow/dags/pipeline_scheduled.py for tasks to queue
[2026-01-22T03:27:43.661+0000] {logging_mixin.py:188} INFO - [2026-01-22T03:27:43.660+0000] {dagbag.py:545} INFO - Filling up the DagBag from /opt/airflow/dags/pipeline_scheduled.py
[2026-01-22T03:27:43.706+0000] {processor.py:840} INFO - DAG(s) 'pipeline_scheduled' retrieved from /opt/airflow/dags/pipeline_scheduled.py
[2026-01-22T03:27:43.777+0000] {logging_mixin.py:188} INFO - [2026-01-22T03:27:43.777+0000] {dag.py:3089} INFO - Sync 1 DAGs
[2026-01-22T03:27:43.880+0000] {logging_mixin.py:188} INFO - [2026-01-22T03:27:43.879+0000] {dag.py:3947} INFO - Setting next_dagrun for pipeline_scheduled to 2026-01-22 03:00:00+00:00, run_after=2026-01-22 04:00:00+00:00
[2026-01-22T03:27:43.915+0000] {processor.py:183} INFO - Processing /opt/airflow/dags/pipeline_scheduled.py took 0.270 seconds
[2026-01-22T03:28:14.306+0000] {processor.py:161} INFO - Started process (PID=53413) to work on /opt/airflow/dags/pipeline_scheduled.py
[2026-01-22T03:28:14.309+0000] {processor.py:830} INFO - Processing file /opt/airflow/dags/pipeline_scheduled.py for tasks to queue
[2026-01-22T03:28:14.311+0000] {logging_mixin.py:188} INFO - [2026-01-22T03:28:14.310+0000] {dagbag.py:545} INFO - Filling up the DagBag from /opt/airflow/dags/pipeline_scheduled.py
[2026-01-22T03:28:14.359+0000] {processor.py:840} INFO - DAG(s) 'pipeline_scheduled' retrieved from /opt/airflow/dags/pipeline_scheduled.py
[2026-01-22T03:28:14.428+0000] {logging_mixin.py:188} INFO - [2026-01-22T03:28:14.428+0000] {dag.py:3089} INFO - Sync 1 DAGs
[2026-01-22T03:28:14.470+0000] {logging_mixin.py:188} INFO - [2026-01-22T03:28:14.470+0000] {dag.py:3947} INFO - Setting next_dagrun for pipeline_scheduled to 2026-01-22 03:00:00+00:00, run_after=2026-01-22 04:00:00+00:00
[2026-01-22T03:28:14.537+0000] {processor.py:183} INFO - Processing /opt/airflow/dags/pipeline_scheduled.py took 0.247 seconds
[2026-01-22T03:28:44.700+0000] {processor.py:161} INFO - Started process (PID=53423) to work on /opt/airflow/dags/pipeline_scheduled.py
[2026-01-22T03:28:44.702+0000] {processor.py:830} INFO - Processing file /opt/airflow/dags/pipeline_scheduled.py for tasks to queue
[2026-01-22T03:28:44.703+0000] {logging_mixin.py:188} INFO - [2026-01-22T03:28:44.703+0000] {dagbag.py:545} INFO - Filling up the DagBag from /opt/airflow/dags/pipeline_scheduled.py
[2026-01-22T03:28:44.749+0000] {processor.py:840} INFO - DAG(s) 'pipeline_scheduled' retrieved from /opt/airflow/dags/pipeline_scheduled.py
[2026-01-22T03:28:44.832+0000] {logging_mixin.py:188} INFO - [2026-01-22T03:28:44.831+0000] {dag.py:3089} INFO - Sync 1 DAGs
[2026-01-22T03:28:44.888+0000] {logging_mixin.py:188} INFO - [2026-01-22T03:28:44.887+0000] {dag.py:3947} INFO - Setting next_dagrun for pipeline_scheduled to 2026-01-22 03:00:00+00:00, run_after=2026-01-22 04:00:00+00:00
[2026-01-22T03:28:44.933+0000] {processor.py:183} INFO - Processing /opt/airflow/dags/pipeline_scheduled.py took 0.246 seconds
[2026-01-22T03:29:15.258+0000] {processor.py:161} INFO - Started process (PID=53433) to work on /opt/airflow/dags/pipeline_scheduled.py
[2026-01-22T03:29:15.260+0000] {processor.py:830} INFO - Processing file /opt/airflow/dags/pipeline_scheduled.py for tasks to queue
[2026-01-22T03:29:15.261+0000] {logging_mixin.py:188} INFO - [2026-01-22T03:29:15.261+0000] {dagbag.py:545} INFO - Filling up the DagBag from /opt/airflow/dags/pipeline_scheduled.py
[2026-01-22T03:29:15.303+0000] {processor.py:840} INFO - DAG(s) 'pipeline_scheduled' retrieved from /opt/airflow/dags/pipeline_scheduled.py
[2026-01-22T03:29:15.364+0000] {logging_mixin.py:188} INFO - [2026-01-22T03:29:15.364+0000] {dag.py:3089} INFO - Sync 1 DAGs
[2026-01-22T03:29:15.405+0000] {logging_mixin.py:188} INFO - [2026-01-22T03:29:15.404+0000] {dag.py:3947} INFO - Setting next_dagrun for pipeline_scheduled to 2026-01-22 03:00:00+00:00, run_after=2026-01-22 04:00:00+00:00
[2026-01-22T03:29:15.482+0000] {processor.py:183} INFO - Processing /opt/airflow/dags/pipeline_scheduled.py took 0.237 seconds
[2026-01-22T03:29:45.635+0000] {processor.py:161} INFO - Started process (PID=53443) to work on /opt/airflow/dags/pipeline_scheduled.py
[2026-01-22T03:29:45.639+0000] {processor.py:830} INFO - Processing file /opt/airflow/dags/pipeline_scheduled.py for tasks to queue
[2026-01-22T03:29:45.642+0000] {logging_mixin.py:188} INFO - [2026-01-22T03:29:45.641+0000] {dagbag.py:545} INFO - Filling up the DagBag from /opt/airflow/dags/pipeline_scheduled.py
[2026-01-22T03:29:45.682+0000] {processor.py:840} INFO - DAG(s) 'pipeline_scheduled' retrieved from /opt/airflow/dags/pipeline_scheduled.py
[2026-01-22T03:29:45.739+0000] {logging_mixin.py:188} INFO - [2026-01-22T03:29:45.739+0000] {dag.py:3089} INFO - Sync 1 DAGs
[2026-01-22T03:29:45.775+0000] {logging_mixin.py:188} INFO - [2026-01-22T03:29:45.775+0000] {dag.py:3947} INFO - Setting next_dagrun for pipeline_scheduled to 2026-01-22 03:00:00+00:00, run_after=2026-01-22 04:00:00+00:00
[2026-01-22T03:29:45.827+0000] {processor.py:183} INFO - Processing /opt/airflow/dags/pipeline_scheduled.py took 0.207 seconds
[2026-01-22T03:30:16.136+0000] {processor.py:161} INFO - Started process (PID=53456) to work on /opt/airflow/dags/pipeline_scheduled.py
[2026-01-22T03:30:16.138+0000] {processor.py:830} INFO - Processing file /opt/airflow/dags/pipeline_scheduled.py for tasks to queue
[2026-01-22T03:30:16.140+0000] {logging_mixin.py:188} INFO - [2026-01-22T03:30:16.139+0000] {dagbag.py:545} INFO - Filling up the DagBag from /opt/airflow/dags/pipeline_scheduled.py
[2026-01-22T03:30:16.186+0000] {processor.py:840} INFO - DAG(s) 'pipeline_scheduled' retrieved from /opt/airflow/dags/pipeline_scheduled.py
[2026-01-22T03:30:16.251+0000] {logging_mixin.py:188} INFO - [2026-01-22T03:30:16.251+0000] {dag.py:3089} INFO - Sync 1 DAGs
[2026-01-22T03:30:16.294+0000] {logging_mixin.py:188} INFO - [2026-01-22T03:30:16.294+0000] {dag.py:3947} INFO - Setting next_dagrun for pipeline_scheduled to 2026-01-22 03:00:00+00:00, run_after=2026-01-22 04:00:00+00:00
[2026-01-22T03:30:16.358+0000] {processor.py:183} INFO - Processing /opt/airflow/dags/pipeline_scheduled.py took 0.234 seconds
[2026-01-22T03:30:46.551+0000] {processor.py:161} INFO - Started process (PID=53466) to work on /opt/airflow/dags/pipeline_scheduled.py
[2026-01-22T03:30:46.554+0000] {processor.py:830} INFO - Processing file /opt/airflow/dags/pipeline_scheduled.py for tasks to queue
[2026-01-22T03:30:46.556+0000] {logging_mixin.py:188} INFO - [2026-01-22T03:30:46.555+0000] {dagbag.py:545} INFO - Filling up the DagBag from /opt/airflow/dags/pipeline_scheduled.py
[2026-01-22T03:30:46.609+0000] {processor.py:840} INFO - DAG(s) 'pipeline_scheduled' retrieved from /opt/airflow/dags/pipeline_scheduled.py
[2026-01-22T03:30:46.687+0000] {logging_mixin.py:188} INFO - [2026-01-22T03:30:46.687+0000] {dag.py:3089} INFO - Sync 1 DAGs
[2026-01-22T03:30:46.731+0000] {logging_mixin.py:188} INFO - [2026-01-22T03:30:46.731+0000] {dag.py:3947} INFO - Setting next_dagrun for pipeline_scheduled to 2026-01-22 03:00:00+00:00, run_after=2026-01-22 04:00:00+00:00
[2026-01-22T03:30:46.804+0000] {processor.py:183} INFO - Processing /opt/airflow/dags/pipeline_scheduled.py took 0.266 seconds
[2026-01-22T03:31:17.090+0000] {processor.py:161} INFO - Started process (PID=53476) to work on /opt/airflow/dags/pipeline_scheduled.py
[2026-01-22T03:31:17.093+0000] {processor.py:830} INFO - Processing file /opt/airflow/dags/pipeline_scheduled.py for tasks to queue
[2026-01-22T03:31:17.095+0000] {logging_mixin.py:188} INFO - [2026-01-22T03:31:17.094+0000] {dagbag.py:545} INFO - Filling up the DagBag from /opt/airflow/dags/pipeline_scheduled.py
[2026-01-22T03:31:17.147+0000] {processor.py:840} INFO - DAG(s) 'pipeline_scheduled' retrieved from /opt/airflow/dags/pipeline_scheduled.py
[2026-01-22T03:31:17.214+0000] {logging_mixin.py:188} INFO - [2026-01-22T03:31:17.214+0000] {dag.py:3089} INFO - Sync 1 DAGs
[2026-01-22T03:31:17.258+0000] {logging_mixin.py:188} INFO - [2026-01-22T03:31:17.258+0000] {dag.py:3947} INFO - Setting next_dagrun for pipeline_scheduled to 2026-01-22 03:00:00+00:00, run_after=2026-01-22 04:00:00+00:00
[2026-01-22T03:31:17.313+0000] {processor.py:183} INFO - Processing /opt/airflow/dags/pipeline_scheduled.py took 0.237 seconds
[2026-01-22T03:31:47.759+0000] {processor.py:161} INFO - Started process (PID=53486) to work on /opt/airflow/dags/pipeline_scheduled.py
[2026-01-22T03:31:47.761+0000] {processor.py:830} INFO - Processing file /opt/airflow/dags/pipeline_scheduled.py for tasks to queue
[2026-01-22T03:31:47.763+0000] {logging_mixin.py:188} INFO - [2026-01-22T03:31:47.762+0000] {dagbag.py:545} INFO - Filling up the DagBag from /opt/airflow/dags/pipeline_scheduled.py
[2026-01-22T03:31:47.806+0000] {processor.py:840} INFO - DAG(s) 'pipeline_scheduled' retrieved from /opt/airflow/dags/pipeline_scheduled.py
[2026-01-22T03:31:47.872+0000] {logging_mixin.py:188} INFO - [2026-01-22T03:31:47.871+0000] {dag.py:3089} INFO - Sync 1 DAGs
[2026-01-22T03:31:47.912+0000] {logging_mixin.py:188} INFO - [2026-01-22T03:31:47.912+0000] {dag.py:3947} INFO - Setting next_dagrun for pipeline_scheduled to 2026-01-22 03:00:00+00:00, run_after=2026-01-22 04:00:00+00:00
[2026-01-22T03:31:47.984+0000] {processor.py:183} INFO - Processing /opt/airflow/dags/pipeline_scheduled.py took 0.238 seconds
[2026-01-22T03:32:18.147+0000] {processor.py:161} INFO - Started process (PID=53496) to work on /opt/airflow/dags/pipeline_scheduled.py
[2026-01-22T03:32:18.150+0000] {processor.py:830} INFO - Processing file /opt/airflow/dags/pipeline_scheduled.py for tasks to queue
[2026-01-22T03:32:18.153+0000] {logging_mixin.py:188} INFO - [2026-01-22T03:32:18.152+0000] {dagbag.py:545} INFO - Filling up the DagBag from /opt/airflow/dags/pipeline_scheduled.py
[2026-01-22T03:32:18.196+0000] {processor.py:840} INFO - DAG(s) 'pipeline_scheduled' retrieved from /opt/airflow/dags/pipeline_scheduled.py
[2026-01-22T03:32:18.260+0000] {logging_mixin.py:188} INFO - [2026-01-22T03:32:18.259+0000] {dag.py:3089} INFO - Sync 1 DAGs
[2026-01-22T03:32:18.303+0000] {logging_mixin.py:188} INFO - [2026-01-22T03:32:18.303+0000] {dag.py:3947} INFO - Setting next_dagrun for pipeline_scheduled to 2026-01-22 03:00:00+00:00, run_after=2026-01-22 04:00:00+00:00
[2026-01-22T03:32:18.392+0000] {processor.py:183} INFO - Processing /opt/airflow/dags/pipeline_scheduled.py took 0.260 seconds
[2026-01-22T03:32:48.719+0000] {processor.py:161} INFO - Started process (PID=53506) to work on /opt/airflow/dags/pipeline_scheduled.py
[2026-01-22T03:32:48.721+0000] {processor.py:830} INFO - Processing file /opt/airflow/dags/pipeline_scheduled.py for tasks to queue
[2026-01-22T03:32:48.723+0000] {logging_mixin.py:188} INFO - [2026-01-22T03:32:48.722+0000] {dagbag.py:545} INFO - Filling up the DagBag from /opt/airflow/dags/pipeline_scheduled.py
[2026-01-22T03:32:48.763+0000] {processor.py:840} INFO - DAG(s) 'pipeline_scheduled' retrieved from /opt/airflow/dags/pipeline_scheduled.py
[2026-01-22T03:32:48.829+0000] {logging_mixin.py:188} INFO - [2026-01-22T03:32:48.829+0000] {dag.py:3089} INFO - Sync 1 DAGs
[2026-01-22T03:32:48.872+0000] {logging_mixin.py:188} INFO - [2026-01-22T03:32:48.872+0000] {dag.py:3947} INFO - Setting next_dagrun for pipeline_scheduled to 2026-01-22 03:00:00+00:00, run_after=2026-01-22 04:00:00+00:00
[2026-01-22T03:32:48.938+0000] {processor.py:183} INFO - Processing /opt/airflow/dags/pipeline_scheduled.py took 0.231 seconds
[2026-01-22T03:33:19.129+0000] {processor.py:161} INFO - Started process (PID=53516) to work on /opt/airflow/dags/pipeline_scheduled.py
[2026-01-22T03:33:19.131+0000] {processor.py:830} INFO - Processing file /opt/airflow/dags/pipeline_scheduled.py for tasks to queue
[2026-01-22T03:33:19.133+0000] {logging_mixin.py:188} INFO - [2026-01-22T03:33:19.132+0000] {dagbag.py:545} INFO - Filling up the DagBag from /opt/airflow/dags/pipeline_scheduled.py
[2026-01-22T03:33:19.179+0000] {processor.py:840} INFO - DAG(s) 'pipeline_scheduled' retrieved from /opt/airflow/dags/pipeline_scheduled.py
[2026-01-22T03:33:19.258+0000] {logging_mixin.py:188} INFO - [2026-01-22T03:33:19.257+0000] {dag.py:3089} INFO - Sync 1 DAGs
[2026-01-22T03:33:19.300+0000] {logging_mixin.py:188} INFO - [2026-01-22T03:33:19.300+0000] {dag.py:3947} INFO - Setting next_dagrun for pipeline_scheduled to 2026-01-22 03:00:00+00:00, run_after=2026-01-22 04:00:00+00:00
[2026-01-22T03:33:19.367+0000] {processor.py:183} INFO - Processing /opt/airflow/dags/pipeline_scheduled.py took 0.254 seconds
[2026-01-22T03:33:49.675+0000] {processor.py:161} INFO - Started process (PID=53526) to work on /opt/airflow/dags/pipeline_scheduled.py
[2026-01-22T03:33:49.677+0000] {processor.py:830} INFO - Processing file /opt/airflow/dags/pipeline_scheduled.py for tasks to queue
[2026-01-22T03:33:49.679+0000] {logging_mixin.py:188} INFO - [2026-01-22T03:33:49.679+0000] {dagbag.py:545} INFO - Filling up the DagBag from /opt/airflow/dags/pipeline_scheduled.py
[2026-01-22T03:33:49.725+0000] {processor.py:840} INFO - DAG(s) 'pipeline_scheduled' retrieved from /opt/airflow/dags/pipeline_scheduled.py
[2026-01-22T03:33:49.792+0000] {logging_mixin.py:188} INFO - [2026-01-22T03:33:49.792+0000] {dag.py:3089} INFO - Sync 1 DAGs
[2026-01-22T03:33:49.834+0000] {logging_mixin.py:188} INFO - [2026-01-22T03:33:49.834+0000] {dag.py:3947} INFO - Setting next_dagrun for pipeline_scheduled to 2026-01-22 03:00:00+00:00, run_after=2026-01-22 04:00:00+00:00
[2026-01-22T03:33:49.895+0000] {processor.py:183} INFO - Processing /opt/airflow/dags/pipeline_scheduled.py took 0.236 seconds
[2026-01-22T03:34:20.153+0000] {processor.py:161} INFO - Started process (PID=53536) to work on /opt/airflow/dags/pipeline_scheduled.py
[2026-01-22T03:34:20.156+0000] {processor.py:830} INFO - Processing file /opt/airflow/dags/pipeline_scheduled.py for tasks to queue
[2026-01-22T03:34:20.158+0000] {logging_mixin.py:188} INFO - [2026-01-22T03:34:20.157+0000] {dagbag.py:545} INFO - Filling up the DagBag from /opt/airflow/dags/pipeline_scheduled.py
[2026-01-22T03:34:20.211+0000] {processor.py:840} INFO - DAG(s) 'pipeline_scheduled' retrieved from /opt/airflow/dags/pipeline_scheduled.py
[2026-01-22T03:34:20.296+0000] {logging_mixin.py:188} INFO - [2026-01-22T03:34:20.295+0000] {dag.py:3089} INFO - Sync 1 DAGs
[2026-01-22T03:34:20.339+0000] {logging_mixin.py:188} INFO - [2026-01-22T03:34:20.338+0000] {dag.py:3947} INFO - Setting next_dagrun for pipeline_scheduled to 2026-01-22 03:00:00+00:00, run_after=2026-01-22 04:00:00+00:00
[2026-01-22T03:34:20.372+0000] {processor.py:183} INFO - Processing /opt/airflow/dags/pipeline_scheduled.py took 0.277 seconds
[2026-01-22T03:34:50.796+0000] {processor.py:161} INFO - Started process (PID=53546) to work on /opt/airflow/dags/pipeline_scheduled.py
[2026-01-22T03:34:50.798+0000] {processor.py:830} INFO - Processing file /opt/airflow/dags/pipeline_scheduled.py for tasks to queue
[2026-01-22T03:34:50.799+0000] {logging_mixin.py:188} INFO - [2026-01-22T03:34:50.799+0000] {dagbag.py:545} INFO - Filling up the DagBag from /opt/airflow/dags/pipeline_scheduled.py
[2026-01-22T03:34:50.841+0000] {processor.py:840} INFO - DAG(s) 'pipeline_scheduled' retrieved from /opt/airflow/dags/pipeline_scheduled.py
[2026-01-22T03:34:50.911+0000] {logging_mixin.py:188} INFO - [2026-01-22T03:34:50.910+0000] {dag.py:3089} INFO - Sync 1 DAGs
[2026-01-22T03:34:50.949+0000] {logging_mixin.py:188} INFO - [2026-01-22T03:34:50.949+0000] {dag.py:3947} INFO - Setting next_dagrun for pipeline_scheduled to 2026-01-22 03:00:00+00:00, run_after=2026-01-22 04:00:00+00:00
[2026-01-22T03:34:50.985+0000] {processor.py:183} INFO - Processing /opt/airflow/dags/pipeline_scheduled.py took 0.199 seconds
[2026-01-22T03:35:21.400+0000] {processor.py:161} INFO - Started process (PID=53556) to work on /opt/airflow/dags/pipeline_scheduled.py
[2026-01-22T03:35:21.402+0000] {processor.py:830} INFO - Processing file /opt/airflow/dags/pipeline_scheduled.py for tasks to queue
[2026-01-22T03:35:21.404+0000] {logging_mixin.py:188} INFO - [2026-01-22T03:35:21.403+0000] {dagbag.py:545} INFO - Filling up the DagBag from /opt/airflow/dags/pipeline_scheduled.py
[2026-01-22T03:35:21.454+0000] {processor.py:840} INFO - DAG(s) 'pipeline_scheduled' retrieved from /opt/airflow/dags/pipeline_scheduled.py
[2026-01-22T03:35:21.525+0000] {logging_mixin.py:188} INFO - [2026-01-22T03:35:21.524+0000] {dag.py:3089} INFO - Sync 1 DAGs
[2026-01-22T03:35:21.572+0000] {logging_mixin.py:188} INFO - [2026-01-22T03:35:21.571+0000] {dag.py:3947} INFO - Setting next_dagrun for pipeline_scheduled to 2026-01-22 03:00:00+00:00, run_after=2026-01-22 04:00:00+00:00
[2026-01-22T03:35:21.615+0000] {processor.py:183} INFO - Processing /opt/airflow/dags/pipeline_scheduled.py took 0.228 seconds
[2026-01-22T03:35:52.102+0000] {processor.py:161} INFO - Started process (PID=53566) to work on /opt/airflow/dags/pipeline_scheduled.py
[2026-01-22T03:35:52.103+0000] {processor.py:830} INFO - Processing file /opt/airflow/dags/pipeline_scheduled.py for tasks to queue
[2026-01-22T03:35:52.105+0000] {logging_mixin.py:188} INFO - [2026-01-22T03:35:52.104+0000] {dagbag.py:545} INFO - Filling up the DagBag from /opt/airflow/dags/pipeline_scheduled.py
[2026-01-22T03:35:52.147+0000] {processor.py:840} INFO - DAG(s) 'pipeline_scheduled' retrieved from /opt/airflow/dags/pipeline_scheduled.py
[2026-01-22T03:35:52.206+0000] {logging_mixin.py:188} INFO - [2026-01-22T03:35:52.205+0000] {dag.py:3089} INFO - Sync 1 DAGs
[2026-01-22T03:35:52.245+0000] {logging_mixin.py:188} INFO - [2026-01-22T03:35:52.245+0000] {dag.py:3947} INFO - Setting next_dagrun for pipeline_scheduled to 2026-01-22 03:00:00+00:00, run_after=2026-01-22 04:00:00+00:00
[2026-01-22T03:35:52.310+0000] {processor.py:183} INFO - Processing /opt/airflow/dags/pipeline_scheduled.py took 0.221 seconds
[2026-01-22T03:36:22.491+0000] {processor.py:161} INFO - Started process (PID=53576) to work on /opt/airflow/dags/pipeline_scheduled.py
[2026-01-22T03:36:22.493+0000] {processor.py:830} INFO - Processing file /opt/airflow/dags/pipeline_scheduled.py for tasks to queue
[2026-01-22T03:36:22.495+0000] {logging_mixin.py:188} INFO - [2026-01-22T03:36:22.494+0000] {dagbag.py:545} INFO - Filling up the DagBag from /opt/airflow/dags/pipeline_scheduled.py
[2026-01-22T03:36:22.542+0000] {processor.py:840} INFO - DAG(s) 'pipeline_scheduled' retrieved from /opt/airflow/dags/pipeline_scheduled.py
[2026-01-22T03:36:22.616+0000] {logging_mixin.py:188} INFO - [2026-01-22T03:36:22.615+0000] {dag.py:3089} INFO - Sync 1 DAGs
[2026-01-22T03:36:22.660+0000] {logging_mixin.py:188} INFO - [2026-01-22T03:36:22.659+0000] {dag.py:3947} INFO - Setting next_dagrun for pipeline_scheduled to 2026-01-22 03:00:00+00:00, run_after=2026-01-22 04:00:00+00:00
[2026-01-22T03:36:22.696+0000] {processor.py:183} INFO - Processing /opt/airflow/dags/pipeline_scheduled.py took 0.219 seconds
[2026-01-22T03:36:53.119+0000] {processor.py:161} INFO - Started process (PID=53586) to work on /opt/airflow/dags/pipeline_scheduled.py
[2026-01-22T03:36:53.177+0000] {processor.py:830} INFO - Processing file /opt/airflow/dags/pipeline_scheduled.py for tasks to queue
[2026-01-22T03:36:53.180+0000] {logging_mixin.py:188} INFO - [2026-01-22T03:36:53.179+0000] {dagbag.py:545} INFO - Filling up the DagBag from /opt/airflow/dags/pipeline_scheduled.py
[2026-01-22T03:36:53.234+0000] {processor.py:840} INFO - DAG(s) 'pipeline_scheduled' retrieved from /opt/airflow/dags/pipeline_scheduled.py
[2026-01-22T03:36:53.311+0000] {logging_mixin.py:188} INFO - [2026-01-22T03:36:53.311+0000] {dag.py:3089} INFO - Sync 1 DAGs
[2026-01-22T03:36:53.351+0000] {logging_mixin.py:188} INFO - [2026-01-22T03:36:53.350+0000] {dag.py:3947} INFO - Setting next_dagrun for pipeline_scheduled to 2026-01-22 03:00:00+00:00, run_after=2026-01-22 04:00:00+00:00
[2026-01-22T03:36:53.384+0000] {processor.py:183} INFO - Processing /opt/airflow/dags/pipeline_scheduled.py took 0.276 seconds
[2026-01-22T03:37:23.834+0000] {processor.py:161} INFO - Started process (PID=53596) to work on /opt/airflow/dags/pipeline_scheduled.py
[2026-01-22T03:37:23.837+0000] {processor.py:830} INFO - Processing file /opt/airflow/dags/pipeline_scheduled.py for tasks to queue
[2026-01-22T03:37:23.839+0000] {logging_mixin.py:188} INFO - [2026-01-22T03:37:23.838+0000] {dagbag.py:545} INFO - Filling up the DagBag from /opt/airflow/dags/pipeline_scheduled.py
[2026-01-22T03:37:23.897+0000] {processor.py:840} INFO - DAG(s) 'pipeline_scheduled' retrieved from /opt/airflow/dags/pipeline_scheduled.py
[2026-01-22T03:37:23.987+0000] {logging_mixin.py:188} INFO - [2026-01-22T03:37:23.987+0000] {dag.py:3089} INFO - Sync 1 DAGs
[2026-01-22T03:37:24.028+0000] {logging_mixin.py:188} INFO - [2026-01-22T03:37:24.028+0000] {dag.py:3947} INFO - Setting next_dagrun for pipeline_scheduled to 2026-01-22 03:00:00+00:00, run_after=2026-01-22 04:00:00+00:00
[2026-01-22T03:37:24.062+0000] {processor.py:183} INFO - Processing /opt/airflow/dags/pipeline_scheduled.py took 0.293 seconds
[2026-01-22T03:37:54.537+0000] {processor.py:161} INFO - Started process (PID=53606) to work on /opt/airflow/dags/pipeline_scheduled.py
[2026-01-22T03:37:54.539+0000] {processor.py:830} INFO - Processing file /opt/airflow/dags/pipeline_scheduled.py for tasks to queue
[2026-01-22T03:37:54.541+0000] {logging_mixin.py:188} INFO - [2026-01-22T03:37:54.541+0000] {dagbag.py:545} INFO - Filling up the DagBag from /opt/airflow/dags/pipeline_scheduled.py
[2026-01-22T03:37:54.584+0000] {processor.py:840} INFO - DAG(s) 'pipeline_scheduled' retrieved from /opt/airflow/dags/pipeline_scheduled.py
[2026-01-22T03:37:54.651+0000] {logging_mixin.py:188} INFO - [2026-01-22T03:37:54.651+0000] {dag.py:3089} INFO - Sync 1 DAGs
[2026-01-22T03:37:54.694+0000] {logging_mixin.py:188} INFO - [2026-01-22T03:37:54.693+0000] {dag.py:3947} INFO - Setting next_dagrun for pipeline_scheduled to 2026-01-22 03:00:00+00:00, run_after=2026-01-22 04:00:00+00:00
[2026-01-22T03:37:54.728+0000] {processor.py:183} INFO - Processing /opt/airflow/dags/pipeline_scheduled.py took 0.204 seconds
[2026-01-22T03:38:25.180+0000] {processor.py:161} INFO - Started process (PID=53616) to work on /opt/airflow/dags/pipeline_scheduled.py
[2026-01-22T03:38:25.183+0000] {processor.py:830} INFO - Processing file /opt/airflow/dags/pipeline_scheduled.py for tasks to queue
[2026-01-22T03:38:25.184+0000] {logging_mixin.py:188} INFO - [2026-01-22T03:38:25.184+0000] {dagbag.py:545} INFO - Filling up the DagBag from /opt/airflow/dags/pipeline_scheduled.py
[2026-01-22T03:38:25.240+0000] {processor.py:840} INFO - DAG(s) 'pipeline_scheduled' retrieved from /opt/airflow/dags/pipeline_scheduled.py
[2026-01-22T03:38:25.322+0000] {logging_mixin.py:188} INFO - [2026-01-22T03:38:25.322+0000] {dag.py:3089} INFO - Sync 1 DAGs
[2026-01-22T03:38:25.368+0000] {logging_mixin.py:188} INFO - [2026-01-22T03:38:25.367+0000] {dag.py:3947} INFO - Setting next_dagrun for pipeline_scheduled to 2026-01-22 03:00:00+00:00, run_after=2026-01-22 04:00:00+00:00
[2026-01-22T03:38:25.401+0000] {processor.py:183} INFO - Processing /opt/airflow/dags/pipeline_scheduled.py took 0.274 seconds
[2026-01-22T03:38:55.836+0000] {processor.py:161} INFO - Started process (PID=53626) to work on /opt/airflow/dags/pipeline_scheduled.py
[2026-01-22T03:38:55.838+0000] {processor.py:830} INFO - Processing file /opt/airflow/dags/pipeline_scheduled.py for tasks to queue
[2026-01-22T03:38:55.840+0000] {logging_mixin.py:188} INFO - [2026-01-22T03:38:55.839+0000] {dagbag.py:545} INFO - Filling up the DagBag from /opt/airflow/dags/pipeline_scheduled.py
[2026-01-22T03:38:55.883+0000] {processor.py:840} INFO - DAG(s) 'pipeline_scheduled' retrieved from /opt/airflow/dags/pipeline_scheduled.py
[2026-01-22T03:38:55.952+0000] {logging_mixin.py:188} INFO - [2026-01-22T03:38:55.951+0000] {dag.py:3089} INFO - Sync 1 DAGs
[2026-01-22T03:38:55.993+0000] {logging_mixin.py:188} INFO - [2026-01-22T03:38:55.993+0000] {dag.py:3947} INFO - Setting next_dagrun for pipeline_scheduled to 2026-01-22 03:00:00+00:00, run_after=2026-01-22 04:00:00+00:00
[2026-01-22T03:38:56.058+0000] {processor.py:183} INFO - Processing /opt/airflow/dags/pipeline_scheduled.py took 0.235 seconds
[2026-01-22T03:39:26.276+0000] {processor.py:161} INFO - Started process (PID=53636) to work on /opt/airflow/dags/pipeline_scheduled.py
[2026-01-22T03:39:26.280+0000] {processor.py:830} INFO - Processing file /opt/airflow/dags/pipeline_scheduled.py for tasks to queue
[2026-01-22T03:39:26.282+0000] {logging_mixin.py:188} INFO - [2026-01-22T03:39:26.281+0000] {dagbag.py:545} INFO - Filling up the DagBag from /opt/airflow/dags/pipeline_scheduled.py
[2026-01-22T03:39:26.336+0000] {processor.py:840} INFO - DAG(s) 'pipeline_scheduled' retrieved from /opt/airflow/dags/pipeline_scheduled.py
[2026-01-22T03:39:26.422+0000] {logging_mixin.py:188} INFO - [2026-01-22T03:39:26.422+0000] {dag.py:3089} INFO - Sync 1 DAGs
[2026-01-22T03:39:26.468+0000] {logging_mixin.py:188} INFO - [2026-01-22T03:39:26.467+0000] {dag.py:3947} INFO - Setting next_dagrun for pipeline_scheduled to 2026-01-22 03:00:00+00:00, run_after=2026-01-22 04:00:00+00:00
[2026-01-22T03:39:26.501+0000] {processor.py:183} INFO - Processing /opt/airflow/dags/pipeline_scheduled.py took 0.288 seconds
[2026-01-22T03:39:56.942+0000] {processor.py:161} INFO - Started process (PID=53646) to work on /opt/airflow/dags/pipeline_scheduled.py
[2026-01-22T03:39:56.944+0000] {processor.py:830} INFO - Processing file /opt/airflow/dags/pipeline_scheduled.py for tasks to queue
[2026-01-22T03:39:56.946+0000] {logging_mixin.py:188} INFO - [2026-01-22T03:39:56.946+0000] {dagbag.py:545} INFO - Filling up the DagBag from /opt/airflow/dags/pipeline_scheduled.py
[2026-01-22T03:39:56.988+0000] {processor.py:840} INFO - DAG(s) 'pipeline_scheduled' retrieved from /opt/airflow/dags/pipeline_scheduled.py
[2026-01-22T03:39:57.050+0000] {logging_mixin.py:188} INFO - [2026-01-22T03:39:57.050+0000] {dag.py:3089} INFO - Sync 1 DAGs
[2026-01-22T03:39:57.090+0000] {logging_mixin.py:188} INFO - [2026-01-22T03:39:57.089+0000] {dag.py:3947} INFO - Setting next_dagrun for pipeline_scheduled to 2026-01-22 03:00:00+00:00, run_after=2026-01-22 04:00:00+00:00
[2026-01-22T03:39:57.155+0000] {processor.py:183} INFO - Processing /opt/airflow/dags/pipeline_scheduled.py took 0.227 seconds
[2026-01-22T03:40:27.327+0000] {processor.py:161} INFO - Started process (PID=53656) to work on /opt/airflow/dags/pipeline_scheduled.py
[2026-01-22T03:40:27.330+0000] {processor.py:830} INFO - Processing file /opt/airflow/dags/pipeline_scheduled.py for tasks to queue
[2026-01-22T03:40:27.332+0000] {logging_mixin.py:188} INFO - [2026-01-22T03:40:27.331+0000] {dagbag.py:545} INFO - Filling up the DagBag from /opt/airflow/dags/pipeline_scheduled.py
[2026-01-22T03:40:27.378+0000] {processor.py:840} INFO - DAG(s) 'pipeline_scheduled' retrieved from /opt/airflow/dags/pipeline_scheduled.py
[2026-01-22T03:40:27.453+0000] {logging_mixin.py:188} INFO - [2026-01-22T03:40:27.453+0000] {dag.py:3089} INFO - Sync 1 DAGs
[2026-01-22T03:40:27.504+0000] {logging_mixin.py:188} INFO - [2026-01-22T03:40:27.503+0000] {dag.py:3947} INFO - Setting next_dagrun for pipeline_scheduled to 2026-01-22 03:00:00+00:00, run_after=2026-01-22 04:00:00+00:00
[2026-01-22T03:40:27.540+0000] {processor.py:183} INFO - Processing /opt/airflow/dags/pipeline_scheduled.py took 0.227 seconds
[2026-01-22T03:40:58.009+0000] {processor.py:161} INFO - Started process (PID=53666) to work on /opt/airflow/dags/pipeline_scheduled.py
[2026-01-22T03:40:58.011+0000] {processor.py:830} INFO - Processing file /opt/airflow/dags/pipeline_scheduled.py for tasks to queue
[2026-01-22T03:40:58.013+0000] {logging_mixin.py:188} INFO - [2026-01-22T03:40:58.012+0000] {dagbag.py:545} INFO - Filling up the DagBag from /opt/airflow/dags/pipeline_scheduled.py
[2026-01-22T03:40:58.051+0000] {processor.py:840} INFO - DAG(s) 'pipeline_scheduled' retrieved from /opt/airflow/dags/pipeline_scheduled.py
[2026-01-22T03:40:58.111+0000] {logging_mixin.py:188} INFO - [2026-01-22T03:40:58.111+0000] {dag.py:3089} INFO - Sync 1 DAGs
[2026-01-22T03:40:58.149+0000] {logging_mixin.py:188} INFO - [2026-01-22T03:40:58.149+0000] {dag.py:3947} INFO - Setting next_dagrun for pipeline_scheduled to 2026-01-22 03:00:00+00:00, run_after=2026-01-22 04:00:00+00:00
[2026-01-22T03:40:58.180+0000] {processor.py:183} INFO - Processing /opt/airflow/dags/pipeline_scheduled.py took 0.184 seconds
[2026-01-22T03:41:28.695+0000] {processor.py:161} INFO - Started process (PID=53676) to work on /opt/airflow/dags/pipeline_scheduled.py
[2026-01-22T03:41:28.698+0000] {processor.py:830} INFO - Processing file /opt/airflow/dags/pipeline_scheduled.py for tasks to queue
[2026-01-22T03:41:28.700+0000] {logging_mixin.py:188} INFO - [2026-01-22T03:41:28.699+0000] {dagbag.py:545} INFO - Filling up the DagBag from /opt/airflow/dags/pipeline_scheduled.py
[2026-01-22T03:41:28.756+0000] {processor.py:840} INFO - DAG(s) 'pipeline_scheduled' retrieved from /opt/airflow/dags/pipeline_scheduled.py
[2026-01-22T03:41:28.840+0000] {logging_mixin.py:188} INFO - [2026-01-22T03:41:28.840+0000] {dag.py:3089} INFO - Sync 1 DAGs
[2026-01-22T03:41:28.884+0000] {logging_mixin.py:188} INFO - [2026-01-22T03:41:28.884+0000] {dag.py:3947} INFO - Setting next_dagrun for pipeline_scheduled to 2026-01-22 03:00:00+00:00, run_after=2026-01-22 04:00:00+00:00
[2026-01-22T03:41:28.919+0000] {processor.py:183} INFO - Processing /opt/airflow/dags/pipeline_scheduled.py took 0.281 seconds
[2026-01-22T03:41:59.358+0000] {processor.py:161} INFO - Started process (PID=53686) to work on /opt/airflow/dags/pipeline_scheduled.py
[2026-01-22T03:41:59.360+0000] {processor.py:830} INFO - Processing file /opt/airflow/dags/pipeline_scheduled.py for tasks to queue
[2026-01-22T03:41:59.362+0000] {logging_mixin.py:188} INFO - [2026-01-22T03:41:59.361+0000] {dagbag.py:545} INFO - Filling up the DagBag from /opt/airflow/dags/pipeline_scheduled.py
[2026-01-22T03:41:59.404+0000] {processor.py:840} INFO - DAG(s) 'pipeline_scheduled' retrieved from /opt/airflow/dags/pipeline_scheduled.py
[2026-01-22T03:41:59.541+0000] {logging_mixin.py:188} INFO - [2026-01-22T03:41:59.541+0000] {dag.py:3089} INFO - Sync 1 DAGs
[2026-01-22T03:41:59.586+0000] {logging_mixin.py:188} INFO - [2026-01-22T03:41:59.586+0000] {dag.py:3947} INFO - Setting next_dagrun for pipeline_scheduled to 2026-01-22 03:00:00+00:00, run_after=2026-01-22 04:00:00+00:00
[2026-01-22T03:41:59.622+0000] {processor.py:183} INFO - Processing /opt/airflow/dags/pipeline_scheduled.py took 0.279 seconds
[2026-01-22T03:42:30.046+0000] {processor.py:161} INFO - Started process (PID=53696) to work on /opt/airflow/dags/pipeline_scheduled.py
[2026-01-22T03:42:30.048+0000] {processor.py:830} INFO - Processing file /opt/airflow/dags/pipeline_scheduled.py for tasks to queue
[2026-01-22T03:42:30.050+0000] {logging_mixin.py:188} INFO - [2026-01-22T03:42:30.050+0000] {dagbag.py:545} INFO - Filling up the DagBag from /opt/airflow/dags/pipeline_scheduled.py
[2026-01-22T03:42:30.104+0000] {processor.py:840} INFO - DAG(s) 'pipeline_scheduled' retrieved from /opt/airflow/dags/pipeline_scheduled.py
[2026-01-22T03:42:30.183+0000] {logging_mixin.py:188} INFO - [2026-01-22T03:42:30.183+0000] {dag.py:3089} INFO - Sync 1 DAGs
[2026-01-22T03:42:30.225+0000] {logging_mixin.py:188} INFO - [2026-01-22T03:42:30.225+0000] {dag.py:3947} INFO - Setting next_dagrun for pipeline_scheduled to 2026-01-22 03:00:00+00:00, run_after=2026-01-22 04:00:00+00:00
[2026-01-22T03:42:30.261+0000] {processor.py:183} INFO - Processing /opt/airflow/dags/pipeline_scheduled.py took 0.228 seconds
[2026-01-22T03:43:00.678+0000] {processor.py:161} INFO - Started process (PID=53706) to work on /opt/airflow/dags/pipeline_scheduled.py
[2026-01-22T03:43:00.680+0000] {processor.py:830} INFO - Processing file /opt/airflow/dags/pipeline_scheduled.py for tasks to queue
[2026-01-22T03:43:00.681+0000] {logging_mixin.py:188} INFO - [2026-01-22T03:43:00.681+0000] {dagbag.py:545} INFO - Filling up the DagBag from /opt/airflow/dags/pipeline_scheduled.py
[2026-01-22T03:43:00.726+0000] {processor.py:840} INFO - DAG(s) 'pipeline_scheduled' retrieved from /opt/airflow/dags/pipeline_scheduled.py
[2026-01-22T03:43:00.793+0000] {logging_mixin.py:188} INFO - [2026-01-22T03:43:00.793+0000] {dag.py:3089} INFO - Sync 1 DAGs
[2026-01-22T03:43:00.834+0000] {logging_mixin.py:188} INFO - [2026-01-22T03:43:00.834+0000] {dag.py:3947} INFO - Setting next_dagrun for pipeline_scheduled to 2026-01-22 03:00:00+00:00, run_after=2026-01-22 04:00:00+00:00
[2026-01-22T03:43:00.900+0000] {processor.py:183} INFO - Processing /opt/airflow/dags/pipeline_scheduled.py took 0.237 seconds
[2026-01-22T03:43:31.074+0000] {processor.py:161} INFO - Started process (PID=53716) to work on /opt/airflow/dags/pipeline_scheduled.py
[2026-01-22T03:43:31.076+0000] {processor.py:830} INFO - Processing file /opt/airflow/dags/pipeline_scheduled.py for tasks to queue
[2026-01-22T03:43:31.077+0000] {logging_mixin.py:188} INFO - [2026-01-22T03:43:31.077+0000] {dagbag.py:545} INFO - Filling up the DagBag from /opt/airflow/dags/pipeline_scheduled.py
[2026-01-22T03:43:31.128+0000] {processor.py:840} INFO - DAG(s) 'pipeline_scheduled' retrieved from /opt/airflow/dags/pipeline_scheduled.py
[2026-01-22T03:43:31.204+0000] {logging_mixin.py:188} INFO - [2026-01-22T03:43:31.203+0000] {dag.py:3089} INFO - Sync 1 DAGs
[2026-01-22T03:43:31.255+0000] {logging_mixin.py:188} INFO - [2026-01-22T03:43:31.254+0000] {dag.py:3947} INFO - Setting next_dagrun for pipeline_scheduled to 2026-01-22 03:00:00+00:00, run_after=2026-01-22 04:00:00+00:00
[2026-01-22T03:43:31.292+0000] {processor.py:183} INFO - Processing /opt/airflow/dags/pipeline_scheduled.py took 0.234 seconds
[2026-01-22T03:44:01.745+0000] {processor.py:161} INFO - Started process (PID=53726) to work on /opt/airflow/dags/pipeline_scheduled.py
[2026-01-22T03:44:01.747+0000] {processor.py:830} INFO - Processing file /opt/airflow/dags/pipeline_scheduled.py for tasks to queue
[2026-01-22T03:44:01.749+0000] {logging_mixin.py:188} INFO - [2026-01-22T03:44:01.749+0000] {dagbag.py:545} INFO - Filling up the DagBag from /opt/airflow/dags/pipeline_scheduled.py
[2026-01-22T03:44:01.791+0000] {processor.py:840} INFO - DAG(s) 'pipeline_scheduled' retrieved from /opt/airflow/dags/pipeline_scheduled.py
[2026-01-22T03:44:01.854+0000] {logging_mixin.py:188} INFO - [2026-01-22T03:44:01.854+0000] {dag.py:3089} INFO - Sync 1 DAGs
[2026-01-22T03:44:01.892+0000] {logging_mixin.py:188} INFO - [2026-01-22T03:44:01.892+0000] {dag.py:3947} INFO - Setting next_dagrun for pipeline_scheduled to 2026-01-22 03:00:00+00:00, run_after=2026-01-22 04:00:00+00:00
[2026-01-22T03:44:01.961+0000] {processor.py:183} INFO - Processing /opt/airflow/dags/pipeline_scheduled.py took 0.231 seconds
[2026-01-22T03:44:32.174+0000] {processor.py:161} INFO - Started process (PID=53736) to work on /opt/airflow/dags/pipeline_scheduled.py
[2026-01-22T03:44:32.177+0000] {processor.py:830} INFO - Processing file /opt/airflow/dags/pipeline_scheduled.py for tasks to queue
[2026-01-22T03:44:32.179+0000] {logging_mixin.py:188} INFO - [2026-01-22T03:44:32.178+0000] {dagbag.py:545} INFO - Filling up the DagBag from /opt/airflow/dags/pipeline_scheduled.py
[2026-01-22T03:44:32.241+0000] {processor.py:840} INFO - DAG(s) 'pipeline_scheduled' retrieved from /opt/airflow/dags/pipeline_scheduled.py
[2026-01-22T03:44:32.324+0000] {logging_mixin.py:188} INFO - [2026-01-22T03:44:32.324+0000] {dag.py:3089} INFO - Sync 1 DAGs
[2026-01-22T03:44:32.370+0000] {logging_mixin.py:188} INFO - [2026-01-22T03:44:32.369+0000] {dag.py:3947} INFO - Setting next_dagrun for pipeline_scheduled to 2026-01-22 03:00:00+00:00, run_after=2026-01-22 04:00:00+00:00
[2026-01-22T03:44:32.405+0000] {processor.py:183} INFO - Processing /opt/airflow/dags/pipeline_scheduled.py took 0.292 seconds
[2026-01-22T03:45:02.908+0000] {processor.py:161} INFO - Started process (PID=53746) to work on /opt/airflow/dags/pipeline_scheduled.py
[2026-01-22T03:45:02.911+0000] {processor.py:830} INFO - Processing file /opt/airflow/dags/pipeline_scheduled.py for tasks to queue
[2026-01-22T03:45:02.912+0000] {logging_mixin.py:188} INFO - [2026-01-22T03:45:02.912+0000] {dagbag.py:545} INFO - Filling up the DagBag from /opt/airflow/dags/pipeline_scheduled.py
[2026-01-22T03:45:02.954+0000] {processor.py:840} INFO - DAG(s) 'pipeline_scheduled' retrieved from /opt/airflow/dags/pipeline_scheduled.py
[2026-01-22T03:45:03.020+0000] {logging_mixin.py:188} INFO - [2026-01-22T03:45:03.019+0000] {dag.py:3089} INFO - Sync 1 DAGs
[2026-01-22T03:45:03.062+0000] {logging_mixin.py:188} INFO - [2026-01-22T03:45:03.062+0000] {dag.py:3947} INFO - Setting next_dagrun for pipeline_scheduled to 2026-01-22 03:00:00+00:00, run_after=2026-01-22 04:00:00+00:00
[2026-01-22T03:45:03.127+0000] {processor.py:183} INFO - Processing /opt/airflow/dags/pipeline_scheduled.py took 0.230 seconds
[2026-01-22T03:45:33.307+0000] {processor.py:161} INFO - Started process (PID=53756) to work on /opt/airflow/dags/pipeline_scheduled.py
[2026-01-22T03:45:33.310+0000] {processor.py:830} INFO - Processing file /opt/airflow/dags/pipeline_scheduled.py for tasks to queue
[2026-01-22T03:45:33.316+0000] {logging_mixin.py:188} INFO - [2026-01-22T03:45:33.315+0000] {dagbag.py:545} INFO - Filling up the DagBag from /opt/airflow/dags/pipeline_scheduled.py
[2026-01-22T03:45:33.361+0000] {processor.py:840} INFO - DAG(s) 'pipeline_scheduled' retrieved from /opt/airflow/dags/pipeline_scheduled.py
[2026-01-22T03:45:33.431+0000] {logging_mixin.py:188} INFO - [2026-01-22T03:45:33.431+0000] {dag.py:3089} INFO - Sync 1 DAGs
[2026-01-22T03:45:33.475+0000] {logging_mixin.py:188} INFO - [2026-01-22T03:45:33.474+0000] {dag.py:3947} INFO - Setting next_dagrun for pipeline_scheduled to 2026-01-22 03:00:00+00:00, run_after=2026-01-22 04:00:00+00:00
[2026-01-22T03:45:33.510+0000] {processor.py:183} INFO - Processing /opt/airflow/dags/pipeline_scheduled.py took 0.222 seconds
[2026-01-22T03:46:04.000+0000] {processor.py:161} INFO - Started process (PID=53766) to work on /opt/airflow/dags/pipeline_scheduled.py
[2026-01-22T03:46:04.002+0000] {processor.py:830} INFO - Processing file /opt/airflow/dags/pipeline_scheduled.py for tasks to queue
[2026-01-22T03:46:04.004+0000] {logging_mixin.py:188} INFO - [2026-01-22T03:46:04.003+0000] {dagbag.py:545} INFO - Filling up the DagBag from /opt/airflow/dags/pipeline_scheduled.py
[2026-01-22T03:46:04.047+0000] {processor.py:840} INFO - DAG(s) 'pipeline_scheduled' retrieved from /opt/airflow/dags/pipeline_scheduled.py
[2026-01-22T03:46:04.116+0000] {logging_mixin.py:188} INFO - [2026-01-22T03:46:04.115+0000] {dag.py:3089} INFO - Sync 1 DAGs
[2026-01-22T03:46:04.156+0000] {logging_mixin.py:188} INFO - [2026-01-22T03:46:04.155+0000] {dag.py:3947} INFO - Setting next_dagrun for pipeline_scheduled to 2026-01-22 03:00:00+00:00, run_after=2026-01-22 04:00:00+00:00
[2026-01-22T03:46:04.193+0000] {processor.py:183} INFO - Processing /opt/airflow/dags/pipeline_scheduled.py took 0.205 seconds
[2026-01-22T03:46:34.371+0000] {processor.py:161} INFO - Started process (PID=53776) to work on /opt/airflow/dags/pipeline_scheduled.py
[2026-01-22T03:46:34.373+0000] {processor.py:830} INFO - Processing file /opt/airflow/dags/pipeline_scheduled.py for tasks to queue
[2026-01-22T03:46:34.375+0000] {logging_mixin.py:188} INFO - [2026-01-22T03:46:34.374+0000] {dagbag.py:545} INFO - Filling up the DagBag from /opt/airflow/dags/pipeline_scheduled.py
[2026-01-22T03:46:34.418+0000] {processor.py:840} INFO - DAG(s) 'pipeline_scheduled' retrieved from /opt/airflow/dags/pipeline_scheduled.py
[2026-01-22T03:46:34.489+0000] {logging_mixin.py:188} INFO - [2026-01-22T03:46:34.488+0000] {dag.py:3089} INFO - Sync 1 DAGs
[2026-01-22T03:46:34.529+0000] {logging_mixin.py:188} INFO - [2026-01-22T03:46:34.528+0000] {dag.py:3947} INFO - Setting next_dagrun for pipeline_scheduled to 2026-01-22 03:00:00+00:00, run_after=2026-01-22 04:00:00+00:00
[2026-01-22T03:46:34.562+0000] {processor.py:183} INFO - Processing /opt/airflow/dags/pipeline_scheduled.py took 0.204 seconds
[2026-01-22T03:47:04.993+0000] {processor.py:161} INFO - Started process (PID=53786) to work on /opt/airflow/dags/pipeline_scheduled.py
[2026-01-22T03:47:04.995+0000] {processor.py:830} INFO - Processing file /opt/airflow/dags/pipeline_scheduled.py for tasks to queue
[2026-01-22T03:47:04.997+0000] {logging_mixin.py:188} INFO - [2026-01-22T03:47:04.996+0000] {dagbag.py:545} INFO - Filling up the DagBag from /opt/airflow/dags/pipeline_scheduled.py
[2026-01-22T03:47:05.038+0000] {processor.py:840} INFO - DAG(s) 'pipeline_scheduled' retrieved from /opt/airflow/dags/pipeline_scheduled.py
[2026-01-22T03:47:05.106+0000] {logging_mixin.py:188} INFO - [2026-01-22T03:47:05.105+0000] {dag.py:3089} INFO - Sync 1 DAGs
[2026-01-22T03:47:05.146+0000] {logging_mixin.py:188} INFO - [2026-01-22T03:47:05.145+0000] {dag.py:3947} INFO - Setting next_dagrun for pipeline_scheduled to 2026-01-22 03:00:00+00:00, run_after=2026-01-22 04:00:00+00:00
[2026-01-22T03:47:05.233+0000] {processor.py:183} INFO - Processing /opt/airflow/dags/pipeline_scheduled.py took 0.254 seconds
[2026-01-22T03:47:35.418+0000] {processor.py:161} INFO - Started process (PID=53796) to work on /opt/airflow/dags/pipeline_scheduled.py
[2026-01-22T03:47:35.423+0000] {processor.py:830} INFO - Processing file /opt/airflow/dags/pipeline_scheduled.py for tasks to queue
[2026-01-22T03:47:35.425+0000] {logging_mixin.py:188} INFO - [2026-01-22T03:47:35.424+0000] {dagbag.py:545} INFO - Filling up the DagBag from /opt/airflow/dags/pipeline_scheduled.py
[2026-01-22T03:47:35.482+0000] {processor.py:840} INFO - DAG(s) 'pipeline_scheduled' retrieved from /opt/airflow/dags/pipeline_scheduled.py
[2026-01-22T03:47:35.563+0000] {logging_mixin.py:188} INFO - [2026-01-22T03:47:35.562+0000] {dag.py:3089} INFO - Sync 1 DAGs
[2026-01-22T03:47:35.607+0000] {logging_mixin.py:188} INFO - [2026-01-22T03:47:35.607+0000] {dag.py:3947} INFO - Setting next_dagrun for pipeline_scheduled to 2026-01-22 03:00:00+00:00, run_after=2026-01-22 04:00:00+00:00
[2026-01-22T03:47:35.642+0000] {processor.py:183} INFO - Processing /opt/airflow/dags/pipeline_scheduled.py took 0.262 seconds
[2026-01-22T03:48:06.056+0000] {processor.py:161} INFO - Started process (PID=53806) to work on /opt/airflow/dags/pipeline_scheduled.py
[2026-01-22T03:48:06.058+0000] {processor.py:830} INFO - Processing file /opt/airflow/dags/pipeline_scheduled.py for tasks to queue
[2026-01-22T03:48:06.060+0000] {logging_mixin.py:188} INFO - [2026-01-22T03:48:06.060+0000] {dagbag.py:545} INFO - Filling up the DagBag from /opt/airflow/dags/pipeline_scheduled.py
[2026-01-22T03:48:06.105+0000] {processor.py:840} INFO - DAG(s) 'pipeline_scheduled' retrieved from /opt/airflow/dags/pipeline_scheduled.py
[2026-01-22T03:48:06.238+0000] {logging_mixin.py:188} INFO - [2026-01-22T03:48:06.237+0000] {dag.py:3089} INFO - Sync 1 DAGs
[2026-01-22T03:48:06.276+0000] {logging_mixin.py:188} INFO - [2026-01-22T03:48:06.276+0000] {dag.py:3947} INFO - Setting next_dagrun for pipeline_scheduled to 2026-01-22 03:00:00+00:00, run_after=2026-01-22 04:00:00+00:00
[2026-01-22T03:48:06.309+0000] {processor.py:183} INFO - Processing /opt/airflow/dags/pipeline_scheduled.py took 0.265 seconds
[2026-01-22T03:48:36.659+0000] {processor.py:161} INFO - Started process (PID=53816) to work on /opt/airflow/dags/pipeline_scheduled.py
[2026-01-22T03:48:36.661+0000] {processor.py:830} INFO - Processing file /opt/airflow/dags/pipeline_scheduled.py for tasks to queue
[2026-01-22T03:48:36.662+0000] {logging_mixin.py:188} INFO - [2026-01-22T03:48:36.662+0000] {dagbag.py:545} INFO - Filling up the DagBag from /opt/airflow/dags/pipeline_scheduled.py
[2026-01-22T03:48:36.705+0000] {processor.py:840} INFO - DAG(s) 'pipeline_scheduled' retrieved from /opt/airflow/dags/pipeline_scheduled.py
[2026-01-22T03:48:36.770+0000] {logging_mixin.py:188} INFO - [2026-01-22T03:48:36.770+0000] {dag.py:3089} INFO - Sync 1 DAGs
[2026-01-22T03:48:36.811+0000] {logging_mixin.py:188} INFO - [2026-01-22T03:48:36.810+0000] {dag.py:3947} INFO - Setting next_dagrun for pipeline_scheduled to 2026-01-22 03:00:00+00:00, run_after=2026-01-22 04:00:00+00:00
[2026-01-22T03:48:36.876+0000] {processor.py:183} INFO - Processing /opt/airflow/dags/pipeline_scheduled.py took 0.229 seconds
[2026-01-22T03:49:07.060+0000] {processor.py:161} INFO - Started process (PID=53826) to work on /opt/airflow/dags/pipeline_scheduled.py
[2026-01-22T03:49:07.062+0000] {processor.py:830} INFO - Processing file /opt/airflow/dags/pipeline_scheduled.py for tasks to queue
[2026-01-22T03:49:07.065+0000] {logging_mixin.py:188} INFO - [2026-01-22T03:49:07.064+0000] {dagbag.py:545} INFO - Filling up the DagBag from /opt/airflow/dags/pipeline_scheduled.py
[2026-01-22T03:49:07.116+0000] {processor.py:840} INFO - DAG(s) 'pipeline_scheduled' retrieved from /opt/airflow/dags/pipeline_scheduled.py
[2026-01-22T03:49:07.189+0000] {logging_mixin.py:188} INFO - [2026-01-22T03:49:07.189+0000] {dag.py:3089} INFO - Sync 1 DAGs
[2026-01-22T03:49:07.238+0000] {logging_mixin.py:188} INFO - [2026-01-22T03:49:07.238+0000] {dag.py:3947} INFO - Setting next_dagrun for pipeline_scheduled to 2026-01-22 03:00:00+00:00, run_after=2026-01-22 04:00:00+00:00
[2026-01-22T03:49:07.275+0000] {processor.py:183} INFO - Processing /opt/airflow/dags/pipeline_scheduled.py took 0.231 seconds
[2026-01-22T03:49:37.658+0000] {processor.py:161} INFO - Started process (PID=53836) to work on /opt/airflow/dags/pipeline_scheduled.py
[2026-01-22T03:49:37.660+0000] {processor.py:830} INFO - Processing file /opt/airflow/dags/pipeline_scheduled.py for tasks to queue
[2026-01-22T03:49:37.662+0000] {logging_mixin.py:188} INFO - [2026-01-22T03:49:37.662+0000] {dagbag.py:545} INFO - Filling up the DagBag from /opt/airflow/dags/pipeline_scheduled.py
[2026-01-22T03:49:37.716+0000] {processor.py:840} INFO - DAG(s) 'pipeline_scheduled' retrieved from /opt/airflow/dags/pipeline_scheduled.py
[2026-01-22T03:49:37.798+0000] {logging_mixin.py:188} INFO - [2026-01-22T03:49:37.798+0000] {dag.py:3089} INFO - Sync 1 DAGs
[2026-01-22T03:49:37.839+0000] {logging_mixin.py:188} INFO - [2026-01-22T03:49:37.839+0000] {dag.py:3947} INFO - Setting next_dagrun for pipeline_scheduled to 2026-01-22 03:00:00+00:00, run_after=2026-01-22 04:00:00+00:00
[2026-01-22T03:49:37.873+0000] {processor.py:183} INFO - Processing /opt/airflow/dags/pipeline_scheduled.py took 0.230 seconds
[2026-01-22T03:50:08.312+0000] {processor.py:161} INFO - Started process (PID=53846) to work on /opt/airflow/dags/pipeline_scheduled.py
[2026-01-22T03:50:08.314+0000] {processor.py:830} INFO - Processing file /opt/airflow/dags/pipeline_scheduled.py for tasks to queue
[2026-01-22T03:50:08.316+0000] {logging_mixin.py:188} INFO - [2026-01-22T03:50:08.316+0000] {dagbag.py:545} INFO - Filling up the DagBag from /opt/airflow/dags/pipeline_scheduled.py
[2026-01-22T03:50:08.361+0000] {processor.py:840} INFO - DAG(s) 'pipeline_scheduled' retrieved from /opt/airflow/dags/pipeline_scheduled.py
[2026-01-22T03:50:08.428+0000] {logging_mixin.py:188} INFO - [2026-01-22T03:50:08.427+0000] {dag.py:3089} INFO - Sync 1 DAGs
[2026-01-22T03:50:08.467+0000] {logging_mixin.py:188} INFO - [2026-01-22T03:50:08.467+0000] {dag.py:3947} INFO - Setting next_dagrun for pipeline_scheduled to 2026-01-22 03:00:00+00:00, run_after=2026-01-22 04:00:00+00:00
[2026-01-22T03:50:08.533+0000] {processor.py:183} INFO - Processing /opt/airflow/dags/pipeline_scheduled.py took 0.235 seconds
[2026-01-22T03:50:38.743+0000] {processor.py:161} INFO - Started process (PID=53856) to work on /opt/airflow/dags/pipeline_scheduled.py
[2026-01-22T03:50:38.746+0000] {processor.py:830} INFO - Processing file /opt/airflow/dags/pipeline_scheduled.py for tasks to queue
[2026-01-22T03:50:38.752+0000] {logging_mixin.py:188} INFO - [2026-01-22T03:50:38.750+0000] {dagbag.py:545} INFO - Filling up the DagBag from /opt/airflow/dags/pipeline_scheduled.py
[2026-01-22T03:50:38.808+0000] {processor.py:840} INFO - DAG(s) 'pipeline_scheduled' retrieved from /opt/airflow/dags/pipeline_scheduled.py
[2026-01-22T03:50:38.898+0000] {logging_mixin.py:188} INFO - [2026-01-22T03:50:38.898+0000] {dag.py:3089} INFO - Sync 1 DAGs
[2026-01-22T03:50:38.943+0000] {logging_mixin.py:188} INFO - [2026-01-22T03:50:38.943+0000] {dag.py:3947} INFO - Setting next_dagrun for pipeline_scheduled to 2026-01-22 03:00:00+00:00, run_after=2026-01-22 04:00:00+00:00
[2026-01-22T03:50:38.978+0000] {processor.py:183} INFO - Processing /opt/airflow/dags/pipeline_scheduled.py took 0.296 seconds
[2026-01-22T03:51:09.482+0000] {processor.py:161} INFO - Started process (PID=53866) to work on /opt/airflow/dags/pipeline_scheduled.py
[2026-01-22T03:51:09.483+0000] {processor.py:830} INFO - Processing file /opt/airflow/dags/pipeline_scheduled.py for tasks to queue
[2026-01-22T03:51:09.485+0000] {logging_mixin.py:188} INFO - [2026-01-22T03:51:09.485+0000] {dagbag.py:545} INFO - Filling up the DagBag from /opt/airflow/dags/pipeline_scheduled.py
[2026-01-22T03:51:09.531+0000] {processor.py:840} INFO - DAG(s) 'pipeline_scheduled' retrieved from /opt/airflow/dags/pipeline_scheduled.py
[2026-01-22T03:51:09.597+0000] {logging_mixin.py:188} INFO - [2026-01-22T03:51:09.597+0000] {dag.py:3089} INFO - Sync 1 DAGs
[2026-01-22T03:51:09.637+0000] {logging_mixin.py:188} INFO - [2026-01-22T03:51:09.636+0000] {dag.py:3947} INFO - Setting next_dagrun for pipeline_scheduled to 2026-01-22 03:00:00+00:00, run_after=2026-01-22 04:00:00+00:00
[2026-01-22T03:51:09.670+0000] {processor.py:183} INFO - Processing /opt/airflow/dags/pipeline_scheduled.py took 0.200 seconds
[2026-01-22T03:51:40.122+0000] {processor.py:161} INFO - Started process (PID=53876) to work on /opt/airflow/dags/pipeline_scheduled.py
[2026-01-22T03:51:40.124+0000] {processor.py:830} INFO - Processing file /opt/airflow/dags/pipeline_scheduled.py for tasks to queue
[2026-01-22T03:51:40.125+0000] {logging_mixin.py:188} INFO - [2026-01-22T03:51:40.125+0000] {dagbag.py:545} INFO - Filling up the DagBag from /opt/airflow/dags/pipeline_scheduled.py
[2026-01-22T03:51:40.171+0000] {processor.py:840} INFO - DAG(s) 'pipeline_scheduled' retrieved from /opt/airflow/dags/pipeline_scheduled.py
[2026-01-22T03:51:40.243+0000] {logging_mixin.py:188} INFO - [2026-01-22T03:51:40.242+0000] {dag.py:3089} INFO - Sync 1 DAGs
[2026-01-22T03:51:40.283+0000] {logging_mixin.py:188} INFO - [2026-01-22T03:51:40.283+0000] {dag.py:3947} INFO - Setting next_dagrun for pipeline_scheduled to 2026-01-22 03:00:00+00:00, run_after=2026-01-22 04:00:00+00:00
[2026-01-22T03:51:40.334+0000] {processor.py:183} INFO - Processing /opt/airflow/dags/pipeline_scheduled.py took 0.223 seconds
[2026-01-22T03:52:10.516+0000] {processor.py:161} INFO - Started process (PID=53886) to work on /opt/airflow/dags/pipeline_scheduled.py
[2026-01-22T03:52:10.518+0000] {processor.py:830} INFO - Processing file /opt/airflow/dags/pipeline_scheduled.py for tasks to queue
[2026-01-22T03:52:10.520+0000] {logging_mixin.py:188} INFO - [2026-01-22T03:52:10.520+0000] {dagbag.py:545} INFO - Filling up the DagBag from /opt/airflow/dags/pipeline_scheduled.py
[2026-01-22T03:52:10.565+0000] {processor.py:840} INFO - DAG(s) 'pipeline_scheduled' retrieved from /opt/airflow/dags/pipeline_scheduled.py
[2026-01-22T03:52:10.633+0000] {logging_mixin.py:188} INFO - [2026-01-22T03:52:10.633+0000] {dag.py:3089} INFO - Sync 1 DAGs
[2026-01-22T03:52:10.675+0000] {logging_mixin.py:188} INFO - [2026-01-22T03:52:10.675+0000] {dag.py:3947} INFO - Setting next_dagrun for pipeline_scheduled to 2026-01-22 03:00:00+00:00, run_after=2026-01-22 04:00:00+00:00
[2026-01-22T03:52:10.750+0000] {processor.py:183} INFO - Processing /opt/airflow/dags/pipeline_scheduled.py took 0.249 seconds
[2026-01-22T03:52:41.226+0000] {processor.py:161} INFO - Started process (PID=53896) to work on /opt/airflow/dags/pipeline_scheduled.py
[2026-01-22T03:52:41.229+0000] {processor.py:830} INFO - Processing file /opt/airflow/dags/pipeline_scheduled.py for tasks to queue
[2026-01-22T03:52:41.233+0000] {logging_mixin.py:188} INFO - [2026-01-22T03:52:41.232+0000] {dagbag.py:545} INFO - Filling up the DagBag from /opt/airflow/dags/pipeline_scheduled.py
[2026-01-22T03:52:41.285+0000] {processor.py:840} INFO - DAG(s) 'pipeline_scheduled' retrieved from /opt/airflow/dags/pipeline_scheduled.py
[2026-01-22T03:52:41.366+0000] {logging_mixin.py:188} INFO - [2026-01-22T03:52:41.365+0000] {dag.py:3089} INFO - Sync 1 DAGs
[2026-01-22T03:52:41.412+0000] {logging_mixin.py:188} INFO - [2026-01-22T03:52:41.411+0000] {dag.py:3947} INFO - Setting next_dagrun for pipeline_scheduled to 2026-01-22 03:00:00+00:00, run_after=2026-01-22 04:00:00+00:00
[2026-01-22T03:52:41.444+0000] {processor.py:183} INFO - Processing /opt/airflow/dags/pipeline_scheduled.py took 0.279 seconds
[2026-01-22T03:53:11.885+0000] {processor.py:161} INFO - Started process (PID=53906) to work on /opt/airflow/dags/pipeline_scheduled.py
[2026-01-22T03:53:11.887+0000] {processor.py:830} INFO - Processing file /opt/airflow/dags/pipeline_scheduled.py for tasks to queue
[2026-01-22T03:53:11.889+0000] {logging_mixin.py:188} INFO - [2026-01-22T03:53:11.888+0000] {dagbag.py:545} INFO - Filling up the DagBag from /opt/airflow/dags/pipeline_scheduled.py
[2026-01-22T03:53:11.933+0000] {processor.py:840} INFO - DAG(s) 'pipeline_scheduled' retrieved from /opt/airflow/dags/pipeline_scheduled.py
[2026-01-22T03:53:11.999+0000] {logging_mixin.py:188} INFO - [2026-01-22T03:53:11.999+0000] {dag.py:3089} INFO - Sync 1 DAGs
[2026-01-22T03:53:12.041+0000] {logging_mixin.py:188} INFO - [2026-01-22T03:53:12.041+0000] {dag.py:3947} INFO - Setting next_dagrun for pipeline_scheduled to 2026-01-22 03:00:00+00:00, run_after=2026-01-22 04:00:00+00:00
[2026-01-22T03:53:12.128+0000] {processor.py:183} INFO - Processing /opt/airflow/dags/pipeline_scheduled.py took 0.254 seconds
[2026-01-22T03:53:42.631+0000] {processor.py:161} INFO - Started process (PID=53916) to work on /opt/airflow/dags/pipeline_scheduled.py
[2026-01-22T03:53:42.633+0000] {processor.py:830} INFO - Processing file /opt/airflow/dags/pipeline_scheduled.py for tasks to queue
[2026-01-22T03:53:42.635+0000] {logging_mixin.py:188} INFO - [2026-01-22T03:53:42.634+0000] {dagbag.py:545} INFO - Filling up the DagBag from /opt/airflow/dags/pipeline_scheduled.py
[2026-01-22T03:53:42.690+0000] {processor.py:840} INFO - DAG(s) 'pipeline_scheduled' retrieved from /opt/airflow/dags/pipeline_scheduled.py
[2026-01-22T03:53:42.772+0000] {logging_mixin.py:188} INFO - [2026-01-22T03:53:42.771+0000] {dag.py:3089} INFO - Sync 1 DAGs
[2026-01-22T03:53:42.815+0000] {logging_mixin.py:188} INFO - [2026-01-22T03:53:42.815+0000] {dag.py:3947} INFO - Setting next_dagrun for pipeline_scheduled to 2026-01-22 03:00:00+00:00, run_after=2026-01-22 04:00:00+00:00
[2026-01-22T03:53:42.848+0000] {processor.py:183} INFO - Processing /opt/airflow/dags/pipeline_scheduled.py took 0.271 seconds
[2026-01-22T03:54:13.283+0000] {processor.py:161} INFO - Started process (PID=53926) to work on /opt/airflow/dags/pipeline_scheduled.py
[2026-01-22T03:54:13.285+0000] {processor.py:830} INFO - Processing file /opt/airflow/dags/pipeline_scheduled.py for tasks to queue
[2026-01-22T03:54:13.287+0000] {logging_mixin.py:188} INFO - [2026-01-22T03:54:13.286+0000] {dagbag.py:545} INFO - Filling up the DagBag from /opt/airflow/dags/pipeline_scheduled.py
[2026-01-22T03:54:13.328+0000] {processor.py:840} INFO - DAG(s) 'pipeline_scheduled' retrieved from /opt/airflow/dags/pipeline_scheduled.py
[2026-01-22T03:54:13.398+0000] {logging_mixin.py:188} INFO - [2026-01-22T03:54:13.397+0000] {dag.py:3089} INFO - Sync 1 DAGs
[2026-01-22T03:54:13.438+0000] {logging_mixin.py:188} INFO - [2026-01-22T03:54:13.438+0000] {dag.py:3947} INFO - Setting next_dagrun for pipeline_scheduled to 2026-01-22 03:00:00+00:00, run_after=2026-01-22 04:00:00+00:00
[2026-01-22T03:54:13.506+0000] {processor.py:183} INFO - Processing /opt/airflow/dags/pipeline_scheduled.py took 0.237 seconds
[2026-01-22T03:54:43.703+0000] {processor.py:161} INFO - Started process (PID=53936) to work on /opt/airflow/dags/pipeline_scheduled.py
[2026-01-22T03:54:43.705+0000] {processor.py:830} INFO - Processing file /opt/airflow/dags/pipeline_scheduled.py for tasks to queue
[2026-01-22T03:54:43.707+0000] {logging_mixin.py:188} INFO - [2026-01-22T03:54:43.707+0000] {dagbag.py:545} INFO - Filling up the DagBag from /opt/airflow/dags/pipeline_scheduled.py
[2026-01-22T03:54:43.761+0000] {processor.py:840} INFO - DAG(s) 'pipeline_scheduled' retrieved from /opt/airflow/dags/pipeline_scheduled.py
[2026-01-22T03:54:43.839+0000] {logging_mixin.py:188} INFO - [2026-01-22T03:54:43.839+0000] {dag.py:3089} INFO - Sync 1 DAGs
[2026-01-22T03:54:43.878+0000] {logging_mixin.py:188} INFO - [2026-01-22T03:54:43.877+0000] {dag.py:3947} INFO - Setting next_dagrun for pipeline_scheduled to 2026-01-22 03:00:00+00:00, run_after=2026-01-22 04:00:00+00:00
[2026-01-22T03:54:43.909+0000] {processor.py:183} INFO - Processing /opt/airflow/dags/pipeline_scheduled.py took 0.262 seconds
[2026-01-22T03:55:14.336+0000] {processor.py:161} INFO - Started process (PID=53946) to work on /opt/airflow/dags/pipeline_scheduled.py
[2026-01-22T03:55:14.338+0000] {processor.py:830} INFO - Processing file /opt/airflow/dags/pipeline_scheduled.py for tasks to queue
[2026-01-22T03:55:14.340+0000] {logging_mixin.py:188} INFO - [2026-01-22T03:55:14.339+0000] {dagbag.py:545} INFO - Filling up the DagBag from /opt/airflow/dags/pipeline_scheduled.py
[2026-01-22T03:55:14.387+0000] {processor.py:840} INFO - DAG(s) 'pipeline_scheduled' retrieved from /opt/airflow/dags/pipeline_scheduled.py
[2026-01-22T03:55:14.455+0000] {logging_mixin.py:188} INFO - [2026-01-22T03:55:14.455+0000] {dag.py:3089} INFO - Sync 1 DAGs
[2026-01-22T03:55:14.500+0000] {logging_mixin.py:188} INFO - [2026-01-22T03:55:14.500+0000] {dag.py:3947} INFO - Setting next_dagrun for pipeline_scheduled to 2026-01-22 03:00:00+00:00, run_after=2026-01-22 04:00:00+00:00
[2026-01-22T03:55:14.564+0000] {processor.py:183} INFO - Processing /opt/airflow/dags/pipeline_scheduled.py took 0.242 seconds
[2026-01-22T03:55:44.771+0000] {processor.py:161} INFO - Started process (PID=53956) to work on /opt/airflow/dags/pipeline_scheduled.py
[2026-01-22T03:55:44.773+0000] {processor.py:830} INFO - Processing file /opt/airflow/dags/pipeline_scheduled.py for tasks to queue
[2026-01-22T03:55:44.775+0000] {logging_mixin.py:188} INFO - [2026-01-22T03:55:44.774+0000] {dagbag.py:545} INFO - Filling up the DagBag from /opt/airflow/dags/pipeline_scheduled.py
[2026-01-22T03:55:44.835+0000] {processor.py:840} INFO - DAG(s) 'pipeline_scheduled' retrieved from /opt/airflow/dags/pipeline_scheduled.py
[2026-01-22T03:55:44.916+0000] {logging_mixin.py:188} INFO - [2026-01-22T03:55:44.915+0000] {dag.py:3089} INFO - Sync 1 DAGs
[2026-01-22T03:55:44.955+0000] {logging_mixin.py:188} INFO - [2026-01-22T03:55:44.954+0000] {dag.py:3947} INFO - Setting next_dagrun for pipeline_scheduled to 2026-01-22 03:00:00+00:00, run_after=2026-01-22 04:00:00+00:00
[2026-01-22T03:55:44.992+0000] {processor.py:183} INFO - Processing /opt/airflow/dags/pipeline_scheduled.py took 0.282 seconds
[2026-01-22T03:56:15.498+0000] {processor.py:161} INFO - Started process (PID=53966) to work on /opt/airflow/dags/pipeline_scheduled.py
[2026-01-22T03:56:15.500+0000] {processor.py:830} INFO - Processing file /opt/airflow/dags/pipeline_scheduled.py for tasks to queue
[2026-01-22T03:56:15.502+0000] {logging_mixin.py:188} INFO - [2026-01-22T03:56:15.501+0000] {dagbag.py:545} INFO - Filling up the DagBag from /opt/airflow/dags/pipeline_scheduled.py
[2026-01-22T03:56:15.543+0000] {processor.py:840} INFO - DAG(s) 'pipeline_scheduled' retrieved from /opt/airflow/dags/pipeline_scheduled.py
[2026-01-22T03:56:15.614+0000] {logging_mixin.py:188} INFO - [2026-01-22T03:56:15.613+0000] {dag.py:3089} INFO - Sync 1 DAGs
[2026-01-22T03:56:15.668+0000] {logging_mixin.py:188} INFO - [2026-01-22T03:56:15.668+0000] {dag.py:3947} INFO - Setting next_dagrun for pipeline_scheduled to 2026-01-22 03:00:00+00:00, run_after=2026-01-22 04:00:00+00:00
[2026-01-22T03:56:15.724+0000] {processor.py:183} INFO - Processing /opt/airflow/dags/pipeline_scheduled.py took 0.239 seconds
[2026-01-22T03:56:45.893+0000] {processor.py:161} INFO - Started process (PID=53976) to work on /opt/airflow/dags/pipeline_scheduled.py
[2026-01-22T03:56:45.895+0000] {processor.py:830} INFO - Processing file /opt/airflow/dags/pipeline_scheduled.py for tasks to queue
[2026-01-22T03:56:45.896+0000] {logging_mixin.py:188} INFO - [2026-01-22T03:56:45.896+0000] {dagbag.py:545} INFO - Filling up the DagBag from /opt/airflow/dags/pipeline_scheduled.py
[2026-01-22T03:56:45.939+0000] {processor.py:840} INFO - DAG(s) 'pipeline_scheduled' retrieved from /opt/airflow/dags/pipeline_scheduled.py
[2026-01-22T03:56:46.007+0000] {logging_mixin.py:188} INFO - [2026-01-22T03:56:46.006+0000] {dag.py:3089} INFO - Sync 1 DAGs
[2026-01-22T03:56:46.046+0000] {logging_mixin.py:188} INFO - [2026-01-22T03:56:46.046+0000] {dag.py:3947} INFO - Setting next_dagrun for pipeline_scheduled to 2026-01-22 03:00:00+00:00, run_after=2026-01-22 04:00:00+00:00
[2026-01-22T03:56:46.113+0000] {processor.py:183} INFO - Processing /opt/airflow/dags/pipeline_scheduled.py took 0.232 seconds
[2026-01-22T03:57:16.464+0000] {processor.py:161} INFO - Started process (PID=53986) to work on /opt/airflow/dags/pipeline_scheduled.py
[2026-01-22T03:57:16.466+0000] {processor.py:830} INFO - Processing file /opt/airflow/dags/pipeline_scheduled.py for tasks to queue
[2026-01-22T03:57:16.468+0000] {logging_mixin.py:188} INFO - [2026-01-22T03:57:16.467+0000] {dagbag.py:545} INFO - Filling up the DagBag from /opt/airflow/dags/pipeline_scheduled.py
[2026-01-22T03:57:16.513+0000] {processor.py:840} INFO - DAG(s) 'pipeline_scheduled' retrieved from /opt/airflow/dags/pipeline_scheduled.py
[2026-01-22T03:57:16.579+0000] {logging_mixin.py:188} INFO - [2026-01-22T03:57:16.579+0000] {dag.py:3089} INFO - Sync 1 DAGs
[2026-01-22T03:57:16.621+0000] {logging_mixin.py:188} INFO - [2026-01-22T03:57:16.621+0000] {dag.py:3947} INFO - Setting next_dagrun for pipeline_scheduled to 2026-01-22 03:00:00+00:00, run_after=2026-01-22 04:00:00+00:00
[2026-01-22T03:57:16.655+0000] {processor.py:183} INFO - Processing /opt/airflow/dags/pipeline_scheduled.py took 0.203 seconds
[2026-01-22T03:57:47.082+0000] {processor.py:161} INFO - Started process (PID=53996) to work on /opt/airflow/dags/pipeline_scheduled.py
[2026-01-22T03:57:47.084+0000] {processor.py:830} INFO - Processing file /opt/airflow/dags/pipeline_scheduled.py for tasks to queue
[2026-01-22T03:57:47.086+0000] {logging_mixin.py:188} INFO - [2026-01-22T03:57:47.085+0000] {dagbag.py:545} INFO - Filling up the DagBag from /opt/airflow/dags/pipeline_scheduled.py
[2026-01-22T03:57:47.127+0000] {processor.py:840} INFO - DAG(s) 'pipeline_scheduled' retrieved from /opt/airflow/dags/pipeline_scheduled.py
[2026-01-22T03:57:47.192+0000] {logging_mixin.py:188} INFO - [2026-01-22T03:57:47.192+0000] {dag.py:3089} INFO - Sync 1 DAGs
[2026-01-22T03:57:47.233+0000] {logging_mixin.py:188} INFO - [2026-01-22T03:57:47.233+0000] {dag.py:3947} INFO - Setting next_dagrun for pipeline_scheduled to 2026-01-22 03:00:00+00:00, run_after=2026-01-22 04:00:00+00:00
[2026-01-22T03:57:47.283+0000] {processor.py:183} INFO - Processing /opt/airflow/dags/pipeline_scheduled.py took 0.214 seconds
[2026-01-22T03:58:17.585+0000] {processor.py:161} INFO - Started process (PID=54006) to work on /opt/airflow/dags/pipeline_scheduled.py
[2026-01-22T03:58:17.587+0000] {processor.py:830} INFO - Processing file /opt/airflow/dags/pipeline_scheduled.py for tasks to queue
[2026-01-22T03:58:17.589+0000] {logging_mixin.py:188} INFO - [2026-01-22T03:58:17.588+0000] {dagbag.py:545} INFO - Filling up the DagBag from /opt/airflow/dags/pipeline_scheduled.py
[2026-01-22T03:58:17.632+0000] {processor.py:840} INFO - DAG(s) 'pipeline_scheduled' retrieved from /opt/airflow/dags/pipeline_scheduled.py
[2026-01-22T03:58:17.698+0000] {logging_mixin.py:188} INFO - [2026-01-22T03:58:17.698+0000] {dag.py:3089} INFO - Sync 1 DAGs
[2026-01-22T03:58:17.739+0000] {logging_mixin.py:188} INFO - [2026-01-22T03:58:17.739+0000] {dag.py:3947} INFO - Setting next_dagrun for pipeline_scheduled to 2026-01-22 03:00:00+00:00, run_after=2026-01-22 04:00:00+00:00
[2026-01-22T03:58:17.773+0000] {processor.py:183} INFO - Processing /opt/airflow/dags/pipeline_scheduled.py took 0.201 seconds
[2026-01-22T03:58:48.197+0000] {processor.py:161} INFO - Started process (PID=54016) to work on /opt/airflow/dags/pipeline_scheduled.py
[2026-01-22T03:58:48.199+0000] {processor.py:830} INFO - Processing file /opt/airflow/dags/pipeline_scheduled.py for tasks to queue
[2026-01-22T03:58:48.200+0000] {logging_mixin.py:188} INFO - [2026-01-22T03:58:48.200+0000] {dagbag.py:545} INFO - Filling up the DagBag from /opt/airflow/dags/pipeline_scheduled.py
[2026-01-22T03:58:48.241+0000] {processor.py:840} INFO - DAG(s) 'pipeline_scheduled' retrieved from /opt/airflow/dags/pipeline_scheduled.py
[2026-01-22T03:58:48.315+0000] {logging_mixin.py:188} INFO - [2026-01-22T03:58:48.315+0000] {dag.py:3089} INFO - Sync 1 DAGs
[2026-01-22T03:58:48.355+0000] {logging_mixin.py:188} INFO - [2026-01-22T03:58:48.355+0000] {dag.py:3947} INFO - Setting next_dagrun for pipeline_scheduled to 2026-01-22 03:00:00+00:00, run_after=2026-01-22 04:00:00+00:00
[2026-01-22T03:58:48.410+0000] {processor.py:183} INFO - Processing /opt/airflow/dags/pipeline_scheduled.py took 0.225 seconds
[2026-01-22T03:59:18.614+0000] {processor.py:161} INFO - Started process (PID=54026) to work on /opt/airflow/dags/pipeline_scheduled.py
[2026-01-22T03:59:18.617+0000] {processor.py:830} INFO - Processing file /opt/airflow/dags/pipeline_scheduled.py for tasks to queue
[2026-01-22T03:59:18.619+0000] {logging_mixin.py:188} INFO - [2026-01-22T03:59:18.618+0000] {dagbag.py:545} INFO - Filling up the DagBag from /opt/airflow/dags/pipeline_scheduled.py
[2026-01-22T03:59:18.676+0000] {processor.py:840} INFO - DAG(s) 'pipeline_scheduled' retrieved from /opt/airflow/dags/pipeline_scheduled.py
[2026-01-22T03:59:18.764+0000] {logging_mixin.py:188} INFO - [2026-01-22T03:59:18.763+0000] {dag.py:3089} INFO - Sync 1 DAGs
[2026-01-22T03:59:18.812+0000] {logging_mixin.py:188} INFO - [2026-01-22T03:59:18.812+0000] {dag.py:3947} INFO - Setting next_dagrun for pipeline_scheduled to 2026-01-22 03:00:00+00:00, run_after=2026-01-22 04:00:00+00:00
[2026-01-22T03:59:18.845+0000] {processor.py:183} INFO - Processing /opt/airflow/dags/pipeline_scheduled.py took 0.280 seconds
[2026-01-22T03:59:49.286+0000] {processor.py:161} INFO - Started process (PID=54036) to work on /opt/airflow/dags/pipeline_scheduled.py
[2026-01-22T03:59:49.288+0000] {processor.py:830} INFO - Processing file /opt/airflow/dags/pipeline_scheduled.py for tasks to queue
[2026-01-22T03:59:49.292+0000] {logging_mixin.py:188} INFO - [2026-01-22T03:59:49.291+0000] {dagbag.py:545} INFO - Filling up the DagBag from /opt/airflow/dags/pipeline_scheduled.py
[2026-01-22T03:59:49.335+0000] {processor.py:840} INFO - DAG(s) 'pipeline_scheduled' retrieved from /opt/airflow/dags/pipeline_scheduled.py
[2026-01-22T03:59:49.444+0000] {logging_mixin.py:188} INFO - [2026-01-22T03:59:49.444+0000] {dag.py:3089} INFO - Sync 1 DAGs
[2026-01-22T03:59:49.485+0000] {logging_mixin.py:188} INFO - [2026-01-22T03:59:49.485+0000] {dag.py:3947} INFO - Setting next_dagrun for pipeline_scheduled to 2026-01-22 03:00:00+00:00, run_after=2026-01-22 04:00:00+00:00
[2026-01-22T03:59:49.520+0000] {processor.py:183} INFO - Processing /opt/airflow/dags/pipeline_scheduled.py took 0.247 seconds
[2026-01-22T04:00:19.939+0000] {processor.py:161} INFO - Started process (PID=54049) to work on /opt/airflow/dags/pipeline_scheduled.py
[2026-01-22T04:00:19.941+0000] {processor.py:830} INFO - Processing file /opt/airflow/dags/pipeline_scheduled.py for tasks to queue
[2026-01-22T04:00:19.943+0000] {logging_mixin.py:188} INFO - [2026-01-22T04:00:19.942+0000] {dagbag.py:545} INFO - Filling up the DagBag from /opt/airflow/dags/pipeline_scheduled.py
[2026-01-22T04:00:19.986+0000] {processor.py:840} INFO - DAG(s) 'pipeline_scheduled' retrieved from /opt/airflow/dags/pipeline_scheduled.py
[2026-01-22T04:00:20.054+0000] {logging_mixin.py:188} INFO - [2026-01-22T04:00:20.053+0000] {dag.py:3089} INFO - Sync 1 DAGs
[2026-01-22T04:00:20.095+0000] {logging_mixin.py:188} INFO - [2026-01-22T04:00:20.095+0000] {dag.py:3947} INFO - Setting next_dagrun for pipeline_scheduled to 2026-01-22 04:00:00+00:00, run_after=2026-01-22 05:00:00+00:00
[2026-01-22T04:00:20.160+0000] {processor.py:183} INFO - Processing /opt/airflow/dags/pipeline_scheduled.py took 0.232 seconds
[2026-01-22T04:00:50.323+0000] {processor.py:161} INFO - Started process (PID=54059) to work on /opt/airflow/dags/pipeline_scheduled.py
[2026-01-22T04:00:50.325+0000] {processor.py:830} INFO - Processing file /opt/airflow/dags/pipeline_scheduled.py for tasks to queue
[2026-01-22T04:00:50.327+0000] {logging_mixin.py:188} INFO - [2026-01-22T04:00:50.327+0000] {dagbag.py:545} INFO - Filling up the DagBag from /opt/airflow/dags/pipeline_scheduled.py
[2026-01-22T04:00:50.373+0000] {processor.py:840} INFO - DAG(s) 'pipeline_scheduled' retrieved from /opt/airflow/dags/pipeline_scheduled.py
[2026-01-22T04:00:50.445+0000] {logging_mixin.py:188} INFO - [2026-01-22T04:00:50.445+0000] {dag.py:3089} INFO - Sync 1 DAGs
[2026-01-22T04:00:50.487+0000] {logging_mixin.py:188} INFO - [2026-01-22T04:00:50.487+0000] {dag.py:3947} INFO - Setting next_dagrun for pipeline_scheduled to 2026-01-22 04:00:00+00:00, run_after=2026-01-22 05:00:00+00:00
[2026-01-22T04:00:50.522+0000] {processor.py:183} INFO - Processing /opt/airflow/dags/pipeline_scheduled.py took 0.212 seconds
[2026-01-22T04:01:21.014+0000] {processor.py:161} INFO - Started process (PID=54069) to work on /opt/airflow/dags/pipeline_scheduled.py
[2026-01-22T04:01:21.017+0000] {processor.py:830} INFO - Processing file /opt/airflow/dags/pipeline_scheduled.py for tasks to queue
[2026-01-22T04:01:21.018+0000] {logging_mixin.py:188} INFO - [2026-01-22T04:01:21.018+0000] {dagbag.py:545} INFO - Filling up the DagBag from /opt/airflow/dags/pipeline_scheduled.py
[2026-01-22T04:01:21.070+0000] {processor.py:840} INFO - DAG(s) 'pipeline_scheduled' retrieved from /opt/airflow/dags/pipeline_scheduled.py
[2026-01-22T04:01:21.150+0000] {logging_mixin.py:188} INFO - [2026-01-22T04:01:21.150+0000] {dag.py:3089} INFO - Sync 1 DAGs
[2026-01-22T04:01:21.189+0000] {logging_mixin.py:188} INFO - [2026-01-22T04:01:21.189+0000] {dag.py:3947} INFO - Setting next_dagrun for pipeline_scheduled to 2026-01-22 04:00:00+00:00, run_after=2026-01-22 05:00:00+00:00
[2026-01-22T04:01:21.222+0000] {processor.py:183} INFO - Processing /opt/airflow/dags/pipeline_scheduled.py took 0.269 seconds
[2026-01-22T04:01:51.648+0000] {processor.py:161} INFO - Started process (PID=54079) to work on /opt/airflow/dags/pipeline_scheduled.py
[2026-01-22T04:01:51.651+0000] {processor.py:830} INFO - Processing file /opt/airflow/dags/pipeline_scheduled.py for tasks to queue
[2026-01-22T04:01:51.653+0000] {logging_mixin.py:188} INFO - [2026-01-22T04:01:51.652+0000] {dagbag.py:545} INFO - Filling up the DagBag from /opt/airflow/dags/pipeline_scheduled.py
[2026-01-22T04:01:51.695+0000] {processor.py:840} INFO - DAG(s) 'pipeline_scheduled' retrieved from /opt/airflow/dags/pipeline_scheduled.py
[2026-01-22T04:01:51.763+0000] {logging_mixin.py:188} INFO - [2026-01-22T04:01:51.763+0000] {dag.py:3089} INFO - Sync 1 DAGs
[2026-01-22T04:01:51.804+0000] {logging_mixin.py:188} INFO - [2026-01-22T04:01:51.803+0000] {dag.py:3947} INFO - Setting next_dagrun for pipeline_scheduled to 2026-01-22 04:00:00+00:00, run_after=2026-01-22 05:00:00+00:00
[2026-01-22T04:01:51.864+0000] {processor.py:183} INFO - Processing /opt/airflow/dags/pipeline_scheduled.py took 0.227 seconds
[2026-01-22T04:02:22.069+0000] {processor.py:161} INFO - Started process (PID=54089) to work on /opt/airflow/dags/pipeline_scheduled.py
[2026-01-22T04:02:22.071+0000] {processor.py:830} INFO - Processing file /opt/airflow/dags/pipeline_scheduled.py for tasks to queue
[2026-01-22T04:02:22.073+0000] {logging_mixin.py:188} INFO - [2026-01-22T04:02:22.073+0000] {dagbag.py:545} INFO - Filling up the DagBag from /opt/airflow/dags/pipeline_scheduled.py
[2026-01-22T04:02:22.127+0000] {processor.py:840} INFO - DAG(s) 'pipeline_scheduled' retrieved from /opt/airflow/dags/pipeline_scheduled.py
[2026-01-22T04:02:22.214+0000] {logging_mixin.py:188} INFO - [2026-01-22T04:02:22.214+0000] {dag.py:3089} INFO - Sync 1 DAGs
[2026-01-22T04:02:22.258+0000] {logging_mixin.py:188} INFO - [2026-01-22T04:02:22.258+0000] {dag.py:3947} INFO - Setting next_dagrun for pipeline_scheduled to 2026-01-22 04:00:00+00:00, run_after=2026-01-22 05:00:00+00:00
[2026-01-22T04:02:22.291+0000] {processor.py:183} INFO - Processing /opt/airflow/dags/pipeline_scheduled.py took 0.284 seconds
[2026-01-22T04:02:52.728+0000] {processor.py:161} INFO - Started process (PID=54099) to work on /opt/airflow/dags/pipeline_scheduled.py
[2026-01-22T04:02:52.731+0000] {processor.py:830} INFO - Processing file /opt/airflow/dags/pipeline_scheduled.py for tasks to queue
[2026-01-22T04:02:52.732+0000] {logging_mixin.py:188} INFO - [2026-01-22T04:02:52.732+0000] {dagbag.py:545} INFO - Filling up the DagBag from /opt/airflow/dags/pipeline_scheduled.py
[2026-01-22T04:02:52.777+0000] {processor.py:840} INFO - DAG(s) 'pipeline_scheduled' retrieved from /opt/airflow/dags/pipeline_scheduled.py
[2026-01-22T04:02:52.848+0000] {logging_mixin.py:188} INFO - [2026-01-22T04:02:52.848+0000] {dag.py:3089} INFO - Sync 1 DAGs
[2026-01-22T04:02:52.920+0000] {logging_mixin.py:188} INFO - [2026-01-22T04:02:52.919+0000] {dag.py:3947} INFO - Setting next_dagrun for pipeline_scheduled to 2026-01-22 04:00:00+00:00, run_after=2026-01-22 05:00:00+00:00
[2026-01-22T04:02:52.956+0000] {processor.py:183} INFO - Processing /opt/airflow/dags/pipeline_scheduled.py took 0.242 seconds
[2026-01-22T04:03:23.457+0000] {processor.py:161} INFO - Started process (PID=54109) to work on /opt/airflow/dags/pipeline_scheduled.py
[2026-01-22T04:03:23.459+0000] {processor.py:830} INFO - Processing file /opt/airflow/dags/pipeline_scheduled.py for tasks to queue
[2026-01-22T04:03:23.461+0000] {logging_mixin.py:188} INFO - [2026-01-22T04:03:23.460+0000] {dagbag.py:545} INFO - Filling up the DagBag from /opt/airflow/dags/pipeline_scheduled.py
[2026-01-22T04:03:23.509+0000] {processor.py:840} INFO - DAG(s) 'pipeline_scheduled' retrieved from /opt/airflow/dags/pipeline_scheduled.py
[2026-01-22T04:03:23.582+0000] {logging_mixin.py:188} INFO - [2026-01-22T04:03:23.582+0000] {dag.py:3089} INFO - Sync 1 DAGs
[2026-01-22T04:03:23.624+0000] {logging_mixin.py:188} INFO - [2026-01-22T04:03:23.624+0000] {dag.py:3947} INFO - Setting next_dagrun for pipeline_scheduled to 2026-01-22 04:00:00+00:00, run_after=2026-01-22 05:00:00+00:00
[2026-01-22T04:03:23.658+0000] {processor.py:183} INFO - Processing /opt/airflow/dags/pipeline_scheduled.py took 0.260 seconds
[2026-01-22T04:03:54.092+0000] {processor.py:161} INFO - Started process (PID=54119) to work on /opt/airflow/dags/pipeline_scheduled.py
[2026-01-22T04:03:54.093+0000] {processor.py:830} INFO - Processing file /opt/airflow/dags/pipeline_scheduled.py for tasks to queue
[2026-01-22T04:03:54.095+0000] {logging_mixin.py:188} INFO - [2026-01-22T04:03:54.094+0000] {dagbag.py:545} INFO - Filling up the DagBag from /opt/airflow/dags/pipeline_scheduled.py
[2026-01-22T04:03:54.140+0000] {processor.py:840} INFO - DAG(s) 'pipeline_scheduled' retrieved from /opt/airflow/dags/pipeline_scheduled.py
[2026-01-22T04:03:54.242+0000] {logging_mixin.py:188} INFO - [2026-01-22T04:03:54.242+0000] {dag.py:3089} INFO - Sync 1 DAGs
[2026-01-22T04:03:54.281+0000] {logging_mixin.py:188} INFO - [2026-01-22T04:03:54.281+0000] {dag.py:3947} INFO - Setting next_dagrun for pipeline_scheduled to 2026-01-22 04:00:00+00:00, run_after=2026-01-22 05:00:00+00:00
[2026-01-22T04:03:54.314+0000] {processor.py:183} INFO - Processing /opt/airflow/dags/pipeline_scheduled.py took 0.233 seconds
[2026-01-22T04:04:24.746+0000] {processor.py:161} INFO - Started process (PID=54129) to work on /opt/airflow/dags/pipeline_scheduled.py
[2026-01-22T04:04:24.748+0000] {processor.py:830} INFO - Processing file /opt/airflow/dags/pipeline_scheduled.py for tasks to queue
[2026-01-22T04:04:24.750+0000] {logging_mixin.py:188} INFO - [2026-01-22T04:04:24.749+0000] {dagbag.py:545} INFO - Filling up the DagBag from /opt/airflow/dags/pipeline_scheduled.py
[2026-01-22T04:04:24.791+0000] {processor.py:840} INFO - DAG(s) 'pipeline_scheduled' retrieved from /opt/airflow/dags/pipeline_scheduled.py
[2026-01-22T04:04:24.858+0000] {logging_mixin.py:188} INFO - [2026-01-22T04:04:24.858+0000] {dag.py:3089} INFO - Sync 1 DAGs
[2026-01-22T04:04:24.901+0000] {logging_mixin.py:188} INFO - [2026-01-22T04:04:24.900+0000] {dag.py:3947} INFO - Setting next_dagrun for pipeline_scheduled to 2026-01-22 04:00:00+00:00, run_after=2026-01-22 05:00:00+00:00
[2026-01-22T04:04:24.933+0000] {processor.py:183} INFO - Processing /opt/airflow/dags/pipeline_scheduled.py took 0.199 seconds
[2026-01-22T04:04:55.367+0000] {processor.py:161} INFO - Started process (PID=54139) to work on /opt/airflow/dags/pipeline_scheduled.py
[2026-01-22T04:04:55.369+0000] {processor.py:830} INFO - Processing file /opt/airflow/dags/pipeline_scheduled.py for tasks to queue
[2026-01-22T04:04:55.371+0000] {logging_mixin.py:188} INFO - [2026-01-22T04:04:55.370+0000] {dagbag.py:545} INFO - Filling up the DagBag from /opt/airflow/dags/pipeline_scheduled.py
[2026-01-22T04:04:55.414+0000] {processor.py:840} INFO - DAG(s) 'pipeline_scheduled' retrieved from /opt/airflow/dags/pipeline_scheduled.py
[2026-01-22T04:04:55.558+0000] {logging_mixin.py:188} INFO - [2026-01-22T04:04:55.558+0000] {dag.py:3089} INFO - Sync 1 DAGs
[2026-01-22T04:04:55.600+0000] {logging_mixin.py:188} INFO - [2026-01-22T04:04:55.600+0000] {dag.py:3947} INFO - Setting next_dagrun for pipeline_scheduled to 2026-01-22 04:00:00+00:00, run_after=2026-01-22 05:00:00+00:00
[2026-01-22T04:04:55.638+0000] {processor.py:183} INFO - Processing /opt/airflow/dags/pipeline_scheduled.py took 0.288 seconds
[2026-01-22T04:05:26.069+0000] {processor.py:161} INFO - Started process (PID=54149) to work on /opt/airflow/dags/pipeline_scheduled.py
[2026-01-22T04:05:26.072+0000] {processor.py:830} INFO - Processing file /opt/airflow/dags/pipeline_scheduled.py for tasks to queue
[2026-01-22T04:05:26.074+0000] {logging_mixin.py:188} INFO - [2026-01-22T04:05:26.073+0000] {dagbag.py:545} INFO - Filling up the DagBag from /opt/airflow/dags/pipeline_scheduled.py
[2026-01-22T04:05:26.124+0000] {processor.py:840} INFO - DAG(s) 'pipeline_scheduled' retrieved from /opt/airflow/dags/pipeline_scheduled.py
[2026-01-22T04:05:26.199+0000] {logging_mixin.py:188} INFO - [2026-01-22T04:05:26.199+0000] {dag.py:3089} INFO - Sync 1 DAGs
[2026-01-22T04:05:26.244+0000] {logging_mixin.py:188} INFO - [2026-01-22T04:05:26.244+0000] {dag.py:3947} INFO - Setting next_dagrun for pipeline_scheduled to 2026-01-22 04:00:00+00:00, run_after=2026-01-22 05:00:00+00:00
[2026-01-22T04:05:26.350+0000] {processor.py:183} INFO - Processing /opt/airflow/dags/pipeline_scheduled.py took 0.340 seconds
[2026-01-22T04:05:56.874+0000] {processor.py:161} INFO - Started process (PID=54159) to work on /opt/airflow/dags/pipeline_scheduled.py
[2026-01-22T04:05:56.876+0000] {processor.py:830} INFO - Processing file /opt/airflow/dags/pipeline_scheduled.py for tasks to queue
[2026-01-22T04:05:56.878+0000] {logging_mixin.py:188} INFO - [2026-01-22T04:05:56.878+0000] {dagbag.py:545} INFO - Filling up the DagBag from /opt/airflow/dags/pipeline_scheduled.py
[2026-01-22T04:05:56.924+0000] {processor.py:840} INFO - DAG(s) 'pipeline_scheduled' retrieved from /opt/airflow/dags/pipeline_scheduled.py
[2026-01-22T04:05:56.995+0000] {logging_mixin.py:188} INFO - [2026-01-22T04:05:56.995+0000] {dag.py:3089} INFO - Sync 1 DAGs
[2026-01-22T04:05:57.034+0000] {logging_mixin.py:188} INFO - [2026-01-22T04:05:57.034+0000] {dag.py:3947} INFO - Setting next_dagrun for pipeline_scheduled to 2026-01-22 04:00:00+00:00, run_after=2026-01-22 05:00:00+00:00
[2026-01-22T04:05:57.091+0000] {processor.py:183} INFO - Processing /opt/airflow/dags/pipeline_scheduled.py took 0.230 seconds
[2026-01-22T04:06:27.258+0000] {processor.py:161} INFO - Started process (PID=54169) to work on /opt/airflow/dags/pipeline_scheduled.py
[2026-01-22T04:06:27.261+0000] {processor.py:830} INFO - Processing file /opt/airflow/dags/pipeline_scheduled.py for tasks to queue
[2026-01-22T04:06:27.264+0000] {logging_mixin.py:188} INFO - [2026-01-22T04:06:27.263+0000] {dagbag.py:545} INFO - Filling up the DagBag from /opt/airflow/dags/pipeline_scheduled.py
[2026-01-22T04:06:27.316+0000] {processor.py:840} INFO - DAG(s) 'pipeline_scheduled' retrieved from /opt/airflow/dags/pipeline_scheduled.py
[2026-01-22T04:06:27.393+0000] {logging_mixin.py:188} INFO - [2026-01-22T04:06:27.393+0000] {dag.py:3089} INFO - Sync 1 DAGs
[2026-01-22T04:06:27.439+0000] {logging_mixin.py:188} INFO - [2026-01-22T04:06:27.439+0000] {dag.py:3947} INFO - Setting next_dagrun for pipeline_scheduled to 2026-01-22 04:00:00+00:00, run_after=2026-01-22 05:00:00+00:00
[2026-01-22T04:06:27.475+0000] {processor.py:183} INFO - Processing /opt/airflow/dags/pipeline_scheduled.py took 0.232 seconds
[2026-01-22T04:06:57.887+0000] {processor.py:161} INFO - Started process (PID=54179) to work on /opt/airflow/dags/pipeline_scheduled.py
[2026-01-22T04:06:57.890+0000] {processor.py:830} INFO - Processing file /opt/airflow/dags/pipeline_scheduled.py for tasks to queue
[2026-01-22T04:06:57.892+0000] {logging_mixin.py:188} INFO - [2026-01-22T04:06:57.891+0000] {dagbag.py:545} INFO - Filling up the DagBag from /opt/airflow/dags/pipeline_scheduled.py
[2026-01-22T04:06:57.944+0000] {processor.py:840} INFO - DAG(s) 'pipeline_scheduled' retrieved from /opt/airflow/dags/pipeline_scheduled.py
[2026-01-22T04:06:58.088+0000] {logging_mixin.py:188} INFO - [2026-01-22T04:06:58.087+0000] {dag.py:3089} INFO - Sync 1 DAGs
[2026-01-22T04:06:58.140+0000] {logging_mixin.py:188} INFO - [2026-01-22T04:06:58.139+0000] {dag.py:3947} INFO - Setting next_dagrun for pipeline_scheduled to 2026-01-22 04:00:00+00:00, run_after=2026-01-22 05:00:00+00:00
[2026-01-22T04:06:58.182+0000] {processor.py:183} INFO - Processing /opt/airflow/dags/pipeline_scheduled.py took 0.308 seconds
[2026-01-22T04:07:28.532+0000] {processor.py:161} INFO - Started process (PID=54189) to work on /opt/airflow/dags/pipeline_scheduled.py
[2026-01-22T04:07:28.534+0000] {processor.py:830} INFO - Processing file /opt/airflow/dags/pipeline_scheduled.py for tasks to queue
[2026-01-22T04:07:28.536+0000] {logging_mixin.py:188} INFO - [2026-01-22T04:07:28.535+0000] {dagbag.py:545} INFO - Filling up the DagBag from /opt/airflow/dags/pipeline_scheduled.py
[2026-01-22T04:07:28.579+0000] {processor.py:840} INFO - DAG(s) 'pipeline_scheduled' retrieved from /opt/airflow/dags/pipeline_scheduled.py
[2026-01-22T04:07:28.647+0000] {logging_mixin.py:188} INFO - [2026-01-22T04:07:28.646+0000] {dag.py:3089} INFO - Sync 1 DAGs
[2026-01-22T04:07:28.685+0000] {logging_mixin.py:188} INFO - [2026-01-22T04:07:28.685+0000] {dag.py:3947} INFO - Setting next_dagrun for pipeline_scheduled to 2026-01-22 04:00:00+00:00, run_after=2026-01-22 05:00:00+00:00
[2026-01-22T04:07:28.752+0000] {processor.py:183} INFO - Processing /opt/airflow/dags/pipeline_scheduled.py took 0.234 seconds
[2026-01-22T04:07:58.905+0000] {processor.py:161} INFO - Started process (PID=54199) to work on /opt/airflow/dags/pipeline_scheduled.py
[2026-01-22T04:07:58.907+0000] {processor.py:830} INFO - Processing file /opt/airflow/dags/pipeline_scheduled.py for tasks to queue
[2026-01-22T04:07:58.908+0000] {logging_mixin.py:188} INFO - [2026-01-22T04:07:58.908+0000] {dagbag.py:545} INFO - Filling up the DagBag from /opt/airflow/dags/pipeline_scheduled.py
[2026-01-22T04:07:58.951+0000] {processor.py:840} INFO - DAG(s) 'pipeline_scheduled' retrieved from /opt/airflow/dags/pipeline_scheduled.py
[2026-01-22T04:07:59.014+0000] {logging_mixin.py:188} INFO - [2026-01-22T04:07:59.014+0000] {dag.py:3089} INFO - Sync 1 DAGs
[2026-01-22T04:07:59.053+0000] {logging_mixin.py:188} INFO - [2026-01-22T04:07:59.053+0000] {dag.py:3947} INFO - Setting next_dagrun for pipeline_scheduled to 2026-01-22 04:00:00+00:00, run_after=2026-01-22 05:00:00+00:00
[2026-01-22T04:07:59.110+0000] {processor.py:183} INFO - Processing /opt/airflow/dags/pipeline_scheduled.py took 0.220 seconds
[2026-01-22T04:08:29.482+0000] {processor.py:161} INFO - Started process (PID=54209) to work on /opt/airflow/dags/pipeline_scheduled.py
[2026-01-22T04:08:29.484+0000] {processor.py:830} INFO - Processing file /opt/airflow/dags/pipeline_scheduled.py for tasks to queue
[2026-01-22T04:08:29.485+0000] {logging_mixin.py:188} INFO - [2026-01-22T04:08:29.485+0000] {dagbag.py:545} INFO - Filling up the DagBag from /opt/airflow/dags/pipeline_scheduled.py
[2026-01-22T04:08:29.525+0000] {processor.py:840} INFO - DAG(s) 'pipeline_scheduled' retrieved from /opt/airflow/dags/pipeline_scheduled.py
[2026-01-22T04:08:29.627+0000] {logging_mixin.py:188} INFO - [2026-01-22T04:08:29.626+0000] {dag.py:3089} INFO - Sync 1 DAGs
[2026-01-22T04:08:29.669+0000] {logging_mixin.py:188} INFO - [2026-01-22T04:08:29.668+0000] {dag.py:3947} INFO - Setting next_dagrun for pipeline_scheduled to 2026-01-22 04:00:00+00:00, run_after=2026-01-22 05:00:00+00:00
[2026-01-22T04:08:29.705+0000] {processor.py:183} INFO - Processing /opt/airflow/dags/pipeline_scheduled.py took 0.237 seconds
[2026-01-22T04:09:00.122+0000] {processor.py:161} INFO - Started process (PID=54219) to work on /opt/airflow/dags/pipeline_scheduled.py
[2026-01-22T04:09:00.124+0000] {processor.py:830} INFO - Processing file /opt/airflow/dags/pipeline_scheduled.py for tasks to queue
[2026-01-22T04:09:00.126+0000] {logging_mixin.py:188} INFO - [2026-01-22T04:09:00.125+0000] {dagbag.py:545} INFO - Filling up the DagBag from /opt/airflow/dags/pipeline_scheduled.py
[2026-01-22T04:09:00.170+0000] {processor.py:840} INFO - DAG(s) 'pipeline_scheduled' retrieved from /opt/airflow/dags/pipeline_scheduled.py
[2026-01-22T04:09:00.236+0000] {logging_mixin.py:188} INFO - [2026-01-22T04:09:00.236+0000] {dag.py:3089} INFO - Sync 1 DAGs
[2026-01-22T04:09:00.279+0000] {logging_mixin.py:188} INFO - [2026-01-22T04:09:00.278+0000] {dag.py:3947} INFO - Setting next_dagrun for pipeline_scheduled to 2026-01-22 04:00:00+00:00, run_after=2026-01-22 05:00:00+00:00
[2026-01-22T04:09:00.340+0000] {processor.py:183} INFO - Processing /opt/airflow/dags/pipeline_scheduled.py took 0.233 seconds
[2026-01-22T04:09:30.501+0000] {processor.py:161} INFO - Started process (PID=54229) to work on /opt/airflow/dags/pipeline_scheduled.py
[2026-01-22T04:09:30.504+0000] {processor.py:830} INFO - Processing file /opt/airflow/dags/pipeline_scheduled.py for tasks to queue
[2026-01-22T04:09:30.506+0000] {logging_mixin.py:188} INFO - [2026-01-22T04:09:30.505+0000] {dagbag.py:545} INFO - Filling up the DagBag from /opt/airflow/dags/pipeline_scheduled.py
[2026-01-22T04:09:30.551+0000] {processor.py:840} INFO - DAG(s) 'pipeline_scheduled' retrieved from /opt/airflow/dags/pipeline_scheduled.py
[2026-01-22T04:09:30.622+0000] {logging_mixin.py:188} INFO - [2026-01-22T04:09:30.622+0000] {dag.py:3089} INFO - Sync 1 DAGs
[2026-01-22T04:09:30.662+0000] {logging_mixin.py:188} INFO - [2026-01-22T04:09:30.662+0000] {dag.py:3947} INFO - Setting next_dagrun for pipeline_scheduled to 2026-01-22 04:00:00+00:00, run_after=2026-01-22 05:00:00+00:00
[2026-01-22T04:09:30.720+0000] {processor.py:183} INFO - Processing /opt/airflow/dags/pipeline_scheduled.py took 0.235 seconds
[2026-01-22T04:10:01.085+0000] {processor.py:161} INFO - Started process (PID=54239) to work on /opt/airflow/dags/pipeline_scheduled.py
[2026-01-22T04:10:01.087+0000] {processor.py:830} INFO - Processing file /opt/airflow/dags/pipeline_scheduled.py for tasks to queue
[2026-01-22T04:10:01.091+0000] {logging_mixin.py:188} INFO - [2026-01-22T04:10:01.089+0000] {dagbag.py:545} INFO - Filling up the DagBag from /opt/airflow/dags/pipeline_scheduled.py
[2026-01-22T04:10:01.138+0000] {processor.py:840} INFO - DAG(s) 'pipeline_scheduled' retrieved from /opt/airflow/dags/pipeline_scheduled.py
[2026-01-22T04:10:01.210+0000] {logging_mixin.py:188} INFO - [2026-01-22T04:10:01.210+0000] {dag.py:3089} INFO - Sync 1 DAGs
[2026-01-22T04:10:01.249+0000] {logging_mixin.py:188} INFO - [2026-01-22T04:10:01.249+0000] {dag.py:3947} INFO - Setting next_dagrun for pipeline_scheduled to 2026-01-22 04:00:00+00:00, run_after=2026-01-22 05:00:00+00:00
[2026-01-22T04:10:01.281+0000] {processor.py:183} INFO - Processing /opt/airflow/dags/pipeline_scheduled.py took 0.210 seconds
[2026-01-22T04:10:31.653+0000] {processor.py:161} INFO - Started process (PID=54252) to work on /opt/airflow/dags/pipeline_scheduled.py
[2026-01-22T04:10:31.655+0000] {processor.py:830} INFO - Processing file /opt/airflow/dags/pipeline_scheduled.py for tasks to queue
[2026-01-22T04:10:31.656+0000] {logging_mixin.py:188} INFO - [2026-01-22T04:10:31.656+0000] {dagbag.py:545} INFO - Filling up the DagBag from /opt/airflow/dags/pipeline_scheduled.py
[2026-01-22T04:10:31.700+0000] {processor.py:840} INFO - DAG(s) 'pipeline_scheduled' retrieved from /opt/airflow/dags/pipeline_scheduled.py
[2026-01-22T04:10:31.773+0000] {logging_mixin.py:188} INFO - [2026-01-22T04:10:31.773+0000] {dag.py:3089} INFO - Sync 1 DAGs
[2026-01-22T04:10:31.817+0000] {logging_mixin.py:188} INFO - [2026-01-22T04:10:31.816+0000] {dag.py:3947} INFO - Setting next_dagrun for pipeline_scheduled to 2026-01-22 04:00:00+00:00, run_after=2026-01-22 05:00:00+00:00
[2026-01-22T04:10:31.855+0000] {processor.py:183} INFO - Processing /opt/airflow/dags/pipeline_scheduled.py took 0.213 seconds
[2026-01-22T04:11:02.322+0000] {processor.py:161} INFO - Started process (PID=54262) to work on /opt/airflow/dags/pipeline_scheduled.py
[2026-01-22T04:11:02.325+0000] {processor.py:830} INFO - Processing file /opt/airflow/dags/pipeline_scheduled.py for tasks to queue
[2026-01-22T04:11:02.327+0000] {logging_mixin.py:188} INFO - [2026-01-22T04:11:02.327+0000] {dagbag.py:545} INFO - Filling up the DagBag from /opt/airflow/dags/pipeline_scheduled.py
[2026-01-22T04:11:02.368+0000] {processor.py:840} INFO - DAG(s) 'pipeline_scheduled' retrieved from /opt/airflow/dags/pipeline_scheduled.py
[2026-01-22T04:11:02.435+0000] {logging_mixin.py:188} INFO - [2026-01-22T04:11:02.435+0000] {dag.py:3089} INFO - Sync 1 DAGs
[2026-01-22T04:11:02.487+0000] {logging_mixin.py:188} INFO - [2026-01-22T04:11:02.487+0000] {dag.py:3947} INFO - Setting next_dagrun for pipeline_scheduled to 2026-01-22 04:00:00+00:00, run_after=2026-01-22 05:00:00+00:00
[2026-01-22T04:11:02.552+0000] {processor.py:183} INFO - Processing /opt/airflow/dags/pipeline_scheduled.py took 0.242 seconds
[2026-01-22T04:11:32.697+0000] {processor.py:161} INFO - Started process (PID=54272) to work on /opt/airflow/dags/pipeline_scheduled.py
[2026-01-22T04:11:32.700+0000] {processor.py:830} INFO - Processing file /opt/airflow/dags/pipeline_scheduled.py for tasks to queue
[2026-01-22T04:11:32.702+0000] {logging_mixin.py:188} INFO - [2026-01-22T04:11:32.701+0000] {dagbag.py:545} INFO - Filling up the DagBag from /opt/airflow/dags/pipeline_scheduled.py
[2026-01-22T04:11:32.749+0000] {processor.py:840} INFO - DAG(s) 'pipeline_scheduled' retrieved from /opt/airflow/dags/pipeline_scheduled.py
[2026-01-22T04:11:32.822+0000] {logging_mixin.py:188} INFO - [2026-01-22T04:11:32.822+0000] {dag.py:3089} INFO - Sync 1 DAGs
[2026-01-22T04:11:32.870+0000] {logging_mixin.py:188} INFO - [2026-01-22T04:11:32.869+0000] {dag.py:3947} INFO - Setting next_dagrun for pipeline_scheduled to 2026-01-22 04:00:00+00:00, run_after=2026-01-22 05:00:00+00:00
[2026-01-22T04:11:32.936+0000] {processor.py:183} INFO - Processing /opt/airflow/dags/pipeline_scheduled.py took 0.253 seconds
[2026-01-22T04:12:03.296+0000] {processor.py:161} INFO - Started process (PID=54282) to work on /opt/airflow/dags/pipeline_scheduled.py
[2026-01-22T04:12:03.299+0000] {processor.py:830} INFO - Processing file /opt/airflow/dags/pipeline_scheduled.py for tasks to queue
[2026-01-22T04:12:03.301+0000] {logging_mixin.py:188} INFO - [2026-01-22T04:12:03.300+0000] {dagbag.py:545} INFO - Filling up the DagBag from /opt/airflow/dags/pipeline_scheduled.py
[2026-01-22T04:12:03.351+0000] {processor.py:840} INFO - DAG(s) 'pipeline_scheduled' retrieved from /opt/airflow/dags/pipeline_scheduled.py
[2026-01-22T04:12:03.420+0000] {logging_mixin.py:188} INFO - [2026-01-22T04:12:03.420+0000] {dag.py:3089} INFO - Sync 1 DAGs
[2026-01-22T04:12:03.471+0000] {logging_mixin.py:188} INFO - [2026-01-22T04:12:03.471+0000] {dag.py:3947} INFO - Setting next_dagrun for pipeline_scheduled to 2026-01-22 04:00:00+00:00, run_after=2026-01-22 05:00:00+00:00
[2026-01-22T04:12:03.511+0000] {processor.py:183} INFO - Processing /opt/airflow/dags/pipeline_scheduled.py took 0.228 seconds
[2026-01-22T04:12:33.882+0000] {processor.py:161} INFO - Started process (PID=54292) to work on /opt/airflow/dags/pipeline_scheduled.py
[2026-01-22T04:12:33.884+0000] {processor.py:830} INFO - Processing file /opt/airflow/dags/pipeline_scheduled.py for tasks to queue
[2026-01-22T04:12:33.886+0000] {logging_mixin.py:188} INFO - [2026-01-22T04:12:33.885+0000] {dagbag.py:545} INFO - Filling up the DagBag from /opt/airflow/dags/pipeline_scheduled.py
[2026-01-22T04:12:33.927+0000] {processor.py:840} INFO - DAG(s) 'pipeline_scheduled' retrieved from /opt/airflow/dags/pipeline_scheduled.py
[2026-01-22T04:12:33.992+0000] {logging_mixin.py:188} INFO - [2026-01-22T04:12:33.992+0000] {dag.py:3089} INFO - Sync 1 DAGs
[2026-01-22T04:12:34.031+0000] {logging_mixin.py:188} INFO - [2026-01-22T04:12:34.031+0000] {dag.py:3947} INFO - Setting next_dagrun for pipeline_scheduled to 2026-01-22 04:00:00+00:00, run_after=2026-01-22 05:00:00+00:00
[2026-01-22T04:12:34.100+0000] {processor.py:183} INFO - Processing /opt/airflow/dags/pipeline_scheduled.py took 0.230 seconds
[2026-01-22T04:13:04.257+0000] {processor.py:161} INFO - Started process (PID=54302) to work on /opt/airflow/dags/pipeline_scheduled.py
[2026-01-22T04:13:04.260+0000] {processor.py:830} INFO - Processing file /opt/airflow/dags/pipeline_scheduled.py for tasks to queue
[2026-01-22T04:13:04.262+0000] {logging_mixin.py:188} INFO - [2026-01-22T04:13:04.262+0000] {dagbag.py:545} INFO - Filling up the DagBag from /opt/airflow/dags/pipeline_scheduled.py
[2026-01-22T04:13:04.311+0000] {processor.py:840} INFO - DAG(s) 'pipeline_scheduled' retrieved from /opt/airflow/dags/pipeline_scheduled.py
[2026-01-22T04:13:04.373+0000] {logging_mixin.py:188} INFO - [2026-01-22T04:13:04.373+0000] {dag.py:3089} INFO - Sync 1 DAGs
[2026-01-22T04:13:04.414+0000] {logging_mixin.py:188} INFO - [2026-01-22T04:13:04.414+0000] {dag.py:3947} INFO - Setting next_dagrun for pipeline_scheduled to 2026-01-22 04:00:00+00:00, run_after=2026-01-22 05:00:00+00:00
[2026-01-22T04:13:04.450+0000] {processor.py:183} INFO - Processing /opt/airflow/dags/pipeline_scheduled.py took 0.207 seconds
[2026-01-22T04:13:34.830+0000] {processor.py:161} INFO - Started process (PID=54312) to work on /opt/airflow/dags/pipeline_scheduled.py
[2026-01-22T04:13:34.833+0000] {processor.py:830} INFO - Processing file /opt/airflow/dags/pipeline_scheduled.py for tasks to queue
[2026-01-22T04:13:34.835+0000] {logging_mixin.py:188} INFO - [2026-01-22T04:13:34.834+0000] {dagbag.py:545} INFO - Filling up the DagBag from /opt/airflow/dags/pipeline_scheduled.py
[2026-01-22T04:13:34.904+0000] {processor.py:840} INFO - DAG(s) 'pipeline_scheduled' retrieved from /opt/airflow/dags/pipeline_scheduled.py
[2026-01-22T04:13:34.991+0000] {logging_mixin.py:188} INFO - [2026-01-22T04:13:34.991+0000] {dag.py:3089} INFO - Sync 1 DAGs
[2026-01-22T04:13:35.040+0000] {logging_mixin.py:188} INFO - [2026-01-22T04:13:35.040+0000] {dag.py:3947} INFO - Setting next_dagrun for pipeline_scheduled to 2026-01-22 04:00:00+00:00, run_after=2026-01-22 05:00:00+00:00
[2026-01-22T04:13:35.086+0000] {processor.py:183} INFO - Processing /opt/airflow/dags/pipeline_scheduled.py took 0.273 seconds
[2026-01-22T04:14:05.476+0000] {processor.py:161} INFO - Started process (PID=54322) to work on /opt/airflow/dags/pipeline_scheduled.py
[2026-01-22T04:14:05.478+0000] {processor.py:830} INFO - Processing file /opt/airflow/dags/pipeline_scheduled.py for tasks to queue
[2026-01-22T04:14:05.480+0000] {logging_mixin.py:188} INFO - [2026-01-22T04:14:05.480+0000] {dagbag.py:545} INFO - Filling up the DagBag from /opt/airflow/dags/pipeline_scheduled.py
[2026-01-22T04:14:05.532+0000] {processor.py:840} INFO - DAG(s) 'pipeline_scheduled' retrieved from /opt/airflow/dags/pipeline_scheduled.py
[2026-01-22T04:14:05.604+0000] {logging_mixin.py:188} INFO - [2026-01-22T04:14:05.603+0000] {dag.py:3089} INFO - Sync 1 DAGs
[2026-01-22T04:14:05.645+0000] {logging_mixin.py:188} INFO - [2026-01-22T04:14:05.645+0000] {dag.py:3947} INFO - Setting next_dagrun for pipeline_scheduled to 2026-01-22 04:00:00+00:00, run_after=2026-01-22 05:00:00+00:00
[2026-01-22T04:14:05.708+0000] {processor.py:183} INFO - Processing /opt/airflow/dags/pipeline_scheduled.py took 0.249 seconds
[2026-01-22T04:14:35.858+0000] {processor.py:161} INFO - Started process (PID=54332) to work on /opt/airflow/dags/pipeline_scheduled.py
[2026-01-22T04:14:35.860+0000] {processor.py:830} INFO - Processing file /opt/airflow/dags/pipeline_scheduled.py for tasks to queue
[2026-01-22T04:14:35.862+0000] {logging_mixin.py:188} INFO - [2026-01-22T04:14:35.862+0000] {dagbag.py:545} INFO - Filling up the DagBag from /opt/airflow/dags/pipeline_scheduled.py
[2026-01-22T04:14:35.911+0000] {processor.py:840} INFO - DAG(s) 'pipeline_scheduled' retrieved from /opt/airflow/dags/pipeline_scheduled.py
[2026-01-22T04:14:35.986+0000] {logging_mixin.py:188} INFO - [2026-01-22T04:14:35.983+0000] {dag.py:3089} INFO - Sync 1 DAGs
[2026-01-22T04:14:36.042+0000] {logging_mixin.py:188} INFO - [2026-01-22T04:14:36.042+0000] {dag.py:3947} INFO - Setting next_dagrun for pipeline_scheduled to 2026-01-22 04:00:00+00:00, run_after=2026-01-22 05:00:00+00:00
[2026-01-22T04:14:36.098+0000] {processor.py:183} INFO - Processing /opt/airflow/dags/pipeline_scheduled.py took 0.254 seconds
[2026-01-22T04:15:06.454+0000] {processor.py:161} INFO - Started process (PID=54342) to work on /opt/airflow/dags/pipeline_scheduled.py
[2026-01-22T04:15:06.457+0000] {processor.py:830} INFO - Processing file /opt/airflow/dags/pipeline_scheduled.py for tasks to queue
[2026-01-22T04:15:06.458+0000] {logging_mixin.py:188} INFO - [2026-01-22T04:15:06.458+0000] {dagbag.py:545} INFO - Filling up the DagBag from /opt/airflow/dags/pipeline_scheduled.py
[2026-01-22T04:15:06.508+0000] {processor.py:840} INFO - DAG(s) 'pipeline_scheduled' retrieved from /opt/airflow/dags/pipeline_scheduled.py
[2026-01-22T04:15:06.578+0000] {logging_mixin.py:188} INFO - [2026-01-22T04:15:06.577+0000] {dag.py:3089} INFO - Sync 1 DAGs
[2026-01-22T04:15:06.615+0000] {logging_mixin.py:188} INFO - [2026-01-22T04:15:06.615+0000] {dag.py:3947} INFO - Setting next_dagrun for pipeline_scheduled to 2026-01-22 04:00:00+00:00, run_after=2026-01-22 05:00:00+00:00
[2026-01-22T04:15:06.648+0000] {processor.py:183} INFO - Processing /opt/airflow/dags/pipeline_scheduled.py took 0.208 seconds
[2026-01-22T04:15:37.060+0000] {processor.py:161} INFO - Started process (PID=54352) to work on /opt/airflow/dags/pipeline_scheduled.py
[2026-01-22T04:15:37.063+0000] {processor.py:830} INFO - Processing file /opt/airflow/dags/pipeline_scheduled.py for tasks to queue
[2026-01-22T04:15:37.065+0000] {logging_mixin.py:188} INFO - [2026-01-22T04:15:37.064+0000] {dagbag.py:545} INFO - Filling up the DagBag from /opt/airflow/dags/pipeline_scheduled.py
[2026-01-22T04:15:37.111+0000] {processor.py:840} INFO - DAG(s) 'pipeline_scheduled' retrieved from /opt/airflow/dags/pipeline_scheduled.py
[2026-01-22T04:15:37.178+0000] {logging_mixin.py:188} INFO - [2026-01-22T04:15:37.178+0000] {dag.py:3089} INFO - Sync 1 DAGs
[2026-01-22T04:15:37.222+0000] {logging_mixin.py:188} INFO - [2026-01-22T04:15:37.221+0000] {dag.py:3947} INFO - Setting next_dagrun for pipeline_scheduled to 2026-01-22 04:00:00+00:00, run_after=2026-01-22 05:00:00+00:00
[2026-01-22T04:15:37.271+0000] {processor.py:183} INFO - Processing /opt/airflow/dags/pipeline_scheduled.py took 0.225 seconds
[2026-01-22T04:16:07.583+0000] {processor.py:161} INFO - Started process (PID=54362) to work on /opt/airflow/dags/pipeline_scheduled.py
[2026-01-22T04:16:07.586+0000] {processor.py:830} INFO - Processing file /opt/airflow/dags/pipeline_scheduled.py for tasks to queue
[2026-01-22T04:16:07.588+0000] {logging_mixin.py:188} INFO - [2026-01-22T04:16:07.588+0000] {dagbag.py:545} INFO - Filling up the DagBag from /opt/airflow/dags/pipeline_scheduled.py
[2026-01-22T04:16:07.640+0000] {processor.py:840} INFO - DAG(s) 'pipeline_scheduled' retrieved from /opt/airflow/dags/pipeline_scheduled.py
[2026-01-22T04:16:07.705+0000] {logging_mixin.py:188} INFO - [2026-01-22T04:16:07.705+0000] {dag.py:3089} INFO - Sync 1 DAGs
[2026-01-22T04:16:07.743+0000] {logging_mixin.py:188} INFO - [2026-01-22T04:16:07.743+0000] {dag.py:3947} INFO - Setting next_dagrun for pipeline_scheduled to 2026-01-22 04:00:00+00:00, run_after=2026-01-22 05:00:00+00:00
[2026-01-22T04:16:07.818+0000] {processor.py:183} INFO - Processing /opt/airflow/dags/pipeline_scheduled.py took 0.252 seconds
[2026-01-22T04:16:38.055+0000] {processor.py:161} INFO - Started process (PID=54372) to work on /opt/airflow/dags/pipeline_scheduled.py
[2026-01-22T04:16:38.058+0000] {processor.py:830} INFO - Processing file /opt/airflow/dags/pipeline_scheduled.py for tasks to queue
[2026-01-22T04:16:38.060+0000] {logging_mixin.py:188} INFO - [2026-01-22T04:16:38.059+0000] {dagbag.py:545} INFO - Filling up the DagBag from /opt/airflow/dags/pipeline_scheduled.py
[2026-01-22T04:16:38.111+0000] {processor.py:840} INFO - DAG(s) 'pipeline_scheduled' retrieved from /opt/airflow/dags/pipeline_scheduled.py
[2026-01-22T04:16:38.188+0000] {logging_mixin.py:188} INFO - [2026-01-22T04:16:38.187+0000] {dag.py:3089} INFO - Sync 1 DAGs
[2026-01-22T04:16:38.231+0000] {logging_mixin.py:188} INFO - [2026-01-22T04:16:38.231+0000] {dag.py:3947} INFO - Setting next_dagrun for pipeline_scheduled to 2026-01-22 04:00:00+00:00, run_after=2026-01-22 05:00:00+00:00
[2026-01-22T04:16:38.294+0000] {processor.py:183} INFO - Processing /opt/airflow/dags/pipeline_scheduled.py took 0.255 seconds
[2026-01-22T04:17:08.591+0000] {processor.py:161} INFO - Started process (PID=54382) to work on /opt/airflow/dags/pipeline_scheduled.py
[2026-01-22T04:17:08.593+0000] {processor.py:830} INFO - Processing file /opt/airflow/dags/pipeline_scheduled.py for tasks to queue
[2026-01-22T04:17:08.595+0000] {logging_mixin.py:188} INFO - [2026-01-22T04:17:08.595+0000] {dagbag.py:545} INFO - Filling up the DagBag from /opt/airflow/dags/pipeline_scheduled.py
[2026-01-22T04:17:08.658+0000] {processor.py:840} INFO - DAG(s) 'pipeline_scheduled' retrieved from /opt/airflow/dags/pipeline_scheduled.py
[2026-01-22T04:17:08.730+0000] {logging_mixin.py:188} INFO - [2026-01-22T04:17:08.729+0000] {dag.py:3089} INFO - Sync 1 DAGs
[2026-01-22T04:17:08.772+0000] {logging_mixin.py:188} INFO - [2026-01-22T04:17:08.772+0000] {dag.py:3947} INFO - Setting next_dagrun for pipeline_scheduled to 2026-01-22 04:00:00+00:00, run_after=2026-01-22 05:00:00+00:00
[2026-01-22T04:17:08.808+0000] {processor.py:183} INFO - Processing /opt/airflow/dags/pipeline_scheduled.py took 0.237 seconds
[2026-01-22T04:17:39.209+0000] {processor.py:161} INFO - Started process (PID=54392) to work on /opt/airflow/dags/pipeline_scheduled.py
[2026-01-22T04:17:39.212+0000] {processor.py:830} INFO - Processing file /opt/airflow/dags/pipeline_scheduled.py for tasks to queue
[2026-01-22T04:17:39.214+0000] {logging_mixin.py:188} INFO - [2026-01-22T04:17:39.213+0000] {dagbag.py:545} INFO - Filling up the DagBag from /opt/airflow/dags/pipeline_scheduled.py
[2026-01-22T04:17:39.261+0000] {processor.py:840} INFO - DAG(s) 'pipeline_scheduled' retrieved from /opt/airflow/dags/pipeline_scheduled.py
[2026-01-22T04:17:39.331+0000] {logging_mixin.py:188} INFO - [2026-01-22T04:17:39.331+0000] {dag.py:3089} INFO - Sync 1 DAGs
[2026-01-22T04:17:39.373+0000] {logging_mixin.py:188} INFO - [2026-01-22T04:17:39.372+0000] {dag.py:3947} INFO - Setting next_dagrun for pipeline_scheduled to 2026-01-22 04:00:00+00:00, run_after=2026-01-22 05:00:00+00:00
[2026-01-22T04:17:39.439+0000] {processor.py:183} INFO - Processing /opt/airflow/dags/pipeline_scheduled.py took 0.247 seconds
[2026-01-22T04:18:09.593+0000] {processor.py:161} INFO - Started process (PID=54402) to work on /opt/airflow/dags/pipeline_scheduled.py
[2026-01-22T04:18:09.595+0000] {processor.py:830} INFO - Processing file /opt/airflow/dags/pipeline_scheduled.py for tasks to queue
[2026-01-22T04:18:09.597+0000] {logging_mixin.py:188} INFO - [2026-01-22T04:18:09.597+0000] {dagbag.py:545} INFO - Filling up the DagBag from /opt/airflow/dags/pipeline_scheduled.py
[2026-01-22T04:18:09.647+0000] {processor.py:840} INFO - DAG(s) 'pipeline_scheduled' retrieved from /opt/airflow/dags/pipeline_scheduled.py
[2026-01-22T04:18:09.725+0000] {logging_mixin.py:188} INFO - [2026-01-22T04:18:09.725+0000] {dag.py:3089} INFO - Sync 1 DAGs
[2026-01-22T04:18:09.769+0000] {logging_mixin.py:188} INFO - [2026-01-22T04:18:09.769+0000] {dag.py:3947} INFO - Setting next_dagrun for pipeline_scheduled to 2026-01-22 04:00:00+00:00, run_after=2026-01-22 05:00:00+00:00
[2026-01-22T04:18:09.836+0000] {processor.py:183} INFO - Processing /opt/airflow/dags/pipeline_scheduled.py took 0.258 seconds
[2026-01-22T04:18:40.198+0000] {processor.py:161} INFO - Started process (PID=54412) to work on /opt/airflow/dags/pipeline_scheduled.py
[2026-01-22T04:18:40.200+0000] {processor.py:830} INFO - Processing file /opt/airflow/dags/pipeline_scheduled.py for tasks to queue
[2026-01-22T04:18:40.201+0000] {logging_mixin.py:188} INFO - [2026-01-22T04:18:40.201+0000] {dagbag.py:545} INFO - Filling up the DagBag from /opt/airflow/dags/pipeline_scheduled.py
[2026-01-22T04:18:40.317+0000] {processor.py:840} INFO - DAG(s) 'pipeline_scheduled' retrieved from /opt/airflow/dags/pipeline_scheduled.py
[2026-01-22T04:18:40.382+0000] {logging_mixin.py:188} INFO - [2026-01-22T04:18:40.381+0000] {dag.py:3089} INFO - Sync 1 DAGs
[2026-01-22T04:18:40.422+0000] {logging_mixin.py:188} INFO - [2026-01-22T04:18:40.421+0000] {dag.py:3947} INFO - Setting next_dagrun for pipeline_scheduled to 2026-01-22 04:00:00+00:00, run_after=2026-01-22 05:00:00+00:00
[2026-01-22T04:18:40.454+0000] {processor.py:183} INFO - Processing /opt/airflow/dags/pipeline_scheduled.py took 0.270 seconds
[2026-01-22T09:14:22.482+0000] {processor.py:161} INFO - Started process (PID=54422) to work on /opt/airflow/dags/pipeline_scheduled.py
[2026-01-22T09:14:22.484+0000] {processor.py:830} INFO - Processing file /opt/airflow/dags/pipeline_scheduled.py for tasks to queue
[2026-01-22T09:14:22.486+0000] {logging_mixin.py:188} INFO - [2026-01-22T09:14:22.486+0000] {dagbag.py:545} INFO - Filling up the DagBag from /opt/airflow/dags/pipeline_scheduled.py
[2026-01-22T09:14:22.540+0000] {processor.py:840} INFO - DAG(s) 'pipeline_scheduled' retrieved from /opt/airflow/dags/pipeline_scheduled.py
[2026-01-22T09:14:22.601+0000] {logging_mixin.py:188} INFO - [2026-01-22T09:14:22.600+0000] {dag.py:3089} INFO - Sync 1 DAGs
[2026-01-22T09:14:22.644+0000] {logging_mixin.py:188} INFO - [2026-01-22T09:14:22.643+0000] {dag.py:3947} INFO - Setting next_dagrun for pipeline_scheduled to 2026-01-22 08:00:00+00:00, run_after=2026-01-22 09:00:00+00:00
[2026-01-22T10:16:07.826+0000] {processor.py:183} INFO - Processing /opt/airflow/dags/pipeline_scheduled.py took 0.244 seconds
[2026-01-22T10:23:46.101+0000] {processor.py:161} INFO - Started process (PID=54436) to work on /opt/airflow/dags/pipeline_scheduled.py
[2026-01-22T10:23:46.105+0000] {processor.py:830} INFO - Processing file /opt/airflow/dags/pipeline_scheduled.py for tasks to queue
[2026-01-22T10:23:46.108+0000] {logging_mixin.py:188} INFO - [2026-01-22T10:23:46.107+0000] {dagbag.py:545} INFO - Filling up the DagBag from /opt/airflow/dags/pipeline_scheduled.py
[2026-01-22T10:23:46.178+0000] {processor.py:840} INFO - DAG(s) 'pipeline_scheduled' retrieved from /opt/airflow/dags/pipeline_scheduled.py
[2026-01-22T10:23:46.666+0000] {logging_mixin.py:188} INFO - [2026-01-22T10:23:46.665+0000] {dag.py:3089} INFO - Sync 1 DAGs
[2026-01-22T10:23:46.722+0000] {logging_mixin.py:188} INFO - [2026-01-22T10:23:46.722+0000] {dag.py:3947} INFO - Setting next_dagrun for pipeline_scheduled to 2026-01-22 10:00:00+00:00, run_after=2026-01-22 11:00:00+00:00
[2026-01-22T10:23:46.785+0000] {processor.py:183} INFO - Processing /opt/airflow/dags/pipeline_scheduled.py took 0.697 seconds
[2026-01-22T14:22:04.854+0000] {processor.py:161} INFO - Started process (PID=54457) to work on /opt/airflow/dags/pipeline_scheduled.py
[2026-01-22T14:22:04.873+0000] {processor.py:830} INFO - Processing file /opt/airflow/dags/pipeline_scheduled.py for tasks to queue
[2026-01-22T14:22:04.876+0000] {logging_mixin.py:188} INFO - [2026-01-22T14:22:04.875+0000] {dagbag.py:545} INFO - Filling up the DagBag from /opt/airflow/dags/pipeline_scheduled.py
[2026-01-22T14:22:05.115+0000] {processor.py:840} INFO - DAG(s) 'pipeline_scheduled' retrieved from /opt/airflow/dags/pipeline_scheduled.py
[2026-01-22T14:22:05.190+0000] {logging_mixin.py:188} INFO - [2026-01-22T14:22:05.189+0000] {dag.py:3089} INFO - Sync 1 DAGs
[2026-01-22T14:22:05.232+0000] {logging_mixin.py:188} INFO - [2026-01-22T14:22:05.231+0000] {dag.py:3947} INFO - Setting next_dagrun for pipeline_scheduled to 2026-01-22 14:00:00+00:00, run_after=2026-01-22 15:00:00+00:00
[2026-01-22T14:22:05.276+0000] {processor.py:183} INFO - Processing /opt/airflow/dags/pipeline_scheduled.py took 0.433 seconds
[2026-01-22T14:34:24.523+0000] {processor.py:161} INFO - Started process (PID=54477) to work on /opt/airflow/dags/pipeline_scheduled.py
[2026-01-22T14:34:24.527+0000] {processor.py:830} INFO - Processing file /opt/airflow/dags/pipeline_scheduled.py for tasks to queue
[2026-01-22T14:34:24.529+0000] {logging_mixin.py:188} INFO - [2026-01-22T14:34:24.529+0000] {dagbag.py:545} INFO - Filling up the DagBag from /opt/airflow/dags/pipeline_scheduled.py
[2026-01-22T14:34:24.613+0000] {processor.py:840} INFO - DAG(s) 'pipeline_scheduled' retrieved from /opt/airflow/dags/pipeline_scheduled.py
[2026-01-22T14:34:24.697+0000] {logging_mixin.py:188} INFO - [2026-01-22T14:34:24.697+0000] {dag.py:3089} INFO - Sync 1 DAGs
[2026-01-22T14:34:24.754+0000] {logging_mixin.py:188} INFO - [2026-01-22T14:34:24.753+0000] {dag.py:3947} INFO - Setting next_dagrun for pipeline_scheduled to 2026-01-22 14:00:00+00:00, run_after=2026-01-22 15:00:00+00:00
[2026-01-22T14:34:24.812+0000] {processor.py:183} INFO - Processing /opt/airflow/dags/pipeline_scheduled.py took 0.309 seconds
[2026-01-22T14:34:55.044+0000] {processor.py:161} INFO - Started process (PID=54495) to work on /opt/airflow/dags/pipeline_scheduled.py
[2026-01-22T14:34:55.045+0000] {processor.py:830} INFO - Processing file /opt/airflow/dags/pipeline_scheduled.py for tasks to queue
[2026-01-22T14:34:55.045+0000] {logging_mixin.py:188} INFO - [2026-01-22T14:34:55.045+0000] {dagbag.py:545} INFO - Filling up the DagBag from /opt/airflow/dags/pipeline_scheduled.py
[2026-01-22T14:34:55.071+0000] {processor.py:840} INFO - DAG(s) 'pipeline_scheduled' retrieved from /opt/airflow/dags/pipeline_scheduled.py
[2026-01-22T14:34:55.101+0000] {logging_mixin.py:188} INFO - [2026-01-22T14:34:55.101+0000] {dag.py:3089} INFO - Sync 1 DAGs
[2026-01-22T14:34:55.122+0000] {logging_mixin.py:188} INFO - [2026-01-22T14:34:55.121+0000] {dag.py:3947} INFO - Setting next_dagrun for pipeline_scheduled to 2026-01-22 14:00:00+00:00, run_after=2026-01-22 15:00:00+00:00
[2026-01-22T14:34:55.142+0000] {processor.py:183} INFO - Processing /opt/airflow/dags/pipeline_scheduled.py took 0.104 seconds
[2026-01-22T14:35:25.403+0000] {processor.py:161} INFO - Started process (PID=54505) to work on /opt/airflow/dags/pipeline_scheduled.py
[2026-01-22T14:35:25.405+0000] {processor.py:830} INFO - Processing file /opt/airflow/dags/pipeline_scheduled.py for tasks to queue
[2026-01-22T14:35:25.406+0000] {logging_mixin.py:188} INFO - [2026-01-22T14:35:25.405+0000] {dagbag.py:545} INFO - Filling up the DagBag from /opt/airflow/dags/pipeline_scheduled.py
[2026-01-22T14:35:25.432+0000] {processor.py:840} INFO - DAG(s) 'pipeline_scheduled' retrieved from /opt/airflow/dags/pipeline_scheduled.py
[2026-01-22T14:35:25.470+0000] {logging_mixin.py:188} INFO - [2026-01-22T14:35:25.469+0000] {dag.py:3089} INFO - Sync 1 DAGs
[2026-01-22T14:35:25.494+0000] {logging_mixin.py:188} INFO - [2026-01-22T14:35:25.494+0000] {dag.py:3947} INFO - Setting next_dagrun for pipeline_scheduled to 2026-01-22 14:00:00+00:00, run_after=2026-01-22 15:00:00+00:00
[2026-01-22T14:35:25.516+0000] {processor.py:183} INFO - Processing /opt/airflow/dags/pipeline_scheduled.py took 0.119 seconds
[2026-01-22T14:35:56.113+0000] {processor.py:161} INFO - Started process (PID=54515) to work on /opt/airflow/dags/pipeline_scheduled.py
[2026-01-22T14:35:56.114+0000] {processor.py:830} INFO - Processing file /opt/airflow/dags/pipeline_scheduled.py for tasks to queue
[2026-01-22T14:35:56.116+0000] {logging_mixin.py:188} INFO - [2026-01-22T14:35:56.116+0000] {dagbag.py:545} INFO - Filling up the DagBag from /opt/airflow/dags/pipeline_scheduled.py
[2026-01-22T14:35:56.162+0000] {processor.py:840} INFO - DAG(s) 'pipeline_scheduled' retrieved from /opt/airflow/dags/pipeline_scheduled.py
[2026-01-22T14:35:56.200+0000] {logging_mixin.py:188} INFO - [2026-01-22T14:35:56.200+0000] {dag.py:3089} INFO - Sync 1 DAGs
[2026-01-22T14:35:56.224+0000] {logging_mixin.py:188} INFO - [2026-01-22T14:35:56.224+0000] {dag.py:3947} INFO - Setting next_dagrun for pipeline_scheduled to 2026-01-22 14:00:00+00:00, run_after=2026-01-22 15:00:00+00:00
[2026-01-22T14:35:56.248+0000] {processor.py:183} INFO - Processing /opt/airflow/dags/pipeline_scheduled.py took 0.142 seconds
[2026-01-22T14:36:26.500+0000] {processor.py:161} INFO - Started process (PID=54525) to work on /opt/airflow/dags/pipeline_scheduled.py
[2026-01-22T14:36:26.501+0000] {processor.py:830} INFO - Processing file /opt/airflow/dags/pipeline_scheduled.py for tasks to queue
[2026-01-22T14:36:26.502+0000] {logging_mixin.py:188} INFO - [2026-01-22T14:36:26.502+0000] {dagbag.py:545} INFO - Filling up the DagBag from /opt/airflow/dags/pipeline_scheduled.py
[2026-01-22T14:36:26.528+0000] {processor.py:840} INFO - DAG(s) 'pipeline_scheduled' retrieved from /opt/airflow/dags/pipeline_scheduled.py
[2026-01-22T14:36:26.564+0000] {logging_mixin.py:188} INFO - [2026-01-22T14:36:26.563+0000] {dag.py:3089} INFO - Sync 1 DAGs
[2026-01-22T14:36:26.588+0000] {logging_mixin.py:188} INFO - [2026-01-22T14:36:26.588+0000] {dag.py:3947} INFO - Setting next_dagrun for pipeline_scheduled to 2026-01-22 14:00:00+00:00, run_after=2026-01-22 15:00:00+00:00
[2026-01-22T14:36:26.609+0000] {processor.py:183} INFO - Processing /opt/airflow/dags/pipeline_scheduled.py took 0.115 seconds
[2026-01-22T14:36:56.847+0000] {processor.py:161} INFO - Started process (PID=54535) to work on /opt/airflow/dags/pipeline_scheduled.py
[2026-01-22T14:36:56.849+0000] {processor.py:830} INFO - Processing file /opt/airflow/dags/pipeline_scheduled.py for tasks to queue
[2026-01-22T14:36:56.850+0000] {logging_mixin.py:188} INFO - [2026-01-22T14:36:56.850+0000] {dagbag.py:545} INFO - Filling up the DagBag from /opt/airflow/dags/pipeline_scheduled.py
[2026-01-22T14:36:56.877+0000] {processor.py:840} INFO - DAG(s) 'pipeline_scheduled' retrieved from /opt/airflow/dags/pipeline_scheduled.py
[2026-01-22T14:36:56.912+0000] {logging_mixin.py:188} INFO - [2026-01-22T14:36:56.912+0000] {dag.py:3089} INFO - Sync 1 DAGs
[2026-01-22T14:36:56.934+0000] {logging_mixin.py:188} INFO - [2026-01-22T14:36:56.933+0000] {dag.py:3947} INFO - Setting next_dagrun for pipeline_scheduled to 2026-01-22 14:00:00+00:00, run_after=2026-01-22 15:00:00+00:00
[2026-01-22T14:36:56.954+0000] {processor.py:183} INFO - Processing /opt/airflow/dags/pipeline_scheduled.py took 0.114 seconds
[2026-01-22T14:37:27.209+0000] {processor.py:161} INFO - Started process (PID=54545) to work on /opt/airflow/dags/pipeline_scheduled.py
[2026-01-22T14:37:27.211+0000] {processor.py:830} INFO - Processing file /opt/airflow/dags/pipeline_scheduled.py for tasks to queue
[2026-01-22T14:37:27.212+0000] {logging_mixin.py:188} INFO - [2026-01-22T14:37:27.211+0000] {dagbag.py:545} INFO - Filling up the DagBag from /opt/airflow/dags/pipeline_scheduled.py
[2026-01-22T14:37:27.241+0000] {processor.py:840} INFO - DAG(s) 'pipeline_scheduled' retrieved from /opt/airflow/dags/pipeline_scheduled.py
[2026-01-22T14:37:27.278+0000] {logging_mixin.py:188} INFO - [2026-01-22T14:37:27.277+0000] {dag.py:3089} INFO - Sync 1 DAGs
[2026-01-22T14:37:27.299+0000] {logging_mixin.py:188} INFO - [2026-01-22T14:37:27.299+0000] {dag.py:3947} INFO - Setting next_dagrun for pipeline_scheduled to 2026-01-22 14:00:00+00:00, run_after=2026-01-22 15:00:00+00:00
[2026-01-22T14:37:27.319+0000] {processor.py:183} INFO - Processing /opt/airflow/dags/pipeline_scheduled.py took 0.116 seconds
[2026-01-22T14:37:57.569+0000] {processor.py:161} INFO - Started process (PID=54555) to work on /opt/airflow/dags/pipeline_scheduled.py
[2026-01-22T14:37:57.571+0000] {processor.py:830} INFO - Processing file /opt/airflow/dags/pipeline_scheduled.py for tasks to queue
[2026-01-22T14:37:57.572+0000] {logging_mixin.py:188} INFO - [2026-01-22T14:37:57.571+0000] {dagbag.py:545} INFO - Filling up the DagBag from /opt/airflow/dags/pipeline_scheduled.py
[2026-01-22T14:37:57.601+0000] {processor.py:840} INFO - DAG(s) 'pipeline_scheduled' retrieved from /opt/airflow/dags/pipeline_scheduled.py
[2026-01-22T14:37:57.635+0000] {logging_mixin.py:188} INFO - [2026-01-22T14:37:57.635+0000] {dag.py:3089} INFO - Sync 1 DAGs
[2026-01-22T14:37:57.658+0000] {logging_mixin.py:188} INFO - [2026-01-22T14:37:57.657+0000] {dag.py:3947} INFO - Setting next_dagrun for pipeline_scheduled to 2026-01-22 14:00:00+00:00, run_after=2026-01-22 15:00:00+00:00
[2026-01-22T14:37:57.678+0000] {processor.py:183} INFO - Processing /opt/airflow/dags/pipeline_scheduled.py took 0.115 seconds
[2026-01-22T14:38:27.952+0000] {processor.py:161} INFO - Started process (PID=54565) to work on /opt/airflow/dags/pipeline_scheduled.py
[2026-01-22T14:38:27.953+0000] {processor.py:830} INFO - Processing file /opt/airflow/dags/pipeline_scheduled.py for tasks to queue
[2026-01-22T14:38:27.954+0000] {logging_mixin.py:188} INFO - [2026-01-22T14:38:27.954+0000] {dagbag.py:545} INFO - Filling up the DagBag from /opt/airflow/dags/pipeline_scheduled.py
[2026-01-22T14:38:27.980+0000] {processor.py:840} INFO - DAG(s) 'pipeline_scheduled' retrieved from /opt/airflow/dags/pipeline_scheduled.py
[2026-01-22T14:38:28.017+0000] {logging_mixin.py:188} INFO - [2026-01-22T14:38:28.016+0000] {dag.py:3089} INFO - Sync 1 DAGs
[2026-01-22T14:38:28.037+0000] {logging_mixin.py:188} INFO - [2026-01-22T14:38:28.037+0000] {dag.py:3947} INFO - Setting next_dagrun for pipeline_scheduled to 2026-01-22 14:00:00+00:00, run_after=2026-01-22 15:00:00+00:00
[2026-01-22T14:38:28.056+0000] {processor.py:183} INFO - Processing /opt/airflow/dags/pipeline_scheduled.py took 0.111 seconds
[2026-01-22T14:38:58.327+0000] {processor.py:161} INFO - Started process (PID=54575) to work on /opt/airflow/dags/pipeline_scheduled.py
[2026-01-22T14:38:58.329+0000] {processor.py:830} INFO - Processing file /opt/airflow/dags/pipeline_scheduled.py for tasks to queue
[2026-01-22T14:38:58.330+0000] {logging_mixin.py:188} INFO - [2026-01-22T14:38:58.330+0000] {dagbag.py:545} INFO - Filling up the DagBag from /opt/airflow/dags/pipeline_scheduled.py
[2026-01-22T14:38:58.357+0000] {processor.py:840} INFO - DAG(s) 'pipeline_scheduled' retrieved from /opt/airflow/dags/pipeline_scheduled.py
[2026-01-22T14:38:58.392+0000] {logging_mixin.py:188} INFO - [2026-01-22T14:38:58.391+0000] {dag.py:3089} INFO - Sync 1 DAGs
[2026-01-22T14:38:58.411+0000] {logging_mixin.py:188} INFO - [2026-01-22T14:38:58.411+0000] {dag.py:3947} INFO - Setting next_dagrun for pipeline_scheduled to 2026-01-22 14:00:00+00:00, run_after=2026-01-22 15:00:00+00:00
[2026-01-22T14:38:58.431+0000] {processor.py:183} INFO - Processing /opt/airflow/dags/pipeline_scheduled.py took 0.110 seconds
[2026-01-22T14:39:28.767+0000] {processor.py:161} INFO - Started process (PID=54585) to work on /opt/airflow/dags/pipeline_scheduled.py
[2026-01-22T14:39:28.768+0000] {processor.py:830} INFO - Processing file /opt/airflow/dags/pipeline_scheduled.py for tasks to queue
[2026-01-22T14:39:28.769+0000] {logging_mixin.py:188} INFO - [2026-01-22T14:39:28.769+0000] {dagbag.py:545} INFO - Filling up the DagBag from /opt/airflow/dags/pipeline_scheduled.py
[2026-01-22T14:39:28.798+0000] {processor.py:840} INFO - DAG(s) 'pipeline_scheduled' retrieved from /opt/airflow/dags/pipeline_scheduled.py
[2026-01-22T14:39:28.838+0000] {logging_mixin.py:188} INFO - [2026-01-22T14:39:28.838+0000] {dag.py:3089} INFO - Sync 1 DAGs
[2026-01-22T14:39:28.864+0000] {logging_mixin.py:188} INFO - [2026-01-22T14:39:28.864+0000] {dag.py:3947} INFO - Setting next_dagrun for pipeline_scheduled to 2026-01-22 14:00:00+00:00, run_after=2026-01-22 15:00:00+00:00
[2026-01-22T14:39:28.884+0000] {processor.py:183} INFO - Processing /opt/airflow/dags/pipeline_scheduled.py took 0.125 seconds
[2026-01-22T16:42:17.919+0000] {processor.py:161} INFO - Started process (PID=54601) to work on /opt/airflow/dags/pipeline_scheduled.py
[2026-01-22T16:42:17.926+0000] {processor.py:830} INFO - Processing file /opt/airflow/dags/pipeline_scheduled.py for tasks to queue
[2026-01-22T16:42:17.934+0000] {logging_mixin.py:188} INFO - [2026-01-22T16:42:17.933+0000] {dagbag.py:545} INFO - Filling up the DagBag from /opt/airflow/dags/pipeline_scheduled.py
[2026-01-22T16:42:18.121+0000] {processor.py:840} INFO - DAG(s) 'pipeline_scheduled' retrieved from /opt/airflow/dags/pipeline_scheduled.py
[2026-01-22T16:42:18.558+0000] {logging_mixin.py:188} INFO - [2026-01-22T16:42:18.555+0000] {dag.py:3089} INFO - Sync 1 DAGs
[2026-01-22T16:42:18.689+0000] {logging_mixin.py:188} INFO - [2026-01-22T16:42:18.688+0000] {dag.py:3947} INFO - Setting next_dagrun for pipeline_scheduled to 2026-01-22 16:00:00+00:00, run_after=2026-01-22 17:00:00+00:00
[2026-01-22T16:42:18.829+0000] {processor.py:183} INFO - Processing /opt/airflow/dags/pipeline_scheduled.py took 0.936 seconds
[2026-01-22T16:49:28.650+0000] {processor.py:161} INFO - Started process (PID=54625) to work on /opt/airflow/dags/pipeline_scheduled.py
[2026-01-22T16:49:28.652+0000] {processor.py:830} INFO - Processing file /opt/airflow/dags/pipeline_scheduled.py for tasks to queue
[2026-01-22T16:49:28.659+0000] {logging_mixin.py:188} INFO - [2026-01-22T16:49:28.658+0000] {dagbag.py:545} INFO - Filling up the DagBag from /opt/airflow/dags/pipeline_scheduled.py
[2026-01-22T16:49:28.701+0000] {processor.py:840} INFO - DAG(s) 'pipeline_scheduled' retrieved from /opt/airflow/dags/pipeline_scheduled.py
[2026-01-22T16:49:28.758+0000] {logging_mixin.py:188} INFO - [2026-01-22T16:49:28.758+0000] {dag.py:3089} INFO - Sync 1 DAGs
[2026-01-22T16:49:28.798+0000] {logging_mixin.py:188} INFO - [2026-01-22T16:49:28.798+0000] {dag.py:3947} INFO - Setting next_dagrun for pipeline_scheduled to 2026-01-22 16:00:00+00:00, run_after=2026-01-22 17:00:00+00:00
[2026-01-22T16:49:28.837+0000] {processor.py:183} INFO - Processing /opt/airflow/dags/pipeline_scheduled.py took 0.215 seconds
[2026-01-22T17:08:49.495+0000] {processor.py:161} INFO - Started process (PID=54636) to work on /opt/airflow/dags/pipeline_scheduled.py
[2026-01-22T17:08:49.497+0000] {processor.py:830} INFO - Processing file /opt/airflow/dags/pipeline_scheduled.py for tasks to queue
[2026-01-22T17:08:49.500+0000] {logging_mixin.py:188} INFO - [2026-01-22T17:08:49.499+0000] {dagbag.py:545} INFO - Filling up the DagBag from /opt/airflow/dags/pipeline_scheduled.py
[2026-01-22T17:08:49.579+0000] {processor.py:840} INFO - DAG(s) 'pipeline_scheduled' retrieved from /opt/airflow/dags/pipeline_scheduled.py
[2026-01-22T17:08:49.724+0000] {logging_mixin.py:188} INFO - [2026-01-22T17:08:49.723+0000] {taskinstance.py:2907} ERROR - {'DAG Id': 'pipeline_scheduled', 'Task Id': 'poll', 'Run Id': 'scheduled__2026-01-22T04:00:00+00:00', 'Hostname': '64fb536b9c49'}
[2026-01-22T17:08:49.821+0000] {logging_mixin.py:188} INFO - [2026-01-22T17:08:49.820+0000] {taskinstance.py:1206} INFO - Marking task as FAILED. dag_id=pipeline_scheduled, task_id=poll, run_id=scheduled__2026-01-22T04:00:00+00:00, execution_date=20260122T040000, start_date=20260122T164219, end_date=20260122T170849
[2026-01-22T17:08:49.885+0000] {processor.py:791} INFO - Executed failure callback for <TaskInstance: pipeline_scheduled.poll scheduled__2026-01-22T04:00:00+00:00 [failed]> in state failed
[2026-01-22T17:08:49.898+0000] {logging_mixin.py:188} INFO - [2026-01-22T17:08:49.897+0000] {taskinstance.py:2907} ERROR - {'DAG Id': 'pipeline_scheduled', 'Task Id': 'poll', 'Run Id': 'scheduled__2026-01-22T08:00:00+00:00', 'Hostname': '64fb536b9c49'}
[2026-01-22T17:08:49.928+0000] {logging_mixin.py:188} INFO - [2026-01-22T17:08:49.928+0000] {taskinstance.py:1206} INFO - Marking task as FAILED. dag_id=pipeline_scheduled, task_id=poll, run_id=scheduled__2026-01-22T08:00:00+00:00, execution_date=20260122T080000, start_date=20260122T164219, end_date=20260122T170849
[2026-01-22T17:08:49.945+0000] {processor.py:791} INFO - Executed failure callback for <TaskInstance: pipeline_scheduled.poll scheduled__2026-01-22T08:00:00+00:00 [failed]> in state failed
[2026-01-22T17:08:49.957+0000] {logging_mixin.py:188} INFO - [2026-01-22T17:08:49.957+0000] {taskinstance.py:2907} ERROR - {'DAG Id': 'pipeline_scheduled', 'Task Id': 'poll', 'Run Id': 'scheduled__2026-01-22T09:00:00+00:00', 'Hostname': '64fb536b9c49'}
[2026-01-22T17:08:49.988+0000] {logging_mixin.py:188} INFO - [2026-01-22T17:08:49.987+0000] {taskinstance.py:1206} INFO - Marking task as FAILED. dag_id=pipeline_scheduled, task_id=poll, run_id=scheduled__2026-01-22T09:00:00+00:00, execution_date=20260122T090000, start_date=20260122T164219, end_date=20260122T170849
[2026-01-22T17:08:49.995+0000] {processor.py:791} INFO - Executed failure callback for <TaskInstance: pipeline_scheduled.poll scheduled__2026-01-22T09:00:00+00:00 [failed]> in state failed
[2026-01-22T17:08:50.012+0000] {logging_mixin.py:188} INFO - [2026-01-22T17:08:50.012+0000] {taskinstance.py:2907} ERROR - {'DAG Id': 'pipeline_scheduled', 'Task Id': 'poll', 'Run Id': 'scheduled__2026-01-22T10:00:00+00:00', 'Hostname': '64fb536b9c49'}
[2026-01-22T17:08:50.048+0000] {logging_mixin.py:188} INFO - [2026-01-22T17:08:50.046+0000] {taskinstance.py:1206} INFO - Marking task as FAILED. dag_id=pipeline_scheduled, task_id=poll, run_id=scheduled__2026-01-22T10:00:00+00:00, execution_date=20260122T100000, start_date=20260122T164219, end_date=20260122T170850
[2026-01-22T17:08:50.062+0000] {processor.py:791} INFO - Executed failure callback for <TaskInstance: pipeline_scheduled.poll scheduled__2026-01-22T10:00:00+00:00 [failed]> in state failed
[2026-01-22T17:08:50.070+0000] {logging_mixin.py:188} INFO - [2026-01-22T17:08:50.069+0000] {taskinstance.py:2907} ERROR - {'DAG Id': 'pipeline_scheduled', 'Task Id': 'poll', 'Run Id': 'scheduled__2026-01-22T14:00:00+00:00', 'Hostname': '64fb536b9c49'}
[2026-01-22T17:08:50.098+0000] {logging_mixin.py:188} INFO - [2026-01-22T17:08:50.097+0000] {taskinstance.py:1206} INFO - Marking task as UP_FOR_RETRY. dag_id=pipeline_scheduled, task_id=poll, run_id=scheduled__2026-01-22T14:00:00+00:00, execution_date=20260122T140000, start_date=20260122T164219, end_date=20260122T170850
[2026-01-22T17:08:50.109+0000] {processor.py:791} INFO - Executed failure callback for <TaskInstance: pipeline_scheduled.poll scheduled__2026-01-22T14:00:00+00:00 [up_for_retry]> in state up_for_retry
[2026-01-22T17:08:50.122+0000] {logging_mixin.py:188} INFO - [2026-01-22T17:08:50.122+0000] {taskinstance.py:2907} ERROR - {'DAG Id': 'pipeline_scheduled', 'Task Id': 'poll', 'Run Id': 'scheduled__2026-01-22T13:00:00+00:00', 'Hostname': '64fb536b9c49'}
[2026-01-22T17:08:50.154+0000] {logging_mixin.py:188} INFO - [2026-01-22T17:08:50.153+0000] {taskinstance.py:1206} INFO - Marking task as UP_FOR_RETRY. dag_id=pipeline_scheduled, task_id=poll, run_id=scheduled__2026-01-22T13:00:00+00:00, execution_date=20260122T130000, start_date=20260122T164219, end_date=20260122T170850
[2026-01-22T17:08:50.165+0000] {processor.py:791} INFO - Executed failure callback for <TaskInstance: pipeline_scheduled.poll scheduled__2026-01-22T13:00:00+00:00 [up_for_retry]> in state up_for_retry
[2026-01-22T17:08:50.311+0000] {logging_mixin.py:188} INFO - [2026-01-22T17:08:50.310+0000] {dag.py:3089} INFO - Sync 1 DAGs
[2026-01-22T17:08:50.387+0000] {logging_mixin.py:188} INFO - [2026-01-22T17:08:50.387+0000] {dag.py:3947} INFO - Setting next_dagrun for pipeline_scheduled to 2026-01-22 17:00:00+00:00, run_after=2026-01-22 18:00:00+00:00
[2026-01-22T17:08:50.475+0000] {processor.py:183} INFO - Processing /opt/airflow/dags/pipeline_scheduled.py took 1.000 seconds
[2026-01-22T17:09:20.646+0000] {processor.py:161} INFO - Started process (PID=54660) to work on /opt/airflow/dags/pipeline_scheduled.py
[2026-01-22T17:09:20.647+0000] {processor.py:830} INFO - Processing file /opt/airflow/dags/pipeline_scheduled.py for tasks to queue
[2026-01-22T17:09:20.648+0000] {logging_mixin.py:188} INFO - [2026-01-22T17:09:20.648+0000] {dagbag.py:545} INFO - Filling up the DagBag from /opt/airflow/dags/pipeline_scheduled.py
[2026-01-22T17:09:20.677+0000] {processor.py:840} INFO - DAG(s) 'pipeline_scheduled' retrieved from /opt/airflow/dags/pipeline_scheduled.py
[2026-01-22T17:09:20.712+0000] {logging_mixin.py:188} INFO - [2026-01-22T17:09:20.712+0000] {dag.py:3089} INFO - Sync 1 DAGs
[2026-01-22T17:09:20.732+0000] {logging_mixin.py:188} INFO - [2026-01-22T17:09:20.732+0000] {dag.py:3947} INFO - Setting next_dagrun for pipeline_scheduled to 2026-01-22 17:00:00+00:00, run_after=2026-01-22 18:00:00+00:00
[2026-01-22T17:09:20.754+0000] {processor.py:183} INFO - Processing /opt/airflow/dags/pipeline_scheduled.py took 0.116 seconds
[2026-01-22T17:09:50.885+0000] {processor.py:161} INFO - Started process (PID=54668) to work on /opt/airflow/dags/pipeline_scheduled.py
[2026-01-22T17:09:50.886+0000] {processor.py:830} INFO - Processing file /opt/airflow/dags/pipeline_scheduled.py for tasks to queue
[2026-01-22T17:09:50.888+0000] {logging_mixin.py:188} INFO - [2026-01-22T17:09:50.887+0000] {dagbag.py:545} INFO - Filling up the DagBag from /opt/airflow/dags/pipeline_scheduled.py
[2026-01-22T17:09:50.914+0000] {processor.py:840} INFO - DAG(s) 'pipeline_scheduled' retrieved from /opt/airflow/dags/pipeline_scheduled.py
[2026-01-22T17:09:50.956+0000] {logging_mixin.py:188} INFO - [2026-01-22T17:09:50.956+0000] {dag.py:3089} INFO - Sync 1 DAGs
[2026-01-22T17:09:50.980+0000] {logging_mixin.py:188} INFO - [2026-01-22T17:09:50.980+0000] {dag.py:3947} INFO - Setting next_dagrun for pipeline_scheduled to 2026-01-22 17:00:00+00:00, run_after=2026-01-22 18:00:00+00:00
[2026-01-22T17:09:51.001+0000] {processor.py:183} INFO - Processing /opt/airflow/dags/pipeline_scheduled.py took 0.123 seconds
[2026-01-22T17:10:21.277+0000] {processor.py:161} INFO - Started process (PID=54678) to work on /opt/airflow/dags/pipeline_scheduled.py
[2026-01-22T17:10:21.279+0000] {processor.py:830} INFO - Processing file /opt/airflow/dags/pipeline_scheduled.py for tasks to queue
[2026-01-22T17:10:21.280+0000] {logging_mixin.py:188} INFO - [2026-01-22T17:10:21.280+0000] {dagbag.py:545} INFO - Filling up the DagBag from /opt/airflow/dags/pipeline_scheduled.py
[2026-01-22T17:10:21.306+0000] {processor.py:840} INFO - DAG(s) 'pipeline_scheduled' retrieved from /opt/airflow/dags/pipeline_scheduled.py
[2026-01-22T17:10:21.345+0000] {logging_mixin.py:188} INFO - [2026-01-22T17:10:21.344+0000] {dag.py:3089} INFO - Sync 1 DAGs
[2026-01-22T17:10:21.371+0000] {logging_mixin.py:188} INFO - [2026-01-22T17:10:21.371+0000] {dag.py:3947} INFO - Setting next_dagrun for pipeline_scheduled to 2026-01-22 17:00:00+00:00, run_after=2026-01-22 18:00:00+00:00
[2026-01-22T17:10:21.391+0000] {processor.py:183} INFO - Processing /opt/airflow/dags/pipeline_scheduled.py took 0.122 seconds
[2026-01-22T17:10:51.674+0000] {processor.py:161} INFO - Started process (PID=54688) to work on /opt/airflow/dags/pipeline_scheduled.py
[2026-01-22T17:10:51.675+0000] {processor.py:830} INFO - Processing file /opt/airflow/dags/pipeline_scheduled.py for tasks to queue
[2026-01-22T17:10:51.676+0000] {logging_mixin.py:188} INFO - [2026-01-22T17:10:51.675+0000] {dagbag.py:545} INFO - Filling up the DagBag from /opt/airflow/dags/pipeline_scheduled.py
[2026-01-22T17:10:51.703+0000] {processor.py:840} INFO - DAG(s) 'pipeline_scheduled' retrieved from /opt/airflow/dags/pipeline_scheduled.py
[2026-01-22T17:10:51.742+0000] {logging_mixin.py:188} INFO - [2026-01-22T17:10:51.741+0000] {dag.py:3089} INFO - Sync 1 DAGs
[2026-01-22T17:10:51.767+0000] {logging_mixin.py:188} INFO - [2026-01-22T17:10:51.766+0000] {dag.py:3947} INFO - Setting next_dagrun for pipeline_scheduled to 2026-01-22 17:00:00+00:00, run_after=2026-01-22 18:00:00+00:00
[2026-01-22T17:10:51.787+0000] {processor.py:183} INFO - Processing /opt/airflow/dags/pipeline_scheduled.py took 0.121 seconds
[2026-01-22T17:11:22.073+0000] {processor.py:161} INFO - Started process (PID=54698) to work on /opt/airflow/dags/pipeline_scheduled.py
[2026-01-22T17:11:22.075+0000] {processor.py:830} INFO - Processing file /opt/airflow/dags/pipeline_scheduled.py for tasks to queue
[2026-01-22T17:11:22.077+0000] {logging_mixin.py:188} INFO - [2026-01-22T17:11:22.076+0000] {dagbag.py:545} INFO - Filling up the DagBag from /opt/airflow/dags/pipeline_scheduled.py
[2026-01-22T17:11:22.109+0000] {processor.py:840} INFO - DAG(s) 'pipeline_scheduled' retrieved from /opt/airflow/dags/pipeline_scheduled.py
[2026-01-22T17:11:22.156+0000] {logging_mixin.py:188} INFO - [2026-01-22T17:11:22.156+0000] {dag.py:3089} INFO - Sync 1 DAGs
[2026-01-22T17:11:22.187+0000] {logging_mixin.py:188} INFO - [2026-01-22T17:11:22.187+0000] {dag.py:3947} INFO - Setting next_dagrun for pipeline_scheduled to 2026-01-22 17:00:00+00:00, run_after=2026-01-22 18:00:00+00:00
[2026-01-22T17:11:22.213+0000] {processor.py:183} INFO - Processing /opt/airflow/dags/pipeline_scheduled.py took 0.149 seconds
[2026-01-22T17:11:52.506+0000] {processor.py:161} INFO - Started process (PID=54708) to work on /opt/airflow/dags/pipeline_scheduled.py
[2026-01-22T17:11:52.507+0000] {processor.py:830} INFO - Processing file /opt/airflow/dags/pipeline_scheduled.py for tasks to queue
[2026-01-22T17:11:52.509+0000] {logging_mixin.py:188} INFO - [2026-01-22T17:11:52.508+0000] {dagbag.py:545} INFO - Filling up the DagBag from /opt/airflow/dags/pipeline_scheduled.py
[2026-01-22T17:11:52.537+0000] {processor.py:840} INFO - DAG(s) 'pipeline_scheduled' retrieved from /opt/airflow/dags/pipeline_scheduled.py
[2026-01-22T17:11:52.581+0000] {logging_mixin.py:188} INFO - [2026-01-22T17:11:52.581+0000] {dag.py:3089} INFO - Sync 1 DAGs
[2026-01-22T17:11:52.607+0000] {logging_mixin.py:188} INFO - [2026-01-22T17:11:52.607+0000] {dag.py:3947} INFO - Setting next_dagrun for pipeline_scheduled to 2026-01-22 17:00:00+00:00, run_after=2026-01-22 18:00:00+00:00
[2026-01-22T17:11:52.630+0000] {processor.py:183} INFO - Processing /opt/airflow/dags/pipeline_scheduled.py took 0.132 seconds
[2026-01-22T17:12:22.918+0000] {processor.py:161} INFO - Started process (PID=54718) to work on /opt/airflow/dags/pipeline_scheduled.py
[2026-01-22T17:12:22.920+0000] {processor.py:830} INFO - Processing file /opt/airflow/dags/pipeline_scheduled.py for tasks to queue
[2026-01-22T17:12:22.922+0000] {logging_mixin.py:188} INFO - [2026-01-22T17:12:22.921+0000] {dagbag.py:545} INFO - Filling up the DagBag from /opt/airflow/dags/pipeline_scheduled.py
[2026-01-22T17:12:22.949+0000] {processor.py:840} INFO - DAG(s) 'pipeline_scheduled' retrieved from /opt/airflow/dags/pipeline_scheduled.py
[2026-01-22T17:12:22.990+0000] {logging_mixin.py:188} INFO - [2026-01-22T17:12:22.990+0000] {dag.py:3089} INFO - Sync 1 DAGs
[2026-01-22T17:12:23.016+0000] {logging_mixin.py:188} INFO - [2026-01-22T17:12:23.016+0000] {dag.py:3947} INFO - Setting next_dagrun for pipeline_scheduled to 2026-01-22 17:00:00+00:00, run_after=2026-01-22 18:00:00+00:00
[2026-01-22T17:12:23.042+0000] {processor.py:183} INFO - Processing /opt/airflow/dags/pipeline_scheduled.py took 0.132 seconds
[2026-01-22T17:12:53.304+0000] {processor.py:161} INFO - Started process (PID=54728) to work on /opt/airflow/dags/pipeline_scheduled.py
[2026-01-22T17:12:53.306+0000] {processor.py:830} INFO - Processing file /opt/airflow/dags/pipeline_scheduled.py for tasks to queue
[2026-01-22T17:12:53.307+0000] {logging_mixin.py:188} INFO - [2026-01-22T17:12:53.307+0000] {dagbag.py:545} INFO - Filling up the DagBag from /opt/airflow/dags/pipeline_scheduled.py
[2026-01-22T17:12:53.336+0000] {processor.py:840} INFO - DAG(s) 'pipeline_scheduled' retrieved from /opt/airflow/dags/pipeline_scheduled.py
[2026-01-22T17:12:53.378+0000] {logging_mixin.py:188} INFO - [2026-01-22T17:12:53.377+0000] {dag.py:3089} INFO - Sync 1 DAGs
[2026-01-22T17:12:53.404+0000] {logging_mixin.py:188} INFO - [2026-01-22T17:12:53.404+0000] {dag.py:3947} INFO - Setting next_dagrun for pipeline_scheduled to 2026-01-22 17:00:00+00:00, run_after=2026-01-22 18:00:00+00:00
[2026-01-22T17:12:53.426+0000] {processor.py:183} INFO - Processing /opt/airflow/dags/pipeline_scheduled.py took 0.129 seconds
[2026-01-22T17:13:23.685+0000] {processor.py:161} INFO - Started process (PID=54738) to work on /opt/airflow/dags/pipeline_scheduled.py
[2026-01-22T17:13:23.687+0000] {processor.py:830} INFO - Processing file /opt/airflow/dags/pipeline_scheduled.py for tasks to queue
[2026-01-22T17:13:23.688+0000] {logging_mixin.py:188} INFO - [2026-01-22T17:13:23.688+0000] {dagbag.py:545} INFO - Filling up the DagBag from /opt/airflow/dags/pipeline_scheduled.py
[2026-01-22T17:13:23.717+0000] {processor.py:840} INFO - DAG(s) 'pipeline_scheduled' retrieved from /opt/airflow/dags/pipeline_scheduled.py
[2026-01-22T17:13:23.758+0000] {logging_mixin.py:188} INFO - [2026-01-22T17:13:23.757+0000] {dag.py:3089} INFO - Sync 1 DAGs
[2026-01-22T17:13:23.785+0000] {logging_mixin.py:188} INFO - [2026-01-22T17:13:23.785+0000] {dag.py:3947} INFO - Setting next_dagrun for pipeline_scheduled to 2026-01-22 17:00:00+00:00, run_after=2026-01-22 18:00:00+00:00
[2026-01-22T17:13:23.807+0000] {processor.py:183} INFO - Processing /opt/airflow/dags/pipeline_scheduled.py took 0.130 seconds
[2026-01-22T17:13:54.103+0000] {processor.py:161} INFO - Started process (PID=54748) to work on /opt/airflow/dags/pipeline_scheduled.py
[2026-01-22T17:13:54.104+0000] {processor.py:830} INFO - Processing file /opt/airflow/dags/pipeline_scheduled.py for tasks to queue
[2026-01-22T17:13:54.105+0000] {logging_mixin.py:188} INFO - [2026-01-22T17:13:54.105+0000] {dagbag.py:545} INFO - Filling up the DagBag from /opt/airflow/dags/pipeline_scheduled.py
[2026-01-22T17:13:54.134+0000] {processor.py:840} INFO - DAG(s) 'pipeline_scheduled' retrieved from /opt/airflow/dags/pipeline_scheduled.py
[2026-01-22T17:13:54.168+0000] {logging_mixin.py:188} INFO - [2026-01-22T17:13:54.167+0000] {dag.py:3089} INFO - Sync 1 DAGs
[2026-01-22T17:13:54.188+0000] {logging_mixin.py:188} INFO - [2026-01-22T17:13:54.188+0000] {dag.py:3947} INFO - Setting next_dagrun for pipeline_scheduled to 2026-01-22 17:00:00+00:00, run_after=2026-01-22 18:00:00+00:00
[2026-01-22T17:13:54.206+0000] {processor.py:183} INFO - Processing /opt/airflow/dags/pipeline_scheduled.py took 0.110 seconds
[2026-01-22T17:14:24.461+0000] {processor.py:161} INFO - Started process (PID=54758) to work on /opt/airflow/dags/pipeline_scheduled.py
[2026-01-22T17:14:24.462+0000] {processor.py:830} INFO - Processing file /opt/airflow/dags/pipeline_scheduled.py for tasks to queue
[2026-01-22T17:14:24.463+0000] {logging_mixin.py:188} INFO - [2026-01-22T17:14:24.462+0000] {dagbag.py:545} INFO - Filling up the DagBag from /opt/airflow/dags/pipeline_scheduled.py
[2026-01-22T17:14:24.490+0000] {processor.py:840} INFO - DAG(s) 'pipeline_scheduled' retrieved from /opt/airflow/dags/pipeline_scheduled.py
[2026-01-22T17:14:24.527+0000] {logging_mixin.py:188} INFO - [2026-01-22T17:14:24.527+0000] {dag.py:3089} INFO - Sync 1 DAGs
[2026-01-22T17:14:24.554+0000] {logging_mixin.py:188} INFO - [2026-01-22T17:14:24.553+0000] {dag.py:3947} INFO - Setting next_dagrun for pipeline_scheduled to 2026-01-22 17:00:00+00:00, run_after=2026-01-22 18:00:00+00:00
[2026-01-22T17:14:24.575+0000] {processor.py:183} INFO - Processing /opt/airflow/dags/pipeline_scheduled.py took 0.122 seconds
[2026-01-22T17:14:54.833+0000] {processor.py:161} INFO - Started process (PID=54768) to work on /opt/airflow/dags/pipeline_scheduled.py
[2026-01-22T17:14:54.835+0000] {processor.py:830} INFO - Processing file /opt/airflow/dags/pipeline_scheduled.py for tasks to queue
[2026-01-22T17:14:54.836+0000] {logging_mixin.py:188} INFO - [2026-01-22T17:14:54.835+0000] {dagbag.py:545} INFO - Filling up the DagBag from /opt/airflow/dags/pipeline_scheduled.py
[2026-01-22T17:14:54.865+0000] {processor.py:840} INFO - DAG(s) 'pipeline_scheduled' retrieved from /opt/airflow/dags/pipeline_scheduled.py
[2026-01-22T17:14:54.903+0000] {logging_mixin.py:188} INFO - [2026-01-22T17:14:54.902+0000] {dag.py:3089} INFO - Sync 1 DAGs
[2026-01-22T17:14:54.928+0000] {logging_mixin.py:188} INFO - [2026-01-22T17:14:54.928+0000] {dag.py:3947} INFO - Setting next_dagrun for pipeline_scheduled to 2026-01-22 17:00:00+00:00, run_after=2026-01-22 18:00:00+00:00
[2026-01-22T17:14:54.953+0000] {processor.py:183} INFO - Processing /opt/airflow/dags/pipeline_scheduled.py took 0.127 seconds
[2026-01-22T17:15:25.198+0000] {processor.py:161} INFO - Started process (PID=54778) to work on /opt/airflow/dags/pipeline_scheduled.py
[2026-01-22T17:15:25.199+0000] {processor.py:830} INFO - Processing file /opt/airflow/dags/pipeline_scheduled.py for tasks to queue
[2026-01-22T17:15:25.200+0000] {logging_mixin.py:188} INFO - [2026-01-22T17:15:25.199+0000] {dagbag.py:545} INFO - Filling up the DagBag from /opt/airflow/dags/pipeline_scheduled.py
[2026-01-22T17:15:25.225+0000] {processor.py:840} INFO - DAG(s) 'pipeline_scheduled' retrieved from /opt/airflow/dags/pipeline_scheduled.py
[2026-01-22T17:15:25.262+0000] {logging_mixin.py:188} INFO - [2026-01-22T17:15:25.261+0000] {dag.py:3089} INFO - Sync 1 DAGs
[2026-01-22T17:15:25.287+0000] {logging_mixin.py:188} INFO - [2026-01-22T17:15:25.286+0000] {dag.py:3947} INFO - Setting next_dagrun for pipeline_scheduled to 2026-01-22 17:00:00+00:00, run_after=2026-01-22 18:00:00+00:00
[2026-01-22T17:15:25.316+0000] {processor.py:183} INFO - Processing /opt/airflow/dags/pipeline_scheduled.py took 0.125 seconds
[2026-01-22T17:15:55.560+0000] {processor.py:161} INFO - Started process (PID=54788) to work on /opt/airflow/dags/pipeline_scheduled.py
[2026-01-22T17:15:55.561+0000] {processor.py:830} INFO - Processing file /opt/airflow/dags/pipeline_scheduled.py for tasks to queue
[2026-01-22T17:15:55.562+0000] {logging_mixin.py:188} INFO - [2026-01-22T17:15:55.561+0000] {dagbag.py:545} INFO - Filling up the DagBag from /opt/airflow/dags/pipeline_scheduled.py
[2026-01-22T17:15:55.588+0000] {processor.py:840} INFO - DAG(s) 'pipeline_scheduled' retrieved from /opt/airflow/dags/pipeline_scheduled.py
[2026-01-22T17:15:55.624+0000] {logging_mixin.py:188} INFO - [2026-01-22T17:15:55.624+0000] {dag.py:3089} INFO - Sync 1 DAGs
[2026-01-22T17:15:55.651+0000] {logging_mixin.py:188} INFO - [2026-01-22T17:15:55.651+0000] {dag.py:3947} INFO - Setting next_dagrun for pipeline_scheduled to 2026-01-22 17:00:00+00:00, run_after=2026-01-22 18:00:00+00:00
[2026-01-22T17:15:55.672+0000] {processor.py:183} INFO - Processing /opt/airflow/dags/pipeline_scheduled.py took 0.118 seconds
[2026-01-22T17:16:25.931+0000] {processor.py:161} INFO - Started process (PID=54798) to work on /opt/airflow/dags/pipeline_scheduled.py
[2026-01-22T17:16:25.933+0000] {processor.py:830} INFO - Processing file /opt/airflow/dags/pipeline_scheduled.py for tasks to queue
[2026-01-22T17:16:25.934+0000] {logging_mixin.py:188} INFO - [2026-01-22T17:16:25.933+0000] {dagbag.py:545} INFO - Filling up the DagBag from /opt/airflow/dags/pipeline_scheduled.py
[2026-01-22T17:16:25.961+0000] {processor.py:840} INFO - DAG(s) 'pipeline_scheduled' retrieved from /opt/airflow/dags/pipeline_scheduled.py
[2026-01-22T17:16:25.998+0000] {logging_mixin.py:188} INFO - [2026-01-22T17:16:25.998+0000] {dag.py:3089} INFO - Sync 1 DAGs
[2026-01-22T17:16:26.021+0000] {logging_mixin.py:188} INFO - [2026-01-22T17:16:26.020+0000] {dag.py:3947} INFO - Setting next_dagrun for pipeline_scheduled to 2026-01-22 17:00:00+00:00, run_after=2026-01-22 18:00:00+00:00
[2026-01-22T17:16:26.042+0000] {processor.py:183} INFO - Processing /opt/airflow/dags/pipeline_scheduled.py took 0.118 seconds
[2026-01-22T17:16:56.288+0000] {processor.py:161} INFO - Started process (PID=54808) to work on /opt/airflow/dags/pipeline_scheduled.py
[2026-01-22T17:16:56.290+0000] {processor.py:830} INFO - Processing file /opt/airflow/dags/pipeline_scheduled.py for tasks to queue
[2026-01-22T17:16:56.291+0000] {logging_mixin.py:188} INFO - [2026-01-22T17:16:56.290+0000] {dagbag.py:545} INFO - Filling up the DagBag from /opt/airflow/dags/pipeline_scheduled.py
[2026-01-22T17:16:56.316+0000] {processor.py:840} INFO - DAG(s) 'pipeline_scheduled' retrieved from /opt/airflow/dags/pipeline_scheduled.py
[2026-01-22T17:16:56.351+0000] {logging_mixin.py:188} INFO - [2026-01-22T17:16:56.351+0000] {dag.py:3089} INFO - Sync 1 DAGs
[2026-01-22T17:16:56.372+0000] {logging_mixin.py:188} INFO - [2026-01-22T17:16:56.372+0000] {dag.py:3947} INFO - Setting next_dagrun for pipeline_scheduled to 2026-01-22 17:00:00+00:00, run_after=2026-01-22 18:00:00+00:00
[2026-01-22T17:16:56.392+0000] {processor.py:183} INFO - Processing /opt/airflow/dags/pipeline_scheduled.py took 0.110 seconds
[2026-01-22T17:17:26.678+0000] {processor.py:161} INFO - Started process (PID=54818) to work on /opt/airflow/dags/pipeline_scheduled.py
[2026-01-22T17:17:26.679+0000] {processor.py:830} INFO - Processing file /opt/airflow/dags/pipeline_scheduled.py for tasks to queue
[2026-01-22T17:17:26.680+0000] {logging_mixin.py:188} INFO - [2026-01-22T17:17:26.680+0000] {dagbag.py:545} INFO - Filling up the DagBag from /opt/airflow/dags/pipeline_scheduled.py
[2026-01-22T17:17:26.708+0000] {processor.py:840} INFO - DAG(s) 'pipeline_scheduled' retrieved from /opt/airflow/dags/pipeline_scheduled.py
[2026-01-22T17:17:26.750+0000] {logging_mixin.py:188} INFO - [2026-01-22T17:17:26.750+0000] {dag.py:3089} INFO - Sync 1 DAGs
[2026-01-22T17:17:26.774+0000] {logging_mixin.py:188} INFO - [2026-01-22T17:17:26.774+0000] {dag.py:3947} INFO - Setting next_dagrun for pipeline_scheduled to 2026-01-22 17:00:00+00:00, run_after=2026-01-22 18:00:00+00:00
[2026-01-22T17:17:26.795+0000] {processor.py:183} INFO - Processing /opt/airflow/dags/pipeline_scheduled.py took 0.125 seconds
[2026-01-22T17:17:57.066+0000] {processor.py:161} INFO - Started process (PID=54828) to work on /opt/airflow/dags/pipeline_scheduled.py
[2026-01-22T17:17:57.068+0000] {processor.py:830} INFO - Processing file /opt/airflow/dags/pipeline_scheduled.py for tasks to queue
[2026-01-22T17:17:57.069+0000] {logging_mixin.py:188} INFO - [2026-01-22T17:17:57.069+0000] {dagbag.py:545} INFO - Filling up the DagBag from /opt/airflow/dags/pipeline_scheduled.py
[2026-01-22T17:17:57.095+0000] {processor.py:840} INFO - DAG(s) 'pipeline_scheduled' retrieved from /opt/airflow/dags/pipeline_scheduled.py
[2026-01-22T17:17:57.133+0000] {logging_mixin.py:188} INFO - [2026-01-22T17:17:57.133+0000] {dag.py:3089} INFO - Sync 1 DAGs
[2026-01-22T17:17:57.154+0000] {logging_mixin.py:188} INFO - [2026-01-22T17:17:57.153+0000] {dag.py:3947} INFO - Setting next_dagrun for pipeline_scheduled to 2026-01-22 17:00:00+00:00, run_after=2026-01-22 18:00:00+00:00
[2026-01-22T17:17:57.175+0000] {processor.py:183} INFO - Processing /opt/airflow/dags/pipeline_scheduled.py took 0.115 seconds
[2026-01-22T17:18:27.436+0000] {processor.py:161} INFO - Started process (PID=54838) to work on /opt/airflow/dags/pipeline_scheduled.py
[2026-01-22T17:18:27.438+0000] {processor.py:830} INFO - Processing file /opt/airflow/dags/pipeline_scheduled.py for tasks to queue
[2026-01-22T17:18:27.439+0000] {logging_mixin.py:188} INFO - [2026-01-22T17:18:27.439+0000] {dagbag.py:545} INFO - Filling up the DagBag from /opt/airflow/dags/pipeline_scheduled.py
[2026-01-22T17:18:27.467+0000] {processor.py:840} INFO - DAG(s) 'pipeline_scheduled' retrieved from /opt/airflow/dags/pipeline_scheduled.py
[2026-01-22T17:18:27.507+0000] {logging_mixin.py:188} INFO - [2026-01-22T17:18:27.507+0000] {dag.py:3089} INFO - Sync 1 DAGs
[2026-01-22T17:18:27.536+0000] {logging_mixin.py:188} INFO - [2026-01-22T17:18:27.536+0000] {dag.py:3947} INFO - Setting next_dagrun for pipeline_scheduled to 2026-01-22 17:00:00+00:00, run_after=2026-01-22 18:00:00+00:00
[2026-01-22T17:18:27.558+0000] {processor.py:183} INFO - Processing /opt/airflow/dags/pipeline_scheduled.py took 0.129 seconds
[2026-01-22T17:18:57.866+0000] {processor.py:161} INFO - Started process (PID=54860) to work on /opt/airflow/dags/pipeline_scheduled.py
[2026-01-22T17:18:57.867+0000] {processor.py:830} INFO - Processing file /opt/airflow/dags/pipeline_scheduled.py for tasks to queue
[2026-01-22T17:18:57.869+0000] {logging_mixin.py:188} INFO - [2026-01-22T17:18:57.868+0000] {dagbag.py:545} INFO - Filling up the DagBag from /opt/airflow/dags/pipeline_scheduled.py
[2026-01-22T17:18:57.894+0000] {processor.py:840} INFO - DAG(s) 'pipeline_scheduled' retrieved from /opt/airflow/dags/pipeline_scheduled.py
[2026-01-22T17:18:57.942+0000] {logging_mixin.py:188} INFO - [2026-01-22T17:18:57.942+0000] {dag.py:3089} INFO - Sync 1 DAGs
[2026-01-22T17:18:57.971+0000] {logging_mixin.py:188} INFO - [2026-01-22T17:18:57.971+0000] {dag.py:3947} INFO - Setting next_dagrun for pipeline_scheduled to 2026-01-22 17:00:00+00:00, run_after=2026-01-22 18:00:00+00:00
[2026-01-22T17:18:57.997+0000] {processor.py:183} INFO - Processing /opt/airflow/dags/pipeline_scheduled.py took 0.138 seconds
[2026-01-22T17:19:28.256+0000] {processor.py:161} INFO - Started process (PID=54870) to work on /opt/airflow/dags/pipeline_scheduled.py
[2026-01-22T17:19:28.257+0000] {processor.py:830} INFO - Processing file /opt/airflow/dags/pipeline_scheduled.py for tasks to queue
[2026-01-22T17:19:28.259+0000] {logging_mixin.py:188} INFO - [2026-01-22T17:19:28.258+0000] {dagbag.py:545} INFO - Filling up the DagBag from /opt/airflow/dags/pipeline_scheduled.py
[2026-01-22T17:19:28.290+0000] {processor.py:840} INFO - DAG(s) 'pipeline_scheduled' retrieved from /opt/airflow/dags/pipeline_scheduled.py
[2026-01-22T17:19:28.334+0000] {logging_mixin.py:188} INFO - [2026-01-22T17:19:28.334+0000] {dag.py:3089} INFO - Sync 1 DAGs
[2026-01-22T17:19:28.363+0000] {logging_mixin.py:188} INFO - [2026-01-22T17:19:28.363+0000] {dag.py:3947} INFO - Setting next_dagrun for pipeline_scheduled to 2026-01-22 17:00:00+00:00, run_after=2026-01-22 18:00:00+00:00
[2026-01-22T17:19:28.386+0000] {processor.py:183} INFO - Processing /opt/airflow/dags/pipeline_scheduled.py took 0.137 seconds
[2026-01-22T17:19:58.657+0000] {processor.py:161} INFO - Started process (PID=54880) to work on /opt/airflow/dags/pipeline_scheduled.py
[2026-01-22T17:19:58.659+0000] {processor.py:830} INFO - Processing file /opt/airflow/dags/pipeline_scheduled.py for tasks to queue
[2026-01-22T17:19:58.660+0000] {logging_mixin.py:188} INFO - [2026-01-22T17:19:58.660+0000] {dagbag.py:545} INFO - Filling up the DagBag from /opt/airflow/dags/pipeline_scheduled.py
[2026-01-22T17:19:58.691+0000] {processor.py:840} INFO - DAG(s) 'pipeline_scheduled' retrieved from /opt/airflow/dags/pipeline_scheduled.py
[2026-01-22T17:19:58.732+0000] {logging_mixin.py:188} INFO - [2026-01-22T17:19:58.732+0000] {dag.py:3089} INFO - Sync 1 DAGs
[2026-01-22T17:19:58.757+0000] {logging_mixin.py:188} INFO - [2026-01-22T17:19:58.757+0000] {dag.py:3947} INFO - Setting next_dagrun for pipeline_scheduled to 2026-01-22 17:00:00+00:00, run_after=2026-01-22 18:00:00+00:00
[2026-01-22T17:19:58.779+0000] {processor.py:183} INFO - Processing /opt/airflow/dags/pipeline_scheduled.py took 0.131 seconds
[2026-01-22T17:20:29.052+0000] {processor.py:161} INFO - Started process (PID=54890) to work on /opt/airflow/dags/pipeline_scheduled.py
[2026-01-22T17:20:29.054+0000] {processor.py:830} INFO - Processing file /opt/airflow/dags/pipeline_scheduled.py for tasks to queue
[2026-01-22T17:20:29.055+0000] {logging_mixin.py:188} INFO - [2026-01-22T17:20:29.054+0000] {dagbag.py:545} INFO - Filling up the DagBag from /opt/airflow/dags/pipeline_scheduled.py
[2026-01-22T17:20:29.085+0000] {processor.py:840} INFO - DAG(s) 'pipeline_scheduled' retrieved from /opt/airflow/dags/pipeline_scheduled.py
[2026-01-22T17:20:29.131+0000] {logging_mixin.py:188} INFO - [2026-01-22T17:20:29.130+0000] {dag.py:3089} INFO - Sync 1 DAGs
[2026-01-22T17:20:29.156+0000] {logging_mixin.py:188} INFO - [2026-01-22T17:20:29.156+0000] {dag.py:3947} INFO - Setting next_dagrun for pipeline_scheduled to 2026-01-22 17:00:00+00:00, run_after=2026-01-22 18:00:00+00:00
[2026-01-22T17:20:29.180+0000] {processor.py:183} INFO - Processing /opt/airflow/dags/pipeline_scheduled.py took 0.134 seconds
[2026-01-22T17:20:59.448+0000] {processor.py:161} INFO - Started process (PID=54900) to work on /opt/airflow/dags/pipeline_scheduled.py
[2026-01-22T17:20:59.449+0000] {processor.py:830} INFO - Processing file /opt/airflow/dags/pipeline_scheduled.py for tasks to queue
[2026-01-22T17:20:59.450+0000] {logging_mixin.py:188} INFO - [2026-01-22T17:20:59.450+0000] {dagbag.py:545} INFO - Filling up the DagBag from /opt/airflow/dags/pipeline_scheduled.py
[2026-01-22T17:20:59.480+0000] {processor.py:840} INFO - DAG(s) 'pipeline_scheduled' retrieved from /opt/airflow/dags/pipeline_scheduled.py
[2026-01-22T17:20:59.522+0000] {logging_mixin.py:188} INFO - [2026-01-22T17:20:59.521+0000] {dag.py:3089} INFO - Sync 1 DAGs
[2026-01-22T17:20:59.548+0000] {logging_mixin.py:188} INFO - [2026-01-22T17:20:59.548+0000] {dag.py:3947} INFO - Setting next_dagrun for pipeline_scheduled to 2026-01-22 17:00:00+00:00, run_after=2026-01-22 18:00:00+00:00
[2026-01-22T17:20:59.570+0000] {processor.py:183} INFO - Processing /opt/airflow/dags/pipeline_scheduled.py took 0.129 seconds
[2026-01-22T17:21:29.846+0000] {processor.py:161} INFO - Started process (PID=54910) to work on /opt/airflow/dags/pipeline_scheduled.py
[2026-01-22T17:21:29.847+0000] {processor.py:830} INFO - Processing file /opt/airflow/dags/pipeline_scheduled.py for tasks to queue
[2026-01-22T17:21:29.848+0000] {logging_mixin.py:188} INFO - [2026-01-22T17:21:29.848+0000] {dagbag.py:545} INFO - Filling up the DagBag from /opt/airflow/dags/pipeline_scheduled.py
[2026-01-22T17:21:29.875+0000] {processor.py:840} INFO - DAG(s) 'pipeline_scheduled' retrieved from /opt/airflow/dags/pipeline_scheduled.py
[2026-01-22T17:21:29.914+0000] {logging_mixin.py:188} INFO - [2026-01-22T17:21:29.913+0000] {dag.py:3089} INFO - Sync 1 DAGs
[2026-01-22T17:21:29.940+0000] {logging_mixin.py:188} INFO - [2026-01-22T17:21:29.940+0000] {dag.py:3947} INFO - Setting next_dagrun for pipeline_scheduled to 2026-01-22 17:00:00+00:00, run_after=2026-01-22 18:00:00+00:00
[2026-01-22T17:21:29.962+0000] {processor.py:183} INFO - Processing /opt/airflow/dags/pipeline_scheduled.py took 0.123 seconds
[2026-01-22T17:22:00.231+0000] {processor.py:161} INFO - Started process (PID=54920) to work on /opt/airflow/dags/pipeline_scheduled.py
[2026-01-22T17:22:00.232+0000] {processor.py:830} INFO - Processing file /opt/airflow/dags/pipeline_scheduled.py for tasks to queue
[2026-01-22T17:22:00.233+0000] {logging_mixin.py:188} INFO - [2026-01-22T17:22:00.233+0000] {dagbag.py:545} INFO - Filling up the DagBag from /opt/airflow/dags/pipeline_scheduled.py
[2026-01-22T17:22:00.261+0000] {processor.py:840} INFO - DAG(s) 'pipeline_scheduled' retrieved from /opt/airflow/dags/pipeline_scheduled.py
[2026-01-22T17:22:00.300+0000] {logging_mixin.py:188} INFO - [2026-01-22T17:22:00.299+0000] {dag.py:3089} INFO - Sync 1 DAGs
[2026-01-22T17:22:00.324+0000] {logging_mixin.py:188} INFO - [2026-01-22T17:22:00.324+0000] {dag.py:3947} INFO - Setting next_dagrun for pipeline_scheduled to 2026-01-22 17:00:00+00:00, run_after=2026-01-22 18:00:00+00:00
[2026-01-22T17:22:00.345+0000] {processor.py:183} INFO - Processing /opt/airflow/dags/pipeline_scheduled.py took 0.124 seconds
[2026-01-22T17:22:30.607+0000] {processor.py:161} INFO - Started process (PID=54930) to work on /opt/airflow/dags/pipeline_scheduled.py
[2026-01-22T17:22:30.609+0000] {processor.py:830} INFO - Processing file /opt/airflow/dags/pipeline_scheduled.py for tasks to queue
[2026-01-22T17:22:30.610+0000] {logging_mixin.py:188} INFO - [2026-01-22T17:22:30.610+0000] {dagbag.py:545} INFO - Filling up the DagBag from /opt/airflow/dags/pipeline_scheduled.py
[2026-01-22T17:22:30.639+0000] {processor.py:840} INFO - DAG(s) 'pipeline_scheduled' retrieved from /opt/airflow/dags/pipeline_scheduled.py
[2026-01-22T17:22:30.677+0000] {logging_mixin.py:188} INFO - [2026-01-22T17:22:30.676+0000] {dag.py:3089} INFO - Sync 1 DAGs
[2026-01-22T17:22:30.701+0000] {logging_mixin.py:188} INFO - [2026-01-22T17:22:30.701+0000] {dag.py:3947} INFO - Setting next_dagrun for pipeline_scheduled to 2026-01-22 17:00:00+00:00, run_after=2026-01-22 18:00:00+00:00
[2026-01-22T17:22:30.724+0000] {processor.py:183} INFO - Processing /opt/airflow/dags/pipeline_scheduled.py took 0.125 seconds
[2026-01-22T17:23:00.989+0000] {processor.py:161} INFO - Started process (PID=54940) to work on /opt/airflow/dags/pipeline_scheduled.py
[2026-01-22T17:23:00.990+0000] {processor.py:830} INFO - Processing file /opt/airflow/dags/pipeline_scheduled.py for tasks to queue
[2026-01-22T17:23:00.991+0000] {logging_mixin.py:188} INFO - [2026-01-22T17:23:00.990+0000] {dagbag.py:545} INFO - Filling up the DagBag from /opt/airflow/dags/pipeline_scheduled.py
[2026-01-22T17:23:01.019+0000] {processor.py:840} INFO - DAG(s) 'pipeline_scheduled' retrieved from /opt/airflow/dags/pipeline_scheduled.py
[2026-01-22T17:23:01.064+0000] {logging_mixin.py:188} INFO - [2026-01-22T17:23:01.064+0000] {dag.py:3089} INFO - Sync 1 DAGs
[2026-01-22T17:23:01.092+0000] {logging_mixin.py:188} INFO - [2026-01-22T17:23:01.092+0000] {dag.py:3947} INFO - Setting next_dagrun for pipeline_scheduled to 2026-01-22 17:00:00+00:00, run_after=2026-01-22 18:00:00+00:00
[2026-01-22T17:23:01.114+0000] {processor.py:183} INFO - Processing /opt/airflow/dags/pipeline_scheduled.py took 0.132 seconds
[2026-01-22T17:23:31.370+0000] {processor.py:161} INFO - Started process (PID=54950) to work on /opt/airflow/dags/pipeline_scheduled.py
[2026-01-22T17:23:31.371+0000] {processor.py:830} INFO - Processing file /opt/airflow/dags/pipeline_scheduled.py for tasks to queue
[2026-01-22T17:23:31.373+0000] {logging_mixin.py:188} INFO - [2026-01-22T17:23:31.372+0000] {dagbag.py:545} INFO - Filling up the DagBag from /opt/airflow/dags/pipeline_scheduled.py
[2026-01-22T17:23:31.403+0000] {processor.py:840} INFO - DAG(s) 'pipeline_scheduled' retrieved from /opt/airflow/dags/pipeline_scheduled.py
[2026-01-22T17:23:31.444+0000] {logging_mixin.py:188} INFO - [2026-01-22T17:23:31.443+0000] {dag.py:3089} INFO - Sync 1 DAGs
[2026-01-22T17:23:31.469+0000] {logging_mixin.py:188} INFO - [2026-01-22T17:23:31.469+0000] {dag.py:3947} INFO - Setting next_dagrun for pipeline_scheduled to 2026-01-22 17:00:00+00:00, run_after=2026-01-22 18:00:00+00:00
[2026-01-22T17:23:31.492+0000] {processor.py:183} INFO - Processing /opt/airflow/dags/pipeline_scheduled.py took 0.130 seconds
[2026-01-22T17:24:01.797+0000] {processor.py:161} INFO - Started process (PID=54960) to work on /opt/airflow/dags/pipeline_scheduled.py
[2026-01-22T17:24:01.798+0000] {processor.py:830} INFO - Processing file /opt/airflow/dags/pipeline_scheduled.py for tasks to queue
[2026-01-22T17:24:01.799+0000] {logging_mixin.py:188} INFO - [2026-01-22T17:24:01.799+0000] {dagbag.py:545} INFO - Filling up the DagBag from /opt/airflow/dags/pipeline_scheduled.py
[2026-01-22T17:24:01.827+0000] {processor.py:840} INFO - DAG(s) 'pipeline_scheduled' retrieved from /opt/airflow/dags/pipeline_scheduled.py
[2026-01-22T17:24:01.864+0000] {logging_mixin.py:188} INFO - [2026-01-22T17:24:01.864+0000] {dag.py:3089} INFO - Sync 1 DAGs
[2026-01-22T17:24:01.888+0000] {logging_mixin.py:188} INFO - [2026-01-22T17:24:01.887+0000] {dag.py:3947} INFO - Setting next_dagrun for pipeline_scheduled to 2026-01-22 17:00:00+00:00, run_after=2026-01-22 18:00:00+00:00
[2026-01-22T17:24:01.911+0000] {processor.py:183} INFO - Processing /opt/airflow/dags/pipeline_scheduled.py took 0.122 seconds
[2026-01-22T17:24:32.167+0000] {processor.py:161} INFO - Started process (PID=54970) to work on /opt/airflow/dags/pipeline_scheduled.py
[2026-01-22T17:24:32.168+0000] {processor.py:830} INFO - Processing file /opt/airflow/dags/pipeline_scheduled.py for tasks to queue
[2026-01-22T17:24:32.169+0000] {logging_mixin.py:188} INFO - [2026-01-22T17:24:32.169+0000] {dagbag.py:545} INFO - Filling up the DagBag from /opt/airflow/dags/pipeline_scheduled.py
[2026-01-22T17:24:32.195+0000] {processor.py:840} INFO - DAG(s) 'pipeline_scheduled' retrieved from /opt/airflow/dags/pipeline_scheduled.py
[2026-01-22T17:24:32.231+0000] {logging_mixin.py:188} INFO - [2026-01-22T17:24:32.230+0000] {dag.py:3089} INFO - Sync 1 DAGs
[2026-01-22T17:24:32.254+0000] {logging_mixin.py:188} INFO - [2026-01-22T17:24:32.254+0000] {dag.py:3947} INFO - Setting next_dagrun for pipeline_scheduled to 2026-01-22 17:00:00+00:00, run_after=2026-01-22 18:00:00+00:00
[2026-01-22T17:24:32.273+0000] {processor.py:183} INFO - Processing /opt/airflow/dags/pipeline_scheduled.py took 0.112 seconds
[2026-01-22T17:25:02.541+0000] {processor.py:161} INFO - Started process (PID=54980) to work on /opt/airflow/dags/pipeline_scheduled.py
[2026-01-22T17:25:02.542+0000] {processor.py:830} INFO - Processing file /opt/airflow/dags/pipeline_scheduled.py for tasks to queue
[2026-01-22T17:25:02.543+0000] {logging_mixin.py:188} INFO - [2026-01-22T17:25:02.543+0000] {dagbag.py:545} INFO - Filling up the DagBag from /opt/airflow/dags/pipeline_scheduled.py
[2026-01-22T17:25:02.572+0000] {processor.py:840} INFO - DAG(s) 'pipeline_scheduled' retrieved from /opt/airflow/dags/pipeline_scheduled.py
[2026-01-22T17:25:02.617+0000] {logging_mixin.py:188} INFO - [2026-01-22T17:25:02.616+0000] {dag.py:3089} INFO - Sync 1 DAGs
[2026-01-22T17:25:02.646+0000] {logging_mixin.py:188} INFO - [2026-01-22T17:25:02.646+0000] {dag.py:3947} INFO - Setting next_dagrun for pipeline_scheduled to 2026-01-22 17:00:00+00:00, run_after=2026-01-22 18:00:00+00:00
[2026-01-22T17:25:02.669+0000] {processor.py:183} INFO - Processing /opt/airflow/dags/pipeline_scheduled.py took 0.136 seconds
