[2026-01-22T01:00:36.263+0000] {processor.py:161} INFO - Started process (PID=50525) to work on /opt/airflow/dags/pipeline_one_off.py
[2026-01-22T01:00:36.275+0000] {processor.py:830} INFO - Processing file /opt/airflow/dags/pipeline_one_off.py for tasks to queue
[2026-01-22T01:00:36.285+0000] {logging_mixin.py:188} INFO - [2026-01-22T01:00:36.279+0000] {dagbag.py:545} INFO - Filling up the DagBag from /opt/airflow/dags/pipeline_one_off.py
[2026-01-22T01:00:36.539+0000] {processor.py:840} INFO - DAG(s) 'pipeline_one_off' retrieved from /opt/airflow/dags/pipeline_one_off.py
[2026-01-22T01:00:36.667+0000] {logging_mixin.py:188} INFO - [2026-01-22T01:00:36.666+0000] {dag.py:3089} INFO - Sync 1 DAGs
[2026-01-22T01:00:36.715+0000] {logging_mixin.py:188} INFO - [2026-01-22T01:00:36.714+0000] {dag.py:3947} INFO - Setting next_dagrun for pipeline_one_off to None, run_after=None
[2026-01-22T01:00:36.791+0000] {processor.py:183} INFO - Processing /opt/airflow/dags/pipeline_one_off.py took 0.569 seconds
[2026-01-22T01:04:20.801+0000] {processor.py:161} INFO - Started process (PID=50541) to work on /opt/airflow/dags/pipeline_one_off.py
[2026-01-22T01:04:20.830+0000] {processor.py:830} INFO - Processing file /opt/airflow/dags/pipeline_one_off.py for tasks to queue
[2026-01-22T01:04:20.831+0000] {logging_mixin.py:188} INFO - [2026-01-22T01:04:20.831+0000] {dagbag.py:545} INFO - Filling up the DagBag from /opt/airflow/dags/pipeline_one_off.py
[2026-01-22T01:04:20.864+0000] {processor.py:840} INFO - DAG(s) 'pipeline_one_off' retrieved from /opt/airflow/dags/pipeline_one_off.py
[2026-01-22T01:04:20.916+0000] {logging_mixin.py:188} INFO - [2026-01-22T01:04:20.915+0000] {dag.py:3089} INFO - Sync 1 DAGs
[2026-01-22T01:04:20.934+0000] {logging_mixin.py:188} INFO - [2026-01-22T01:04:20.934+0000] {dag.py:3947} INFO - Setting next_dagrun for pipeline_one_off to None, run_after=None
[2026-01-22T01:04:20.964+0000] {processor.py:183} INFO - Processing /opt/airflow/dags/pipeline_one_off.py took 0.173 seconds
[2026-01-22T01:04:51.240+0000] {processor.py:161} INFO - Started process (PID=50551) to work on /opt/airflow/dags/pipeline_one_off.py
[2026-01-22T01:04:51.241+0000] {processor.py:830} INFO - Processing file /opt/airflow/dags/pipeline_one_off.py for tasks to queue
[2026-01-22T01:04:51.243+0000] {logging_mixin.py:188} INFO - [2026-01-22T01:04:51.242+0000] {dagbag.py:545} INFO - Filling up the DagBag from /opt/airflow/dags/pipeline_one_off.py
[2026-01-22T01:04:51.267+0000] {processor.py:840} INFO - DAG(s) 'pipeline_one_off' retrieved from /opt/airflow/dags/pipeline_one_off.py
[2026-01-22T01:04:51.308+0000] {logging_mixin.py:188} INFO - [2026-01-22T01:04:51.307+0000] {dag.py:3089} INFO - Sync 1 DAGs
[2026-01-22T01:04:51.322+0000] {logging_mixin.py:188} INFO - [2026-01-22T01:04:51.321+0000] {dag.py:3947} INFO - Setting next_dagrun for pipeline_one_off to None, run_after=None
[2026-01-22T01:04:51.344+0000] {processor.py:183} INFO - Processing /opt/airflow/dags/pipeline_one_off.py took 0.111 seconds
[2026-01-22T01:05:21.606+0000] {processor.py:161} INFO - Started process (PID=50561) to work on /opt/airflow/dags/pipeline_one_off.py
[2026-01-22T01:05:21.608+0000] {processor.py:830} INFO - Processing file /opt/airflow/dags/pipeline_one_off.py for tasks to queue
[2026-01-22T01:05:21.610+0000] {logging_mixin.py:188} INFO - [2026-01-22T01:05:21.609+0000] {dagbag.py:545} INFO - Filling up the DagBag from /opt/airflow/dags/pipeline_one_off.py
[2026-01-22T01:05:21.641+0000] {processor.py:840} INFO - DAG(s) 'pipeline_one_off' retrieved from /opt/airflow/dags/pipeline_one_off.py
[2026-01-22T01:05:21.683+0000] {logging_mixin.py:188} INFO - [2026-01-22T01:05:21.683+0000] {dag.py:3089} INFO - Sync 1 DAGs
[2026-01-22T01:05:21.695+0000] {logging_mixin.py:188} INFO - [2026-01-22T01:05:21.695+0000] {dag.py:3947} INFO - Setting next_dagrun for pipeline_one_off to None, run_after=None
[2026-01-22T01:05:21.718+0000] {processor.py:183} INFO - Processing /opt/airflow/dags/pipeline_one_off.py took 0.121 seconds
[2026-01-22T01:05:52.048+0000] {processor.py:161} INFO - Started process (PID=50571) to work on /opt/airflow/dags/pipeline_one_off.py
[2026-01-22T01:05:52.050+0000] {processor.py:830} INFO - Processing file /opt/airflow/dags/pipeline_one_off.py for tasks to queue
[2026-01-22T01:05:52.051+0000] {logging_mixin.py:188} INFO - [2026-01-22T01:05:52.050+0000] {dagbag.py:545} INFO - Filling up the DagBag from /opt/airflow/dags/pipeline_one_off.py
[2026-01-22T01:05:52.074+0000] {processor.py:840} INFO - DAG(s) 'pipeline_one_off' retrieved from /opt/airflow/dags/pipeline_one_off.py
[2026-01-22T01:05:52.114+0000] {logging_mixin.py:188} INFO - [2026-01-22T01:05:52.114+0000] {dag.py:3089} INFO - Sync 1 DAGs
[2026-01-22T01:05:52.128+0000] {logging_mixin.py:188} INFO - [2026-01-22T01:05:52.128+0000] {dag.py:3947} INFO - Setting next_dagrun for pipeline_one_off to None, run_after=None
[2026-01-22T01:05:52.151+0000] {processor.py:183} INFO - Processing /opt/airflow/dags/pipeline_one_off.py took 0.110 seconds
[2026-01-22T01:06:22.448+0000] {processor.py:161} INFO - Started process (PID=50581) to work on /opt/airflow/dags/pipeline_one_off.py
[2026-01-22T01:06:22.449+0000] {processor.py:830} INFO - Processing file /opt/airflow/dags/pipeline_one_off.py for tasks to queue
[2026-01-22T01:06:22.450+0000] {logging_mixin.py:188} INFO - [2026-01-22T01:06:22.450+0000] {dagbag.py:545} INFO - Filling up the DagBag from /opt/airflow/dags/pipeline_one_off.py
[2026-01-22T01:06:22.476+0000] {processor.py:840} INFO - DAG(s) 'pipeline_one_off' retrieved from /opt/airflow/dags/pipeline_one_off.py
[2026-01-22T01:06:22.521+0000] {logging_mixin.py:188} INFO - [2026-01-22T01:06:22.520+0000] {dag.py:3089} INFO - Sync 1 DAGs
[2026-01-22T01:06:22.535+0000] {logging_mixin.py:188} INFO - [2026-01-22T01:06:22.535+0000] {dag.py:3947} INFO - Setting next_dagrun for pipeline_one_off to None, run_after=None
[2026-01-22T01:06:22.563+0000] {processor.py:183} INFO - Processing /opt/airflow/dags/pipeline_one_off.py took 0.124 seconds
[2026-01-22T01:06:52.828+0000] {processor.py:161} INFO - Started process (PID=50591) to work on /opt/airflow/dags/pipeline_one_off.py
[2026-01-22T01:06:52.829+0000] {processor.py:830} INFO - Processing file /opt/airflow/dags/pipeline_one_off.py for tasks to queue
[2026-01-22T01:06:52.830+0000] {logging_mixin.py:188} INFO - [2026-01-22T01:06:52.830+0000] {dagbag.py:545} INFO - Filling up the DagBag from /opt/airflow/dags/pipeline_one_off.py
[2026-01-22T01:06:52.856+0000] {processor.py:840} INFO - DAG(s) 'pipeline_one_off' retrieved from /opt/airflow/dags/pipeline_one_off.py
[2026-01-22T01:06:52.899+0000] {logging_mixin.py:188} INFO - [2026-01-22T01:06:52.898+0000] {dag.py:3089} INFO - Sync 1 DAGs
[2026-01-22T01:06:52.913+0000] {logging_mixin.py:188} INFO - [2026-01-22T01:06:52.913+0000] {dag.py:3947} INFO - Setting next_dagrun for pipeline_one_off to None, run_after=None
[2026-01-22T01:06:52.934+0000] {processor.py:183} INFO - Processing /opt/airflow/dags/pipeline_one_off.py took 0.114 seconds
[2026-01-22T01:07:23.210+0000] {processor.py:161} INFO - Started process (PID=50601) to work on /opt/airflow/dags/pipeline_one_off.py
[2026-01-22T01:07:23.211+0000] {processor.py:830} INFO - Processing file /opt/airflow/dags/pipeline_one_off.py for tasks to queue
[2026-01-22T01:07:23.213+0000] {logging_mixin.py:188} INFO - [2026-01-22T01:07:23.212+0000] {dagbag.py:545} INFO - Filling up the DagBag from /opt/airflow/dags/pipeline_one_off.py
[2026-01-22T01:07:23.241+0000] {processor.py:840} INFO - DAG(s) 'pipeline_one_off' retrieved from /opt/airflow/dags/pipeline_one_off.py
[2026-01-22T01:07:23.289+0000] {logging_mixin.py:188} INFO - [2026-01-22T01:07:23.289+0000] {dag.py:3089} INFO - Sync 1 DAGs
[2026-01-22T01:07:23.304+0000] {logging_mixin.py:188} INFO - [2026-01-22T01:07:23.304+0000] {dag.py:3947} INFO - Setting next_dagrun for pipeline_one_off to None, run_after=None
[2026-01-22T01:07:23.333+0000] {processor.py:183} INFO - Processing /opt/airflow/dags/pipeline_one_off.py took 0.131 seconds
[2026-01-22T01:07:53.609+0000] {processor.py:161} INFO - Started process (PID=50611) to work on /opt/airflow/dags/pipeline_one_off.py
[2026-01-22T01:07:53.611+0000] {processor.py:830} INFO - Processing file /opt/airflow/dags/pipeline_one_off.py for tasks to queue
[2026-01-22T01:07:53.612+0000] {logging_mixin.py:188} INFO - [2026-01-22T01:07:53.612+0000] {dagbag.py:545} INFO - Filling up the DagBag from /opt/airflow/dags/pipeline_one_off.py
[2026-01-22T01:07:53.638+0000] {processor.py:840} INFO - DAG(s) 'pipeline_one_off' retrieved from /opt/airflow/dags/pipeline_one_off.py
[2026-01-22T01:07:53.686+0000] {logging_mixin.py:188} INFO - [2026-01-22T01:07:53.685+0000] {dag.py:3089} INFO - Sync 1 DAGs
[2026-01-22T01:07:53.701+0000] {logging_mixin.py:188} INFO - [2026-01-22T01:07:53.701+0000] {dag.py:3947} INFO - Setting next_dagrun for pipeline_one_off to None, run_after=None
[2026-01-22T01:07:53.730+0000] {processor.py:183} INFO - Processing /opt/airflow/dags/pipeline_one_off.py took 0.129 seconds
[2026-01-22T01:08:24.017+0000] {processor.py:161} INFO - Started process (PID=50621) to work on /opt/airflow/dags/pipeline_one_off.py
[2026-01-22T01:08:24.018+0000] {processor.py:830} INFO - Processing file /opt/airflow/dags/pipeline_one_off.py for tasks to queue
[2026-01-22T01:08:24.019+0000] {logging_mixin.py:188} INFO - [2026-01-22T01:08:24.019+0000] {dagbag.py:545} INFO - Filling up the DagBag from /opt/airflow/dags/pipeline_one_off.py
[2026-01-22T01:08:24.044+0000] {processor.py:840} INFO - DAG(s) 'pipeline_one_off' retrieved from /opt/airflow/dags/pipeline_one_off.py
[2026-01-22T01:08:24.085+0000] {logging_mixin.py:188} INFO - [2026-01-22T01:08:24.084+0000] {dag.py:3089} INFO - Sync 1 DAGs
[2026-01-22T01:08:24.099+0000] {logging_mixin.py:188} INFO - [2026-01-22T01:08:24.099+0000] {dag.py:3947} INFO - Setting next_dagrun for pipeline_one_off to None, run_after=None
[2026-01-22T01:08:24.123+0000] {processor.py:183} INFO - Processing /opt/airflow/dags/pipeline_one_off.py took 0.113 seconds
[2026-01-22T01:08:54.410+0000] {processor.py:161} INFO - Started process (PID=50631) to work on /opt/airflow/dags/pipeline_one_off.py
[2026-01-22T01:08:54.411+0000] {processor.py:830} INFO - Processing file /opt/airflow/dags/pipeline_one_off.py for tasks to queue
[2026-01-22T01:08:54.412+0000] {logging_mixin.py:188} INFO - [2026-01-22T01:08:54.412+0000] {dagbag.py:545} INFO - Filling up the DagBag from /opt/airflow/dags/pipeline_one_off.py
[2026-01-22T01:08:54.438+0000] {processor.py:840} INFO - DAG(s) 'pipeline_one_off' retrieved from /opt/airflow/dags/pipeline_one_off.py
[2026-01-22T01:08:54.479+0000] {logging_mixin.py:188} INFO - [2026-01-22T01:08:54.479+0000] {dag.py:3089} INFO - Sync 1 DAGs
[2026-01-22T01:08:54.494+0000] {logging_mixin.py:188} INFO - [2026-01-22T01:08:54.493+0000] {dag.py:3947} INFO - Setting next_dagrun for pipeline_one_off to None, run_after=None
[2026-01-22T01:08:54.518+0000] {processor.py:183} INFO - Processing /opt/airflow/dags/pipeline_one_off.py took 0.115 seconds
[2026-01-22T01:09:24.801+0000] {processor.py:161} INFO - Started process (PID=50641) to work on /opt/airflow/dags/pipeline_one_off.py
[2026-01-22T01:09:24.803+0000] {processor.py:830} INFO - Processing file /opt/airflow/dags/pipeline_one_off.py for tasks to queue
[2026-01-22T01:09:24.804+0000] {logging_mixin.py:188} INFO - [2026-01-22T01:09:24.803+0000] {dagbag.py:545} INFO - Filling up the DagBag from /opt/airflow/dags/pipeline_one_off.py
[2026-01-22T01:09:24.830+0000] {processor.py:840} INFO - DAG(s) 'pipeline_one_off' retrieved from /opt/airflow/dags/pipeline_one_off.py
[2026-01-22T01:09:24.870+0000] {logging_mixin.py:188} INFO - [2026-01-22T01:09:24.870+0000] {dag.py:3089} INFO - Sync 1 DAGs
[2026-01-22T01:09:24.885+0000] {logging_mixin.py:188} INFO - [2026-01-22T01:09:24.884+0000] {dag.py:3947} INFO - Setting next_dagrun for pipeline_one_off to None, run_after=None
[2026-01-22T01:09:24.909+0000] {processor.py:183} INFO - Processing /opt/airflow/dags/pipeline_one_off.py took 0.114 seconds
[2026-01-22T01:09:55.174+0000] {processor.py:161} INFO - Started process (PID=50651) to work on /opt/airflow/dags/pipeline_one_off.py
[2026-01-22T01:09:55.175+0000] {processor.py:830} INFO - Processing file /opt/airflow/dags/pipeline_one_off.py for tasks to queue
[2026-01-22T01:09:55.176+0000] {logging_mixin.py:188} INFO - [2026-01-22T01:09:55.176+0000] {dagbag.py:545} INFO - Filling up the DagBag from /opt/airflow/dags/pipeline_one_off.py
[2026-01-22T01:09:55.201+0000] {processor.py:840} INFO - DAG(s) 'pipeline_one_off' retrieved from /opt/airflow/dags/pipeline_one_off.py
[2026-01-22T01:09:55.242+0000] {logging_mixin.py:188} INFO - [2026-01-22T01:09:55.242+0000] {dag.py:3089} INFO - Sync 1 DAGs
[2026-01-22T01:09:55.256+0000] {logging_mixin.py:188} INFO - [2026-01-22T01:09:55.256+0000] {dag.py:3947} INFO - Setting next_dagrun for pipeline_one_off to None, run_after=None
[2026-01-22T01:09:55.279+0000] {processor.py:183} INFO - Processing /opt/airflow/dags/pipeline_one_off.py took 0.113 seconds
[2026-01-22T01:10:25.560+0000] {processor.py:161} INFO - Started process (PID=50661) to work on /opt/airflow/dags/pipeline_one_off.py
[2026-01-22T01:10:25.562+0000] {processor.py:830} INFO - Processing file /opt/airflow/dags/pipeline_one_off.py for tasks to queue
[2026-01-22T01:10:25.563+0000] {logging_mixin.py:188} INFO - [2026-01-22T01:10:25.563+0000] {dagbag.py:545} INFO - Filling up the DagBag from /opt/airflow/dags/pipeline_one_off.py
[2026-01-22T01:10:25.587+0000] {processor.py:840} INFO - DAG(s) 'pipeline_one_off' retrieved from /opt/airflow/dags/pipeline_one_off.py
[2026-01-22T01:10:25.629+0000] {logging_mixin.py:188} INFO - [2026-01-22T01:10:25.629+0000] {dag.py:3089} INFO - Sync 1 DAGs
[2026-01-22T01:10:25.643+0000] {logging_mixin.py:188} INFO - [2026-01-22T01:10:25.643+0000] {dag.py:3947} INFO - Setting next_dagrun for pipeline_one_off to None, run_after=None
[2026-01-22T01:10:25.668+0000] {processor.py:183} INFO - Processing /opt/airflow/dags/pipeline_one_off.py took 0.115 seconds
[2026-01-22T01:10:55.985+0000] {processor.py:161} INFO - Started process (PID=50677) to work on /opt/airflow/dags/pipeline_one_off.py
[2026-01-22T01:10:55.987+0000] {processor.py:830} INFO - Processing file /opt/airflow/dags/pipeline_one_off.py for tasks to queue
[2026-01-22T01:10:55.988+0000] {logging_mixin.py:188} INFO - [2026-01-22T01:10:55.987+0000] {dagbag.py:545} INFO - Filling up the DagBag from /opt/airflow/dags/pipeline_one_off.py
[2026-01-22T01:10:56.014+0000] {processor.py:840} INFO - DAG(s) 'pipeline_one_off' retrieved from /opt/airflow/dags/pipeline_one_off.py
[2026-01-22T01:10:56.052+0000] {logging_mixin.py:188} INFO - [2026-01-22T01:10:56.052+0000] {dag.py:3089} INFO - Sync 1 DAGs
[2026-01-22T01:10:56.067+0000] {logging_mixin.py:188} INFO - [2026-01-22T01:10:56.067+0000] {dag.py:3947} INFO - Setting next_dagrun for pipeline_one_off to None, run_after=None
[2026-01-22T01:10:56.093+0000] {processor.py:183} INFO - Processing /opt/airflow/dags/pipeline_one_off.py took 0.114 seconds
[2026-01-22T01:11:26.371+0000] {processor.py:161} INFO - Started process (PID=50687) to work on /opt/airflow/dags/pipeline_one_off.py
[2026-01-22T01:11:26.373+0000] {processor.py:830} INFO - Processing file /opt/airflow/dags/pipeline_one_off.py for tasks to queue
[2026-01-22T01:11:26.374+0000] {logging_mixin.py:188} INFO - [2026-01-22T01:11:26.374+0000] {dagbag.py:545} INFO - Filling up the DagBag from /opt/airflow/dags/pipeline_one_off.py
[2026-01-22T01:11:26.410+0000] {processor.py:840} INFO - DAG(s) 'pipeline_one_off' retrieved from /opt/airflow/dags/pipeline_one_off.py
[2026-01-22T01:11:26.465+0000] {logging_mixin.py:188} INFO - [2026-01-22T01:11:26.465+0000] {dag.py:3089} INFO - Sync 1 DAGs
[2026-01-22T01:11:26.479+0000] {logging_mixin.py:188} INFO - [2026-01-22T01:11:26.479+0000] {dag.py:3947} INFO - Setting next_dagrun for pipeline_one_off to None, run_after=None
[2026-01-22T01:11:26.503+0000] {processor.py:183} INFO - Processing /opt/airflow/dags/pipeline_one_off.py took 0.142 seconds
[2026-01-22T01:11:56.787+0000] {processor.py:161} INFO - Started process (PID=50697) to work on /opt/airflow/dags/pipeline_one_off.py
[2026-01-22T01:11:56.788+0000] {processor.py:830} INFO - Processing file /opt/airflow/dags/pipeline_one_off.py for tasks to queue
[2026-01-22T01:11:56.790+0000] {logging_mixin.py:188} INFO - [2026-01-22T01:11:56.789+0000] {dagbag.py:545} INFO - Filling up the DagBag from /opt/airflow/dags/pipeline_one_off.py
[2026-01-22T01:11:56.816+0000] {processor.py:840} INFO - DAG(s) 'pipeline_one_off' retrieved from /opt/airflow/dags/pipeline_one_off.py
[2026-01-22T01:11:56.863+0000] {logging_mixin.py:188} INFO - [2026-01-22T01:11:56.863+0000] {dag.py:3089} INFO - Sync 1 DAGs
[2026-01-22T01:11:56.880+0000] {logging_mixin.py:188} INFO - [2026-01-22T01:11:56.880+0000] {dag.py:3947} INFO - Setting next_dagrun for pipeline_one_off to None, run_after=None
[2026-01-22T01:11:56.904+0000] {processor.py:183} INFO - Processing /opt/airflow/dags/pipeline_one_off.py took 0.124 seconds
[2026-01-22T01:12:27.193+0000] {processor.py:161} INFO - Started process (PID=50707) to work on /opt/airflow/dags/pipeline_one_off.py
[2026-01-22T01:12:27.195+0000] {processor.py:830} INFO - Processing file /opt/airflow/dags/pipeline_one_off.py for tasks to queue
[2026-01-22T01:12:27.196+0000] {logging_mixin.py:188} INFO - [2026-01-22T01:12:27.196+0000] {dagbag.py:545} INFO - Filling up the DagBag from /opt/airflow/dags/pipeline_one_off.py
[2026-01-22T01:12:27.221+0000] {processor.py:840} INFO - DAG(s) 'pipeline_one_off' retrieved from /opt/airflow/dags/pipeline_one_off.py
[2026-01-22T01:12:27.264+0000] {logging_mixin.py:188} INFO - [2026-01-22T01:12:27.263+0000] {dag.py:3089} INFO - Sync 1 DAGs
[2026-01-22T01:12:27.278+0000] {logging_mixin.py:188} INFO - [2026-01-22T01:12:27.278+0000] {dag.py:3947} INFO - Setting next_dagrun for pipeline_one_off to None, run_after=None
[2026-01-22T01:12:27.300+0000] {processor.py:183} INFO - Processing /opt/airflow/dags/pipeline_one_off.py took 0.114 seconds
[2026-01-22T01:12:57.585+0000] {processor.py:161} INFO - Started process (PID=50717) to work on /opt/airflow/dags/pipeline_one_off.py
[2026-01-22T01:12:57.587+0000] {processor.py:830} INFO - Processing file /opt/airflow/dags/pipeline_one_off.py for tasks to queue
[2026-01-22T01:12:57.588+0000] {logging_mixin.py:188} INFO - [2026-01-22T01:12:57.587+0000] {dagbag.py:545} INFO - Filling up the DagBag from /opt/airflow/dags/pipeline_one_off.py
[2026-01-22T01:12:57.613+0000] {processor.py:840} INFO - DAG(s) 'pipeline_one_off' retrieved from /opt/airflow/dags/pipeline_one_off.py
[2026-01-22T01:12:57.655+0000] {logging_mixin.py:188} INFO - [2026-01-22T01:12:57.654+0000] {dag.py:3089} INFO - Sync 1 DAGs
[2026-01-22T01:12:57.670+0000] {logging_mixin.py:188} INFO - [2026-01-22T01:12:57.669+0000] {dag.py:3947} INFO - Setting next_dagrun for pipeline_one_off to None, run_after=None
[2026-01-22T01:12:57.691+0000] {processor.py:183} INFO - Processing /opt/airflow/dags/pipeline_one_off.py took 0.113 seconds
[2026-01-22T01:13:27.977+0000] {processor.py:161} INFO - Started process (PID=50727) to work on /opt/airflow/dags/pipeline_one_off.py
[2026-01-22T01:13:27.978+0000] {processor.py:830} INFO - Processing file /opt/airflow/dags/pipeline_one_off.py for tasks to queue
[2026-01-22T01:13:27.979+0000] {logging_mixin.py:188} INFO - [2026-01-22T01:13:27.979+0000] {dagbag.py:545} INFO - Filling up the DagBag from /opt/airflow/dags/pipeline_one_off.py
[2026-01-22T01:13:28.012+0000] {processor.py:840} INFO - DAG(s) 'pipeline_one_off' retrieved from /opt/airflow/dags/pipeline_one_off.py
[2026-01-22T01:13:28.053+0000] {logging_mixin.py:188} INFO - [2026-01-22T01:13:28.053+0000] {dag.py:3089} INFO - Sync 1 DAGs
[2026-01-22T01:13:28.067+0000] {logging_mixin.py:188} INFO - [2026-01-22T01:13:28.067+0000] {dag.py:3947} INFO - Setting next_dagrun for pipeline_one_off to None, run_after=None
[2026-01-22T01:13:28.089+0000] {processor.py:183} INFO - Processing /opt/airflow/dags/pipeline_one_off.py took 0.119 seconds
[2026-01-22T01:13:58.367+0000] {processor.py:161} INFO - Started process (PID=50737) to work on /opt/airflow/dags/pipeline_one_off.py
[2026-01-22T01:13:58.369+0000] {processor.py:830} INFO - Processing file /opt/airflow/dags/pipeline_one_off.py for tasks to queue
[2026-01-22T01:13:58.370+0000] {logging_mixin.py:188} INFO - [2026-01-22T01:13:58.370+0000] {dagbag.py:545} INFO - Filling up the DagBag from /opt/airflow/dags/pipeline_one_off.py
[2026-01-22T01:13:58.396+0000] {processor.py:840} INFO - DAG(s) 'pipeline_one_off' retrieved from /opt/airflow/dags/pipeline_one_off.py
[2026-01-22T01:13:58.437+0000] {logging_mixin.py:188} INFO - [2026-01-22T01:13:58.437+0000] {dag.py:3089} INFO - Sync 1 DAGs
[2026-01-22T01:13:58.455+0000] {logging_mixin.py:188} INFO - [2026-01-22T01:13:58.455+0000] {dag.py:3947} INFO - Setting next_dagrun for pipeline_one_off to None, run_after=None
[2026-01-22T01:13:58.479+0000] {processor.py:183} INFO - Processing /opt/airflow/dags/pipeline_one_off.py took 0.120 seconds
[2026-01-22T01:14:28.770+0000] {processor.py:161} INFO - Started process (PID=50747) to work on /opt/airflow/dags/pipeline_one_off.py
[2026-01-22T01:14:28.772+0000] {processor.py:830} INFO - Processing file /opt/airflow/dags/pipeline_one_off.py for tasks to queue
[2026-01-22T01:14:28.773+0000] {logging_mixin.py:188} INFO - [2026-01-22T01:14:28.773+0000] {dagbag.py:545} INFO - Filling up the DagBag from /opt/airflow/dags/pipeline_one_off.py
[2026-01-22T01:14:28.799+0000] {processor.py:840} INFO - DAG(s) 'pipeline_one_off' retrieved from /opt/airflow/dags/pipeline_one_off.py
[2026-01-22T01:14:28.840+0000] {logging_mixin.py:188} INFO - [2026-01-22T01:14:28.840+0000] {dag.py:3089} INFO - Sync 1 DAGs
[2026-01-22T01:14:28.854+0000] {logging_mixin.py:188} INFO - [2026-01-22T01:14:28.854+0000] {dag.py:3947} INFO - Setting next_dagrun for pipeline_one_off to None, run_after=None
[2026-01-22T01:14:28.878+0000] {processor.py:183} INFO - Processing /opt/airflow/dags/pipeline_one_off.py took 0.115 seconds
[2026-01-22T01:14:59.172+0000] {processor.py:161} INFO - Started process (PID=50757) to work on /opt/airflow/dags/pipeline_one_off.py
[2026-01-22T01:14:59.173+0000] {processor.py:830} INFO - Processing file /opt/airflow/dags/pipeline_one_off.py for tasks to queue
[2026-01-22T01:14:59.175+0000] {logging_mixin.py:188} INFO - [2026-01-22T01:14:59.174+0000] {dagbag.py:545} INFO - Filling up the DagBag from /opt/airflow/dags/pipeline_one_off.py
[2026-01-22T01:14:59.199+0000] {processor.py:840} INFO - DAG(s) 'pipeline_one_off' retrieved from /opt/airflow/dags/pipeline_one_off.py
[2026-01-22T01:14:59.241+0000] {logging_mixin.py:188} INFO - [2026-01-22T01:14:59.241+0000] {dag.py:3089} INFO - Sync 1 DAGs
[2026-01-22T01:14:59.258+0000] {logging_mixin.py:188} INFO - [2026-01-22T01:14:59.258+0000] {dag.py:3947} INFO - Setting next_dagrun for pipeline_one_off to None, run_after=None
[2026-01-22T01:14:59.282+0000] {processor.py:183} INFO - Processing /opt/airflow/dags/pipeline_one_off.py took 0.117 seconds
[2026-01-22T01:15:29.567+0000] {processor.py:161} INFO - Started process (PID=50767) to work on /opt/airflow/dags/pipeline_one_off.py
[2026-01-22T01:15:29.568+0000] {processor.py:830} INFO - Processing file /opt/airflow/dags/pipeline_one_off.py for tasks to queue
[2026-01-22T01:15:29.569+0000] {logging_mixin.py:188} INFO - [2026-01-22T01:15:29.568+0000] {dagbag.py:545} INFO - Filling up the DagBag from /opt/airflow/dags/pipeline_one_off.py
[2026-01-22T01:15:29.593+0000] {processor.py:840} INFO - DAG(s) 'pipeline_one_off' retrieved from /opt/airflow/dags/pipeline_one_off.py
[2026-01-22T01:15:29.635+0000] {logging_mixin.py:188} INFO - [2026-01-22T01:15:29.634+0000] {dag.py:3089} INFO - Sync 1 DAGs
[2026-01-22T01:15:29.649+0000] {logging_mixin.py:188} INFO - [2026-01-22T01:15:29.649+0000] {dag.py:3947} INFO - Setting next_dagrun for pipeline_one_off to None, run_after=None
[2026-01-22T01:15:29.673+0000] {processor.py:183} INFO - Processing /opt/airflow/dags/pipeline_one_off.py took 0.113 seconds
[2026-01-22T01:16:00.003+0000] {processor.py:161} INFO - Started process (PID=50777) to work on /opt/airflow/dags/pipeline_one_off.py
[2026-01-22T01:16:00.004+0000] {processor.py:830} INFO - Processing file /opt/airflow/dags/pipeline_one_off.py for tasks to queue
[2026-01-22T01:16:00.005+0000] {logging_mixin.py:188} INFO - [2026-01-22T01:16:00.005+0000] {dagbag.py:545} INFO - Filling up the DagBag from /opt/airflow/dags/pipeline_one_off.py
[2026-01-22T01:16:00.033+0000] {processor.py:840} INFO - DAG(s) 'pipeline_one_off' retrieved from /opt/airflow/dags/pipeline_one_off.py
[2026-01-22T01:16:00.076+0000] {logging_mixin.py:188} INFO - [2026-01-22T01:16:00.075+0000] {dag.py:3089} INFO - Sync 1 DAGs
[2026-01-22T01:16:00.090+0000] {logging_mixin.py:188} INFO - [2026-01-22T01:16:00.090+0000] {dag.py:3947} INFO - Setting next_dagrun for pipeline_one_off to None, run_after=None
[2026-01-22T01:16:00.113+0000] {processor.py:183} INFO - Processing /opt/airflow/dags/pipeline_one_off.py took 0.118 seconds
[2026-01-22T01:16:30.392+0000] {processor.py:161} INFO - Started process (PID=50787) to work on /opt/airflow/dags/pipeline_one_off.py
[2026-01-22T01:16:30.393+0000] {processor.py:830} INFO - Processing file /opt/airflow/dags/pipeline_one_off.py for tasks to queue
[2026-01-22T01:16:30.394+0000] {logging_mixin.py:188} INFO - [2026-01-22T01:16:30.394+0000] {dagbag.py:545} INFO - Filling up the DagBag from /opt/airflow/dags/pipeline_one_off.py
[2026-01-22T01:16:30.418+0000] {processor.py:840} INFO - DAG(s) 'pipeline_one_off' retrieved from /opt/airflow/dags/pipeline_one_off.py
[2026-01-22T01:16:30.456+0000] {logging_mixin.py:188} INFO - [2026-01-22T01:16:30.456+0000] {dag.py:3089} INFO - Sync 1 DAGs
[2026-01-22T01:16:30.469+0000] {logging_mixin.py:188} INFO - [2026-01-22T01:16:30.468+0000] {dag.py:3947} INFO - Setting next_dagrun for pipeline_one_off to None, run_after=None
[2026-01-22T01:16:30.489+0000] {processor.py:183} INFO - Processing /opt/airflow/dags/pipeline_one_off.py took 0.104 seconds
[2026-01-22T01:17:00.752+0000] {processor.py:161} INFO - Started process (PID=50797) to work on /opt/airflow/dags/pipeline_one_off.py
[2026-01-22T01:17:00.754+0000] {processor.py:830} INFO - Processing file /opt/airflow/dags/pipeline_one_off.py for tasks to queue
[2026-01-22T01:17:00.755+0000] {logging_mixin.py:188} INFO - [2026-01-22T01:17:00.755+0000] {dagbag.py:545} INFO - Filling up the DagBag from /opt/airflow/dags/pipeline_one_off.py
[2026-01-22T01:17:00.777+0000] {processor.py:840} INFO - DAG(s) 'pipeline_one_off' retrieved from /opt/airflow/dags/pipeline_one_off.py
[2026-01-22T01:17:00.816+0000] {logging_mixin.py:188} INFO - [2026-01-22T01:17:00.816+0000] {dag.py:3089} INFO - Sync 1 DAGs
[2026-01-22T01:17:00.831+0000] {logging_mixin.py:188} INFO - [2026-01-22T01:17:00.831+0000] {dag.py:3947} INFO - Setting next_dagrun for pipeline_one_off to None, run_after=None
[2026-01-22T01:17:00.853+0000] {processor.py:183} INFO - Processing /opt/airflow/dags/pipeline_one_off.py took 0.108 seconds
[2026-01-22T01:17:31.149+0000] {processor.py:161} INFO - Started process (PID=50807) to work on /opt/airflow/dags/pipeline_one_off.py
[2026-01-22T01:17:31.150+0000] {processor.py:830} INFO - Processing file /opt/airflow/dags/pipeline_one_off.py for tasks to queue
[2026-01-22T01:17:31.151+0000] {logging_mixin.py:188} INFO - [2026-01-22T01:17:31.151+0000] {dagbag.py:545} INFO - Filling up the DagBag from /opt/airflow/dags/pipeline_one_off.py
[2026-01-22T01:17:31.178+0000] {processor.py:840} INFO - DAG(s) 'pipeline_one_off' retrieved from /opt/airflow/dags/pipeline_one_off.py
[2026-01-22T01:17:31.221+0000] {logging_mixin.py:188} INFO - [2026-01-22T01:17:31.220+0000] {dag.py:3089} INFO - Sync 1 DAGs
[2026-01-22T01:17:31.237+0000] {logging_mixin.py:188} INFO - [2026-01-22T01:17:31.237+0000] {dag.py:3947} INFO - Setting next_dagrun for pipeline_one_off to None, run_after=None
[2026-01-22T01:17:31.263+0000] {processor.py:183} INFO - Processing /opt/airflow/dags/pipeline_one_off.py took 0.120 seconds
[2026-01-22T01:18:01.547+0000] {processor.py:161} INFO - Started process (PID=50817) to work on /opt/airflow/dags/pipeline_one_off.py
[2026-01-22T01:18:01.549+0000] {processor.py:830} INFO - Processing file /opt/airflow/dags/pipeline_one_off.py for tasks to queue
[2026-01-22T01:18:01.550+0000] {logging_mixin.py:188} INFO - [2026-01-22T01:18:01.549+0000] {dagbag.py:545} INFO - Filling up the DagBag from /opt/airflow/dags/pipeline_one_off.py
[2026-01-22T01:18:01.577+0000] {processor.py:840} INFO - DAG(s) 'pipeline_one_off' retrieved from /opt/airflow/dags/pipeline_one_off.py
[2026-01-22T01:18:01.623+0000] {logging_mixin.py:188} INFO - [2026-01-22T01:18:01.622+0000] {dag.py:3089} INFO - Sync 1 DAGs
[2026-01-22T01:18:01.639+0000] {logging_mixin.py:188} INFO - [2026-01-22T01:18:01.639+0000] {dag.py:3947} INFO - Setting next_dagrun for pipeline_one_off to None, run_after=None
[2026-01-22T01:18:01.664+0000] {processor.py:183} INFO - Processing /opt/airflow/dags/pipeline_one_off.py took 0.123 seconds
[2026-01-22T01:18:31.810+0000] {processor.py:161} INFO - Started process (PID=50827) to work on /opt/airflow/dags/pipeline_one_off.py
[2026-01-22T01:18:31.811+0000] {processor.py:830} INFO - Processing file /opt/airflow/dags/pipeline_one_off.py for tasks to queue
[2026-01-22T01:18:31.812+0000] {logging_mixin.py:188} INFO - [2026-01-22T01:18:31.812+0000] {dagbag.py:545} INFO - Filling up the DagBag from /opt/airflow/dags/pipeline_one_off.py
[2026-01-22T01:18:31.835+0000] {processor.py:840} INFO - DAG(s) 'pipeline_one_off' retrieved from /opt/airflow/dags/pipeline_one_off.py
[2026-01-22T01:18:31.869+0000] {logging_mixin.py:188} INFO - [2026-01-22T01:18:31.868+0000] {dag.py:3089} INFO - Sync 1 DAGs
[2026-01-22T01:18:31.881+0000] {logging_mixin.py:188} INFO - [2026-01-22T01:18:31.880+0000] {dag.py:3947} INFO - Setting next_dagrun for pipeline_one_off to None, run_after=None
[2026-01-22T01:18:31.902+0000] {processor.py:183} INFO - Processing /opt/airflow/dags/pipeline_one_off.py took 0.098 seconds
[2026-01-22T01:19:02.191+0000] {processor.py:161} INFO - Started process (PID=50837) to work on /opt/airflow/dags/pipeline_one_off.py
[2026-01-22T01:19:02.193+0000] {processor.py:830} INFO - Processing file /opt/airflow/dags/pipeline_one_off.py for tasks to queue
[2026-01-22T01:19:02.194+0000] {logging_mixin.py:188} INFO - [2026-01-22T01:19:02.193+0000] {dagbag.py:545} INFO - Filling up the DagBag from /opt/airflow/dags/pipeline_one_off.py
[2026-01-22T01:19:02.219+0000] {processor.py:840} INFO - DAG(s) 'pipeline_one_off' retrieved from /opt/airflow/dags/pipeline_one_off.py
[2026-01-22T01:19:02.260+0000] {logging_mixin.py:188} INFO - [2026-01-22T01:19:02.260+0000] {dag.py:3089} INFO - Sync 1 DAGs
[2026-01-22T01:19:02.275+0000] {logging_mixin.py:188} INFO - [2026-01-22T01:19:02.274+0000] {dag.py:3947} INFO - Setting next_dagrun for pipeline_one_off to None, run_after=None
[2026-01-22T01:19:02.300+0000] {processor.py:183} INFO - Processing /opt/airflow/dags/pipeline_one_off.py took 0.116 seconds
[2026-01-22T01:19:32.589+0000] {processor.py:161} INFO - Started process (PID=50847) to work on /opt/airflow/dags/pipeline_one_off.py
[2026-01-22T01:19:32.590+0000] {processor.py:830} INFO - Processing file /opt/airflow/dags/pipeline_one_off.py for tasks to queue
[2026-01-22T01:19:32.591+0000] {logging_mixin.py:188} INFO - [2026-01-22T01:19:32.591+0000] {dagbag.py:545} INFO - Filling up the DagBag from /opt/airflow/dags/pipeline_one_off.py
[2026-01-22T01:19:32.615+0000] {processor.py:840} INFO - DAG(s) 'pipeline_one_off' retrieved from /opt/airflow/dags/pipeline_one_off.py
[2026-01-22T01:19:32.652+0000] {logging_mixin.py:188} INFO - [2026-01-22T01:19:32.652+0000] {dag.py:3089} INFO - Sync 1 DAGs
[2026-01-22T01:19:32.665+0000] {logging_mixin.py:188} INFO - [2026-01-22T01:19:32.665+0000] {dag.py:3947} INFO - Setting next_dagrun for pipeline_one_off to None, run_after=None
[2026-01-22T01:19:32.688+0000] {processor.py:183} INFO - Processing /opt/airflow/dags/pipeline_one_off.py took 0.106 seconds
[2026-01-22T01:20:02.974+0000] {processor.py:161} INFO - Started process (PID=50857) to work on /opt/airflow/dags/pipeline_one_off.py
[2026-01-22T01:20:02.975+0000] {processor.py:830} INFO - Processing file /opt/airflow/dags/pipeline_one_off.py for tasks to queue
[2026-01-22T01:20:02.976+0000] {logging_mixin.py:188} INFO - [2026-01-22T01:20:02.976+0000] {dagbag.py:545} INFO - Filling up the DagBag from /opt/airflow/dags/pipeline_one_off.py
[2026-01-22T01:20:03.002+0000] {processor.py:840} INFO - DAG(s) 'pipeline_one_off' retrieved from /opt/airflow/dags/pipeline_one_off.py
[2026-01-22T01:20:03.045+0000] {logging_mixin.py:188} INFO - [2026-01-22T01:20:03.045+0000] {dag.py:3089} INFO - Sync 1 DAGs
[2026-01-22T01:20:03.061+0000] {logging_mixin.py:188} INFO - [2026-01-22T01:20:03.060+0000] {dag.py:3947} INFO - Setting next_dagrun for pipeline_one_off to None, run_after=None
[2026-01-22T01:20:03.083+0000] {processor.py:183} INFO - Processing /opt/airflow/dags/pipeline_one_off.py took 0.117 seconds
[2026-01-22T01:20:33.364+0000] {processor.py:161} INFO - Started process (PID=50867) to work on /opt/airflow/dags/pipeline_one_off.py
[2026-01-22T01:20:33.366+0000] {processor.py:830} INFO - Processing file /opt/airflow/dags/pipeline_one_off.py for tasks to queue
[2026-01-22T01:20:33.368+0000] {logging_mixin.py:188} INFO - [2026-01-22T01:20:33.367+0000] {dagbag.py:545} INFO - Filling up the DagBag from /opt/airflow/dags/pipeline_one_off.py
[2026-01-22T01:20:33.392+0000] {processor.py:840} INFO - DAG(s) 'pipeline_one_off' retrieved from /opt/airflow/dags/pipeline_one_off.py
[2026-01-22T01:20:33.432+0000] {logging_mixin.py:188} INFO - [2026-01-22T01:20:33.432+0000] {dag.py:3089} INFO - Sync 1 DAGs
[2026-01-22T01:20:33.446+0000] {logging_mixin.py:188} INFO - [2026-01-22T01:20:33.446+0000] {dag.py:3947} INFO - Setting next_dagrun for pipeline_one_off to None, run_after=None
[2026-01-22T01:20:33.471+0000] {processor.py:183} INFO - Processing /opt/airflow/dags/pipeline_one_off.py took 0.115 seconds
[2026-01-22T01:21:03.803+0000] {processor.py:161} INFO - Started process (PID=50883) to work on /opt/airflow/dags/pipeline_one_off.py
[2026-01-22T01:21:03.804+0000] {processor.py:830} INFO - Processing file /opt/airflow/dags/pipeline_one_off.py for tasks to queue
[2026-01-22T01:21:03.805+0000] {logging_mixin.py:188} INFO - [2026-01-22T01:21:03.805+0000] {dagbag.py:545} INFO - Filling up the DagBag from /opt/airflow/dags/pipeline_one_off.py
[2026-01-22T01:21:03.829+0000] {processor.py:840} INFO - DAG(s) 'pipeline_one_off' retrieved from /opt/airflow/dags/pipeline_one_off.py
[2026-01-22T01:21:03.872+0000] {logging_mixin.py:188} INFO - [2026-01-22T01:21:03.872+0000] {dag.py:3089} INFO - Sync 1 DAGs
[2026-01-22T01:21:03.887+0000] {logging_mixin.py:188} INFO - [2026-01-22T01:21:03.887+0000] {dag.py:3947} INFO - Setting next_dagrun for pipeline_one_off to None, run_after=None
[2026-01-22T01:21:03.911+0000] {processor.py:183} INFO - Processing /opt/airflow/dags/pipeline_one_off.py took 0.116 seconds
[2026-01-22T01:21:34.206+0000] {processor.py:161} INFO - Started process (PID=50893) to work on /opt/airflow/dags/pipeline_one_off.py
[2026-01-22T01:21:34.207+0000] {processor.py:830} INFO - Processing file /opt/airflow/dags/pipeline_one_off.py for tasks to queue
[2026-01-22T01:21:34.208+0000] {logging_mixin.py:188} INFO - [2026-01-22T01:21:34.208+0000] {dagbag.py:545} INFO - Filling up the DagBag from /opt/airflow/dags/pipeline_one_off.py
[2026-01-22T01:21:34.240+0000] {processor.py:840} INFO - DAG(s) 'pipeline_one_off' retrieved from /opt/airflow/dags/pipeline_one_off.py
[2026-01-22T01:21:34.290+0000] {logging_mixin.py:188} INFO - [2026-01-22T01:21:34.289+0000] {dag.py:3089} INFO - Sync 1 DAGs
[2026-01-22T01:21:34.305+0000] {logging_mixin.py:188} INFO - [2026-01-22T01:21:34.304+0000] {dag.py:3947} INFO - Setting next_dagrun for pipeline_one_off to None, run_after=None
[2026-01-22T01:21:34.328+0000] {processor.py:183} INFO - Processing /opt/airflow/dags/pipeline_one_off.py took 0.130 seconds
[2026-01-22T01:22:04.606+0000] {processor.py:161} INFO - Started process (PID=50903) to work on /opt/airflow/dags/pipeline_one_off.py
[2026-01-22T01:22:04.608+0000] {processor.py:830} INFO - Processing file /opt/airflow/dags/pipeline_one_off.py for tasks to queue
[2026-01-22T01:22:04.609+0000] {logging_mixin.py:188} INFO - [2026-01-22T01:22:04.608+0000] {dagbag.py:545} INFO - Filling up the DagBag from /opt/airflow/dags/pipeline_one_off.py
[2026-01-22T01:22:04.635+0000] {processor.py:840} INFO - DAG(s) 'pipeline_one_off' retrieved from /opt/airflow/dags/pipeline_one_off.py
[2026-01-22T01:22:04.678+0000] {logging_mixin.py:188} INFO - [2026-01-22T01:22:04.677+0000] {dag.py:3089} INFO - Sync 1 DAGs
[2026-01-22T01:22:04.692+0000] {logging_mixin.py:188} INFO - [2026-01-22T01:22:04.691+0000] {dag.py:3947} INFO - Setting next_dagrun for pipeline_one_off to None, run_after=None
[2026-01-22T01:22:04.713+0000] {processor.py:183} INFO - Processing /opt/airflow/dags/pipeline_one_off.py took 0.113 seconds
[2026-01-22T01:22:35.004+0000] {processor.py:161} INFO - Started process (PID=50913) to work on /opt/airflow/dags/pipeline_one_off.py
[2026-01-22T01:22:35.006+0000] {processor.py:830} INFO - Processing file /opt/airflow/dags/pipeline_one_off.py for tasks to queue
[2026-01-22T01:22:35.007+0000] {logging_mixin.py:188} INFO - [2026-01-22T01:22:35.006+0000] {dagbag.py:545} INFO - Filling up the DagBag from /opt/airflow/dags/pipeline_one_off.py
[2026-01-22T01:22:35.033+0000] {processor.py:840} INFO - DAG(s) 'pipeline_one_off' retrieved from /opt/airflow/dags/pipeline_one_off.py
[2026-01-22T01:22:35.073+0000] {logging_mixin.py:188} INFO - [2026-01-22T01:22:35.073+0000] {dag.py:3089} INFO - Sync 1 DAGs
[2026-01-22T01:22:35.088+0000] {logging_mixin.py:188} INFO - [2026-01-22T01:22:35.088+0000] {dag.py:3947} INFO - Setting next_dagrun for pipeline_one_off to None, run_after=None
[2026-01-22T01:22:35.111+0000] {processor.py:183} INFO - Processing /opt/airflow/dags/pipeline_one_off.py took 0.113 seconds
[2026-01-22T01:23:05.393+0000] {processor.py:161} INFO - Started process (PID=50923) to work on /opt/airflow/dags/pipeline_one_off.py
[2026-01-22T01:23:05.395+0000] {processor.py:830} INFO - Processing file /opt/airflow/dags/pipeline_one_off.py for tasks to queue
[2026-01-22T01:23:05.396+0000] {logging_mixin.py:188} INFO - [2026-01-22T01:23:05.395+0000] {dagbag.py:545} INFO - Filling up the DagBag from /opt/airflow/dags/pipeline_one_off.py
[2026-01-22T01:23:05.420+0000] {processor.py:840} INFO - DAG(s) 'pipeline_one_off' retrieved from /opt/airflow/dags/pipeline_one_off.py
[2026-01-22T01:23:05.462+0000] {logging_mixin.py:188} INFO - [2026-01-22T01:23:05.461+0000] {dag.py:3089} INFO - Sync 1 DAGs
[2026-01-22T01:23:05.477+0000] {logging_mixin.py:188} INFO - [2026-01-22T01:23:05.477+0000] {dag.py:3947} INFO - Setting next_dagrun for pipeline_one_off to None, run_after=None
[2026-01-22T01:23:05.501+0000] {processor.py:183} INFO - Processing /opt/airflow/dags/pipeline_one_off.py took 0.115 seconds
[2026-01-22T01:23:35.796+0000] {processor.py:161} INFO - Started process (PID=50933) to work on /opt/airflow/dags/pipeline_one_off.py
[2026-01-22T01:23:35.797+0000] {processor.py:830} INFO - Processing file /opt/airflow/dags/pipeline_one_off.py for tasks to queue
[2026-01-22T01:23:35.799+0000] {logging_mixin.py:188} INFO - [2026-01-22T01:23:35.798+0000] {dagbag.py:545} INFO - Filling up the DagBag from /opt/airflow/dags/pipeline_one_off.py
[2026-01-22T01:23:35.824+0000] {processor.py:840} INFO - DAG(s) 'pipeline_one_off' retrieved from /opt/airflow/dags/pipeline_one_off.py
[2026-01-22T01:23:35.866+0000] {logging_mixin.py:188} INFO - [2026-01-22T01:23:35.865+0000] {dag.py:3089} INFO - Sync 1 DAGs
[2026-01-22T01:23:35.881+0000] {logging_mixin.py:188} INFO - [2026-01-22T01:23:35.881+0000] {dag.py:3947} INFO - Setting next_dagrun for pipeline_one_off to None, run_after=None
[2026-01-22T01:23:35.904+0000] {processor.py:183} INFO - Processing /opt/airflow/dags/pipeline_one_off.py took 0.115 seconds
[2026-01-22T01:24:06.181+0000] {processor.py:161} INFO - Started process (PID=50943) to work on /opt/airflow/dags/pipeline_one_off.py
[2026-01-22T01:24:06.183+0000] {processor.py:830} INFO - Processing file /opt/airflow/dags/pipeline_one_off.py for tasks to queue
[2026-01-22T01:24:06.184+0000] {logging_mixin.py:188} INFO - [2026-01-22T01:24:06.184+0000] {dagbag.py:545} INFO - Filling up the DagBag from /opt/airflow/dags/pipeline_one_off.py
[2026-01-22T01:24:06.210+0000] {processor.py:840} INFO - DAG(s) 'pipeline_one_off' retrieved from /opt/airflow/dags/pipeline_one_off.py
[2026-01-22T01:24:06.251+0000] {logging_mixin.py:188} INFO - [2026-01-22T01:24:06.251+0000] {dag.py:3089} INFO - Sync 1 DAGs
[2026-01-22T01:24:06.266+0000] {logging_mixin.py:188} INFO - [2026-01-22T01:24:06.266+0000] {dag.py:3947} INFO - Setting next_dagrun for pipeline_one_off to None, run_after=None
[2026-01-22T01:24:06.288+0000] {processor.py:183} INFO - Processing /opt/airflow/dags/pipeline_one_off.py took 0.115 seconds
[2026-01-22T01:24:36.578+0000] {processor.py:161} INFO - Started process (PID=50953) to work on /opt/airflow/dags/pipeline_one_off.py
[2026-01-22T01:24:36.579+0000] {processor.py:830} INFO - Processing file /opt/airflow/dags/pipeline_one_off.py for tasks to queue
[2026-01-22T01:24:36.580+0000] {logging_mixin.py:188} INFO - [2026-01-22T01:24:36.580+0000] {dagbag.py:545} INFO - Filling up the DagBag from /opt/airflow/dags/pipeline_one_off.py
[2026-01-22T01:24:36.604+0000] {processor.py:840} INFO - DAG(s) 'pipeline_one_off' retrieved from /opt/airflow/dags/pipeline_one_off.py
[2026-01-22T01:24:36.646+0000] {logging_mixin.py:188} INFO - [2026-01-22T01:24:36.645+0000] {dag.py:3089} INFO - Sync 1 DAGs
[2026-01-22T01:24:36.660+0000] {logging_mixin.py:188} INFO - [2026-01-22T01:24:36.660+0000] {dag.py:3947} INFO - Setting next_dagrun for pipeline_one_off to None, run_after=None
[2026-01-22T01:24:36.682+0000] {processor.py:183} INFO - Processing /opt/airflow/dags/pipeline_one_off.py took 0.112 seconds
[2026-01-22T01:25:06.974+0000] {processor.py:161} INFO - Started process (PID=50963) to work on /opt/airflow/dags/pipeline_one_off.py
[2026-01-22T01:25:06.975+0000] {processor.py:830} INFO - Processing file /opt/airflow/dags/pipeline_one_off.py for tasks to queue
[2026-01-22T01:25:06.976+0000] {logging_mixin.py:188} INFO - [2026-01-22T01:25:06.976+0000] {dagbag.py:545} INFO - Filling up the DagBag from /opt/airflow/dags/pipeline_one_off.py
[2026-01-22T01:25:07.002+0000] {processor.py:840} INFO - DAG(s) 'pipeline_one_off' retrieved from /opt/airflow/dags/pipeline_one_off.py
[2026-01-22T01:25:07.043+0000] {logging_mixin.py:188} INFO - [2026-01-22T01:25:07.043+0000] {dag.py:3089} INFO - Sync 1 DAGs
[2026-01-22T01:25:07.057+0000] {logging_mixin.py:188} INFO - [2026-01-22T01:25:07.057+0000] {dag.py:3947} INFO - Setting next_dagrun for pipeline_one_off to None, run_after=None
[2026-01-22T01:25:07.080+0000] {processor.py:183} INFO - Processing /opt/airflow/dags/pipeline_one_off.py took 0.113 seconds
[2026-01-22T01:25:37.371+0000] {processor.py:161} INFO - Started process (PID=50973) to work on /opt/airflow/dags/pipeline_one_off.py
[2026-01-22T01:25:37.372+0000] {processor.py:830} INFO - Processing file /opt/airflow/dags/pipeline_one_off.py for tasks to queue
[2026-01-22T01:25:37.373+0000] {logging_mixin.py:188} INFO - [2026-01-22T01:25:37.373+0000] {dagbag.py:545} INFO - Filling up the DagBag from /opt/airflow/dags/pipeline_one_off.py
[2026-01-22T01:25:37.397+0000] {processor.py:840} INFO - DAG(s) 'pipeline_one_off' retrieved from /opt/airflow/dags/pipeline_one_off.py
[2026-01-22T01:25:37.437+0000] {logging_mixin.py:188} INFO - [2026-01-22T01:25:37.437+0000] {dag.py:3089} INFO - Sync 1 DAGs
[2026-01-22T01:25:37.451+0000] {logging_mixin.py:188} INFO - [2026-01-22T01:25:37.451+0000] {dag.py:3947} INFO - Setting next_dagrun for pipeline_one_off to None, run_after=None
[2026-01-22T01:25:37.473+0000] {processor.py:183} INFO - Processing /opt/airflow/dags/pipeline_one_off.py took 0.109 seconds
[2026-01-22T01:26:07.806+0000] {processor.py:161} INFO - Started process (PID=50983) to work on /opt/airflow/dags/pipeline_one_off.py
[2026-01-22T01:26:07.808+0000] {processor.py:830} INFO - Processing file /opt/airflow/dags/pipeline_one_off.py for tasks to queue
[2026-01-22T01:26:07.809+0000] {logging_mixin.py:188} INFO - [2026-01-22T01:26:07.808+0000] {dagbag.py:545} INFO - Filling up the DagBag from /opt/airflow/dags/pipeline_one_off.py
[2026-01-22T01:26:07.834+0000] {processor.py:840} INFO - DAG(s) 'pipeline_one_off' retrieved from /opt/airflow/dags/pipeline_one_off.py
[2026-01-22T01:26:07.874+0000] {logging_mixin.py:188} INFO - [2026-01-22T01:26:07.874+0000] {dag.py:3089} INFO - Sync 1 DAGs
[2026-01-22T01:26:07.891+0000] {logging_mixin.py:188} INFO - [2026-01-22T01:26:07.891+0000] {dag.py:3947} INFO - Setting next_dagrun for pipeline_one_off to None, run_after=None
[2026-01-22T01:26:07.917+0000] {processor.py:183} INFO - Processing /opt/airflow/dags/pipeline_one_off.py took 0.117 seconds
[2026-01-22T01:26:38.203+0000] {processor.py:161} INFO - Started process (PID=50993) to work on /opt/airflow/dags/pipeline_one_off.py
[2026-01-22T01:26:38.204+0000] {processor.py:830} INFO - Processing file /opt/airflow/dags/pipeline_one_off.py for tasks to queue
[2026-01-22T01:26:38.205+0000] {logging_mixin.py:188} INFO - [2026-01-22T01:26:38.205+0000] {dagbag.py:545} INFO - Filling up the DagBag from /opt/airflow/dags/pipeline_one_off.py
[2026-01-22T01:26:38.230+0000] {processor.py:840} INFO - DAG(s) 'pipeline_one_off' retrieved from /opt/airflow/dags/pipeline_one_off.py
[2026-01-22T01:26:38.271+0000] {logging_mixin.py:188} INFO - [2026-01-22T01:26:38.271+0000] {dag.py:3089} INFO - Sync 1 DAGs
[2026-01-22T01:26:38.287+0000] {logging_mixin.py:188} INFO - [2026-01-22T01:26:38.287+0000] {dag.py:3947} INFO - Setting next_dagrun for pipeline_one_off to None, run_after=None
[2026-01-22T01:26:38.312+0000] {processor.py:183} INFO - Processing /opt/airflow/dags/pipeline_one_off.py took 0.117 seconds
[2026-01-22T01:27:08.600+0000] {processor.py:161} INFO - Started process (PID=51003) to work on /opt/airflow/dags/pipeline_one_off.py
[2026-01-22T01:27:08.601+0000] {processor.py:830} INFO - Processing file /opt/airflow/dags/pipeline_one_off.py for tasks to queue
[2026-01-22T01:27:08.602+0000] {logging_mixin.py:188} INFO - [2026-01-22T01:27:08.602+0000] {dagbag.py:545} INFO - Filling up the DagBag from /opt/airflow/dags/pipeline_one_off.py
[2026-01-22T01:27:08.626+0000] {processor.py:840} INFO - DAG(s) 'pipeline_one_off' retrieved from /opt/airflow/dags/pipeline_one_off.py
[2026-01-22T01:27:08.661+0000] {logging_mixin.py:188} INFO - [2026-01-22T01:27:08.661+0000] {dag.py:3089} INFO - Sync 1 DAGs
[2026-01-22T01:27:08.675+0000] {logging_mixin.py:188} INFO - [2026-01-22T01:27:08.675+0000] {dag.py:3947} INFO - Setting next_dagrun for pipeline_one_off to None, run_after=None
[2026-01-22T01:27:08.696+0000] {processor.py:183} INFO - Processing /opt/airflow/dags/pipeline_one_off.py took 0.103 seconds
[2026-01-22T01:27:38.987+0000] {processor.py:161} INFO - Started process (PID=51013) to work on /opt/airflow/dags/pipeline_one_off.py
[2026-01-22T01:27:38.988+0000] {processor.py:830} INFO - Processing file /opt/airflow/dags/pipeline_one_off.py for tasks to queue
[2026-01-22T01:27:38.989+0000] {logging_mixin.py:188} INFO - [2026-01-22T01:27:38.989+0000] {dagbag.py:545} INFO - Filling up the DagBag from /opt/airflow/dags/pipeline_one_off.py
[2026-01-22T01:27:39.014+0000] {processor.py:840} INFO - DAG(s) 'pipeline_one_off' retrieved from /opt/airflow/dags/pipeline_one_off.py
[2026-01-22T01:27:39.055+0000] {logging_mixin.py:188} INFO - [2026-01-22T01:27:39.055+0000] {dag.py:3089} INFO - Sync 1 DAGs
[2026-01-22T01:27:39.070+0000] {logging_mixin.py:188} INFO - [2026-01-22T01:27:39.070+0000] {dag.py:3947} INFO - Setting next_dagrun for pipeline_one_off to None, run_after=None
[2026-01-22T01:27:39.095+0000] {processor.py:183} INFO - Processing /opt/airflow/dags/pipeline_one_off.py took 0.116 seconds
[2026-01-22T01:28:09.380+0000] {processor.py:161} INFO - Started process (PID=51023) to work on /opt/airflow/dags/pipeline_one_off.py
[2026-01-22T01:28:09.381+0000] {processor.py:830} INFO - Processing file /opt/airflow/dags/pipeline_one_off.py for tasks to queue
[2026-01-22T01:28:09.382+0000] {logging_mixin.py:188} INFO - [2026-01-22T01:28:09.381+0000] {dagbag.py:545} INFO - Filling up the DagBag from /opt/airflow/dags/pipeline_one_off.py
[2026-01-22T01:28:09.408+0000] {processor.py:840} INFO - DAG(s) 'pipeline_one_off' retrieved from /opt/airflow/dags/pipeline_one_off.py
[2026-01-22T01:28:09.455+0000] {logging_mixin.py:188} INFO - [2026-01-22T01:28:09.454+0000] {dag.py:3089} INFO - Sync 1 DAGs
[2026-01-22T01:28:09.470+0000] {logging_mixin.py:188} INFO - [2026-01-22T01:28:09.470+0000] {dag.py:3947} INFO - Setting next_dagrun for pipeline_one_off to None, run_after=None
[2026-01-22T01:28:09.495+0000] {processor.py:183} INFO - Processing /opt/airflow/dags/pipeline_one_off.py took 0.123 seconds
[2026-01-22T01:28:39.773+0000] {processor.py:161} INFO - Started process (PID=51033) to work on /opt/airflow/dags/pipeline_one_off.py
[2026-01-22T01:28:39.775+0000] {processor.py:830} INFO - Processing file /opt/airflow/dags/pipeline_one_off.py for tasks to queue
[2026-01-22T01:28:39.776+0000] {logging_mixin.py:188} INFO - [2026-01-22T01:28:39.775+0000] {dagbag.py:545} INFO - Filling up the DagBag from /opt/airflow/dags/pipeline_one_off.py
[2026-01-22T01:28:39.803+0000] {processor.py:840} INFO - DAG(s) 'pipeline_one_off' retrieved from /opt/airflow/dags/pipeline_one_off.py
[2026-01-22T01:28:39.844+0000] {logging_mixin.py:188} INFO - [2026-01-22T01:28:39.844+0000] {dag.py:3089} INFO - Sync 1 DAGs
[2026-01-22T01:28:39.861+0000] {logging_mixin.py:188} INFO - [2026-01-22T01:28:39.861+0000] {dag.py:3947} INFO - Setting next_dagrun for pipeline_one_off to None, run_after=None
[2026-01-22T01:28:39.883+0000] {processor.py:183} INFO - Processing /opt/airflow/dags/pipeline_one_off.py took 0.117 seconds
[2026-01-22T01:29:10.162+0000] {processor.py:161} INFO - Started process (PID=51043) to work on /opt/airflow/dags/pipeline_one_off.py
[2026-01-22T01:29:10.163+0000] {processor.py:830} INFO - Processing file /opt/airflow/dags/pipeline_one_off.py for tasks to queue
[2026-01-22T01:29:10.164+0000] {logging_mixin.py:188} INFO - [2026-01-22T01:29:10.164+0000] {dagbag.py:545} INFO - Filling up the DagBag from /opt/airflow/dags/pipeline_one_off.py
[2026-01-22T01:29:10.191+0000] {processor.py:840} INFO - DAG(s) 'pipeline_one_off' retrieved from /opt/airflow/dags/pipeline_one_off.py
[2026-01-22T01:29:10.233+0000] {logging_mixin.py:188} INFO - [2026-01-22T01:29:10.233+0000] {dag.py:3089} INFO - Sync 1 DAGs
[2026-01-22T01:29:10.249+0000] {logging_mixin.py:188} INFO - [2026-01-22T01:29:10.248+0000] {dag.py:3947} INFO - Setting next_dagrun for pipeline_one_off to None, run_after=None
[2026-01-22T01:29:10.272+0000] {processor.py:183} INFO - Processing /opt/airflow/dags/pipeline_one_off.py took 0.117 seconds
[2026-01-22T01:29:40.555+0000] {processor.py:161} INFO - Started process (PID=51053) to work on /opt/airflow/dags/pipeline_one_off.py
[2026-01-22T01:29:40.556+0000] {processor.py:830} INFO - Processing file /opt/airflow/dags/pipeline_one_off.py for tasks to queue
[2026-01-22T01:29:40.558+0000] {logging_mixin.py:188} INFO - [2026-01-22T01:29:40.557+0000] {dagbag.py:545} INFO - Filling up the DagBag from /opt/airflow/dags/pipeline_one_off.py
[2026-01-22T01:29:40.583+0000] {processor.py:840} INFO - DAG(s) 'pipeline_one_off' retrieved from /opt/airflow/dags/pipeline_one_off.py
[2026-01-22T01:29:40.626+0000] {logging_mixin.py:188} INFO - [2026-01-22T01:29:40.625+0000] {dag.py:3089} INFO - Sync 1 DAGs
[2026-01-22T01:29:40.641+0000] {logging_mixin.py:188} INFO - [2026-01-22T01:29:40.641+0000] {dag.py:3947} INFO - Setting next_dagrun for pipeline_one_off to None, run_after=None
[2026-01-22T01:29:40.664+0000] {processor.py:183} INFO - Processing /opt/airflow/dags/pipeline_one_off.py took 0.116 seconds
[2026-01-22T01:30:10.939+0000] {processor.py:161} INFO - Started process (PID=51063) to work on /opt/airflow/dags/pipeline_one_off.py
[2026-01-22T01:30:10.941+0000] {processor.py:830} INFO - Processing file /opt/airflow/dags/pipeline_one_off.py for tasks to queue
[2026-01-22T01:30:10.943+0000] {logging_mixin.py:188} INFO - [2026-01-22T01:30:10.943+0000] {dagbag.py:545} INFO - Filling up the DagBag from /opt/airflow/dags/pipeline_one_off.py
[2026-01-22T01:30:10.968+0000] {processor.py:840} INFO - DAG(s) 'pipeline_one_off' retrieved from /opt/airflow/dags/pipeline_one_off.py
[2026-01-22T01:30:11.009+0000] {logging_mixin.py:188} INFO - [2026-01-22T01:30:11.009+0000] {dag.py:3089} INFO - Sync 1 DAGs
[2026-01-22T01:30:11.024+0000] {logging_mixin.py:188} INFO - [2026-01-22T01:30:11.023+0000] {dag.py:3947} INFO - Setting next_dagrun for pipeline_one_off to None, run_after=None
[2026-01-22T01:30:11.048+0000] {processor.py:183} INFO - Processing /opt/airflow/dags/pipeline_one_off.py took 0.115 seconds
[2026-01-22T01:30:41.394+0000] {processor.py:161} INFO - Started process (PID=51073) to work on /opt/airflow/dags/pipeline_one_off.py
[2026-01-22T01:30:41.396+0000] {processor.py:830} INFO - Processing file /opt/airflow/dags/pipeline_one_off.py for tasks to queue
[2026-01-22T01:30:41.397+0000] {logging_mixin.py:188} INFO - [2026-01-22T01:30:41.397+0000] {dagbag.py:545} INFO - Filling up the DagBag from /opt/airflow/dags/pipeline_one_off.py
[2026-01-22T01:30:41.422+0000] {processor.py:840} INFO - DAG(s) 'pipeline_one_off' retrieved from /opt/airflow/dags/pipeline_one_off.py
[2026-01-22T01:30:41.462+0000] {logging_mixin.py:188} INFO - [2026-01-22T01:30:41.462+0000] {dag.py:3089} INFO - Sync 1 DAGs
[2026-01-22T01:30:41.477+0000] {logging_mixin.py:188} INFO - [2026-01-22T01:30:41.477+0000] {dag.py:3947} INFO - Setting next_dagrun for pipeline_one_off to None, run_after=None
[2026-01-22T01:30:41.502+0000] {processor.py:183} INFO - Processing /opt/airflow/dags/pipeline_one_off.py took 0.115 seconds
[2026-01-22T01:31:11.790+0000] {processor.py:161} INFO - Started process (PID=51089) to work on /opt/airflow/dags/pipeline_one_off.py
[2026-01-22T01:31:11.792+0000] {processor.py:830} INFO - Processing file /opt/airflow/dags/pipeline_one_off.py for tasks to queue
[2026-01-22T01:31:11.793+0000] {logging_mixin.py:188} INFO - [2026-01-22T01:31:11.792+0000] {dagbag.py:545} INFO - Filling up the DagBag from /opt/airflow/dags/pipeline_one_off.py
[2026-01-22T01:31:11.817+0000] {processor.py:840} INFO - DAG(s) 'pipeline_one_off' retrieved from /opt/airflow/dags/pipeline_one_off.py
[2026-01-22T01:31:11.858+0000] {logging_mixin.py:188} INFO - [2026-01-22T01:31:11.858+0000] {dag.py:3089} INFO - Sync 1 DAGs
[2026-01-22T01:31:11.874+0000] {logging_mixin.py:188} INFO - [2026-01-22T01:31:11.873+0000] {dag.py:3947} INFO - Setting next_dagrun for pipeline_one_off to None, run_after=None
[2026-01-22T01:31:11.897+0000] {processor.py:183} INFO - Processing /opt/airflow/dags/pipeline_one_off.py took 0.115 seconds
[2026-01-22T01:31:42.183+0000] {processor.py:161} INFO - Started process (PID=51099) to work on /opt/airflow/dags/pipeline_one_off.py
[2026-01-22T01:31:42.185+0000] {processor.py:830} INFO - Processing file /opt/airflow/dags/pipeline_one_off.py for tasks to queue
[2026-01-22T01:31:42.186+0000] {logging_mixin.py:188} INFO - [2026-01-22T01:31:42.186+0000] {dagbag.py:545} INFO - Filling up the DagBag from /opt/airflow/dags/pipeline_one_off.py
[2026-01-22T01:31:42.221+0000] {processor.py:840} INFO - DAG(s) 'pipeline_one_off' retrieved from /opt/airflow/dags/pipeline_one_off.py
[2026-01-22T01:31:42.273+0000] {logging_mixin.py:188} INFO - [2026-01-22T01:31:42.273+0000] {dag.py:3089} INFO - Sync 1 DAGs
[2026-01-22T01:31:42.288+0000] {logging_mixin.py:188} INFO - [2026-01-22T01:31:42.288+0000] {dag.py:3947} INFO - Setting next_dagrun for pipeline_one_off to None, run_after=None
[2026-01-22T01:31:42.311+0000] {processor.py:183} INFO - Processing /opt/airflow/dags/pipeline_one_off.py took 0.139 seconds
[2026-01-22T01:32:12.602+0000] {processor.py:161} INFO - Started process (PID=51109) to work on /opt/airflow/dags/pipeline_one_off.py
[2026-01-22T01:32:12.603+0000] {processor.py:830} INFO - Processing file /opt/airflow/dags/pipeline_one_off.py for tasks to queue
[2026-01-22T01:32:12.605+0000] {logging_mixin.py:188} INFO - [2026-01-22T01:32:12.604+0000] {dagbag.py:545} INFO - Filling up the DagBag from /opt/airflow/dags/pipeline_one_off.py
[2026-01-22T01:32:12.628+0000] {processor.py:840} INFO - DAG(s) 'pipeline_one_off' retrieved from /opt/airflow/dags/pipeline_one_off.py
[2026-01-22T01:32:12.669+0000] {logging_mixin.py:188} INFO - [2026-01-22T01:32:12.668+0000] {dag.py:3089} INFO - Sync 1 DAGs
[2026-01-22T01:32:12.685+0000] {logging_mixin.py:188} INFO - [2026-01-22T01:32:12.684+0000] {dag.py:3947} INFO - Setting next_dagrun for pipeline_one_off to None, run_after=None
[2026-01-22T01:32:12.710+0000] {processor.py:183} INFO - Processing /opt/airflow/dags/pipeline_one_off.py took 0.115 seconds
[2026-01-22T01:32:42.992+0000] {processor.py:161} INFO - Started process (PID=51119) to work on /opt/airflow/dags/pipeline_one_off.py
[2026-01-22T01:32:42.994+0000] {processor.py:830} INFO - Processing file /opt/airflow/dags/pipeline_one_off.py for tasks to queue
[2026-01-22T01:32:42.995+0000] {logging_mixin.py:188} INFO - [2026-01-22T01:32:42.995+0000] {dagbag.py:545} INFO - Filling up the DagBag from /opt/airflow/dags/pipeline_one_off.py
[2026-01-22T01:32:43.020+0000] {processor.py:840} INFO - DAG(s) 'pipeline_one_off' retrieved from /opt/airflow/dags/pipeline_one_off.py
[2026-01-22T01:32:43.061+0000] {logging_mixin.py:188} INFO - [2026-01-22T01:32:43.061+0000] {dag.py:3089} INFO - Sync 1 DAGs
[2026-01-22T01:32:43.077+0000] {logging_mixin.py:188} INFO - [2026-01-22T01:32:43.077+0000] {dag.py:3947} INFO - Setting next_dagrun for pipeline_one_off to None, run_after=None
[2026-01-22T01:32:43.101+0000] {processor.py:183} INFO - Processing /opt/airflow/dags/pipeline_one_off.py took 0.115 seconds
[2026-01-22T01:33:13.395+0000] {processor.py:161} INFO - Started process (PID=51129) to work on /opt/airflow/dags/pipeline_one_off.py
[2026-01-22T01:33:13.397+0000] {processor.py:830} INFO - Processing file /opt/airflow/dags/pipeline_one_off.py for tasks to queue
[2026-01-22T01:33:13.398+0000] {logging_mixin.py:188} INFO - [2026-01-22T01:33:13.397+0000] {dagbag.py:545} INFO - Filling up the DagBag from /opt/airflow/dags/pipeline_one_off.py
[2026-01-22T01:33:13.423+0000] {processor.py:840} INFO - DAG(s) 'pipeline_one_off' retrieved from /opt/airflow/dags/pipeline_one_off.py
[2026-01-22T01:33:13.464+0000] {logging_mixin.py:188} INFO - [2026-01-22T01:33:13.464+0000] {dag.py:3089} INFO - Sync 1 DAGs
[2026-01-22T01:33:13.479+0000] {logging_mixin.py:188} INFO - [2026-01-22T01:33:13.479+0000] {dag.py:3947} INFO - Setting next_dagrun for pipeline_one_off to None, run_after=None
[2026-01-22T01:33:13.502+0000] {processor.py:183} INFO - Processing /opt/airflow/dags/pipeline_one_off.py took 0.114 seconds
[2026-01-22T01:33:43.784+0000] {processor.py:161} INFO - Started process (PID=51139) to work on /opt/airflow/dags/pipeline_one_off.py
[2026-01-22T01:33:43.786+0000] {processor.py:830} INFO - Processing file /opt/airflow/dags/pipeline_one_off.py for tasks to queue
[2026-01-22T01:33:43.787+0000] {logging_mixin.py:188} INFO - [2026-01-22T01:33:43.786+0000] {dagbag.py:545} INFO - Filling up the DagBag from /opt/airflow/dags/pipeline_one_off.py
[2026-01-22T01:33:43.809+0000] {processor.py:840} INFO - DAG(s) 'pipeline_one_off' retrieved from /opt/airflow/dags/pipeline_one_off.py
[2026-01-22T01:33:43.850+0000] {logging_mixin.py:188} INFO - [2026-01-22T01:33:43.850+0000] {dag.py:3089} INFO - Sync 1 DAGs
[2026-01-22T01:33:43.865+0000] {logging_mixin.py:188} INFO - [2026-01-22T01:33:43.865+0000] {dag.py:3947} INFO - Setting next_dagrun for pipeline_one_off to None, run_after=None
[2026-01-22T01:33:43.888+0000] {processor.py:183} INFO - Processing /opt/airflow/dags/pipeline_one_off.py took 0.111 seconds
[2026-01-22T01:34:14.179+0000] {processor.py:161} INFO - Started process (PID=51149) to work on /opt/airflow/dags/pipeline_one_off.py
[2026-01-22T01:34:14.181+0000] {processor.py:830} INFO - Processing file /opt/airflow/dags/pipeline_one_off.py for tasks to queue
[2026-01-22T01:34:14.182+0000] {logging_mixin.py:188} INFO - [2026-01-22T01:34:14.181+0000] {dagbag.py:545} INFO - Filling up the DagBag from /opt/airflow/dags/pipeline_one_off.py
[2026-01-22T01:34:14.212+0000] {processor.py:840} INFO - DAG(s) 'pipeline_one_off' retrieved from /opt/airflow/dags/pipeline_one_off.py
[2026-01-22T01:34:14.255+0000] {logging_mixin.py:188} INFO - [2026-01-22T01:34:14.255+0000] {dag.py:3089} INFO - Sync 1 DAGs
[2026-01-22T01:34:14.269+0000] {logging_mixin.py:188} INFO - [2026-01-22T01:34:14.269+0000] {dag.py:3947} INFO - Setting next_dagrun for pipeline_one_off to None, run_after=None
[2026-01-22T01:34:14.293+0000] {processor.py:183} INFO - Processing /opt/airflow/dags/pipeline_one_off.py took 0.121 seconds
[2026-01-22T01:34:44.576+0000] {processor.py:161} INFO - Started process (PID=51159) to work on /opt/airflow/dags/pipeline_one_off.py
[2026-01-22T01:34:44.578+0000] {processor.py:830} INFO - Processing file /opt/airflow/dags/pipeline_one_off.py for tasks to queue
[2026-01-22T01:34:44.579+0000] {logging_mixin.py:188} INFO - [2026-01-22T01:34:44.579+0000] {dagbag.py:545} INFO - Filling up the DagBag from /opt/airflow/dags/pipeline_one_off.py
[2026-01-22T01:34:44.604+0000] {processor.py:840} INFO - DAG(s) 'pipeline_one_off' retrieved from /opt/airflow/dags/pipeline_one_off.py
[2026-01-22T01:34:44.641+0000] {logging_mixin.py:188} INFO - [2026-01-22T01:34:44.641+0000] {dag.py:3089} INFO - Sync 1 DAGs
[2026-01-22T01:34:44.655+0000] {logging_mixin.py:188} INFO - [2026-01-22T01:34:44.655+0000] {dag.py:3947} INFO - Setting next_dagrun for pipeline_one_off to None, run_after=None
[2026-01-22T01:34:44.678+0000] {processor.py:183} INFO - Processing /opt/airflow/dags/pipeline_one_off.py took 0.109 seconds
[2026-01-22T01:35:14.973+0000] {processor.py:161} INFO - Started process (PID=51169) to work on /opt/airflow/dags/pipeline_one_off.py
[2026-01-22T01:35:14.974+0000] {processor.py:830} INFO - Processing file /opt/airflow/dags/pipeline_one_off.py for tasks to queue
[2026-01-22T01:35:14.975+0000] {logging_mixin.py:188} INFO - [2026-01-22T01:35:14.975+0000] {dagbag.py:545} INFO - Filling up the DagBag from /opt/airflow/dags/pipeline_one_off.py
[2026-01-22T01:35:15.000+0000] {processor.py:840} INFO - DAG(s) 'pipeline_one_off' retrieved from /opt/airflow/dags/pipeline_one_off.py
[2026-01-22T01:35:15.042+0000] {logging_mixin.py:188} INFO - [2026-01-22T01:35:15.042+0000] {dag.py:3089} INFO - Sync 1 DAGs
[2026-01-22T01:35:15.058+0000] {logging_mixin.py:188} INFO - [2026-01-22T01:35:15.058+0000] {dag.py:3947} INFO - Setting next_dagrun for pipeline_one_off to None, run_after=None
[2026-01-22T01:35:15.082+0000] {processor.py:183} INFO - Processing /opt/airflow/dags/pipeline_one_off.py took 0.116 seconds
[2026-01-22T01:35:45.415+0000] {processor.py:161} INFO - Started process (PID=51179) to work on /opt/airflow/dags/pipeline_one_off.py
[2026-01-22T01:35:45.416+0000] {processor.py:830} INFO - Processing file /opt/airflow/dags/pipeline_one_off.py for tasks to queue
[2026-01-22T01:35:45.417+0000] {logging_mixin.py:188} INFO - [2026-01-22T01:35:45.417+0000] {dagbag.py:545} INFO - Filling up the DagBag from /opt/airflow/dags/pipeline_one_off.py
[2026-01-22T01:35:45.443+0000] {processor.py:840} INFO - DAG(s) 'pipeline_one_off' retrieved from /opt/airflow/dags/pipeline_one_off.py
[2026-01-22T01:35:45.489+0000] {logging_mixin.py:188} INFO - [2026-01-22T01:35:45.488+0000] {dag.py:3089} INFO - Sync 1 DAGs
[2026-01-22T01:35:45.502+0000] {logging_mixin.py:188} INFO - [2026-01-22T01:35:45.502+0000] {dag.py:3947} INFO - Setting next_dagrun for pipeline_one_off to None, run_after=None
[2026-01-22T01:35:45.524+0000] {processor.py:183} INFO - Processing /opt/airflow/dags/pipeline_one_off.py took 0.117 seconds
[2026-01-22T01:36:15.821+0000] {processor.py:161} INFO - Started process (PID=51189) to work on /opt/airflow/dags/pipeline_one_off.py
[2026-01-22T01:36:15.822+0000] {processor.py:830} INFO - Processing file /opt/airflow/dags/pipeline_one_off.py for tasks to queue
[2026-01-22T01:36:15.824+0000] {logging_mixin.py:188} INFO - [2026-01-22T01:36:15.823+0000] {dagbag.py:545} INFO - Filling up the DagBag from /opt/airflow/dags/pipeline_one_off.py
[2026-01-22T01:36:15.850+0000] {processor.py:840} INFO - DAG(s) 'pipeline_one_off' retrieved from /opt/airflow/dags/pipeline_one_off.py
[2026-01-22T01:36:15.890+0000] {logging_mixin.py:188} INFO - [2026-01-22T01:36:15.890+0000] {dag.py:3089} INFO - Sync 1 DAGs
[2026-01-22T01:36:15.905+0000] {logging_mixin.py:188} INFO - [2026-01-22T01:36:15.905+0000] {dag.py:3947} INFO - Setting next_dagrun for pipeline_one_off to None, run_after=None
[2026-01-22T01:36:15.927+0000] {processor.py:183} INFO - Processing /opt/airflow/dags/pipeline_one_off.py took 0.115 seconds
[2026-01-22T01:36:46.218+0000] {processor.py:161} INFO - Started process (PID=51199) to work on /opt/airflow/dags/pipeline_one_off.py
[2026-01-22T01:36:46.219+0000] {processor.py:830} INFO - Processing file /opt/airflow/dags/pipeline_one_off.py for tasks to queue
[2026-01-22T01:36:46.220+0000] {logging_mixin.py:188} INFO - [2026-01-22T01:36:46.220+0000] {dagbag.py:545} INFO - Filling up the DagBag from /opt/airflow/dags/pipeline_one_off.py
[2026-01-22T01:36:46.246+0000] {processor.py:840} INFO - DAG(s) 'pipeline_one_off' retrieved from /opt/airflow/dags/pipeline_one_off.py
[2026-01-22T01:36:46.287+0000] {logging_mixin.py:188} INFO - [2026-01-22T01:36:46.287+0000] {dag.py:3089} INFO - Sync 1 DAGs
[2026-01-22T01:36:46.303+0000] {logging_mixin.py:188} INFO - [2026-01-22T01:36:46.302+0000] {dag.py:3947} INFO - Setting next_dagrun for pipeline_one_off to None, run_after=None
[2026-01-22T01:36:46.327+0000] {processor.py:183} INFO - Processing /opt/airflow/dags/pipeline_one_off.py took 0.116 seconds
[2026-01-22T01:37:16.618+0000] {processor.py:161} INFO - Started process (PID=51209) to work on /opt/airflow/dags/pipeline_one_off.py
[2026-01-22T01:37:16.619+0000] {processor.py:830} INFO - Processing file /opt/airflow/dags/pipeline_one_off.py for tasks to queue
[2026-01-22T01:37:16.621+0000] {logging_mixin.py:188} INFO - [2026-01-22T01:37:16.620+0000] {dagbag.py:545} INFO - Filling up the DagBag from /opt/airflow/dags/pipeline_one_off.py
[2026-01-22T01:37:16.644+0000] {processor.py:840} INFO - DAG(s) 'pipeline_one_off' retrieved from /opt/airflow/dags/pipeline_one_off.py
[2026-01-22T01:37:16.684+0000] {logging_mixin.py:188} INFO - [2026-01-22T01:37:16.684+0000] {dag.py:3089} INFO - Sync 1 DAGs
[2026-01-22T01:37:16.699+0000] {logging_mixin.py:188} INFO - [2026-01-22T01:37:16.698+0000] {dag.py:3947} INFO - Setting next_dagrun for pipeline_one_off to None, run_after=None
[2026-01-22T01:37:16.723+0000] {processor.py:183} INFO - Processing /opt/airflow/dags/pipeline_one_off.py took 0.111 seconds
[2026-01-22T01:37:47.018+0000] {processor.py:161} INFO - Started process (PID=51219) to work on /opt/airflow/dags/pipeline_one_off.py
[2026-01-22T01:37:47.019+0000] {processor.py:830} INFO - Processing file /opt/airflow/dags/pipeline_one_off.py for tasks to queue
[2026-01-22T01:37:47.020+0000] {logging_mixin.py:188} INFO - [2026-01-22T01:37:47.020+0000] {dagbag.py:545} INFO - Filling up the DagBag from /opt/airflow/dags/pipeline_one_off.py
[2026-01-22T01:37:47.045+0000] {processor.py:840} INFO - DAG(s) 'pipeline_one_off' retrieved from /opt/airflow/dags/pipeline_one_off.py
[2026-01-22T01:37:47.084+0000] {logging_mixin.py:188} INFO - [2026-01-22T01:37:47.084+0000] {dag.py:3089} INFO - Sync 1 DAGs
[2026-01-22T01:37:47.098+0000] {logging_mixin.py:188} INFO - [2026-01-22T01:37:47.098+0000] {dag.py:3947} INFO - Setting next_dagrun for pipeline_one_off to None, run_after=None
[2026-01-22T01:37:47.123+0000] {processor.py:183} INFO - Processing /opt/airflow/dags/pipeline_one_off.py took 0.112 seconds
[2026-01-22T01:38:17.402+0000] {processor.py:161} INFO - Started process (PID=51229) to work on /opt/airflow/dags/pipeline_one_off.py
[2026-01-22T01:38:17.403+0000] {processor.py:830} INFO - Processing file /opt/airflow/dags/pipeline_one_off.py for tasks to queue
[2026-01-22T01:38:17.404+0000] {logging_mixin.py:188} INFO - [2026-01-22T01:38:17.404+0000] {dagbag.py:545} INFO - Filling up the DagBag from /opt/airflow/dags/pipeline_one_off.py
[2026-01-22T01:38:17.427+0000] {processor.py:840} INFO - DAG(s) 'pipeline_one_off' retrieved from /opt/airflow/dags/pipeline_one_off.py
[2026-01-22T01:38:17.468+0000] {logging_mixin.py:188} INFO - [2026-01-22T01:38:17.468+0000] {dag.py:3089} INFO - Sync 1 DAGs
[2026-01-22T01:38:17.485+0000] {logging_mixin.py:188} INFO - [2026-01-22T01:38:17.485+0000] {dag.py:3947} INFO - Setting next_dagrun for pipeline_one_off to None, run_after=None
[2026-01-22T01:38:17.512+0000] {processor.py:183} INFO - Processing /opt/airflow/dags/pipeline_one_off.py took 0.117 seconds
[2026-01-22T01:38:47.808+0000] {processor.py:161} INFO - Started process (PID=51239) to work on /opt/airflow/dags/pipeline_one_off.py
[2026-01-22T01:38:47.809+0000] {processor.py:830} INFO - Processing file /opt/airflow/dags/pipeline_one_off.py for tasks to queue
[2026-01-22T01:38:47.810+0000] {logging_mixin.py:188} INFO - [2026-01-22T01:38:47.810+0000] {dagbag.py:545} INFO - Filling up the DagBag from /opt/airflow/dags/pipeline_one_off.py
[2026-01-22T01:38:47.834+0000] {processor.py:840} INFO - DAG(s) 'pipeline_one_off' retrieved from /opt/airflow/dags/pipeline_one_off.py
[2026-01-22T01:38:47.877+0000] {logging_mixin.py:188} INFO - [2026-01-22T01:38:47.877+0000] {dag.py:3089} INFO - Sync 1 DAGs
[2026-01-22T01:38:47.892+0000] {logging_mixin.py:188} INFO - [2026-01-22T01:38:47.892+0000] {dag.py:3947} INFO - Setting next_dagrun for pipeline_one_off to None, run_after=None
[2026-01-22T01:38:47.915+0000] {processor.py:183} INFO - Processing /opt/airflow/dags/pipeline_one_off.py took 0.114 seconds
[2026-01-22T01:39:18.205+0000] {processor.py:161} INFO - Started process (PID=51249) to work on /opt/airflow/dags/pipeline_one_off.py
[2026-01-22T01:39:18.206+0000] {processor.py:830} INFO - Processing file /opt/airflow/dags/pipeline_one_off.py for tasks to queue
[2026-01-22T01:39:18.207+0000] {logging_mixin.py:188} INFO - [2026-01-22T01:39:18.207+0000] {dagbag.py:545} INFO - Filling up the DagBag from /opt/airflow/dags/pipeline_one_off.py
[2026-01-22T01:39:18.232+0000] {processor.py:840} INFO - DAG(s) 'pipeline_one_off' retrieved from /opt/airflow/dags/pipeline_one_off.py
[2026-01-22T01:39:18.273+0000] {logging_mixin.py:188} INFO - [2026-01-22T01:39:18.273+0000] {dag.py:3089} INFO - Sync 1 DAGs
[2026-01-22T01:39:18.288+0000] {logging_mixin.py:188} INFO - [2026-01-22T01:39:18.287+0000] {dag.py:3947} INFO - Setting next_dagrun for pipeline_one_off to None, run_after=None
[2026-01-22T01:39:18.311+0000] {processor.py:183} INFO - Processing /opt/airflow/dags/pipeline_one_off.py took 0.113 seconds
[2026-01-22T01:39:48.603+0000] {processor.py:161} INFO - Started process (PID=51259) to work on /opt/airflow/dags/pipeline_one_off.py
[2026-01-22T01:39:48.604+0000] {processor.py:830} INFO - Processing file /opt/airflow/dags/pipeline_one_off.py for tasks to queue
[2026-01-22T01:39:48.605+0000] {logging_mixin.py:188} INFO - [2026-01-22T01:39:48.605+0000] {dagbag.py:545} INFO - Filling up the DagBag from /opt/airflow/dags/pipeline_one_off.py
[2026-01-22T01:39:48.631+0000] {processor.py:840} INFO - DAG(s) 'pipeline_one_off' retrieved from /opt/airflow/dags/pipeline_one_off.py
[2026-01-22T01:39:48.671+0000] {logging_mixin.py:188} INFO - [2026-01-22T01:39:48.670+0000] {dag.py:3089} INFO - Sync 1 DAGs
[2026-01-22T01:39:48.686+0000] {logging_mixin.py:188} INFO - [2026-01-22T01:39:48.686+0000] {dag.py:3947} INFO - Setting next_dagrun for pipeline_one_off to None, run_after=None
[2026-01-22T01:39:48.707+0000] {processor.py:183} INFO - Processing /opt/airflow/dags/pipeline_one_off.py took 0.112 seconds
[2026-01-22T01:40:18.994+0000] {processor.py:161} INFO - Started process (PID=51269) to work on /opt/airflow/dags/pipeline_one_off.py
[2026-01-22T01:40:18.996+0000] {processor.py:830} INFO - Processing file /opt/airflow/dags/pipeline_one_off.py for tasks to queue
[2026-01-22T01:40:18.997+0000] {logging_mixin.py:188} INFO - [2026-01-22T01:40:18.996+0000] {dagbag.py:545} INFO - Filling up the DagBag from /opt/airflow/dags/pipeline_one_off.py
[2026-01-22T01:40:19.023+0000] {processor.py:840} INFO - DAG(s) 'pipeline_one_off' retrieved from /opt/airflow/dags/pipeline_one_off.py
[2026-01-22T01:40:19.065+0000] {logging_mixin.py:188} INFO - [2026-01-22T01:40:19.065+0000] {dag.py:3089} INFO - Sync 1 DAGs
[2026-01-22T01:40:19.080+0000] {logging_mixin.py:188} INFO - [2026-01-22T01:40:19.079+0000] {dag.py:3947} INFO - Setting next_dagrun for pipeline_one_off to None, run_after=None
[2026-01-22T01:40:19.101+0000] {processor.py:183} INFO - Processing /opt/airflow/dags/pipeline_one_off.py took 0.115 seconds
[2026-01-22T01:40:49.433+0000] {processor.py:161} INFO - Started process (PID=51279) to work on /opt/airflow/dags/pipeline_one_off.py
[2026-01-22T01:40:49.435+0000] {processor.py:830} INFO - Processing file /opt/airflow/dags/pipeline_one_off.py for tasks to queue
[2026-01-22T01:40:49.436+0000] {logging_mixin.py:188} INFO - [2026-01-22T01:40:49.435+0000] {dagbag.py:545} INFO - Filling up the DagBag from /opt/airflow/dags/pipeline_one_off.py
[2026-01-22T01:40:49.462+0000] {processor.py:840} INFO - DAG(s) 'pipeline_one_off' retrieved from /opt/airflow/dags/pipeline_one_off.py
[2026-01-22T01:40:49.504+0000] {logging_mixin.py:188} INFO - [2026-01-22T01:40:49.503+0000] {dag.py:3089} INFO - Sync 1 DAGs
[2026-01-22T01:40:49.519+0000] {logging_mixin.py:188} INFO - [2026-01-22T01:40:49.518+0000] {dag.py:3947} INFO - Setting next_dagrun for pipeline_one_off to None, run_after=None
[2026-01-22T01:40:49.544+0000] {processor.py:183} INFO - Processing /opt/airflow/dags/pipeline_one_off.py took 0.119 seconds
[2026-01-22T01:41:19.820+0000] {processor.py:161} INFO - Started process (PID=51289) to work on /opt/airflow/dags/pipeline_one_off.py
[2026-01-22T01:41:19.822+0000] {processor.py:830} INFO - Processing file /opt/airflow/dags/pipeline_one_off.py for tasks to queue
[2026-01-22T01:41:19.823+0000] {logging_mixin.py:188} INFO - [2026-01-22T01:41:19.823+0000] {dagbag.py:545} INFO - Filling up the DagBag from /opt/airflow/dags/pipeline_one_off.py
[2026-01-22T01:41:19.849+0000] {processor.py:840} INFO - DAG(s) 'pipeline_one_off' retrieved from /opt/airflow/dags/pipeline_one_off.py
[2026-01-22T01:41:19.890+0000] {logging_mixin.py:188} INFO - [2026-01-22T01:41:19.890+0000] {dag.py:3089} INFO - Sync 1 DAGs
[2026-01-22T01:41:19.906+0000] {logging_mixin.py:188} INFO - [2026-01-22T01:41:19.906+0000] {dag.py:3947} INFO - Setting next_dagrun for pipeline_one_off to None, run_after=None
[2026-01-22T01:41:19.929+0000] {processor.py:183} INFO - Processing /opt/airflow/dags/pipeline_one_off.py took 0.116 seconds
[2026-01-22T01:41:50.219+0000] {processor.py:161} INFO - Started process (PID=51299) to work on /opt/airflow/dags/pipeline_one_off.py
[2026-01-22T01:41:50.220+0000] {processor.py:830} INFO - Processing file /opt/airflow/dags/pipeline_one_off.py for tasks to queue
[2026-01-22T01:41:50.221+0000] {logging_mixin.py:188} INFO - [2026-01-22T01:41:50.221+0000] {dagbag.py:545} INFO - Filling up the DagBag from /opt/airflow/dags/pipeline_one_off.py
[2026-01-22T01:41:50.246+0000] {processor.py:840} INFO - DAG(s) 'pipeline_one_off' retrieved from /opt/airflow/dags/pipeline_one_off.py
[2026-01-22T01:41:50.289+0000] {logging_mixin.py:188} INFO - [2026-01-22T01:41:50.288+0000] {dag.py:3089} INFO - Sync 1 DAGs
[2026-01-22T01:41:50.305+0000] {logging_mixin.py:188} INFO - [2026-01-22T01:41:50.305+0000] {dag.py:3947} INFO - Setting next_dagrun for pipeline_one_off to None, run_after=None
[2026-01-22T01:41:50.330+0000] {processor.py:183} INFO - Processing /opt/airflow/dags/pipeline_one_off.py took 0.118 seconds
[2026-01-22T01:42:20.611+0000] {processor.py:161} INFO - Started process (PID=51309) to work on /opt/airflow/dags/pipeline_one_off.py
[2026-01-22T01:42:20.612+0000] {processor.py:830} INFO - Processing file /opt/airflow/dags/pipeline_one_off.py for tasks to queue
[2026-01-22T01:42:20.613+0000] {logging_mixin.py:188} INFO - [2026-01-22T01:42:20.612+0000] {dagbag.py:545} INFO - Filling up the DagBag from /opt/airflow/dags/pipeline_one_off.py
[2026-01-22T01:42:20.636+0000] {processor.py:840} INFO - DAG(s) 'pipeline_one_off' retrieved from /opt/airflow/dags/pipeline_one_off.py
[2026-01-22T01:42:20.672+0000] {logging_mixin.py:188} INFO - [2026-01-22T01:42:20.672+0000] {dag.py:3089} INFO - Sync 1 DAGs
[2026-01-22T01:42:20.684+0000] {logging_mixin.py:188} INFO - [2026-01-22T01:42:20.684+0000] {dag.py:3947} INFO - Setting next_dagrun for pipeline_one_off to None, run_after=None
[2026-01-22T01:42:20.708+0000] {processor.py:183} INFO - Processing /opt/airflow/dags/pipeline_one_off.py took 0.104 seconds
[2026-01-22T01:42:51.007+0000] {processor.py:161} INFO - Started process (PID=51319) to work on /opt/airflow/dags/pipeline_one_off.py
[2026-01-22T01:42:51.008+0000] {processor.py:830} INFO - Processing file /opt/airflow/dags/pipeline_one_off.py for tasks to queue
[2026-01-22T01:42:51.009+0000] {logging_mixin.py:188} INFO - [2026-01-22T01:42:51.009+0000] {dagbag.py:545} INFO - Filling up the DagBag from /opt/airflow/dags/pipeline_one_off.py
[2026-01-22T01:42:51.036+0000] {processor.py:840} INFO - DAG(s) 'pipeline_one_off' retrieved from /opt/airflow/dags/pipeline_one_off.py
[2026-01-22T01:42:51.079+0000] {logging_mixin.py:188} INFO - [2026-01-22T01:42:51.079+0000] {dag.py:3089} INFO - Sync 1 DAGs
[2026-01-22T01:42:51.093+0000] {logging_mixin.py:188} INFO - [2026-01-22T01:42:51.093+0000] {dag.py:3947} INFO - Setting next_dagrun for pipeline_one_off to None, run_after=None
[2026-01-22T01:42:51.116+0000] {processor.py:183} INFO - Processing /opt/airflow/dags/pipeline_one_off.py took 0.117 seconds
[2026-01-22T01:43:21.405+0000] {processor.py:161} INFO - Started process (PID=51329) to work on /opt/airflow/dags/pipeline_one_off.py
[2026-01-22T01:43:21.406+0000] {processor.py:830} INFO - Processing file /opt/airflow/dags/pipeline_one_off.py for tasks to queue
[2026-01-22T01:43:21.407+0000] {logging_mixin.py:188} INFO - [2026-01-22T01:43:21.407+0000] {dagbag.py:545} INFO - Filling up the DagBag from /opt/airflow/dags/pipeline_one_off.py
[2026-01-22T01:43:21.434+0000] {processor.py:840} INFO - DAG(s) 'pipeline_one_off' retrieved from /opt/airflow/dags/pipeline_one_off.py
[2026-01-22T01:43:21.476+0000] {logging_mixin.py:188} INFO - [2026-01-22T01:43:21.476+0000] {dag.py:3089} INFO - Sync 1 DAGs
[2026-01-22T01:43:21.493+0000] {logging_mixin.py:188} INFO - [2026-01-22T01:43:21.493+0000] {dag.py:3947} INFO - Setting next_dagrun for pipeline_one_off to None, run_after=None
[2026-01-22T01:43:21.518+0000] {processor.py:183} INFO - Processing /opt/airflow/dags/pipeline_one_off.py took 0.121 seconds
[2026-01-22T01:43:51.800+0000] {processor.py:161} INFO - Started process (PID=51339) to work on /opt/airflow/dags/pipeline_one_off.py
[2026-01-22T01:43:51.801+0000] {processor.py:830} INFO - Processing file /opt/airflow/dags/pipeline_one_off.py for tasks to queue
[2026-01-22T01:43:51.802+0000] {logging_mixin.py:188} INFO - [2026-01-22T01:43:51.802+0000] {dagbag.py:545} INFO - Filling up the DagBag from /opt/airflow/dags/pipeline_one_off.py
[2026-01-22T01:43:51.828+0000] {processor.py:840} INFO - DAG(s) 'pipeline_one_off' retrieved from /opt/airflow/dags/pipeline_one_off.py
[2026-01-22T01:43:51.872+0000] {logging_mixin.py:188} INFO - [2026-01-22T01:43:51.871+0000] {dag.py:3089} INFO - Sync 1 DAGs
[2026-01-22T01:43:51.888+0000] {logging_mixin.py:188} INFO - [2026-01-22T01:43:51.888+0000] {dag.py:3947} INFO - Setting next_dagrun for pipeline_one_off to None, run_after=None
[2026-01-22T01:43:51.913+0000] {processor.py:183} INFO - Processing /opt/airflow/dags/pipeline_one_off.py took 0.120 seconds
[2026-01-22T01:44:22.200+0000] {processor.py:161} INFO - Started process (PID=51349) to work on /opt/airflow/dags/pipeline_one_off.py
[2026-01-22T01:44:22.202+0000] {processor.py:830} INFO - Processing file /opt/airflow/dags/pipeline_one_off.py for tasks to queue
[2026-01-22T01:44:22.203+0000] {logging_mixin.py:188} INFO - [2026-01-22T01:44:22.202+0000] {dagbag.py:545} INFO - Filling up the DagBag from /opt/airflow/dags/pipeline_one_off.py
[2026-01-22T01:44:22.227+0000] {processor.py:840} INFO - DAG(s) 'pipeline_one_off' retrieved from /opt/airflow/dags/pipeline_one_off.py
[2026-01-22T01:44:22.269+0000] {logging_mixin.py:188} INFO - [2026-01-22T01:44:22.269+0000] {dag.py:3089} INFO - Sync 1 DAGs
[2026-01-22T01:44:22.284+0000] {logging_mixin.py:188} INFO - [2026-01-22T01:44:22.284+0000] {dag.py:3947} INFO - Setting next_dagrun for pipeline_one_off to None, run_after=None
[2026-01-22T01:44:22.307+0000] {processor.py:183} INFO - Processing /opt/airflow/dags/pipeline_one_off.py took 0.114 seconds
[2026-01-22T01:44:52.600+0000] {processor.py:161} INFO - Started process (PID=51359) to work on /opt/airflow/dags/pipeline_one_off.py
[2026-01-22T01:44:52.601+0000] {processor.py:830} INFO - Processing file /opt/airflow/dags/pipeline_one_off.py for tasks to queue
[2026-01-22T01:44:52.602+0000] {logging_mixin.py:188} INFO - [2026-01-22T01:44:52.602+0000] {dagbag.py:545} INFO - Filling up the DagBag from /opt/airflow/dags/pipeline_one_off.py
[2026-01-22T01:44:52.628+0000] {processor.py:840} INFO - DAG(s) 'pipeline_one_off' retrieved from /opt/airflow/dags/pipeline_one_off.py
[2026-01-22T01:44:52.675+0000] {logging_mixin.py:188} INFO - [2026-01-22T01:44:52.675+0000] {dag.py:3089} INFO - Sync 1 DAGs
[2026-01-22T01:44:52.691+0000] {logging_mixin.py:188} INFO - [2026-01-22T01:44:52.691+0000] {dag.py:3947} INFO - Setting next_dagrun for pipeline_one_off to None, run_after=None
[2026-01-22T01:44:52.714+0000] {processor.py:183} INFO - Processing /opt/airflow/dags/pipeline_one_off.py took 0.121 seconds
[2026-01-22T01:45:22.997+0000] {processor.py:161} INFO - Started process (PID=51369) to work on /opt/airflow/dags/pipeline_one_off.py
[2026-01-22T01:45:22.998+0000] {processor.py:830} INFO - Processing file /opt/airflow/dags/pipeline_one_off.py for tasks to queue
[2026-01-22T01:45:22.999+0000] {logging_mixin.py:188} INFO - [2026-01-22T01:45:22.999+0000] {dagbag.py:545} INFO - Filling up the DagBag from /opt/airflow/dags/pipeline_one_off.py
[2026-01-22T01:45:23.022+0000] {processor.py:840} INFO - DAG(s) 'pipeline_one_off' retrieved from /opt/airflow/dags/pipeline_one_off.py
[2026-01-22T01:45:23.059+0000] {logging_mixin.py:188} INFO - [2026-01-22T01:45:23.058+0000] {dag.py:3089} INFO - Sync 1 DAGs
[2026-01-22T01:45:23.073+0000] {logging_mixin.py:188} INFO - [2026-01-22T01:45:23.073+0000] {dag.py:3947} INFO - Setting next_dagrun for pipeline_one_off to None, run_after=None
[2026-01-22T01:45:23.097+0000] {processor.py:183} INFO - Processing /opt/airflow/dags/pipeline_one_off.py took 0.107 seconds
[2026-01-22T01:45:53.430+0000] {processor.py:161} INFO - Started process (PID=51379) to work on /opt/airflow/dags/pipeline_one_off.py
[2026-01-22T01:45:53.432+0000] {processor.py:830} INFO - Processing file /opt/airflow/dags/pipeline_one_off.py for tasks to queue
[2026-01-22T01:45:53.433+0000] {logging_mixin.py:188} INFO - [2026-01-22T01:45:53.433+0000] {dagbag.py:545} INFO - Filling up the DagBag from /opt/airflow/dags/pipeline_one_off.py
[2026-01-22T01:45:53.460+0000] {processor.py:840} INFO - DAG(s) 'pipeline_one_off' retrieved from /opt/airflow/dags/pipeline_one_off.py
[2026-01-22T01:45:53.503+0000] {logging_mixin.py:188} INFO - [2026-01-22T01:45:53.503+0000] {dag.py:3089} INFO - Sync 1 DAGs
[2026-01-22T01:45:53.517+0000] {logging_mixin.py:188} INFO - [2026-01-22T01:45:53.517+0000] {dag.py:3947} INFO - Setting next_dagrun for pipeline_one_off to None, run_after=None
[2026-01-22T01:45:53.541+0000] {processor.py:183} INFO - Processing /opt/airflow/dags/pipeline_one_off.py took 0.118 seconds
[2026-01-22T01:46:23.833+0000] {processor.py:161} INFO - Started process (PID=51389) to work on /opt/airflow/dags/pipeline_one_off.py
[2026-01-22T01:46:23.834+0000] {processor.py:830} INFO - Processing file /opt/airflow/dags/pipeline_one_off.py for tasks to queue
[2026-01-22T01:46:23.835+0000] {logging_mixin.py:188} INFO - [2026-01-22T01:46:23.834+0000] {dagbag.py:545} INFO - Filling up the DagBag from /opt/airflow/dags/pipeline_one_off.py
[2026-01-22T01:46:23.862+0000] {processor.py:840} INFO - DAG(s) 'pipeline_one_off' retrieved from /opt/airflow/dags/pipeline_one_off.py
[2026-01-22T01:46:23.905+0000] {logging_mixin.py:188} INFO - [2026-01-22T01:46:23.904+0000] {dag.py:3089} INFO - Sync 1 DAGs
[2026-01-22T01:46:23.919+0000] {logging_mixin.py:188} INFO - [2026-01-22T01:46:23.919+0000] {dag.py:3947} INFO - Setting next_dagrun for pipeline_one_off to None, run_after=None
[2026-01-22T01:46:23.942+0000] {processor.py:183} INFO - Processing /opt/airflow/dags/pipeline_one_off.py took 0.116 seconds
[2026-01-22T01:46:54.232+0000] {processor.py:161} INFO - Started process (PID=51399) to work on /opt/airflow/dags/pipeline_one_off.py
[2026-01-22T01:46:54.234+0000] {processor.py:830} INFO - Processing file /opt/airflow/dags/pipeline_one_off.py for tasks to queue
[2026-01-22T01:46:54.236+0000] {logging_mixin.py:188} INFO - [2026-01-22T01:46:54.234+0000] {dagbag.py:545} INFO - Filling up the DagBag from /opt/airflow/dags/pipeline_one_off.py
[2026-01-22T01:46:54.261+0000] {processor.py:840} INFO - DAG(s) 'pipeline_one_off' retrieved from /opt/airflow/dags/pipeline_one_off.py
[2026-01-22T01:46:54.304+0000] {logging_mixin.py:188} INFO - [2026-01-22T01:46:54.304+0000] {dag.py:3089} INFO - Sync 1 DAGs
[2026-01-22T01:46:54.320+0000] {logging_mixin.py:188} INFO - [2026-01-22T01:46:54.320+0000] {dag.py:3947} INFO - Setting next_dagrun for pipeline_one_off to None, run_after=None
[2026-01-22T01:46:54.343+0000] {processor.py:183} INFO - Processing /opt/airflow/dags/pipeline_one_off.py took 0.119 seconds
[2026-01-22T01:47:24.629+0000] {processor.py:161} INFO - Started process (PID=51409) to work on /opt/airflow/dags/pipeline_one_off.py
[2026-01-22T01:47:24.630+0000] {processor.py:830} INFO - Processing file /opt/airflow/dags/pipeline_one_off.py for tasks to queue
[2026-01-22T01:47:24.631+0000] {logging_mixin.py:188} INFO - [2026-01-22T01:47:24.631+0000] {dagbag.py:545} INFO - Filling up the DagBag from /opt/airflow/dags/pipeline_one_off.py
[2026-01-22T01:47:24.656+0000] {processor.py:840} INFO - DAG(s) 'pipeline_one_off' retrieved from /opt/airflow/dags/pipeline_one_off.py
[2026-01-22T01:47:24.699+0000] {logging_mixin.py:188} INFO - [2026-01-22T01:47:24.698+0000] {dag.py:3089} INFO - Sync 1 DAGs
[2026-01-22T01:47:24.713+0000] {logging_mixin.py:188} INFO - [2026-01-22T01:47:24.713+0000] {dag.py:3947} INFO - Setting next_dagrun for pipeline_one_off to None, run_after=None
[2026-01-22T01:47:24.735+0000] {processor.py:183} INFO - Processing /opt/airflow/dags/pipeline_one_off.py took 0.114 seconds
[2026-01-22T01:47:55.028+0000] {processor.py:161} INFO - Started process (PID=51419) to work on /opt/airflow/dags/pipeline_one_off.py
[2026-01-22T01:47:55.029+0000] {processor.py:830} INFO - Processing file /opt/airflow/dags/pipeline_one_off.py for tasks to queue
[2026-01-22T01:47:55.030+0000] {logging_mixin.py:188} INFO - [2026-01-22T01:47:55.030+0000] {dagbag.py:545} INFO - Filling up the DagBag from /opt/airflow/dags/pipeline_one_off.py
[2026-01-22T01:47:55.057+0000] {processor.py:840} INFO - DAG(s) 'pipeline_one_off' retrieved from /opt/airflow/dags/pipeline_one_off.py
[2026-01-22T01:47:55.098+0000] {logging_mixin.py:188} INFO - [2026-01-22T01:47:55.098+0000] {dag.py:3089} INFO - Sync 1 DAGs
[2026-01-22T01:47:55.115+0000] {logging_mixin.py:188} INFO - [2026-01-22T01:47:55.114+0000] {dag.py:3947} INFO - Setting next_dagrun for pipeline_one_off to None, run_after=None
[2026-01-22T01:47:55.140+0000] {processor.py:183} INFO - Processing /opt/airflow/dags/pipeline_one_off.py took 0.119 seconds
[2026-01-22T01:48:25.434+0000] {processor.py:161} INFO - Started process (PID=51429) to work on /opt/airflow/dags/pipeline_one_off.py
[2026-01-22T01:48:25.435+0000] {processor.py:830} INFO - Processing file /opt/airflow/dags/pipeline_one_off.py for tasks to queue
[2026-01-22T01:48:25.436+0000] {logging_mixin.py:188} INFO - [2026-01-22T01:48:25.436+0000] {dagbag.py:545} INFO - Filling up the DagBag from /opt/airflow/dags/pipeline_one_off.py
[2026-01-22T01:48:25.461+0000] {processor.py:840} INFO - DAG(s) 'pipeline_one_off' retrieved from /opt/airflow/dags/pipeline_one_off.py
[2026-01-22T01:48:25.505+0000] {logging_mixin.py:188} INFO - [2026-01-22T01:48:25.504+0000] {dag.py:3089} INFO - Sync 1 DAGs
[2026-01-22T01:48:25.522+0000] {logging_mixin.py:188} INFO - [2026-01-22T01:48:25.522+0000] {dag.py:3947} INFO - Setting next_dagrun for pipeline_one_off to None, run_after=None
[2026-01-22T01:48:25.547+0000] {processor.py:183} INFO - Processing /opt/airflow/dags/pipeline_one_off.py took 0.121 seconds
[2026-01-22T01:48:55.837+0000] {processor.py:161} INFO - Started process (PID=51439) to work on /opt/airflow/dags/pipeline_one_off.py
[2026-01-22T01:48:55.839+0000] {processor.py:830} INFO - Processing file /opt/airflow/dags/pipeline_one_off.py for tasks to queue
[2026-01-22T01:48:55.840+0000] {logging_mixin.py:188} INFO - [2026-01-22T01:48:55.839+0000] {dagbag.py:545} INFO - Filling up the DagBag from /opt/airflow/dags/pipeline_one_off.py
[2026-01-22T01:48:55.865+0000] {processor.py:840} INFO - DAG(s) 'pipeline_one_off' retrieved from /opt/airflow/dags/pipeline_one_off.py
[2026-01-22T01:48:55.905+0000] {logging_mixin.py:188} INFO - [2026-01-22T01:48:55.905+0000] {dag.py:3089} INFO - Sync 1 DAGs
[2026-01-22T01:48:55.920+0000] {logging_mixin.py:188} INFO - [2026-01-22T01:48:55.920+0000] {dag.py:3947} INFO - Setting next_dagrun for pipeline_one_off to None, run_after=None
[2026-01-22T01:48:55.943+0000] {processor.py:183} INFO - Processing /opt/airflow/dags/pipeline_one_off.py took 0.113 seconds
[2026-01-22T01:49:26.224+0000] {processor.py:161} INFO - Started process (PID=51449) to work on /opt/airflow/dags/pipeline_one_off.py
[2026-01-22T01:49:26.225+0000] {processor.py:830} INFO - Processing file /opt/airflow/dags/pipeline_one_off.py for tasks to queue
[2026-01-22T01:49:26.226+0000] {logging_mixin.py:188} INFO - [2026-01-22T01:49:26.226+0000] {dagbag.py:545} INFO - Filling up the DagBag from /opt/airflow/dags/pipeline_one_off.py
[2026-01-22T01:49:26.250+0000] {processor.py:840} INFO - DAG(s) 'pipeline_one_off' retrieved from /opt/airflow/dags/pipeline_one_off.py
[2026-01-22T01:49:26.291+0000] {logging_mixin.py:188} INFO - [2026-01-22T01:49:26.291+0000] {dag.py:3089} INFO - Sync 1 DAGs
[2026-01-22T01:49:26.306+0000] {logging_mixin.py:188} INFO - [2026-01-22T01:49:26.305+0000] {dag.py:3947} INFO - Setting next_dagrun for pipeline_one_off to None, run_after=None
[2026-01-22T01:49:26.330+0000] {processor.py:183} INFO - Processing /opt/airflow/dags/pipeline_one_off.py took 0.114 seconds
[2026-01-22T01:49:56.619+0000] {processor.py:161} INFO - Started process (PID=51459) to work on /opt/airflow/dags/pipeline_one_off.py
[2026-01-22T01:49:56.621+0000] {processor.py:830} INFO - Processing file /opt/airflow/dags/pipeline_one_off.py for tasks to queue
[2026-01-22T01:49:56.622+0000] {logging_mixin.py:188} INFO - [2026-01-22T01:49:56.621+0000] {dagbag.py:545} INFO - Filling up the DagBag from /opt/airflow/dags/pipeline_one_off.py
[2026-01-22T01:49:56.648+0000] {processor.py:840} INFO - DAG(s) 'pipeline_one_off' retrieved from /opt/airflow/dags/pipeline_one_off.py
[2026-01-22T01:49:56.690+0000] {logging_mixin.py:188} INFO - [2026-01-22T01:49:56.690+0000] {dag.py:3089} INFO - Sync 1 DAGs
[2026-01-22T01:49:56.706+0000] {logging_mixin.py:188} INFO - [2026-01-22T01:49:56.706+0000] {dag.py:3947} INFO - Setting next_dagrun for pipeline_one_off to None, run_after=None
[2026-01-22T01:49:56.728+0000] {processor.py:183} INFO - Processing /opt/airflow/dags/pipeline_one_off.py took 0.116 seconds
[2026-01-22T01:50:27.016+0000] {processor.py:161} INFO - Started process (PID=51469) to work on /opt/airflow/dags/pipeline_one_off.py
[2026-01-22T01:50:27.018+0000] {processor.py:830} INFO - Processing file /opt/airflow/dags/pipeline_one_off.py for tasks to queue
[2026-01-22T01:50:27.019+0000] {logging_mixin.py:188} INFO - [2026-01-22T01:50:27.019+0000] {dagbag.py:545} INFO - Filling up the DagBag from /opt/airflow/dags/pipeline_one_off.py
[2026-01-22T01:50:27.045+0000] {processor.py:840} INFO - DAG(s) 'pipeline_one_off' retrieved from /opt/airflow/dags/pipeline_one_off.py
[2026-01-22T01:50:27.090+0000] {logging_mixin.py:188} INFO - [2026-01-22T01:50:27.089+0000] {dag.py:3089} INFO - Sync 1 DAGs
[2026-01-22T01:50:27.104+0000] {logging_mixin.py:188} INFO - [2026-01-22T01:50:27.104+0000] {dag.py:3947} INFO - Setting next_dagrun for pipeline_one_off to None, run_after=None
[2026-01-22T01:50:27.127+0000] {processor.py:183} INFO - Processing /opt/airflow/dags/pipeline_one_off.py took 0.119 seconds
[2026-01-22T01:50:57.466+0000] {processor.py:161} INFO - Started process (PID=51479) to work on /opt/airflow/dags/pipeline_one_off.py
[2026-01-22T01:50:57.467+0000] {processor.py:830} INFO - Processing file /opt/airflow/dags/pipeline_one_off.py for tasks to queue
[2026-01-22T01:50:57.468+0000] {logging_mixin.py:188} INFO - [2026-01-22T01:50:57.468+0000] {dagbag.py:545} INFO - Filling up the DagBag from /opt/airflow/dags/pipeline_one_off.py
[2026-01-22T01:50:57.493+0000] {processor.py:840} INFO - DAG(s) 'pipeline_one_off' retrieved from /opt/airflow/dags/pipeline_one_off.py
[2026-01-22T01:50:57.528+0000] {logging_mixin.py:188} INFO - [2026-01-22T01:50:57.528+0000] {dag.py:3089} INFO - Sync 1 DAGs
[2026-01-22T01:50:57.541+0000] {logging_mixin.py:188} INFO - [2026-01-22T01:50:57.541+0000] {dag.py:3947} INFO - Setting next_dagrun for pipeline_one_off to None, run_after=None
[2026-01-22T01:50:57.563+0000] {processor.py:183} INFO - Processing /opt/airflow/dags/pipeline_one_off.py took 0.102 seconds
[2026-01-22T01:51:27.848+0000] {processor.py:161} INFO - Started process (PID=51489) to work on /opt/airflow/dags/pipeline_one_off.py
[2026-01-22T01:51:27.849+0000] {processor.py:830} INFO - Processing file /opt/airflow/dags/pipeline_one_off.py for tasks to queue
[2026-01-22T01:51:27.851+0000] {logging_mixin.py:188} INFO - [2026-01-22T01:51:27.850+0000] {dagbag.py:545} INFO - Filling up the DagBag from /opt/airflow/dags/pipeline_one_off.py
[2026-01-22T01:51:27.877+0000] {processor.py:840} INFO - DAG(s) 'pipeline_one_off' retrieved from /opt/airflow/dags/pipeline_one_off.py
[2026-01-22T01:51:27.917+0000] {logging_mixin.py:188} INFO - [2026-01-22T01:51:27.917+0000] {dag.py:3089} INFO - Sync 1 DAGs
[2026-01-22T01:51:27.931+0000] {logging_mixin.py:188} INFO - [2026-01-22T01:51:27.931+0000] {dag.py:3947} INFO - Setting next_dagrun for pipeline_one_off to None, run_after=None
[2026-01-22T01:51:27.957+0000] {processor.py:183} INFO - Processing /opt/airflow/dags/pipeline_one_off.py took 0.117 seconds
[2026-01-22T01:51:58.246+0000] {processor.py:161} INFO - Started process (PID=51499) to work on /opt/airflow/dags/pipeline_one_off.py
[2026-01-22T01:51:58.248+0000] {processor.py:830} INFO - Processing file /opt/airflow/dags/pipeline_one_off.py for tasks to queue
[2026-01-22T01:51:58.249+0000] {logging_mixin.py:188} INFO - [2026-01-22T01:51:58.248+0000] {dagbag.py:545} INFO - Filling up the DagBag from /opt/airflow/dags/pipeline_one_off.py
[2026-01-22T01:51:58.274+0000] {processor.py:840} INFO - DAG(s) 'pipeline_one_off' retrieved from /opt/airflow/dags/pipeline_one_off.py
[2026-01-22T01:51:58.317+0000] {logging_mixin.py:188} INFO - [2026-01-22T01:51:58.316+0000] {dag.py:3089} INFO - Sync 1 DAGs
[2026-01-22T01:51:58.332+0000] {logging_mixin.py:188} INFO - [2026-01-22T01:51:58.332+0000] {dag.py:3947} INFO - Setting next_dagrun for pipeline_one_off to None, run_after=None
[2026-01-22T01:51:58.355+0000] {processor.py:183} INFO - Processing /opt/airflow/dags/pipeline_one_off.py took 0.115 seconds
[2026-01-22T01:52:28.646+0000] {processor.py:161} INFO - Started process (PID=51509) to work on /opt/airflow/dags/pipeline_one_off.py
[2026-01-22T01:52:28.647+0000] {processor.py:830} INFO - Processing file /opt/airflow/dags/pipeline_one_off.py for tasks to queue
[2026-01-22T01:52:28.648+0000] {logging_mixin.py:188} INFO - [2026-01-22T01:52:28.648+0000] {dagbag.py:545} INFO - Filling up the DagBag from /opt/airflow/dags/pipeline_one_off.py
[2026-01-22T01:52:28.673+0000] {processor.py:840} INFO - DAG(s) 'pipeline_one_off' retrieved from /opt/airflow/dags/pipeline_one_off.py
[2026-01-22T01:52:28.714+0000] {logging_mixin.py:188} INFO - [2026-01-22T01:52:28.713+0000] {dag.py:3089} INFO - Sync 1 DAGs
[2026-01-22T01:52:28.729+0000] {logging_mixin.py:188} INFO - [2026-01-22T01:52:28.728+0000] {dag.py:3947} INFO - Setting next_dagrun for pipeline_one_off to None, run_after=None
[2026-01-22T01:52:28.756+0000] {processor.py:183} INFO - Processing /opt/airflow/dags/pipeline_one_off.py took 0.119 seconds
[2026-01-22T01:52:59.037+0000] {processor.py:161} INFO - Started process (PID=51519) to work on /opt/airflow/dags/pipeline_one_off.py
[2026-01-22T01:52:59.038+0000] {processor.py:830} INFO - Processing file /opt/airflow/dags/pipeline_one_off.py for tasks to queue
[2026-01-22T01:52:59.039+0000] {logging_mixin.py:188} INFO - [2026-01-22T01:52:59.038+0000] {dagbag.py:545} INFO - Filling up the DagBag from /opt/airflow/dags/pipeline_one_off.py
[2026-01-22T01:52:59.063+0000] {processor.py:840} INFO - DAG(s) 'pipeline_one_off' retrieved from /opt/airflow/dags/pipeline_one_off.py
[2026-01-22T01:52:59.105+0000] {logging_mixin.py:188} INFO - [2026-01-22T01:52:59.104+0000] {dag.py:3089} INFO - Sync 1 DAGs
[2026-01-22T01:52:59.120+0000] {logging_mixin.py:188} INFO - [2026-01-22T01:52:59.119+0000] {dag.py:3947} INFO - Setting next_dagrun for pipeline_one_off to None, run_after=None
[2026-01-22T01:52:59.142+0000] {processor.py:183} INFO - Processing /opt/airflow/dags/pipeline_one_off.py took 0.113 seconds
[2026-01-22T01:53:29.423+0000] {processor.py:161} INFO - Started process (PID=51529) to work on /opt/airflow/dags/pipeline_one_off.py
[2026-01-22T01:53:29.424+0000] {processor.py:830} INFO - Processing file /opt/airflow/dags/pipeline_one_off.py for tasks to queue
[2026-01-22T01:53:29.425+0000] {logging_mixin.py:188} INFO - [2026-01-22T01:53:29.425+0000] {dagbag.py:545} INFO - Filling up the DagBag from /opt/airflow/dags/pipeline_one_off.py
[2026-01-22T01:53:29.449+0000] {processor.py:840} INFO - DAG(s) 'pipeline_one_off' retrieved from /opt/airflow/dags/pipeline_one_off.py
[2026-01-22T01:53:29.492+0000] {logging_mixin.py:188} INFO - [2026-01-22T01:53:29.492+0000] {dag.py:3089} INFO - Sync 1 DAGs
[2026-01-22T01:53:29.507+0000] {logging_mixin.py:188} INFO - [2026-01-22T01:53:29.506+0000] {dag.py:3947} INFO - Setting next_dagrun for pipeline_one_off to None, run_after=None
[2026-01-22T01:53:29.530+0000] {processor.py:183} INFO - Processing /opt/airflow/dags/pipeline_one_off.py took 0.115 seconds
[2026-01-22T01:53:59.821+0000] {processor.py:161} INFO - Started process (PID=51539) to work on /opt/airflow/dags/pipeline_one_off.py
[2026-01-22T01:53:59.822+0000] {processor.py:830} INFO - Processing file /opt/airflow/dags/pipeline_one_off.py for tasks to queue
[2026-01-22T01:53:59.823+0000] {logging_mixin.py:188} INFO - [2026-01-22T01:53:59.823+0000] {dagbag.py:545} INFO - Filling up the DagBag from /opt/airflow/dags/pipeline_one_off.py
[2026-01-22T01:53:59.849+0000] {processor.py:840} INFO - DAG(s) 'pipeline_one_off' retrieved from /opt/airflow/dags/pipeline_one_off.py
[2026-01-22T01:53:59.891+0000] {logging_mixin.py:188} INFO - [2026-01-22T01:53:59.891+0000] {dag.py:3089} INFO - Sync 1 DAGs
[2026-01-22T01:53:59.907+0000] {logging_mixin.py:188} INFO - [2026-01-22T01:53:59.907+0000] {dag.py:3947} INFO - Setting next_dagrun for pipeline_one_off to None, run_after=None
[2026-01-22T01:53:59.932+0000] {processor.py:183} INFO - Processing /opt/airflow/dags/pipeline_one_off.py took 0.119 seconds
[2026-01-22T01:54:30.221+0000] {processor.py:161} INFO - Started process (PID=51549) to work on /opt/airflow/dags/pipeline_one_off.py
[2026-01-22T01:54:30.223+0000] {processor.py:830} INFO - Processing file /opt/airflow/dags/pipeline_one_off.py for tasks to queue
[2026-01-22T01:54:30.224+0000] {logging_mixin.py:188} INFO - [2026-01-22T01:54:30.223+0000] {dagbag.py:545} INFO - Filling up the DagBag from /opt/airflow/dags/pipeline_one_off.py
[2026-01-22T01:54:30.250+0000] {processor.py:840} INFO - DAG(s) 'pipeline_one_off' retrieved from /opt/airflow/dags/pipeline_one_off.py
[2026-01-22T01:54:30.295+0000] {logging_mixin.py:188} INFO - [2026-01-22T01:54:30.295+0000] {dag.py:3089} INFO - Sync 1 DAGs
[2026-01-22T01:54:30.314+0000] {logging_mixin.py:188} INFO - [2026-01-22T01:54:30.313+0000] {dag.py:3947} INFO - Setting next_dagrun for pipeline_one_off to None, run_after=None
[2026-01-22T01:54:30.340+0000] {processor.py:183} INFO - Processing /opt/airflow/dags/pipeline_one_off.py took 0.127 seconds
[2026-01-22T01:55:00.641+0000] {processor.py:161} INFO - Started process (PID=51559) to work on /opt/airflow/dags/pipeline_one_off.py
[2026-01-22T01:55:00.642+0000] {processor.py:830} INFO - Processing file /opt/airflow/dags/pipeline_one_off.py for tasks to queue
[2026-01-22T01:55:00.643+0000] {logging_mixin.py:188} INFO - [2026-01-22T01:55:00.643+0000] {dagbag.py:545} INFO - Filling up the DagBag from /opt/airflow/dags/pipeline_one_off.py
[2026-01-22T01:55:00.668+0000] {processor.py:840} INFO - DAG(s) 'pipeline_one_off' retrieved from /opt/airflow/dags/pipeline_one_off.py
[2026-01-22T01:55:00.709+0000] {logging_mixin.py:188} INFO - [2026-01-22T01:55:00.709+0000] {dag.py:3089} INFO - Sync 1 DAGs
[2026-01-22T01:55:00.725+0000] {logging_mixin.py:188} INFO - [2026-01-22T01:55:00.724+0000] {dag.py:3947} INFO - Setting next_dagrun for pipeline_one_off to None, run_after=None
[2026-01-22T01:55:00.748+0000] {processor.py:183} INFO - Processing /opt/airflow/dags/pipeline_one_off.py took 0.115 seconds
[2026-01-22T01:55:31.027+0000] {processor.py:161} INFO - Started process (PID=51569) to work on /opt/airflow/dags/pipeline_one_off.py
[2026-01-22T01:55:31.028+0000] {processor.py:830} INFO - Processing file /opt/airflow/dags/pipeline_one_off.py for tasks to queue
[2026-01-22T01:55:31.029+0000] {logging_mixin.py:188} INFO - [2026-01-22T01:55:31.029+0000] {dagbag.py:545} INFO - Filling up the DagBag from /opt/airflow/dags/pipeline_one_off.py
[2026-01-22T01:55:31.053+0000] {processor.py:840} INFO - DAG(s) 'pipeline_one_off' retrieved from /opt/airflow/dags/pipeline_one_off.py
[2026-01-22T01:55:31.090+0000] {logging_mixin.py:188} INFO - [2026-01-22T01:55:31.090+0000] {dag.py:3089} INFO - Sync 1 DAGs
[2026-01-22T01:55:31.104+0000] {logging_mixin.py:188} INFO - [2026-01-22T01:55:31.103+0000] {dag.py:3947} INFO - Setting next_dagrun for pipeline_one_off to None, run_after=None
[2026-01-22T01:55:31.126+0000] {processor.py:183} INFO - Processing /opt/airflow/dags/pipeline_one_off.py took 0.105 seconds
[2026-01-22T01:56:01.602+0000] {processor.py:161} INFO - Started process (PID=51579) to work on /opt/airflow/dags/pipeline_one_off.py
[2026-01-22T01:56:01.604+0000] {processor.py:830} INFO - Processing file /opt/airflow/dags/pipeline_one_off.py for tasks to queue
[2026-01-22T01:56:01.606+0000] {logging_mixin.py:188} INFO - [2026-01-22T01:56:01.605+0000] {dagbag.py:545} INFO - Filling up the DagBag from /opt/airflow/dags/pipeline_one_off.py
[2026-01-22T01:56:01.648+0000] {processor.py:840} INFO - DAG(s) 'pipeline_one_off' retrieved from /opt/airflow/dags/pipeline_one_off.py
[2026-01-22T01:56:01.724+0000] {logging_mixin.py:188} INFO - [2026-01-22T01:56:01.724+0000] {dag.py:3089} INFO - Sync 1 DAGs
[2026-01-22T01:56:01.750+0000] {logging_mixin.py:188} INFO - [2026-01-22T01:56:01.749+0000] {dag.py:3947} INFO - Setting next_dagrun for pipeline_one_off to None, run_after=None
[2026-01-22T01:56:01.845+0000] {processor.py:183} INFO - Processing /opt/airflow/dags/pipeline_one_off.py took 0.257 seconds
[2026-01-22T01:56:32.281+0000] {processor.py:161} INFO - Started process (PID=51589) to work on /opt/airflow/dags/pipeline_one_off.py
[2026-01-22T01:56:32.284+0000] {processor.py:830} INFO - Processing file /opt/airflow/dags/pipeline_one_off.py for tasks to queue
[2026-01-22T01:56:32.286+0000] {logging_mixin.py:188} INFO - [2026-01-22T01:56:32.285+0000] {dagbag.py:545} INFO - Filling up the DagBag from /opt/airflow/dags/pipeline_one_off.py
[2026-01-22T01:56:32.329+0000] {processor.py:840} INFO - DAG(s) 'pipeline_one_off' retrieved from /opt/airflow/dags/pipeline_one_off.py
[2026-01-22T01:56:32.402+0000] {logging_mixin.py:188} INFO - [2026-01-22T01:56:32.401+0000] {dag.py:3089} INFO - Sync 1 DAGs
[2026-01-22T01:56:32.431+0000] {logging_mixin.py:188} INFO - [2026-01-22T01:56:32.430+0000] {dag.py:3947} INFO - Setting next_dagrun for pipeline_one_off to None, run_after=None
[2026-01-22T01:56:32.528+0000] {processor.py:183} INFO - Processing /opt/airflow/dags/pipeline_one_off.py took 0.264 seconds
[2026-01-22T01:57:02.687+0000] {processor.py:161} INFO - Started process (PID=51599) to work on /opt/airflow/dags/pipeline_one_off.py
[2026-01-22T01:57:02.690+0000] {processor.py:830} INFO - Processing file /opt/airflow/dags/pipeline_one_off.py for tasks to queue
[2026-01-22T01:57:02.691+0000] {logging_mixin.py:188} INFO - [2026-01-22T01:57:02.691+0000] {dagbag.py:545} INFO - Filling up the DagBag from /opt/airflow/dags/pipeline_one_off.py
[2026-01-22T01:57:02.737+0000] {processor.py:840} INFO - DAG(s) 'pipeline_one_off' retrieved from /opt/airflow/dags/pipeline_one_off.py
[2026-01-22T01:57:02.812+0000] {logging_mixin.py:188} INFO - [2026-01-22T01:57:02.811+0000] {dag.py:3089} INFO - Sync 1 DAGs
[2026-01-22T01:57:02.837+0000] {logging_mixin.py:188} INFO - [2026-01-22T01:57:02.836+0000] {dag.py:3947} INFO - Setting next_dagrun for pipeline_one_off to None, run_after=None
[2026-01-22T01:57:02.879+0000] {processor.py:183} INFO - Processing /opt/airflow/dags/pipeline_one_off.py took 0.207 seconds
[2026-01-22T01:57:33.296+0000] {processor.py:161} INFO - Started process (PID=51609) to work on /opt/airflow/dags/pipeline_one_off.py
[2026-01-22T01:57:33.299+0000] {processor.py:830} INFO - Processing file /opt/airflow/dags/pipeline_one_off.py for tasks to queue
[2026-01-22T01:57:33.301+0000] {logging_mixin.py:188} INFO - [2026-01-22T01:57:33.300+0000] {dagbag.py:545} INFO - Filling up the DagBag from /opt/airflow/dags/pipeline_one_off.py
[2026-01-22T01:57:33.355+0000] {processor.py:840} INFO - DAG(s) 'pipeline_one_off' retrieved from /opt/airflow/dags/pipeline_one_off.py
[2026-01-22T01:57:33.445+0000] {logging_mixin.py:188} INFO - [2026-01-22T01:57:33.445+0000] {dag.py:3089} INFO - Sync 1 DAGs
[2026-01-22T01:57:33.468+0000] {logging_mixin.py:188} INFO - [2026-01-22T01:57:33.467+0000] {dag.py:3947} INFO - Setting next_dagrun for pipeline_one_off to None, run_after=None
[2026-01-22T01:57:33.504+0000] {processor.py:183} INFO - Processing /opt/airflow/dags/pipeline_one_off.py took 0.225 seconds
[2026-01-22T01:58:03.941+0000] {processor.py:161} INFO - Started process (PID=51619) to work on /opt/airflow/dags/pipeline_one_off.py
[2026-01-22T01:58:03.944+0000] {processor.py:830} INFO - Processing file /opt/airflow/dags/pipeline_one_off.py for tasks to queue
[2026-01-22T01:58:03.946+0000] {logging_mixin.py:188} INFO - [2026-01-22T01:58:03.945+0000] {dagbag.py:545} INFO - Filling up the DagBag from /opt/airflow/dags/pipeline_one_off.py
[2026-01-22T01:58:03.987+0000] {processor.py:840} INFO - DAG(s) 'pipeline_one_off' retrieved from /opt/airflow/dags/pipeline_one_off.py
[2026-01-22T01:58:04.048+0000] {logging_mixin.py:188} INFO - [2026-01-22T01:58:04.048+0000] {dag.py:3089} INFO - Sync 1 DAGs
[2026-01-22T01:58:04.070+0000] {logging_mixin.py:188} INFO - [2026-01-22T01:58:04.069+0000] {dag.py:3947} INFO - Setting next_dagrun for pipeline_one_off to None, run_after=None
[2026-01-22T01:58:04.174+0000] {processor.py:183} INFO - Processing /opt/airflow/dags/pipeline_one_off.py took 0.250 seconds
[2026-01-22T01:58:34.404+0000] {processor.py:161} INFO - Started process (PID=51629) to work on /opt/airflow/dags/pipeline_one_off.py
[2026-01-22T01:58:34.406+0000] {processor.py:830} INFO - Processing file /opt/airflow/dags/pipeline_one_off.py for tasks to queue
[2026-01-22T01:58:34.408+0000] {logging_mixin.py:188} INFO - [2026-01-22T01:58:34.407+0000] {dagbag.py:545} INFO - Filling up the DagBag from /opt/airflow/dags/pipeline_one_off.py
[2026-01-22T01:58:34.456+0000] {processor.py:840} INFO - DAG(s) 'pipeline_one_off' retrieved from /opt/airflow/dags/pipeline_one_off.py
[2026-01-22T01:58:34.534+0000] {logging_mixin.py:188} INFO - [2026-01-22T01:58:34.533+0000] {dag.py:3089} INFO - Sync 1 DAGs
[2026-01-22T01:58:34.557+0000] {logging_mixin.py:188} INFO - [2026-01-22T01:58:34.557+0000] {dag.py:3947} INFO - Setting next_dagrun for pipeline_one_off to None, run_after=None
[2026-01-22T01:58:34.593+0000] {processor.py:183} INFO - Processing /opt/airflow/dags/pipeline_one_off.py took 0.273 seconds
[2026-01-22T01:59:05.012+0000] {processor.py:161} INFO - Started process (PID=51639) to work on /opt/airflow/dags/pipeline_one_off.py
[2026-01-22T01:59:05.015+0000] {processor.py:830} INFO - Processing file /opt/airflow/dags/pipeline_one_off.py for tasks to queue
[2026-01-22T01:59:05.017+0000] {logging_mixin.py:188} INFO - [2026-01-22T01:59:05.016+0000] {dagbag.py:545} INFO - Filling up the DagBag from /opt/airflow/dags/pipeline_one_off.py
[2026-01-22T01:59:05.117+0000] {processor.py:840} INFO - DAG(s) 'pipeline_one_off' retrieved from /opt/airflow/dags/pipeline_one_off.py
[2026-01-22T01:59:05.188+0000] {logging_mixin.py:188} INFO - [2026-01-22T01:59:05.188+0000] {dag.py:3089} INFO - Sync 1 DAGs
[2026-01-22T01:59:05.211+0000] {logging_mixin.py:188} INFO - [2026-01-22T01:59:05.210+0000] {dag.py:3947} INFO - Setting next_dagrun for pipeline_one_off to None, run_after=None
[2026-01-22T01:59:05.314+0000] {processor.py:183} INFO - Processing /opt/airflow/dags/pipeline_one_off.py took 0.317 seconds
[2026-01-22T01:59:35.795+0000] {processor.py:161} INFO - Started process (PID=51649) to work on /opt/airflow/dags/pipeline_one_off.py
[2026-01-22T01:59:35.797+0000] {processor.py:830} INFO - Processing file /opt/airflow/dags/pipeline_one_off.py for tasks to queue
[2026-01-22T01:59:35.800+0000] {logging_mixin.py:188} INFO - [2026-01-22T01:59:35.799+0000] {dagbag.py:545} INFO - Filling up the DagBag from /opt/airflow/dags/pipeline_one_off.py
[2026-01-22T01:59:35.853+0000] {processor.py:840} INFO - DAG(s) 'pipeline_one_off' retrieved from /opt/airflow/dags/pipeline_one_off.py
[2026-01-22T01:59:35.940+0000] {logging_mixin.py:188} INFO - [2026-01-22T01:59:35.940+0000] {dag.py:3089} INFO - Sync 1 DAGs
[2026-01-22T01:59:35.970+0000] {logging_mixin.py:188} INFO - [2026-01-22T01:59:35.970+0000] {dag.py:3947} INFO - Setting next_dagrun for pipeline_one_off to None, run_after=None
[2026-01-22T01:59:36.013+0000] {processor.py:183} INFO - Processing /opt/airflow/dags/pipeline_one_off.py took 0.298 seconds
[2026-01-22T02:00:06.446+0000] {processor.py:161} INFO - Started process (PID=51662) to work on /opt/airflow/dags/pipeline_one_off.py
[2026-01-22T02:00:06.450+0000] {processor.py:830} INFO - Processing file /opt/airflow/dags/pipeline_one_off.py for tasks to queue
[2026-01-22T02:00:06.452+0000] {logging_mixin.py:188} INFO - [2026-01-22T02:00:06.452+0000] {dagbag.py:545} INFO - Filling up the DagBag from /opt/airflow/dags/pipeline_one_off.py
[2026-01-22T02:00:06.486+0000] {processor.py:840} INFO - DAG(s) 'pipeline_one_off' retrieved from /opt/airflow/dags/pipeline_one_off.py
[2026-01-22T02:00:06.546+0000] {logging_mixin.py:188} INFO - [2026-01-22T02:00:06.546+0000] {dag.py:3089} INFO - Sync 1 DAGs
[2026-01-22T02:00:06.568+0000] {logging_mixin.py:188} INFO - [2026-01-22T02:00:06.567+0000] {dag.py:3947} INFO - Setting next_dagrun for pipeline_one_off to None, run_after=None
[2026-01-22T02:00:06.672+0000] {processor.py:183} INFO - Processing /opt/airflow/dags/pipeline_one_off.py took 0.240 seconds
[2026-01-22T02:00:36.865+0000] {processor.py:161} INFO - Started process (PID=51672) to work on /opt/airflow/dags/pipeline_one_off.py
[2026-01-22T02:00:36.868+0000] {processor.py:830} INFO - Processing file /opt/airflow/dags/pipeline_one_off.py for tasks to queue
[2026-01-22T02:00:36.870+0000] {logging_mixin.py:188} INFO - [2026-01-22T02:00:36.869+0000] {dagbag.py:545} INFO - Filling up the DagBag from /opt/airflow/dags/pipeline_one_off.py
[2026-01-22T02:00:36.914+0000] {processor.py:840} INFO - DAG(s) 'pipeline_one_off' retrieved from /opt/airflow/dags/pipeline_one_off.py
[2026-01-22T02:00:36.983+0000] {logging_mixin.py:188} INFO - [2026-01-22T02:00:36.982+0000] {dag.py:3089} INFO - Sync 1 DAGs
[2026-01-22T02:00:37.007+0000] {logging_mixin.py:188} INFO - [2026-01-22T02:00:37.007+0000] {dag.py:3947} INFO - Setting next_dagrun for pipeline_one_off to None, run_after=None
[2026-01-22T02:00:37.045+0000] {processor.py:183} INFO - Processing /opt/airflow/dags/pipeline_one_off.py took 0.194 seconds
[2026-01-22T02:01:07.559+0000] {processor.py:161} INFO - Started process (PID=51682) to work on /opt/airflow/dags/pipeline_one_off.py
[2026-01-22T02:01:07.561+0000] {processor.py:830} INFO - Processing file /opt/airflow/dags/pipeline_one_off.py for tasks to queue
[2026-01-22T02:01:07.563+0000] {logging_mixin.py:188} INFO - [2026-01-22T02:01:07.563+0000] {dagbag.py:545} INFO - Filling up the DagBag from /opt/airflow/dags/pipeline_one_off.py
[2026-01-22T02:01:07.610+0000] {processor.py:840} INFO - DAG(s) 'pipeline_one_off' retrieved from /opt/airflow/dags/pipeline_one_off.py
[2026-01-22T02:01:07.680+0000] {logging_mixin.py:188} INFO - [2026-01-22T02:01:07.679+0000] {dag.py:3089} INFO - Sync 1 DAGs
[2026-01-22T02:01:07.703+0000] {logging_mixin.py:188} INFO - [2026-01-22T02:01:07.703+0000] {dag.py:3947} INFO - Setting next_dagrun for pipeline_one_off to None, run_after=None
[2026-01-22T02:01:07.805+0000] {processor.py:183} INFO - Processing /opt/airflow/dags/pipeline_one_off.py took 0.264 seconds
[2026-01-22T02:01:37.944+0000] {processor.py:161} INFO - Started process (PID=51692) to work on /opt/airflow/dags/pipeline_one_off.py
[2026-01-22T02:01:37.946+0000] {processor.py:830} INFO - Processing file /opt/airflow/dags/pipeline_one_off.py for tasks to queue
[2026-01-22T02:01:37.949+0000] {logging_mixin.py:188} INFO - [2026-01-22T02:01:37.948+0000] {dagbag.py:545} INFO - Filling up the DagBag from /opt/airflow/dags/pipeline_one_off.py
[2026-01-22T02:01:38.003+0000] {processor.py:840} INFO - DAG(s) 'pipeline_one_off' retrieved from /opt/airflow/dags/pipeline_one_off.py
[2026-01-22T02:01:38.086+0000] {logging_mixin.py:188} INFO - [2026-01-22T02:01:38.085+0000] {dag.py:3089} INFO - Sync 1 DAGs
[2026-01-22T02:01:38.112+0000] {logging_mixin.py:188} INFO - [2026-01-22T02:01:38.112+0000] {dag.py:3947} INFO - Setting next_dagrun for pipeline_one_off to None, run_after=None
[2026-01-22T02:01:38.148+0000] {processor.py:183} INFO - Processing /opt/airflow/dags/pipeline_one_off.py took 0.221 seconds
[2026-01-22T02:02:08.578+0000] {processor.py:161} INFO - Started process (PID=51702) to work on /opt/airflow/dags/pipeline_one_off.py
[2026-01-22T02:02:08.580+0000] {processor.py:830} INFO - Processing file /opt/airflow/dags/pipeline_one_off.py for tasks to queue
[2026-01-22T02:02:08.582+0000] {logging_mixin.py:188} INFO - [2026-01-22T02:02:08.581+0000] {dagbag.py:545} INFO - Filling up the DagBag from /opt/airflow/dags/pipeline_one_off.py
[2026-01-22T02:02:08.622+0000] {processor.py:840} INFO - DAG(s) 'pipeline_one_off' retrieved from /opt/airflow/dags/pipeline_one_off.py
[2026-01-22T02:02:08.695+0000] {logging_mixin.py:188} INFO - [2026-01-22T02:02:08.695+0000] {dag.py:3089} INFO - Sync 1 DAGs
[2026-01-22T02:02:08.719+0000] {logging_mixin.py:188} INFO - [2026-01-22T02:02:08.719+0000] {dag.py:3947} INFO - Setting next_dagrun for pipeline_one_off to None, run_after=None
[2026-01-22T02:02:08.827+0000] {processor.py:183} INFO - Processing /opt/airflow/dags/pipeline_one_off.py took 0.261 seconds
[2026-01-22T02:02:38.968+0000] {processor.py:161} INFO - Started process (PID=51712) to work on /opt/airflow/dags/pipeline_one_off.py
[2026-01-22T02:02:38.970+0000] {processor.py:830} INFO - Processing file /opt/airflow/dags/pipeline_one_off.py for tasks to queue
[2026-01-22T02:02:38.971+0000] {logging_mixin.py:188} INFO - [2026-01-22T02:02:38.971+0000] {dagbag.py:545} INFO - Filling up the DagBag from /opt/airflow/dags/pipeline_one_off.py
[2026-01-22T02:02:39.019+0000] {processor.py:840} INFO - DAG(s) 'pipeline_one_off' retrieved from /opt/airflow/dags/pipeline_one_off.py
[2026-01-22T02:02:39.098+0000] {logging_mixin.py:188} INFO - [2026-01-22T02:02:39.098+0000] {dag.py:3089} INFO - Sync 1 DAGs
[2026-01-22T02:02:39.120+0000] {logging_mixin.py:188} INFO - [2026-01-22T02:02:39.119+0000] {dag.py:3947} INFO - Setting next_dagrun for pipeline_one_off to None, run_after=None
[2026-01-22T02:02:39.155+0000] {processor.py:183} INFO - Processing /opt/airflow/dags/pipeline_one_off.py took 0.200 seconds
[2026-01-22T02:03:09.571+0000] {processor.py:161} INFO - Started process (PID=51722) to work on /opt/airflow/dags/pipeline_one_off.py
[2026-01-22T02:03:09.573+0000] {processor.py:830} INFO - Processing file /opt/airflow/dags/pipeline_one_off.py for tasks to queue
[2026-01-22T02:03:09.575+0000] {logging_mixin.py:188} INFO - [2026-01-22T02:03:09.574+0000] {dagbag.py:545} INFO - Filling up the DagBag from /opt/airflow/dags/pipeline_one_off.py
[2026-01-22T02:03:09.609+0000] {processor.py:840} INFO - DAG(s) 'pipeline_one_off' retrieved from /opt/airflow/dags/pipeline_one_off.py
[2026-01-22T02:03:09.673+0000] {logging_mixin.py:188} INFO - [2026-01-22T02:03:09.672+0000] {dag.py:3089} INFO - Sync 1 DAGs
[2026-01-22T02:03:09.697+0000] {logging_mixin.py:188} INFO - [2026-01-22T02:03:09.696+0000] {dag.py:3947} INFO - Setting next_dagrun for pipeline_one_off to None, run_after=None
[2026-01-22T02:03:09.800+0000] {processor.py:183} INFO - Processing /opt/airflow/dags/pipeline_one_off.py took 0.241 seconds
[2026-01-22T02:03:40.100+0000] {processor.py:161} INFO - Started process (PID=51732) to work on /opt/airflow/dags/pipeline_one_off.py
[2026-01-22T02:03:40.104+0000] {processor.py:830} INFO - Processing file /opt/airflow/dags/pipeline_one_off.py for tasks to queue
[2026-01-22T02:03:40.106+0000] {logging_mixin.py:188} INFO - [2026-01-22T02:03:40.106+0000] {dagbag.py:545} INFO - Filling up the DagBag from /opt/airflow/dags/pipeline_one_off.py
[2026-01-22T02:03:40.164+0000] {processor.py:840} INFO - DAG(s) 'pipeline_one_off' retrieved from /opt/airflow/dags/pipeline_one_off.py
[2026-01-22T02:03:40.248+0000] {logging_mixin.py:188} INFO - [2026-01-22T02:03:40.247+0000] {dag.py:3089} INFO - Sync 1 DAGs
[2026-01-22T02:03:40.271+0000] {logging_mixin.py:188} INFO - [2026-01-22T02:03:40.270+0000] {dag.py:3947} INFO - Setting next_dagrun for pipeline_one_off to None, run_after=None
[2026-01-22T02:03:40.306+0000] {processor.py:183} INFO - Processing /opt/airflow/dags/pipeline_one_off.py took 0.292 seconds
[2026-01-22T02:04:10.730+0000] {processor.py:161} INFO - Started process (PID=51742) to work on /opt/airflow/dags/pipeline_one_off.py
[2026-01-22T02:04:10.733+0000] {processor.py:830} INFO - Processing file /opt/airflow/dags/pipeline_one_off.py for tasks to queue
[2026-01-22T02:04:10.734+0000] {logging_mixin.py:188} INFO - [2026-01-22T02:04:10.734+0000] {dagbag.py:545} INFO - Filling up the DagBag from /opt/airflow/dags/pipeline_one_off.py
[2026-01-22T02:04:10.779+0000] {processor.py:840} INFO - DAG(s) 'pipeline_one_off' retrieved from /opt/airflow/dags/pipeline_one_off.py
[2026-01-22T02:04:10.846+0000] {logging_mixin.py:188} INFO - [2026-01-22T02:04:10.846+0000] {dag.py:3089} INFO - Sync 1 DAGs
[2026-01-22T02:04:10.870+0000] {logging_mixin.py:188} INFO - [2026-01-22T02:04:10.870+0000] {dag.py:3947} INFO - Setting next_dagrun for pipeline_one_off to None, run_after=None
[2026-01-22T02:04:10.979+0000] {processor.py:183} INFO - Processing /opt/airflow/dags/pipeline_one_off.py took 0.261 seconds
[2026-01-22T02:04:41.202+0000] {processor.py:161} INFO - Started process (PID=51752) to work on /opt/airflow/dags/pipeline_one_off.py
[2026-01-22T02:04:41.204+0000] {processor.py:830} INFO - Processing file /opt/airflow/dags/pipeline_one_off.py for tasks to queue
[2026-01-22T02:04:41.206+0000] {logging_mixin.py:188} INFO - [2026-01-22T02:04:41.206+0000] {dagbag.py:545} INFO - Filling up the DagBag from /opt/airflow/dags/pipeline_one_off.py
[2026-01-22T02:04:41.262+0000] {processor.py:840} INFO - DAG(s) 'pipeline_one_off' retrieved from /opt/airflow/dags/pipeline_one_off.py
[2026-01-22T02:04:41.345+0000] {logging_mixin.py:188} INFO - [2026-01-22T02:04:41.344+0000] {dag.py:3089} INFO - Sync 1 DAGs
[2026-01-22T02:04:41.368+0000] {logging_mixin.py:188} INFO - [2026-01-22T02:04:41.368+0000] {dag.py:3947} INFO - Setting next_dagrun for pipeline_one_off to None, run_after=None
[2026-01-22T02:04:41.401+0000] {processor.py:183} INFO - Processing /opt/airflow/dags/pipeline_one_off.py took 0.284 seconds
[2026-01-22T02:05:11.823+0000] {processor.py:161} INFO - Started process (PID=51762) to work on /opt/airflow/dags/pipeline_one_off.py
[2026-01-22T02:05:11.825+0000] {processor.py:830} INFO - Processing file /opt/airflow/dags/pipeline_one_off.py for tasks to queue
[2026-01-22T02:05:11.827+0000] {logging_mixin.py:188} INFO - [2026-01-22T02:05:11.826+0000] {dagbag.py:545} INFO - Filling up the DagBag from /opt/airflow/dags/pipeline_one_off.py
[2026-01-22T02:05:11.867+0000] {processor.py:840} INFO - DAG(s) 'pipeline_one_off' retrieved from /opt/airflow/dags/pipeline_one_off.py
[2026-01-22T02:05:11.928+0000] {logging_mixin.py:188} INFO - [2026-01-22T02:05:11.928+0000] {dag.py:3089} INFO - Sync 1 DAGs
[2026-01-22T02:05:11.948+0000] {logging_mixin.py:188} INFO - [2026-01-22T02:05:11.948+0000] {dag.py:3947} INFO - Setting next_dagrun for pipeline_one_off to None, run_after=None
[2026-01-22T02:05:11.979+0000] {processor.py:183} INFO - Processing /opt/airflow/dags/pipeline_one_off.py took 0.171 seconds
[2026-01-22T02:05:42.455+0000] {processor.py:161} INFO - Started process (PID=51772) to work on /opt/airflow/dags/pipeline_one_off.py
[2026-01-22T02:05:42.457+0000] {processor.py:830} INFO - Processing file /opt/airflow/dags/pipeline_one_off.py for tasks to queue
[2026-01-22T02:05:42.459+0000] {logging_mixin.py:188} INFO - [2026-01-22T02:05:42.458+0000] {dagbag.py:545} INFO - Filling up the DagBag from /opt/airflow/dags/pipeline_one_off.py
[2026-01-22T02:05:42.510+0000] {processor.py:840} INFO - DAG(s) 'pipeline_one_off' retrieved from /opt/airflow/dags/pipeline_one_off.py
[2026-01-22T02:05:42.595+0000] {logging_mixin.py:188} INFO - [2026-01-22T02:05:42.594+0000] {dag.py:3089} INFO - Sync 1 DAGs
[2026-01-22T02:05:42.623+0000] {logging_mixin.py:188} INFO - [2026-01-22T02:05:42.622+0000] {dag.py:3947} INFO - Setting next_dagrun for pipeline_one_off to None, run_after=None
[2026-01-22T02:05:42.658+0000] {processor.py:183} INFO - Processing /opt/airflow/dags/pipeline_one_off.py took 0.282 seconds
[2026-01-22T02:06:13.157+0000] {processor.py:161} INFO - Started process (PID=51782) to work on /opt/airflow/dags/pipeline_one_off.py
[2026-01-22T02:06:13.159+0000] {processor.py:830} INFO - Processing file /opt/airflow/dags/pipeline_one_off.py for tasks to queue
[2026-01-22T02:06:13.161+0000] {logging_mixin.py:188} INFO - [2026-01-22T02:06:13.160+0000] {dagbag.py:545} INFO - Filling up the DagBag from /opt/airflow/dags/pipeline_one_off.py
[2026-01-22T02:06:13.198+0000] {processor.py:840} INFO - DAG(s) 'pipeline_one_off' retrieved from /opt/airflow/dags/pipeline_one_off.py
[2026-01-22T02:06:13.267+0000] {logging_mixin.py:188} INFO - [2026-01-22T02:06:13.266+0000] {dag.py:3089} INFO - Sync 1 DAGs
[2026-01-22T02:06:13.289+0000] {logging_mixin.py:188} INFO - [2026-01-22T02:06:13.288+0000] {dag.py:3947} INFO - Setting next_dagrun for pipeline_one_off to None, run_after=None
[2026-01-22T02:06:13.381+0000] {processor.py:183} INFO - Processing /opt/airflow/dags/pipeline_one_off.py took 0.238 seconds
[2026-01-22T02:06:43.577+0000] {processor.py:161} INFO - Started process (PID=51792) to work on /opt/airflow/dags/pipeline_one_off.py
[2026-01-22T02:06:43.580+0000] {processor.py:830} INFO - Processing file /opt/airflow/dags/pipeline_one_off.py for tasks to queue
[2026-01-22T02:06:43.582+0000] {logging_mixin.py:188} INFO - [2026-01-22T02:06:43.581+0000] {dagbag.py:545} INFO - Filling up the DagBag from /opt/airflow/dags/pipeline_one_off.py
[2026-01-22T02:06:43.636+0000] {processor.py:840} INFO - DAG(s) 'pipeline_one_off' retrieved from /opt/airflow/dags/pipeline_one_off.py
[2026-01-22T02:06:43.725+0000] {logging_mixin.py:188} INFO - [2026-01-22T02:06:43.724+0000] {dag.py:3089} INFO - Sync 1 DAGs
[2026-01-22T02:06:43.750+0000] {logging_mixin.py:188} INFO - [2026-01-22T02:06:43.749+0000] {dag.py:3947} INFO - Setting next_dagrun for pipeline_one_off to None, run_after=None
[2026-01-22T02:06:43.787+0000] {processor.py:183} INFO - Processing /opt/airflow/dags/pipeline_one_off.py took 0.280 seconds
[2026-01-22T02:07:14.233+0000] {processor.py:161} INFO - Started process (PID=51802) to work on /opt/airflow/dags/pipeline_one_off.py
[2026-01-22T02:07:14.236+0000] {processor.py:830} INFO - Processing file /opt/airflow/dags/pipeline_one_off.py for tasks to queue
[2026-01-22T02:07:14.238+0000] {logging_mixin.py:188} INFO - [2026-01-22T02:07:14.237+0000] {dagbag.py:545} INFO - Filling up the DagBag from /opt/airflow/dags/pipeline_one_off.py
[2026-01-22T02:07:14.275+0000] {processor.py:840} INFO - DAG(s) 'pipeline_one_off' retrieved from /opt/airflow/dags/pipeline_one_off.py
[2026-01-22T02:07:14.347+0000] {logging_mixin.py:188} INFO - [2026-01-22T02:07:14.346+0000] {dag.py:3089} INFO - Sync 1 DAGs
[2026-01-22T02:07:14.373+0000] {logging_mixin.py:188} INFO - [2026-01-22T02:07:14.373+0000] {dag.py:3947} INFO - Setting next_dagrun for pipeline_one_off to None, run_after=None
[2026-01-22T02:07:14.411+0000] {processor.py:183} INFO - Processing /opt/airflow/dags/pipeline_one_off.py took 0.191 seconds
[2026-01-22T02:07:44.890+0000] {processor.py:161} INFO - Started process (PID=51812) to work on /opt/airflow/dags/pipeline_one_off.py
[2026-01-22T02:07:44.893+0000] {processor.py:830} INFO - Processing file /opt/airflow/dags/pipeline_one_off.py for tasks to queue
[2026-01-22T02:07:44.895+0000] {logging_mixin.py:188} INFO - [2026-01-22T02:07:44.894+0000] {dagbag.py:545} INFO - Filling up the DagBag from /opt/airflow/dags/pipeline_one_off.py
[2026-01-22T02:07:44.952+0000] {processor.py:840} INFO - DAG(s) 'pipeline_one_off' retrieved from /opt/airflow/dags/pipeline_one_off.py
[2026-01-22T02:07:45.041+0000] {logging_mixin.py:188} INFO - [2026-01-22T02:07:45.040+0000] {dag.py:3089} INFO - Sync 1 DAGs
[2026-01-22T02:07:45.064+0000] {logging_mixin.py:188} INFO - [2026-01-22T02:07:45.063+0000] {dag.py:3947} INFO - Setting next_dagrun for pipeline_one_off to None, run_after=None
[2026-01-22T02:07:45.101+0000] {processor.py:183} INFO - Processing /opt/airflow/dags/pipeline_one_off.py took 0.293 seconds
[2026-01-22T02:08:15.573+0000] {processor.py:161} INFO - Started process (PID=51822) to work on /opt/airflow/dags/pipeline_one_off.py
[2026-01-22T02:08:15.576+0000] {processor.py:830} INFO - Processing file /opt/airflow/dags/pipeline_one_off.py for tasks to queue
[2026-01-22T02:08:15.579+0000] {logging_mixin.py:188} INFO - [2026-01-22T02:08:15.578+0000] {dagbag.py:545} INFO - Filling up the DagBag from /opt/airflow/dags/pipeline_one_off.py
[2026-01-22T02:08:15.632+0000] {processor.py:840} INFO - DAG(s) 'pipeline_one_off' retrieved from /opt/airflow/dags/pipeline_one_off.py
[2026-01-22T02:08:15.701+0000] {logging_mixin.py:188} INFO - [2026-01-22T02:08:15.700+0000] {dag.py:3089} INFO - Sync 1 DAGs
[2026-01-22T02:08:15.724+0000] {logging_mixin.py:188} INFO - [2026-01-22T02:08:15.724+0000] {dag.py:3947} INFO - Setting next_dagrun for pipeline_one_off to None, run_after=None
[2026-01-22T02:08:15.832+0000] {processor.py:183} INFO - Processing /opt/airflow/dags/pipeline_one_off.py took 0.277 seconds
[2026-01-22T02:08:45.962+0000] {processor.py:161} INFO - Started process (PID=51832) to work on /opt/airflow/dags/pipeline_one_off.py
[2026-01-22T02:08:45.964+0000] {processor.py:830} INFO - Processing file /opt/airflow/dags/pipeline_one_off.py for tasks to queue
[2026-01-22T02:08:45.966+0000] {logging_mixin.py:188} INFO - [2026-01-22T02:08:45.965+0000] {dagbag.py:545} INFO - Filling up the DagBag from /opt/airflow/dags/pipeline_one_off.py
[2026-01-22T02:08:45.999+0000] {processor.py:840} INFO - DAG(s) 'pipeline_one_off' retrieved from /opt/airflow/dags/pipeline_one_off.py
[2026-01-22T02:08:46.075+0000] {logging_mixin.py:188} INFO - [2026-01-22T02:08:46.074+0000] {dag.py:3089} INFO - Sync 1 DAGs
[2026-01-22T02:08:46.100+0000] {logging_mixin.py:188} INFO - [2026-01-22T02:08:46.100+0000] {dag.py:3947} INFO - Setting next_dagrun for pipeline_one_off to None, run_after=None
[2026-01-22T02:08:46.207+0000] {processor.py:183} INFO - Processing /opt/airflow/dags/pipeline_one_off.py took 0.260 seconds
[2026-01-22T02:09:16.558+0000] {processor.py:161} INFO - Started process (PID=51842) to work on /opt/airflow/dags/pipeline_one_off.py
[2026-01-22T02:09:16.560+0000] {processor.py:830} INFO - Processing file /opt/airflow/dags/pipeline_one_off.py for tasks to queue
[2026-01-22T02:09:16.562+0000] {logging_mixin.py:188} INFO - [2026-01-22T02:09:16.562+0000] {dagbag.py:545} INFO - Filling up the DagBag from /opt/airflow/dags/pipeline_one_off.py
[2026-01-22T02:09:16.606+0000] {processor.py:840} INFO - DAG(s) 'pipeline_one_off' retrieved from /opt/airflow/dags/pipeline_one_off.py
[2026-01-22T02:09:16.667+0000] {logging_mixin.py:188} INFO - [2026-01-22T02:09:16.667+0000] {dag.py:3089} INFO - Sync 1 DAGs
[2026-01-22T02:09:16.695+0000] {logging_mixin.py:188} INFO - [2026-01-22T02:09:16.694+0000] {dag.py:3947} INFO - Setting next_dagrun for pipeline_one_off to None, run_after=None
[2026-01-22T02:09:16.803+0000] {processor.py:183} INFO - Processing /opt/airflow/dags/pipeline_one_off.py took 0.259 seconds
[2026-01-22T02:09:46.916+0000] {processor.py:161} INFO - Started process (PID=51852) to work on /opt/airflow/dags/pipeline_one_off.py
[2026-01-22T02:09:46.919+0000] {processor.py:830} INFO - Processing file /opt/airflow/dags/pipeline_one_off.py for tasks to queue
[2026-01-22T02:09:46.920+0000] {logging_mixin.py:188} INFO - [2026-01-22T02:09:46.920+0000] {dagbag.py:545} INFO - Filling up the DagBag from /opt/airflow/dags/pipeline_one_off.py
[2026-01-22T02:09:46.956+0000] {processor.py:840} INFO - DAG(s) 'pipeline_one_off' retrieved from /opt/airflow/dags/pipeline_one_off.py
[2026-01-22T02:09:47.021+0000] {logging_mixin.py:188} INFO - [2026-01-22T02:09:47.021+0000] {dag.py:3089} INFO - Sync 1 DAGs
[2026-01-22T02:09:47.045+0000] {logging_mixin.py:188} INFO - [2026-01-22T02:09:47.045+0000] {dag.py:3947} INFO - Setting next_dagrun for pipeline_one_off to None, run_after=None
[2026-01-22T02:09:47.153+0000] {processor.py:183} INFO - Processing /opt/airflow/dags/pipeline_one_off.py took 0.249 seconds
[2026-01-22T02:10:17.515+0000] {processor.py:161} INFO - Started process (PID=51865) to work on /opt/airflow/dags/pipeline_one_off.py
[2026-01-22T02:10:17.517+0000] {processor.py:830} INFO - Processing file /opt/airflow/dags/pipeline_one_off.py for tasks to queue
[2026-01-22T02:10:17.520+0000] {logging_mixin.py:188} INFO - [2026-01-22T02:10:17.519+0000] {dagbag.py:545} INFO - Filling up the DagBag from /opt/airflow/dags/pipeline_one_off.py
[2026-01-22T02:10:17.556+0000] {processor.py:840} INFO - DAG(s) 'pipeline_one_off' retrieved from /opt/airflow/dags/pipeline_one_off.py
[2026-01-22T02:10:17.620+0000] {logging_mixin.py:188} INFO - [2026-01-22T02:10:17.619+0000] {dag.py:3089} INFO - Sync 1 DAGs
[2026-01-22T02:10:17.646+0000] {logging_mixin.py:188} INFO - [2026-01-22T02:10:17.646+0000] {dag.py:3947} INFO - Setting next_dagrun for pipeline_one_off to None, run_after=None
[2026-01-22T02:10:17.749+0000] {processor.py:183} INFO - Processing /opt/airflow/dags/pipeline_one_off.py took 0.247 seconds
[2026-01-22T02:10:47.974+0000] {processor.py:161} INFO - Started process (PID=51875) to work on /opt/airflow/dags/pipeline_one_off.py
[2026-01-22T02:10:47.976+0000] {processor.py:830} INFO - Processing file /opt/airflow/dags/pipeline_one_off.py for tasks to queue
[2026-01-22T02:10:47.978+0000] {logging_mixin.py:188} INFO - [2026-01-22T02:10:47.977+0000] {dagbag.py:545} INFO - Filling up the DagBag from /opt/airflow/dags/pipeline_one_off.py
[2026-01-22T02:10:48.013+0000] {processor.py:840} INFO - DAG(s) 'pipeline_one_off' retrieved from /opt/airflow/dags/pipeline_one_off.py
[2026-01-22T02:10:48.085+0000] {logging_mixin.py:188} INFO - [2026-01-22T02:10:48.084+0000] {dag.py:3089} INFO - Sync 1 DAGs
[2026-01-22T02:10:48.106+0000] {logging_mixin.py:188} INFO - [2026-01-22T02:10:48.106+0000] {dag.py:3947} INFO - Setting next_dagrun for pipeline_one_off to None, run_after=None
[2026-01-22T02:10:48.215+0000] {processor.py:183} INFO - Processing /opt/airflow/dags/pipeline_one_off.py took 0.255 seconds
[2026-01-22T02:11:18.523+0000] {processor.py:161} INFO - Started process (PID=51885) to work on /opt/airflow/dags/pipeline_one_off.py
[2026-01-22T02:11:18.525+0000] {processor.py:830} INFO - Processing file /opt/airflow/dags/pipeline_one_off.py for tasks to queue
[2026-01-22T02:11:18.527+0000] {logging_mixin.py:188} INFO - [2026-01-22T02:11:18.526+0000] {dagbag.py:545} INFO - Filling up the DagBag from /opt/airflow/dags/pipeline_one_off.py
[2026-01-22T02:11:18.574+0000] {processor.py:840} INFO - DAG(s) 'pipeline_one_off' retrieved from /opt/airflow/dags/pipeline_one_off.py
[2026-01-22T02:11:18.644+0000] {logging_mixin.py:188} INFO - [2026-01-22T02:11:18.644+0000] {dag.py:3089} INFO - Sync 1 DAGs
[2026-01-22T02:11:18.669+0000] {logging_mixin.py:188} INFO - [2026-01-22T02:11:18.669+0000] {dag.py:3947} INFO - Setting next_dagrun for pipeline_one_off to None, run_after=None
[2026-01-22T02:11:18.706+0000] {processor.py:183} INFO - Processing /opt/airflow/dags/pipeline_one_off.py took 0.197 seconds
[2026-01-22T02:11:49.126+0000] {processor.py:161} INFO - Started process (PID=51895) to work on /opt/airflow/dags/pipeline_one_off.py
[2026-01-22T02:11:49.128+0000] {processor.py:830} INFO - Processing file /opt/airflow/dags/pipeline_one_off.py for tasks to queue
[2026-01-22T02:11:49.130+0000] {logging_mixin.py:188} INFO - [2026-01-22T02:11:49.129+0000] {dagbag.py:545} INFO - Filling up the DagBag from /opt/airflow/dags/pipeline_one_off.py
[2026-01-22T02:11:49.162+0000] {processor.py:840} INFO - DAG(s) 'pipeline_one_off' retrieved from /opt/airflow/dags/pipeline_one_off.py
[2026-01-22T02:11:49.222+0000] {logging_mixin.py:188} INFO - [2026-01-22T02:11:49.222+0000] {dag.py:3089} INFO - Sync 1 DAGs
[2026-01-22T02:11:49.244+0000] {logging_mixin.py:188} INFO - [2026-01-22T02:11:49.244+0000] {dag.py:3947} INFO - Setting next_dagrun for pipeline_one_off to None, run_after=None
[2026-01-22T02:11:49.276+0000] {processor.py:183} INFO - Processing /opt/airflow/dags/pipeline_one_off.py took 0.162 seconds
[2026-01-22T02:12:19.698+0000] {processor.py:161} INFO - Started process (PID=51905) to work on /opt/airflow/dags/pipeline_one_off.py
[2026-01-22T02:12:19.700+0000] {processor.py:830} INFO - Processing file /opt/airflow/dags/pipeline_one_off.py for tasks to queue
[2026-01-22T02:12:19.702+0000] {logging_mixin.py:188} INFO - [2026-01-22T02:12:19.701+0000] {dagbag.py:545} INFO - Filling up the DagBag from /opt/airflow/dags/pipeline_one_off.py
[2026-01-22T02:12:19.738+0000] {processor.py:840} INFO - DAG(s) 'pipeline_one_off' retrieved from /opt/airflow/dags/pipeline_one_off.py
[2026-01-22T02:12:19.804+0000] {logging_mixin.py:188} INFO - [2026-01-22T02:12:19.804+0000] {dag.py:3089} INFO - Sync 1 DAGs
[2026-01-22T02:12:19.828+0000] {logging_mixin.py:188} INFO - [2026-01-22T02:12:19.828+0000] {dag.py:3947} INFO - Setting next_dagrun for pipeline_one_off to None, run_after=None
[2026-01-22T02:12:19.929+0000] {processor.py:183} INFO - Processing /opt/airflow/dags/pipeline_one_off.py took 0.251 seconds
[2026-01-22T02:12:50.087+0000] {processor.py:161} INFO - Started process (PID=51915) to work on /opt/airflow/dags/pipeline_one_off.py
[2026-01-22T02:12:50.089+0000] {processor.py:830} INFO - Processing file /opt/airflow/dags/pipeline_one_off.py for tasks to queue
[2026-01-22T02:12:50.091+0000] {logging_mixin.py:188} INFO - [2026-01-22T02:12:50.090+0000] {dagbag.py:545} INFO - Filling up the DagBag from /opt/airflow/dags/pipeline_one_off.py
[2026-01-22T02:12:50.127+0000] {processor.py:840} INFO - DAG(s) 'pipeline_one_off' retrieved from /opt/airflow/dags/pipeline_one_off.py
[2026-01-22T02:12:50.197+0000] {logging_mixin.py:188} INFO - [2026-01-22T02:12:50.196+0000] {dag.py:3089} INFO - Sync 1 DAGs
[2026-01-22T02:12:50.219+0000] {logging_mixin.py:188} INFO - [2026-01-22T02:12:50.218+0000] {dag.py:3947} INFO - Setting next_dagrun for pipeline_one_off to None, run_after=None
[2026-01-22T02:12:50.309+0000] {processor.py:183} INFO - Processing /opt/airflow/dags/pipeline_one_off.py took 0.235 seconds
[2026-01-22T02:13:20.653+0000] {processor.py:161} INFO - Started process (PID=51925) to work on /opt/airflow/dags/pipeline_one_off.py
[2026-01-22T02:13:20.655+0000] {processor.py:830} INFO - Processing file /opt/airflow/dags/pipeline_one_off.py for tasks to queue
[2026-01-22T02:13:20.657+0000] {logging_mixin.py:188} INFO - [2026-01-22T02:13:20.656+0000] {dagbag.py:545} INFO - Filling up the DagBag from /opt/airflow/dags/pipeline_one_off.py
[2026-01-22T02:13:20.705+0000] {processor.py:840} INFO - DAG(s) 'pipeline_one_off' retrieved from /opt/airflow/dags/pipeline_one_off.py
[2026-01-22T02:13:20.786+0000] {logging_mixin.py:188} INFO - [2026-01-22T02:13:20.785+0000] {dag.py:3089} INFO - Sync 1 DAGs
[2026-01-22T02:13:20.814+0000] {logging_mixin.py:188} INFO - [2026-01-22T02:13:20.813+0000] {dag.py:3947} INFO - Setting next_dagrun for pipeline_one_off to None, run_after=None
[2026-01-22T02:13:20.853+0000] {processor.py:183} INFO - Processing /opt/airflow/dags/pipeline_one_off.py took 0.214 seconds
[2026-01-22T02:13:51.279+0000] {processor.py:161} INFO - Started process (PID=51935) to work on /opt/airflow/dags/pipeline_one_off.py
[2026-01-22T02:13:51.281+0000] {processor.py:830} INFO - Processing file /opt/airflow/dags/pipeline_one_off.py for tasks to queue
[2026-01-22T02:13:51.283+0000] {logging_mixin.py:188} INFO - [2026-01-22T02:13:51.283+0000] {dagbag.py:545} INFO - Filling up the DagBag from /opt/airflow/dags/pipeline_one_off.py
[2026-01-22T02:13:51.323+0000] {processor.py:840} INFO - DAG(s) 'pipeline_one_off' retrieved from /opt/airflow/dags/pipeline_one_off.py
[2026-01-22T02:13:51.403+0000] {logging_mixin.py:188} INFO - [2026-01-22T02:13:51.402+0000] {dag.py:3089} INFO - Sync 1 DAGs
[2026-01-22T02:13:51.429+0000] {logging_mixin.py:188} INFO - [2026-01-22T02:13:51.429+0000] {dag.py:3947} INFO - Setting next_dagrun for pipeline_one_off to None, run_after=None
[2026-01-22T02:13:51.537+0000] {processor.py:183} INFO - Processing /opt/airflow/dags/pipeline_one_off.py took 0.274 seconds
[2026-01-22T02:14:21.658+0000] {processor.py:161} INFO - Started process (PID=51945) to work on /opt/airflow/dags/pipeline_one_off.py
[2026-01-22T02:14:21.661+0000] {processor.py:830} INFO - Processing file /opt/airflow/dags/pipeline_one_off.py for tasks to queue
[2026-01-22T02:14:21.662+0000] {logging_mixin.py:188} INFO - [2026-01-22T02:14:21.662+0000] {dagbag.py:545} INFO - Filling up the DagBag from /opt/airflow/dags/pipeline_one_off.py
[2026-01-22T02:14:21.711+0000] {processor.py:840} INFO - DAG(s) 'pipeline_one_off' retrieved from /opt/airflow/dags/pipeline_one_off.py
[2026-01-22T02:14:21.786+0000] {logging_mixin.py:188} INFO - [2026-01-22T02:14:21.786+0000] {dag.py:3089} INFO - Sync 1 DAGs
[2026-01-22T02:14:21.820+0000] {logging_mixin.py:188} INFO - [2026-01-22T02:14:21.820+0000] {dag.py:3947} INFO - Setting next_dagrun for pipeline_one_off to None, run_after=None
[2026-01-22T02:14:21.864+0000] {processor.py:183} INFO - Processing /opt/airflow/dags/pipeline_one_off.py took 0.219 seconds
[2026-01-22T02:14:52.297+0000] {processor.py:161} INFO - Started process (PID=51955) to work on /opt/airflow/dags/pipeline_one_off.py
[2026-01-22T02:14:52.299+0000] {processor.py:830} INFO - Processing file /opt/airflow/dags/pipeline_one_off.py for tasks to queue
[2026-01-22T02:14:52.301+0000] {logging_mixin.py:188} INFO - [2026-01-22T02:14:52.300+0000] {dagbag.py:545} INFO - Filling up the DagBag from /opt/airflow/dags/pipeline_one_off.py
[2026-01-22T02:14:52.340+0000] {processor.py:840} INFO - DAG(s) 'pipeline_one_off' retrieved from /opt/airflow/dags/pipeline_one_off.py
[2026-01-22T02:14:52.411+0000] {logging_mixin.py:188} INFO - [2026-01-22T02:14:52.411+0000] {dag.py:3089} INFO - Sync 1 DAGs
[2026-01-22T02:14:52.435+0000] {logging_mixin.py:188} INFO - [2026-01-22T02:14:52.435+0000] {dag.py:3947} INFO - Setting next_dagrun for pipeline_one_off to None, run_after=None
[2026-01-22T02:14:52.472+0000] {processor.py:183} INFO - Processing /opt/airflow/dags/pipeline_one_off.py took 0.189 seconds
[2026-01-22T02:15:22.889+0000] {processor.py:161} INFO - Started process (PID=51965) to work on /opt/airflow/dags/pipeline_one_off.py
[2026-01-22T02:15:22.891+0000] {processor.py:830} INFO - Processing file /opt/airflow/dags/pipeline_one_off.py for tasks to queue
[2026-01-22T02:15:22.893+0000] {logging_mixin.py:188} INFO - [2026-01-22T02:15:22.892+0000] {dagbag.py:545} INFO - Filling up the DagBag from /opt/airflow/dags/pipeline_one_off.py
[2026-01-22T02:15:22.929+0000] {processor.py:840} INFO - DAG(s) 'pipeline_one_off' retrieved from /opt/airflow/dags/pipeline_one_off.py
[2026-01-22T02:15:22.997+0000] {logging_mixin.py:188} INFO - [2026-01-22T02:15:22.996+0000] {dag.py:3089} INFO - Sync 1 DAGs
[2026-01-22T02:15:23.021+0000] {logging_mixin.py:188} INFO - [2026-01-22T02:15:23.020+0000] {dag.py:3947} INFO - Setting next_dagrun for pipeline_one_off to None, run_after=None
[2026-01-22T02:15:23.123+0000] {processor.py:183} INFO - Processing /opt/airflow/dags/pipeline_one_off.py took 0.249 seconds
[2026-01-22T02:15:53.337+0000] {processor.py:161} INFO - Started process (PID=51975) to work on /opt/airflow/dags/pipeline_one_off.py
[2026-01-22T02:15:53.340+0000] {processor.py:830} INFO - Processing file /opt/airflow/dags/pipeline_one_off.py for tasks to queue
[2026-01-22T02:15:53.342+0000] {logging_mixin.py:188} INFO - [2026-01-22T02:15:53.341+0000] {dagbag.py:545} INFO - Filling up the DagBag from /opt/airflow/dags/pipeline_one_off.py
[2026-01-22T02:15:53.378+0000] {processor.py:840} INFO - DAG(s) 'pipeline_one_off' retrieved from /opt/airflow/dags/pipeline_one_off.py
[2026-01-22T02:15:53.451+0000] {logging_mixin.py:188} INFO - [2026-01-22T02:15:53.450+0000] {dag.py:3089} INFO - Sync 1 DAGs
[2026-01-22T02:15:53.477+0000] {logging_mixin.py:188} INFO - [2026-01-22T02:15:53.476+0000] {dag.py:3947} INFO - Setting next_dagrun for pipeline_one_off to None, run_after=None
[2026-01-22T02:15:53.552+0000] {processor.py:183} INFO - Processing /opt/airflow/dags/pipeline_one_off.py took 0.228 seconds
[2026-01-22T02:16:23.980+0000] {processor.py:161} INFO - Started process (PID=51985) to work on /opt/airflow/dags/pipeline_one_off.py
[2026-01-22T02:16:23.982+0000] {processor.py:830} INFO - Processing file /opt/airflow/dags/pipeline_one_off.py for tasks to queue
[2026-01-22T02:16:23.984+0000] {logging_mixin.py:188} INFO - [2026-01-22T02:16:23.983+0000] {dagbag.py:545} INFO - Filling up the DagBag from /opt/airflow/dags/pipeline_one_off.py
[2026-01-22T02:16:24.032+0000] {processor.py:840} INFO - DAG(s) 'pipeline_one_off' retrieved from /opt/airflow/dags/pipeline_one_off.py
[2026-01-22T02:16:24.103+0000] {logging_mixin.py:188} INFO - [2026-01-22T02:16:24.103+0000] {dag.py:3089} INFO - Sync 1 DAGs
[2026-01-22T02:16:24.128+0000] {logging_mixin.py:188} INFO - [2026-01-22T02:16:24.128+0000] {dag.py:3947} INFO - Setting next_dagrun for pipeline_one_off to None, run_after=None
[2026-01-22T02:16:24.248+0000] {processor.py:183} INFO - Processing /opt/airflow/dags/pipeline_one_off.py took 0.283 seconds
[2026-01-22T02:16:54.362+0000] {processor.py:161} INFO - Started process (PID=51995) to work on /opt/airflow/dags/pipeline_one_off.py
[2026-01-22T02:16:54.364+0000] {processor.py:830} INFO - Processing file /opt/airflow/dags/pipeline_one_off.py for tasks to queue
[2026-01-22T02:16:54.366+0000] {logging_mixin.py:188} INFO - [2026-01-22T02:16:54.365+0000] {dagbag.py:545} INFO - Filling up the DagBag from /opt/airflow/dags/pipeline_one_off.py
[2026-01-22T02:16:54.411+0000] {processor.py:840} INFO - DAG(s) 'pipeline_one_off' retrieved from /opt/airflow/dags/pipeline_one_off.py
[2026-01-22T02:16:54.483+0000] {logging_mixin.py:188} INFO - [2026-01-22T02:16:54.483+0000] {dag.py:3089} INFO - Sync 1 DAGs
[2026-01-22T02:16:54.509+0000] {logging_mixin.py:188} INFO - [2026-01-22T02:16:54.508+0000] {dag.py:3947} INFO - Setting next_dagrun for pipeline_one_off to None, run_after=None
[2026-01-22T02:16:54.615+0000] {processor.py:183} INFO - Processing /opt/airflow/dags/pipeline_one_off.py took 0.268 seconds
[2026-01-22T02:17:25.032+0000] {processor.py:161} INFO - Started process (PID=52005) to work on /opt/airflow/dags/pipeline_one_off.py
[2026-01-22T02:17:25.034+0000] {processor.py:830} INFO - Processing file /opt/airflow/dags/pipeline_one_off.py for tasks to queue
[2026-01-22T02:17:25.037+0000] {logging_mixin.py:188} INFO - [2026-01-22T02:17:25.037+0000] {dagbag.py:545} INFO - Filling up the DagBag from /opt/airflow/dags/pipeline_one_off.py
[2026-01-22T02:17:25.074+0000] {processor.py:840} INFO - DAG(s) 'pipeline_one_off' retrieved from /opt/airflow/dags/pipeline_one_off.py
[2026-01-22T02:17:25.145+0000] {logging_mixin.py:188} INFO - [2026-01-22T02:17:25.145+0000] {dag.py:3089} INFO - Sync 1 DAGs
[2026-01-22T02:17:25.169+0000] {logging_mixin.py:188} INFO - [2026-01-22T02:17:25.169+0000] {dag.py:3947} INFO - Setting next_dagrun for pipeline_one_off to None, run_after=None
[2026-01-22T02:17:25.275+0000] {processor.py:183} INFO - Processing /opt/airflow/dags/pipeline_one_off.py took 0.258 seconds
[2026-01-22T02:17:55.427+0000] {processor.py:161} INFO - Started process (PID=52015) to work on /opt/airflow/dags/pipeline_one_off.py
[2026-01-22T02:17:55.429+0000] {processor.py:830} INFO - Processing file /opt/airflow/dags/pipeline_one_off.py for tasks to queue
[2026-01-22T02:17:55.432+0000] {logging_mixin.py:188} INFO - [2026-01-22T02:17:55.431+0000] {dagbag.py:545} INFO - Filling up the DagBag from /opt/airflow/dags/pipeline_one_off.py
[2026-01-22T02:17:55.484+0000] {processor.py:840} INFO - DAG(s) 'pipeline_one_off' retrieved from /opt/airflow/dags/pipeline_one_off.py
[2026-01-22T02:17:55.562+0000] {logging_mixin.py:188} INFO - [2026-01-22T02:17:55.562+0000] {dag.py:3089} INFO - Sync 1 DAGs
[2026-01-22T02:17:55.587+0000] {logging_mixin.py:188} INFO - [2026-01-22T02:17:55.587+0000] {dag.py:3947} INFO - Setting next_dagrun for pipeline_one_off to None, run_after=None
[2026-01-22T02:17:55.694+0000] {processor.py:183} INFO - Processing /opt/airflow/dags/pipeline_one_off.py took 0.281 seconds
[2026-01-22T02:18:25.981+0000] {processor.py:161} INFO - Started process (PID=52025) to work on /opt/airflow/dags/pipeline_one_off.py
[2026-01-22T02:18:25.983+0000] {processor.py:830} INFO - Processing file /opt/airflow/dags/pipeline_one_off.py for tasks to queue
[2026-01-22T02:18:25.985+0000] {logging_mixin.py:188} INFO - [2026-01-22T02:18:25.984+0000] {dagbag.py:545} INFO - Filling up the DagBag from /opt/airflow/dags/pipeline_one_off.py
[2026-01-22T02:18:26.025+0000] {processor.py:840} INFO - DAG(s) 'pipeline_one_off' retrieved from /opt/airflow/dags/pipeline_one_off.py
[2026-01-22T02:18:26.090+0000] {logging_mixin.py:188} INFO - [2026-01-22T02:18:26.089+0000] {dag.py:3089} INFO - Sync 1 DAGs
[2026-01-22T02:18:26.111+0000] {logging_mixin.py:188} INFO - [2026-01-22T02:18:26.111+0000] {dag.py:3947} INFO - Setting next_dagrun for pipeline_one_off to None, run_after=None
[2026-01-22T02:18:26.143+0000] {processor.py:183} INFO - Processing /opt/airflow/dags/pipeline_one_off.py took 0.173 seconds
[2026-01-22T02:18:56.574+0000] {processor.py:161} INFO - Started process (PID=52035) to work on /opt/airflow/dags/pipeline_one_off.py
[2026-01-22T02:18:56.576+0000] {processor.py:830} INFO - Processing file /opt/airflow/dags/pipeline_one_off.py for tasks to queue
[2026-01-22T02:18:56.579+0000] {logging_mixin.py:188} INFO - [2026-01-22T02:18:56.579+0000] {dagbag.py:545} INFO - Filling up the DagBag from /opt/airflow/dags/pipeline_one_off.py
[2026-01-22T02:18:56.623+0000] {processor.py:840} INFO - DAG(s) 'pipeline_one_off' retrieved from /opt/airflow/dags/pipeline_one_off.py
[2026-01-22T02:18:56.696+0000] {logging_mixin.py:188} INFO - [2026-01-22T02:18:56.695+0000] {dag.py:3089} INFO - Sync 1 DAGs
[2026-01-22T02:18:56.721+0000] {logging_mixin.py:188} INFO - [2026-01-22T02:18:56.720+0000] {dag.py:3947} INFO - Setting next_dagrun for pipeline_one_off to None, run_after=None
[2026-01-22T02:18:56.774+0000] {processor.py:183} INFO - Processing /opt/airflow/dags/pipeline_one_off.py took 0.213 seconds
[2026-01-22T02:19:27.188+0000] {processor.py:161} INFO - Started process (PID=52045) to work on /opt/airflow/dags/pipeline_one_off.py
[2026-01-22T02:19:27.191+0000] {processor.py:830} INFO - Processing file /opt/airflow/dags/pipeline_one_off.py for tasks to queue
[2026-01-22T02:19:27.193+0000] {logging_mixin.py:188} INFO - [2026-01-22T02:19:27.192+0000] {dagbag.py:545} INFO - Filling up the DagBag from /opt/airflow/dags/pipeline_one_off.py
[2026-01-22T02:19:27.234+0000] {processor.py:840} INFO - DAG(s) 'pipeline_one_off' retrieved from /opt/airflow/dags/pipeline_one_off.py
[2026-01-22T02:19:27.299+0000] {logging_mixin.py:188} INFO - [2026-01-22T02:19:27.299+0000] {dag.py:3089} INFO - Sync 1 DAGs
[2026-01-22T02:19:27.326+0000] {logging_mixin.py:188} INFO - [2026-01-22T02:19:27.326+0000] {dag.py:3947} INFO - Setting next_dagrun for pipeline_one_off to None, run_after=None
[2026-01-22T02:19:27.365+0000] {processor.py:183} INFO - Processing /opt/airflow/dags/pipeline_one_off.py took 0.192 seconds
[2026-01-22T02:19:57.777+0000] {processor.py:161} INFO - Started process (PID=52055) to work on /opt/airflow/dags/pipeline_one_off.py
[2026-01-22T02:19:57.780+0000] {processor.py:830} INFO - Processing file /opt/airflow/dags/pipeline_one_off.py for tasks to queue
[2026-01-22T02:19:57.783+0000] {logging_mixin.py:188} INFO - [2026-01-22T02:19:57.782+0000] {dagbag.py:545} INFO - Filling up the DagBag from /opt/airflow/dags/pipeline_one_off.py
[2026-01-22T02:19:57.828+0000] {processor.py:840} INFO - DAG(s) 'pipeline_one_off' retrieved from /opt/airflow/dags/pipeline_one_off.py
[2026-01-22T02:19:57.899+0000] {logging_mixin.py:188} INFO - [2026-01-22T02:19:57.899+0000] {dag.py:3089} INFO - Sync 1 DAGs
[2026-01-22T02:19:57.925+0000] {logging_mixin.py:188} INFO - [2026-01-22T02:19:57.925+0000] {dag.py:3947} INFO - Setting next_dagrun for pipeline_one_off to None, run_after=None
[2026-01-22T02:19:58.035+0000] {processor.py:183} INFO - Processing /opt/airflow/dags/pipeline_one_off.py took 0.273 seconds
[2026-01-22T02:20:28.167+0000] {processor.py:161} INFO - Started process (PID=52068) to work on /opt/airflow/dags/pipeline_one_off.py
[2026-01-22T02:20:28.169+0000] {processor.py:830} INFO - Processing file /opt/airflow/dags/pipeline_one_off.py for tasks to queue
[2026-01-22T02:20:28.171+0000] {logging_mixin.py:188} INFO - [2026-01-22T02:20:28.171+0000] {dagbag.py:545} INFO - Filling up the DagBag from /opt/airflow/dags/pipeline_one_off.py
[2026-01-22T02:20:28.216+0000] {processor.py:840} INFO - DAG(s) 'pipeline_one_off' retrieved from /opt/airflow/dags/pipeline_one_off.py
[2026-01-22T02:20:28.289+0000] {logging_mixin.py:188} INFO - [2026-01-22T02:20:28.289+0000] {dag.py:3089} INFO - Sync 1 DAGs
[2026-01-22T02:20:28.311+0000] {logging_mixin.py:188} INFO - [2026-01-22T02:20:28.311+0000] {dag.py:3947} INFO - Setting next_dagrun for pipeline_one_off to None, run_after=None
[2026-01-22T02:20:28.415+0000] {processor.py:183} INFO - Processing /opt/airflow/dags/pipeline_one_off.py took 0.262 seconds
[2026-01-22T02:20:58.841+0000] {processor.py:161} INFO - Started process (PID=52078) to work on /opt/airflow/dags/pipeline_one_off.py
[2026-01-22T02:20:58.843+0000] {processor.py:830} INFO - Processing file /opt/airflow/dags/pipeline_one_off.py for tasks to queue
[2026-01-22T02:20:58.845+0000] {logging_mixin.py:188} INFO - [2026-01-22T02:20:58.844+0000] {dagbag.py:545} INFO - Filling up the DagBag from /opt/airflow/dags/pipeline_one_off.py
[2026-01-22T02:20:58.883+0000] {processor.py:840} INFO - DAG(s) 'pipeline_one_off' retrieved from /opt/airflow/dags/pipeline_one_off.py
[2026-01-22T02:20:58.952+0000] {logging_mixin.py:188} INFO - [2026-01-22T02:20:58.951+0000] {dag.py:3089} INFO - Sync 1 DAGs
[2026-01-22T02:20:58.976+0000] {logging_mixin.py:188} INFO - [2026-01-22T02:20:58.975+0000] {dag.py:3947} INFO - Setting next_dagrun for pipeline_one_off to None, run_after=None
[2026-01-22T02:20:59.081+0000] {processor.py:183} INFO - Processing /opt/airflow/dags/pipeline_one_off.py took 0.255 seconds
[2026-01-22T02:21:29.225+0000] {processor.py:161} INFO - Started process (PID=52088) to work on /opt/airflow/dags/pipeline_one_off.py
[2026-01-22T02:21:29.227+0000] {processor.py:830} INFO - Processing file /opt/airflow/dags/pipeline_one_off.py for tasks to queue
[2026-01-22T02:21:29.229+0000] {logging_mixin.py:188} INFO - [2026-01-22T02:21:29.229+0000] {dagbag.py:545} INFO - Filling up the DagBag from /opt/airflow/dags/pipeline_one_off.py
[2026-01-22T02:21:29.272+0000] {processor.py:840} INFO - DAG(s) 'pipeline_one_off' retrieved from /opt/airflow/dags/pipeline_one_off.py
[2026-01-22T02:21:29.349+0000] {logging_mixin.py:188} INFO - [2026-01-22T02:21:29.348+0000] {dag.py:3089} INFO - Sync 1 DAGs
[2026-01-22T02:21:29.379+0000] {logging_mixin.py:188} INFO - [2026-01-22T02:21:29.378+0000] {dag.py:3947} INFO - Setting next_dagrun for pipeline_one_off to None, run_after=None
[2026-01-22T02:21:29.492+0000] {processor.py:183} INFO - Processing /opt/airflow/dags/pipeline_one_off.py took 0.279 seconds
[2026-01-22T02:21:59.798+0000] {processor.py:161} INFO - Started process (PID=52098) to work on /opt/airflow/dags/pipeline_one_off.py
[2026-01-22T02:21:59.801+0000] {processor.py:830} INFO - Processing file /opt/airflow/dags/pipeline_one_off.py for tasks to queue
[2026-01-22T02:21:59.803+0000] {logging_mixin.py:188} INFO - [2026-01-22T02:21:59.802+0000] {dagbag.py:545} INFO - Filling up the DagBag from /opt/airflow/dags/pipeline_one_off.py
[2026-01-22T02:21:59.841+0000] {processor.py:840} INFO - DAG(s) 'pipeline_one_off' retrieved from /opt/airflow/dags/pipeline_one_off.py
[2026-01-22T02:21:59.911+0000] {logging_mixin.py:188} INFO - [2026-01-22T02:21:59.911+0000] {dag.py:3089} INFO - Sync 1 DAGs
[2026-01-22T02:21:59.975+0000] {logging_mixin.py:188} INFO - [2026-01-22T02:21:59.974+0000] {dag.py:3947} INFO - Setting next_dagrun for pipeline_one_off to None, run_after=None
[2026-01-22T02:22:00.013+0000] {processor.py:183} INFO - Processing /opt/airflow/dags/pipeline_one_off.py took 0.229 seconds
[2026-01-22T02:22:30.486+0000] {processor.py:161} INFO - Started process (PID=52108) to work on /opt/airflow/dags/pipeline_one_off.py
[2026-01-22T02:22:30.490+0000] {processor.py:830} INFO - Processing file /opt/airflow/dags/pipeline_one_off.py for tasks to queue
[2026-01-22T02:22:30.493+0000] {logging_mixin.py:188} INFO - [2026-01-22T02:22:30.492+0000] {dagbag.py:545} INFO - Filling up the DagBag from /opt/airflow/dags/pipeline_one_off.py
[2026-01-22T02:22:30.539+0000] {processor.py:840} INFO - DAG(s) 'pipeline_one_off' retrieved from /opt/airflow/dags/pipeline_one_off.py
[2026-01-22T02:22:30.609+0000] {logging_mixin.py:188} INFO - [2026-01-22T02:22:30.609+0000] {dag.py:3089} INFO - Sync 1 DAGs
[2026-01-22T02:22:30.633+0000] {logging_mixin.py:188} INFO - [2026-01-22T02:22:30.633+0000] {dag.py:3947} INFO - Setting next_dagrun for pipeline_one_off to None, run_after=None
[2026-01-22T02:22:30.737+0000] {processor.py:183} INFO - Processing /opt/airflow/dags/pipeline_one_off.py took 0.266 seconds
[2026-01-22T02:23:00.869+0000] {processor.py:161} INFO - Started process (PID=52118) to work on /opt/airflow/dags/pipeline_one_off.py
[2026-01-22T02:23:00.872+0000] {processor.py:830} INFO - Processing file /opt/airflow/dags/pipeline_one_off.py for tasks to queue
[2026-01-22T02:23:00.873+0000] {logging_mixin.py:188} INFO - [2026-01-22T02:23:00.873+0000] {dagbag.py:545} INFO - Filling up the DagBag from /opt/airflow/dags/pipeline_one_off.py
[2026-01-22T02:23:00.914+0000] {processor.py:840} INFO - DAG(s) 'pipeline_one_off' retrieved from /opt/airflow/dags/pipeline_one_off.py
[2026-01-22T02:23:00.988+0000] {logging_mixin.py:188} INFO - [2026-01-22T02:23:00.988+0000] {dag.py:3089} INFO - Sync 1 DAGs
[2026-01-22T02:23:01.014+0000] {logging_mixin.py:188} INFO - [2026-01-22T02:23:01.013+0000] {dag.py:3947} INFO - Setting next_dagrun for pipeline_one_off to None, run_after=None
[2026-01-22T02:23:01.122+0000] {processor.py:183} INFO - Processing /opt/airflow/dags/pipeline_one_off.py took 0.266 seconds
[2026-01-22T02:23:31.431+0000] {processor.py:161} INFO - Started process (PID=52128) to work on /opt/airflow/dags/pipeline_one_off.py
[2026-01-22T02:23:31.434+0000] {processor.py:830} INFO - Processing file /opt/airflow/dags/pipeline_one_off.py for tasks to queue
[2026-01-22T02:23:31.436+0000] {logging_mixin.py:188} INFO - [2026-01-22T02:23:31.435+0000] {dagbag.py:545} INFO - Filling up the DagBag from /opt/airflow/dags/pipeline_one_off.py
[2026-01-22T02:23:31.483+0000] {processor.py:840} INFO - DAG(s) 'pipeline_one_off' retrieved from /opt/airflow/dags/pipeline_one_off.py
[2026-01-22T02:23:31.556+0000] {logging_mixin.py:188} INFO - [2026-01-22T02:23:31.556+0000] {dag.py:3089} INFO - Sync 1 DAGs
[2026-01-22T02:23:31.582+0000] {logging_mixin.py:188} INFO - [2026-01-22T02:23:31.581+0000] {dag.py:3947} INFO - Setting next_dagrun for pipeline_one_off to None, run_after=None
[2026-01-22T02:23:31.698+0000] {processor.py:183} INFO - Processing /opt/airflow/dags/pipeline_one_off.py took 0.287 seconds
[2026-01-22T02:24:01.884+0000] {processor.py:161} INFO - Started process (PID=52138) to work on /opt/airflow/dags/pipeline_one_off.py
[2026-01-22T02:24:01.887+0000] {processor.py:830} INFO - Processing file /opt/airflow/dags/pipeline_one_off.py for tasks to queue
[2026-01-22T02:24:01.889+0000] {logging_mixin.py:188} INFO - [2026-01-22T02:24:01.888+0000] {dagbag.py:545} INFO - Filling up the DagBag from /opt/airflow/dags/pipeline_one_off.py
[2026-01-22T02:24:01.937+0000] {processor.py:840} INFO - DAG(s) 'pipeline_one_off' retrieved from /opt/airflow/dags/pipeline_one_off.py
[2026-01-22T02:24:02.009+0000] {logging_mixin.py:188} INFO - [2026-01-22T02:24:02.009+0000] {dag.py:3089} INFO - Sync 1 DAGs
[2026-01-22T02:24:02.041+0000] {logging_mixin.py:188} INFO - [2026-01-22T02:24:02.040+0000] {dag.py:3947} INFO - Setting next_dagrun for pipeline_one_off to None, run_after=None
[2026-01-22T02:24:02.084+0000] {processor.py:183} INFO - Processing /opt/airflow/dags/pipeline_one_off.py took 0.214 seconds
[2026-01-22T02:24:32.469+0000] {processor.py:161} INFO - Started process (PID=52148) to work on /opt/airflow/dags/pipeline_one_off.py
[2026-01-22T02:24:32.470+0000] {processor.py:830} INFO - Processing file /opt/airflow/dags/pipeline_one_off.py for tasks to queue
[2026-01-22T02:24:32.472+0000] {logging_mixin.py:188} INFO - [2026-01-22T02:24:32.471+0000] {dagbag.py:545} INFO - Filling up the DagBag from /opt/airflow/dags/pipeline_one_off.py
[2026-01-22T02:24:32.511+0000] {processor.py:840} INFO - DAG(s) 'pipeline_one_off' retrieved from /opt/airflow/dags/pipeline_one_off.py
[2026-01-22T02:24:32.586+0000] {logging_mixin.py:188} INFO - [2026-01-22T02:24:32.585+0000] {dag.py:3089} INFO - Sync 1 DAGs
[2026-01-22T02:24:32.614+0000] {logging_mixin.py:188} INFO - [2026-01-22T02:24:32.614+0000] {dag.py:3947} INFO - Setting next_dagrun for pipeline_one_off to None, run_after=None
[2026-01-22T02:24:32.652+0000] {processor.py:183} INFO - Processing /opt/airflow/dags/pipeline_one_off.py took 0.199 seconds
[2026-01-22T02:25:03.086+0000] {processor.py:161} INFO - Started process (PID=52158) to work on /opt/airflow/dags/pipeline_one_off.py
[2026-01-22T02:25:03.088+0000] {processor.py:830} INFO - Processing file /opt/airflow/dags/pipeline_one_off.py for tasks to queue
[2026-01-22T02:25:03.090+0000] {logging_mixin.py:188} INFO - [2026-01-22T02:25:03.089+0000] {dagbag.py:545} INFO - Filling up the DagBag from /opt/airflow/dags/pipeline_one_off.py
[2026-01-22T02:25:03.131+0000] {processor.py:840} INFO - DAG(s) 'pipeline_one_off' retrieved from /opt/airflow/dags/pipeline_one_off.py
[2026-01-22T02:25:03.205+0000] {logging_mixin.py:188} INFO - [2026-01-22T02:25:03.204+0000] {dag.py:3089} INFO - Sync 1 DAGs
[2026-01-22T02:25:03.229+0000] {logging_mixin.py:188} INFO - [2026-01-22T02:25:03.229+0000] {dag.py:3947} INFO - Setting next_dagrun for pipeline_one_off to None, run_after=None
[2026-01-22T02:25:03.335+0000] {processor.py:183} INFO - Processing /opt/airflow/dags/pipeline_one_off.py took 0.264 seconds
[2026-01-22T02:25:33.462+0000] {processor.py:161} INFO - Started process (PID=52168) to work on /opt/airflow/dags/pipeline_one_off.py
[2026-01-22T02:25:33.465+0000] {processor.py:830} INFO - Processing file /opt/airflow/dags/pipeline_one_off.py for tasks to queue
[2026-01-22T02:25:33.467+0000] {logging_mixin.py:188} INFO - [2026-01-22T02:25:33.466+0000] {dagbag.py:545} INFO - Filling up the DagBag from /opt/airflow/dags/pipeline_one_off.py
[2026-01-22T02:25:33.505+0000] {processor.py:840} INFO - DAG(s) 'pipeline_one_off' retrieved from /opt/airflow/dags/pipeline_one_off.py
[2026-01-22T02:25:33.572+0000] {logging_mixin.py:188} INFO - [2026-01-22T02:25:33.571+0000] {dag.py:3089} INFO - Sync 1 DAGs
[2026-01-22T02:25:33.593+0000] {logging_mixin.py:188} INFO - [2026-01-22T02:25:33.593+0000] {dag.py:3947} INFO - Setting next_dagrun for pipeline_one_off to None, run_after=None
[2026-01-22T02:25:33.682+0000] {processor.py:183} INFO - Processing /opt/airflow/dags/pipeline_one_off.py took 0.235 seconds
[2026-01-22T02:26:04.125+0000] {processor.py:161} INFO - Started process (PID=52178) to work on /opt/airflow/dags/pipeline_one_off.py
[2026-01-22T02:26:04.128+0000] {processor.py:830} INFO - Processing file /opt/airflow/dags/pipeline_one_off.py for tasks to queue
[2026-01-22T02:26:04.131+0000] {logging_mixin.py:188} INFO - [2026-01-22T02:26:04.130+0000] {dagbag.py:545} INFO - Filling up the DagBag from /opt/airflow/dags/pipeline_one_off.py
[2026-01-22T02:26:04.170+0000] {processor.py:840} INFO - DAG(s) 'pipeline_one_off' retrieved from /opt/airflow/dags/pipeline_one_off.py
[2026-01-22T02:26:04.240+0000] {logging_mixin.py:188} INFO - [2026-01-22T02:26:04.240+0000] {dag.py:3089} INFO - Sync 1 DAGs
[2026-01-22T02:26:04.264+0000] {logging_mixin.py:188} INFO - [2026-01-22T02:26:04.264+0000] {dag.py:3947} INFO - Setting next_dagrun for pipeline_one_off to None, run_after=None
[2026-01-22T02:26:04.373+0000] {processor.py:183} INFO - Processing /opt/airflow/dags/pipeline_one_off.py took 0.262 seconds
[2026-01-22T02:26:34.496+0000] {processor.py:161} INFO - Started process (PID=52188) to work on /opt/airflow/dags/pipeline_one_off.py
[2026-01-22T02:26:34.498+0000] {processor.py:830} INFO - Processing file /opt/airflow/dags/pipeline_one_off.py for tasks to queue
[2026-01-22T02:26:34.500+0000] {logging_mixin.py:188} INFO - [2026-01-22T02:26:34.499+0000] {dagbag.py:545} INFO - Filling up the DagBag from /opt/airflow/dags/pipeline_one_off.py
[2026-01-22T02:26:34.545+0000] {processor.py:840} INFO - DAG(s) 'pipeline_one_off' retrieved from /opt/airflow/dags/pipeline_one_off.py
[2026-01-22T02:26:34.628+0000] {logging_mixin.py:188} INFO - [2026-01-22T02:26:34.627+0000] {dag.py:3089} INFO - Sync 1 DAGs
[2026-01-22T02:26:34.653+0000] {logging_mixin.py:188} INFO - [2026-01-22T02:26:34.653+0000] {dag.py:3947} INFO - Setting next_dagrun for pipeline_one_off to None, run_after=None
[2026-01-22T02:26:34.758+0000] {processor.py:183} INFO - Processing /opt/airflow/dags/pipeline_one_off.py took 0.274 seconds
[2026-01-22T02:27:05.093+0000] {processor.py:161} INFO - Started process (PID=52198) to work on /opt/airflow/dags/pipeline_one_off.py
[2026-01-22T02:27:05.096+0000] {processor.py:830} INFO - Processing file /opt/airflow/dags/pipeline_one_off.py for tasks to queue
[2026-01-22T02:27:05.099+0000] {logging_mixin.py:188} INFO - [2026-01-22T02:27:05.098+0000] {dagbag.py:545} INFO - Filling up the DagBag from /opt/airflow/dags/pipeline_one_off.py
[2026-01-22T02:27:05.138+0000] {processor.py:840} INFO - DAG(s) 'pipeline_one_off' retrieved from /opt/airflow/dags/pipeline_one_off.py
[2026-01-22T02:27:05.209+0000] {logging_mixin.py:188} INFO - [2026-01-22T02:27:05.209+0000] {dag.py:3089} INFO - Sync 1 DAGs
[2026-01-22T02:27:05.236+0000] {logging_mixin.py:188} INFO - [2026-01-22T02:27:05.236+0000] {dag.py:3947} INFO - Setting next_dagrun for pipeline_one_off to None, run_after=None
[2026-01-22T02:27:05.326+0000] {processor.py:183} INFO - Processing /opt/airflow/dags/pipeline_one_off.py took 0.246 seconds
[2026-01-22T02:27:35.808+0000] {processor.py:161} INFO - Started process (PID=52208) to work on /opt/airflow/dags/pipeline_one_off.py
[2026-01-22T02:27:35.812+0000] {processor.py:830} INFO - Processing file /opt/airflow/dags/pipeline_one_off.py for tasks to queue
[2026-01-22T02:27:35.815+0000] {logging_mixin.py:188} INFO - [2026-01-22T02:27:35.813+0000] {dagbag.py:545} INFO - Filling up the DagBag from /opt/airflow/dags/pipeline_one_off.py
[2026-01-22T02:27:35.859+0000] {processor.py:840} INFO - DAG(s) 'pipeline_one_off' retrieved from /opt/airflow/dags/pipeline_one_off.py
[2026-01-22T02:27:35.955+0000] {logging_mixin.py:188} INFO - [2026-01-22T02:27:35.954+0000] {dag.py:3089} INFO - Sync 1 DAGs
[2026-01-22T02:27:35.984+0000] {logging_mixin.py:188} INFO - [2026-01-22T02:27:35.984+0000] {dag.py:3947} INFO - Setting next_dagrun for pipeline_one_off to None, run_after=None
[2026-01-22T02:27:36.038+0000] {processor.py:183} INFO - Processing /opt/airflow/dags/pipeline_one_off.py took 0.256 seconds
[2026-01-22T02:28:06.466+0000] {processor.py:161} INFO - Started process (PID=52218) to work on /opt/airflow/dags/pipeline_one_off.py
[2026-01-22T02:28:06.468+0000] {processor.py:830} INFO - Processing file /opt/airflow/dags/pipeline_one_off.py for tasks to queue
[2026-01-22T02:28:06.470+0000] {logging_mixin.py:188} INFO - [2026-01-22T02:28:06.469+0000] {dagbag.py:545} INFO - Filling up the DagBag from /opt/airflow/dags/pipeline_one_off.py
[2026-01-22T02:28:06.508+0000] {processor.py:840} INFO - DAG(s) 'pipeline_one_off' retrieved from /opt/airflow/dags/pipeline_one_off.py
[2026-01-22T02:28:06.580+0000] {logging_mixin.py:188} INFO - [2026-01-22T02:28:06.580+0000] {dag.py:3089} INFO - Sync 1 DAGs
[2026-01-22T02:28:06.658+0000] {logging_mixin.py:188} INFO - [2026-01-22T02:28:06.658+0000] {dag.py:3947} INFO - Setting next_dagrun for pipeline_one_off to None, run_after=None
[2026-01-22T02:28:06.696+0000] {processor.py:183} INFO - Processing /opt/airflow/dags/pipeline_one_off.py took 0.243 seconds
[2026-01-22T02:28:37.126+0000] {processor.py:161} INFO - Started process (PID=52228) to work on /opt/airflow/dags/pipeline_one_off.py
[2026-01-22T02:28:37.128+0000] {processor.py:830} INFO - Processing file /opt/airflow/dags/pipeline_one_off.py for tasks to queue
[2026-01-22T02:28:37.131+0000] {logging_mixin.py:188} INFO - [2026-01-22T02:28:37.130+0000] {dagbag.py:545} INFO - Filling up the DagBag from /opt/airflow/dags/pipeline_one_off.py
[2026-01-22T02:28:37.170+0000] {processor.py:840} INFO - DAG(s) 'pipeline_one_off' retrieved from /opt/airflow/dags/pipeline_one_off.py
[2026-01-22T02:28:37.245+0000] {logging_mixin.py:188} INFO - [2026-01-22T02:28:37.245+0000] {dag.py:3089} INFO - Sync 1 DAGs
[2026-01-22T02:28:37.269+0000] {logging_mixin.py:188} INFO - [2026-01-22T02:28:37.269+0000] {dag.py:3947} INFO - Setting next_dagrun for pipeline_one_off to None, run_after=None
[2026-01-22T02:28:37.307+0000] {processor.py:183} INFO - Processing /opt/airflow/dags/pipeline_one_off.py took 0.200 seconds
[2026-01-22T02:29:07.728+0000] {processor.py:161} INFO - Started process (PID=52238) to work on /opt/airflow/dags/pipeline_one_off.py
[2026-01-22T02:29:07.730+0000] {processor.py:830} INFO - Processing file /opt/airflow/dags/pipeline_one_off.py for tasks to queue
[2026-01-22T02:29:07.732+0000] {logging_mixin.py:188} INFO - [2026-01-22T02:29:07.731+0000] {dagbag.py:545} INFO - Filling up the DagBag from /opt/airflow/dags/pipeline_one_off.py
[2026-01-22T02:29:07.779+0000] {processor.py:840} INFO - DAG(s) 'pipeline_one_off' retrieved from /opt/airflow/dags/pipeline_one_off.py
[2026-01-22T02:29:07.859+0000] {logging_mixin.py:188} INFO - [2026-01-22T02:29:07.858+0000] {dag.py:3089} INFO - Sync 1 DAGs
[2026-01-22T02:29:07.884+0000] {logging_mixin.py:188} INFO - [2026-01-22T02:29:07.884+0000] {dag.py:3947} INFO - Setting next_dagrun for pipeline_one_off to None, run_after=None
[2026-01-22T02:29:07.928+0000] {processor.py:183} INFO - Processing /opt/airflow/dags/pipeline_one_off.py took 0.214 seconds
[2026-01-22T02:29:38.374+0000] {processor.py:161} INFO - Started process (PID=52248) to work on /opt/airflow/dags/pipeline_one_off.py
[2026-01-22T02:29:38.378+0000] {processor.py:830} INFO - Processing file /opt/airflow/dags/pipeline_one_off.py for tasks to queue
[2026-01-22T02:29:38.380+0000] {logging_mixin.py:188} INFO - [2026-01-22T02:29:38.379+0000] {dagbag.py:545} INFO - Filling up the DagBag from /opt/airflow/dags/pipeline_one_off.py
[2026-01-22T02:29:38.420+0000] {processor.py:840} INFO - DAG(s) 'pipeline_one_off' retrieved from /opt/airflow/dags/pipeline_one_off.py
[2026-01-22T02:29:38.489+0000] {logging_mixin.py:188} INFO - [2026-01-22T02:29:38.488+0000] {dag.py:3089} INFO - Sync 1 DAGs
[2026-01-22T02:29:38.516+0000] {logging_mixin.py:188} INFO - [2026-01-22T02:29:38.516+0000] {dag.py:3947} INFO - Setting next_dagrun for pipeline_one_off to None, run_after=None
[2026-01-22T02:29:38.550+0000] {processor.py:183} INFO - Processing /opt/airflow/dags/pipeline_one_off.py took 0.190 seconds
[2026-01-22T02:30:09.012+0000] {processor.py:161} INFO - Started process (PID=52259) to work on /opt/airflow/dags/pipeline_one_off.py
[2026-01-22T02:30:09.016+0000] {processor.py:830} INFO - Processing file /opt/airflow/dags/pipeline_one_off.py for tasks to queue
[2026-01-22T02:30:09.021+0000] {logging_mixin.py:188} INFO - [2026-01-22T02:30:09.019+0000] {dagbag.py:545} INFO - Filling up the DagBag from /opt/airflow/dags/pipeline_one_off.py
[2026-01-22T02:30:09.075+0000] {processor.py:840} INFO - DAG(s) 'pipeline_one_off' retrieved from /opt/airflow/dags/pipeline_one_off.py
[2026-01-22T02:30:09.158+0000] {logging_mixin.py:188} INFO - [2026-01-22T02:30:09.157+0000] {dag.py:3089} INFO - Sync 1 DAGs
[2026-01-22T02:30:09.196+0000] {logging_mixin.py:188} INFO - [2026-01-22T02:30:09.196+0000] {dag.py:3947} INFO - Setting next_dagrun for pipeline_one_off to None, run_after=None
[2026-01-22T02:30:09.238+0000] {processor.py:183} INFO - Processing /opt/airflow/dags/pipeline_one_off.py took 0.256 seconds
[2026-01-22T02:30:39.673+0000] {processor.py:161} INFO - Started process (PID=52271) to work on /opt/airflow/dags/pipeline_one_off.py
[2026-01-22T02:30:39.675+0000] {processor.py:830} INFO - Processing file /opt/airflow/dags/pipeline_one_off.py for tasks to queue
[2026-01-22T02:30:39.677+0000] {logging_mixin.py:188} INFO - [2026-01-22T02:30:39.677+0000] {dagbag.py:545} INFO - Filling up the DagBag from /opt/airflow/dags/pipeline_one_off.py
[2026-01-22T02:30:39.712+0000] {processor.py:840} INFO - DAG(s) 'pipeline_one_off' retrieved from /opt/airflow/dags/pipeline_one_off.py
[2026-01-22T02:30:39.844+0000] {logging_mixin.py:188} INFO - [2026-01-22T02:30:39.844+0000] {dag.py:3089} INFO - Sync 1 DAGs
[2026-01-22T02:30:39.864+0000] {logging_mixin.py:188} INFO - [2026-01-22T02:30:39.864+0000] {dag.py:3947} INFO - Setting next_dagrun for pipeline_one_off to None, run_after=None
[2026-01-22T02:30:39.898+0000] {processor.py:183} INFO - Processing /opt/airflow/dags/pipeline_one_off.py took 0.239 seconds
[2026-01-22T02:31:10.456+0000] {processor.py:161} INFO - Started process (PID=52281) to work on /opt/airflow/dags/pipeline_one_off.py
[2026-01-22T02:31:10.459+0000] {processor.py:830} INFO - Processing file /opt/airflow/dags/pipeline_one_off.py for tasks to queue
[2026-01-22T02:31:10.461+0000] {logging_mixin.py:188} INFO - [2026-01-22T02:31:10.460+0000] {dagbag.py:545} INFO - Filling up the DagBag from /opt/airflow/dags/pipeline_one_off.py
[2026-01-22T02:31:10.511+0000] {processor.py:840} INFO - DAG(s) 'pipeline_one_off' retrieved from /opt/airflow/dags/pipeline_one_off.py
[2026-01-22T02:31:10.584+0000] {logging_mixin.py:188} INFO - [2026-01-22T02:31:10.583+0000] {dag.py:3089} INFO - Sync 1 DAGs
[2026-01-22T02:31:10.612+0000] {logging_mixin.py:188} INFO - [2026-01-22T02:31:10.612+0000] {dag.py:3947} INFO - Setting next_dagrun for pipeline_one_off to None, run_after=None
[2026-01-22T02:31:10.711+0000] {processor.py:183} INFO - Processing /opt/airflow/dags/pipeline_one_off.py took 0.268 seconds
[2026-01-22T02:31:41.121+0000] {processor.py:161} INFO - Started process (PID=52291) to work on /opt/airflow/dags/pipeline_one_off.py
[2026-01-22T02:31:41.123+0000] {processor.py:830} INFO - Processing file /opt/airflow/dags/pipeline_one_off.py for tasks to queue
[2026-01-22T02:31:41.125+0000] {logging_mixin.py:188} INFO - [2026-01-22T02:31:41.124+0000] {dagbag.py:545} INFO - Filling up the DagBag from /opt/airflow/dags/pipeline_one_off.py
[2026-01-22T02:31:41.161+0000] {processor.py:840} INFO - DAG(s) 'pipeline_one_off' retrieved from /opt/airflow/dags/pipeline_one_off.py
[2026-01-22T02:31:41.223+0000] {logging_mixin.py:188} INFO - [2026-01-22T02:31:41.223+0000] {dag.py:3089} INFO - Sync 1 DAGs
[2026-01-22T02:31:41.245+0000] {logging_mixin.py:188} INFO - [2026-01-22T02:31:41.244+0000] {dag.py:3947} INFO - Setting next_dagrun for pipeline_one_off to None, run_after=None
[2026-01-22T02:31:41.350+0000] {processor.py:183} INFO - Processing /opt/airflow/dags/pipeline_one_off.py took 0.244 seconds
[2026-01-22T02:32:11.492+0000] {processor.py:161} INFO - Started process (PID=52301) to work on /opt/airflow/dags/pipeline_one_off.py
[2026-01-22T02:32:11.494+0000] {processor.py:830} INFO - Processing file /opt/airflow/dags/pipeline_one_off.py for tasks to queue
[2026-01-22T02:32:11.498+0000] {logging_mixin.py:188} INFO - [2026-01-22T02:32:11.497+0000] {dagbag.py:545} INFO - Filling up the DagBag from /opt/airflow/dags/pipeline_one_off.py
[2026-01-22T02:32:11.536+0000] {processor.py:840} INFO - DAG(s) 'pipeline_one_off' retrieved from /opt/airflow/dags/pipeline_one_off.py
[2026-01-22T02:32:11.607+0000] {logging_mixin.py:188} INFO - [2026-01-22T02:32:11.606+0000] {dag.py:3089} INFO - Sync 1 DAGs
[2026-01-22T02:32:11.635+0000] {logging_mixin.py:188} INFO - [2026-01-22T02:32:11.634+0000] {dag.py:3947} INFO - Setting next_dagrun for pipeline_one_off to None, run_after=None
[2026-01-22T02:32:11.713+0000] {processor.py:183} INFO - Processing /opt/airflow/dags/pipeline_one_off.py took 0.235 seconds
[2026-01-22T02:32:42.053+0000] {processor.py:161} INFO - Started process (PID=52311) to work on /opt/airflow/dags/pipeline_one_off.py
[2026-01-22T02:32:42.055+0000] {processor.py:830} INFO - Processing file /opt/airflow/dags/pipeline_one_off.py for tasks to queue
[2026-01-22T02:32:42.057+0000] {logging_mixin.py:188} INFO - [2026-01-22T02:32:42.056+0000] {dagbag.py:545} INFO - Filling up the DagBag from /opt/airflow/dags/pipeline_one_off.py
[2026-01-22T02:32:42.096+0000] {processor.py:840} INFO - DAG(s) 'pipeline_one_off' retrieved from /opt/airflow/dags/pipeline_one_off.py
[2026-01-22T02:32:42.165+0000] {logging_mixin.py:188} INFO - [2026-01-22T02:32:42.164+0000] {dag.py:3089} INFO - Sync 1 DAGs
[2026-01-22T02:32:42.196+0000] {logging_mixin.py:188} INFO - [2026-01-22T02:32:42.195+0000] {dag.py:3947} INFO - Setting next_dagrun for pipeline_one_off to None, run_after=None
[2026-01-22T02:32:42.295+0000] {processor.py:183} INFO - Processing /opt/airflow/dags/pipeline_one_off.py took 0.254 seconds
[2026-01-22T02:33:12.423+0000] {processor.py:161} INFO - Started process (PID=52321) to work on /opt/airflow/dags/pipeline_one_off.py
[2026-01-22T02:33:12.425+0000] {processor.py:830} INFO - Processing file /opt/airflow/dags/pipeline_one_off.py for tasks to queue
[2026-01-22T02:33:12.426+0000] {logging_mixin.py:188} INFO - [2026-01-22T02:33:12.426+0000] {dagbag.py:545} INFO - Filling up the DagBag from /opt/airflow/dags/pipeline_one_off.py
[2026-01-22T02:33:12.465+0000] {processor.py:840} INFO - DAG(s) 'pipeline_one_off' retrieved from /opt/airflow/dags/pipeline_one_off.py
[2026-01-22T02:33:12.542+0000] {logging_mixin.py:188} INFO - [2026-01-22T02:33:12.541+0000] {dag.py:3089} INFO - Sync 1 DAGs
[2026-01-22T02:33:12.569+0000] {logging_mixin.py:188} INFO - [2026-01-22T02:33:12.569+0000] {dag.py:3947} INFO - Setting next_dagrun for pipeline_one_off to None, run_after=None
[2026-01-22T02:33:12.680+0000] {processor.py:183} INFO - Processing /opt/airflow/dags/pipeline_one_off.py took 0.269 seconds
[2026-01-22T02:33:43.021+0000] {processor.py:161} INFO - Started process (PID=52331) to work on /opt/airflow/dags/pipeline_one_off.py
[2026-01-22T02:33:43.023+0000] {processor.py:830} INFO - Processing file /opt/airflow/dags/pipeline_one_off.py for tasks to queue
[2026-01-22T02:33:43.025+0000] {logging_mixin.py:188} INFO - [2026-01-22T02:33:43.024+0000] {dagbag.py:545} INFO - Filling up the DagBag from /opt/airflow/dags/pipeline_one_off.py
[2026-01-22T02:33:43.077+0000] {processor.py:840} INFO - DAG(s) 'pipeline_one_off' retrieved from /opt/airflow/dags/pipeline_one_off.py
[2026-01-22T02:33:43.157+0000] {logging_mixin.py:188} INFO - [2026-01-22T02:33:43.156+0000] {dag.py:3089} INFO - Sync 1 DAGs
[2026-01-22T02:33:43.186+0000] {logging_mixin.py:188} INFO - [2026-01-22T02:33:43.185+0000] {dag.py:3947} INFO - Setting next_dagrun for pipeline_one_off to None, run_after=None
[2026-01-22T02:33:43.274+0000] {processor.py:183} INFO - Processing /opt/airflow/dags/pipeline_one_off.py took 0.268 seconds
[2026-01-22T02:34:13.405+0000] {processor.py:161} INFO - Started process (PID=52341) to work on /opt/airflow/dags/pipeline_one_off.py
[2026-01-22T02:34:13.407+0000] {processor.py:830} INFO - Processing file /opt/airflow/dags/pipeline_one_off.py for tasks to queue
[2026-01-22T02:34:13.409+0000] {logging_mixin.py:188} INFO - [2026-01-22T02:34:13.409+0000] {dagbag.py:545} INFO - Filling up the DagBag from /opt/airflow/dags/pipeline_one_off.py
[2026-01-22T02:34:13.448+0000] {processor.py:840} INFO - DAG(s) 'pipeline_one_off' retrieved from /opt/airflow/dags/pipeline_one_off.py
[2026-01-22T02:34:13.516+0000] {logging_mixin.py:188} INFO - [2026-01-22T02:34:13.516+0000] {dag.py:3089} INFO - Sync 1 DAGs
[2026-01-22T02:34:13.541+0000] {logging_mixin.py:188} INFO - [2026-01-22T02:34:13.541+0000] {dag.py:3947} INFO - Setting next_dagrun for pipeline_one_off to None, run_after=None
[2026-01-22T02:34:13.637+0000] {processor.py:183} INFO - Processing /opt/airflow/dags/pipeline_one_off.py took 0.245 seconds
[2026-01-22T02:34:43.995+0000] {processor.py:161} INFO - Started process (PID=52351) to work on /opt/airflow/dags/pipeline_one_off.py
[2026-01-22T02:34:43.998+0000] {processor.py:830} INFO - Processing file /opt/airflow/dags/pipeline_one_off.py for tasks to queue
[2026-01-22T02:34:44.000+0000] {logging_mixin.py:188} INFO - [2026-01-22T02:34:43.999+0000] {dagbag.py:545} INFO - Filling up the DagBag from /opt/airflow/dags/pipeline_one_off.py
[2026-01-22T02:34:44.039+0000] {processor.py:840} INFO - DAG(s) 'pipeline_one_off' retrieved from /opt/airflow/dags/pipeline_one_off.py
[2026-01-22T02:34:44.115+0000] {logging_mixin.py:188} INFO - [2026-01-22T02:34:44.115+0000] {dag.py:3089} INFO - Sync 1 DAGs
[2026-01-22T02:34:44.140+0000] {logging_mixin.py:188} INFO - [2026-01-22T02:34:44.139+0000] {dag.py:3947} INFO - Setting next_dagrun for pipeline_one_off to None, run_after=None
[2026-01-22T02:34:44.190+0000] {processor.py:183} INFO - Processing /opt/airflow/dags/pipeline_one_off.py took 0.210 seconds
[2026-01-22T02:35:14.613+0000] {processor.py:161} INFO - Started process (PID=52361) to work on /opt/airflow/dags/pipeline_one_off.py
[2026-01-22T02:35:14.615+0000] {processor.py:830} INFO - Processing file /opt/airflow/dags/pipeline_one_off.py for tasks to queue
[2026-01-22T02:35:14.617+0000] {logging_mixin.py:188} INFO - [2026-01-22T02:35:14.617+0000] {dagbag.py:545} INFO - Filling up the DagBag from /opt/airflow/dags/pipeline_one_off.py
[2026-01-22T02:35:14.661+0000] {processor.py:840} INFO - DAG(s) 'pipeline_one_off' retrieved from /opt/airflow/dags/pipeline_one_off.py
[2026-01-22T02:35:14.731+0000] {logging_mixin.py:188} INFO - [2026-01-22T02:35:14.731+0000] {dag.py:3089} INFO - Sync 1 DAGs
[2026-01-22T02:35:14.757+0000] {logging_mixin.py:188} INFO - [2026-01-22T02:35:14.756+0000] {dag.py:3947} INFO - Setting next_dagrun for pipeline_one_off to None, run_after=None
[2026-01-22T02:35:14.875+0000] {processor.py:183} INFO - Processing /opt/airflow/dags/pipeline_one_off.py took 0.275 seconds
[2026-01-22T02:35:45.027+0000] {processor.py:161} INFO - Started process (PID=52371) to work on /opt/airflow/dags/pipeline_one_off.py
[2026-01-22T02:35:45.029+0000] {processor.py:830} INFO - Processing file /opt/airflow/dags/pipeline_one_off.py for tasks to queue
[2026-01-22T02:35:45.031+0000] {logging_mixin.py:188} INFO - [2026-01-22T02:35:45.030+0000] {dagbag.py:545} INFO - Filling up the DagBag from /opt/airflow/dags/pipeline_one_off.py
[2026-01-22T02:35:45.073+0000] {processor.py:840} INFO - DAG(s) 'pipeline_one_off' retrieved from /opt/airflow/dags/pipeline_one_off.py
[2026-01-22T02:35:45.148+0000] {logging_mixin.py:188} INFO - [2026-01-22T02:35:45.147+0000] {dag.py:3089} INFO - Sync 1 DAGs
[2026-01-22T02:35:45.172+0000] {logging_mixin.py:188} INFO - [2026-01-22T02:35:45.171+0000] {dag.py:3947} INFO - Setting next_dagrun for pipeline_one_off to None, run_after=None
[2026-01-22T02:35:45.209+0000] {processor.py:183} INFO - Processing /opt/airflow/dags/pipeline_one_off.py took 0.198 seconds
[2026-01-22T02:36:15.794+0000] {processor.py:161} INFO - Started process (PID=52381) to work on /opt/airflow/dags/pipeline_one_off.py
[2026-01-22T02:36:15.797+0000] {processor.py:830} INFO - Processing file /opt/airflow/dags/pipeline_one_off.py for tasks to queue
[2026-01-22T02:36:15.799+0000] {logging_mixin.py:188} INFO - [2026-01-22T02:36:15.798+0000] {dagbag.py:545} INFO - Filling up the DagBag from /opt/airflow/dags/pipeline_one_off.py
[2026-01-22T02:36:15.858+0000] {processor.py:840} INFO - DAG(s) 'pipeline_one_off' retrieved from /opt/airflow/dags/pipeline_one_off.py
[2026-01-22T02:36:15.955+0000] {logging_mixin.py:188} INFO - [2026-01-22T02:36:15.955+0000] {dag.py:3089} INFO - Sync 1 DAGs
[2026-01-22T02:36:15.980+0000] {logging_mixin.py:188} INFO - [2026-01-22T02:36:15.979+0000] {dag.py:3947} INFO - Setting next_dagrun for pipeline_one_off to None, run_after=None
[2026-01-22T02:36:16.022+0000] {processor.py:183} INFO - Processing /opt/airflow/dags/pipeline_one_off.py took 0.262 seconds
[2026-01-22T02:36:46.457+0000] {processor.py:161} INFO - Started process (PID=52391) to work on /opt/airflow/dags/pipeline_one_off.py
[2026-01-22T02:36:46.460+0000] {processor.py:830} INFO - Processing file /opt/airflow/dags/pipeline_one_off.py for tasks to queue
[2026-01-22T02:36:46.462+0000] {logging_mixin.py:188} INFO - [2026-01-22T02:36:46.461+0000] {dagbag.py:545} INFO - Filling up the DagBag from /opt/airflow/dags/pipeline_one_off.py
[2026-01-22T02:36:46.507+0000] {processor.py:840} INFO - DAG(s) 'pipeline_one_off' retrieved from /opt/airflow/dags/pipeline_one_off.py
[2026-01-22T02:36:46.574+0000] {logging_mixin.py:188} INFO - [2026-01-22T02:36:46.573+0000] {dag.py:3089} INFO - Sync 1 DAGs
[2026-01-22T02:36:46.604+0000] {logging_mixin.py:188} INFO - [2026-01-22T02:36:46.604+0000] {dag.py:3947} INFO - Setting next_dagrun for pipeline_one_off to None, run_after=None
[2026-01-22T02:36:46.636+0000] {processor.py:183} INFO - Processing /opt/airflow/dags/pipeline_one_off.py took 0.194 seconds
[2026-01-22T02:37:17.135+0000] {processor.py:161} INFO - Started process (PID=52401) to work on /opt/airflow/dags/pipeline_one_off.py
[2026-01-22T02:37:17.137+0000] {processor.py:830} INFO - Processing file /opt/airflow/dags/pipeline_one_off.py for tasks to queue
[2026-01-22T02:37:17.139+0000] {logging_mixin.py:188} INFO - [2026-01-22T02:37:17.138+0000] {dagbag.py:545} INFO - Filling up the DagBag from /opt/airflow/dags/pipeline_one_off.py
[2026-01-22T02:37:17.184+0000] {processor.py:840} INFO - DAG(s) 'pipeline_one_off' retrieved from /opt/airflow/dags/pipeline_one_off.py
[2026-01-22T02:37:17.257+0000] {logging_mixin.py:188} INFO - [2026-01-22T02:37:17.257+0000] {dag.py:3089} INFO - Sync 1 DAGs
[2026-01-22T02:37:17.278+0000] {logging_mixin.py:188} INFO - [2026-01-22T02:37:17.277+0000] {dag.py:3947} INFO - Setting next_dagrun for pipeline_one_off to None, run_after=None
[2026-01-22T02:37:17.307+0000] {processor.py:183} INFO - Processing /opt/airflow/dags/pipeline_one_off.py took 0.253 seconds
[2026-01-22T02:37:47.726+0000] {processor.py:161} INFO - Started process (PID=52411) to work on /opt/airflow/dags/pipeline_one_off.py
[2026-01-22T02:37:47.729+0000] {processor.py:830} INFO - Processing file /opt/airflow/dags/pipeline_one_off.py for tasks to queue
[2026-01-22T02:37:47.731+0000] {logging_mixin.py:188} INFO - [2026-01-22T02:37:47.730+0000] {dagbag.py:545} INFO - Filling up the DagBag from /opt/airflow/dags/pipeline_one_off.py
[2026-01-22T02:37:47.769+0000] {processor.py:840} INFO - DAG(s) 'pipeline_one_off' retrieved from /opt/airflow/dags/pipeline_one_off.py
[2026-01-22T02:37:47.832+0000] {logging_mixin.py:188} INFO - [2026-01-22T02:37:47.832+0000] {dag.py:3089} INFO - Sync 1 DAGs
[2026-01-22T02:37:47.855+0000] {logging_mixin.py:188} INFO - [2026-01-22T02:37:47.855+0000] {dag.py:3947} INFO - Setting next_dagrun for pipeline_one_off to None, run_after=None
[2026-01-22T02:37:47.924+0000] {processor.py:183} INFO - Processing /opt/airflow/dags/pipeline_one_off.py took 0.213 seconds
[2026-01-22T02:38:18.368+0000] {processor.py:161} INFO - Started process (PID=52421) to work on /opt/airflow/dags/pipeline_one_off.py
[2026-01-22T02:38:18.370+0000] {processor.py:830} INFO - Processing file /opt/airflow/dags/pipeline_one_off.py for tasks to queue
[2026-01-22T02:38:18.372+0000] {logging_mixin.py:188} INFO - [2026-01-22T02:38:18.371+0000] {dagbag.py:545} INFO - Filling up the DagBag from /opt/airflow/dags/pipeline_one_off.py
[2026-01-22T02:38:18.414+0000] {processor.py:840} INFO - DAG(s) 'pipeline_one_off' retrieved from /opt/airflow/dags/pipeline_one_off.py
[2026-01-22T02:38:18.477+0000] {logging_mixin.py:188} INFO - [2026-01-22T02:38:18.477+0000] {dag.py:3089} INFO - Sync 1 DAGs
[2026-01-22T02:38:18.503+0000] {logging_mixin.py:188} INFO - [2026-01-22T02:38:18.502+0000] {dag.py:3947} INFO - Setting next_dagrun for pipeline_one_off to None, run_after=None
[2026-01-22T02:38:18.611+0000] {processor.py:183} INFO - Processing /opt/airflow/dags/pipeline_one_off.py took 0.260 seconds
[2026-01-22T02:38:48.792+0000] {processor.py:161} INFO - Started process (PID=52431) to work on /opt/airflow/dags/pipeline_one_off.py
[2026-01-22T02:38:48.799+0000] {processor.py:830} INFO - Processing file /opt/airflow/dags/pipeline_one_off.py for tasks to queue
[2026-01-22T02:38:48.802+0000] {logging_mixin.py:188} INFO - [2026-01-22T02:38:48.801+0000] {dagbag.py:545} INFO - Filling up the DagBag from /opt/airflow/dags/pipeline_one_off.py
[2026-01-22T02:38:48.841+0000] {processor.py:840} INFO - DAG(s) 'pipeline_one_off' retrieved from /opt/airflow/dags/pipeline_one_off.py
[2026-01-22T02:38:48.905+0000] {logging_mixin.py:188} INFO - [2026-01-22T02:38:48.904+0000] {dag.py:3089} INFO - Sync 1 DAGs
[2026-01-22T02:38:48.930+0000] {logging_mixin.py:188} INFO - [2026-01-22T02:38:48.929+0000] {dag.py:3947} INFO - Setting next_dagrun for pipeline_one_off to None, run_after=None
[2026-01-22T02:38:49.035+0000] {processor.py:183} INFO - Processing /opt/airflow/dags/pipeline_one_off.py took 0.258 seconds
[2026-01-22T02:39:19.328+0000] {processor.py:161} INFO - Started process (PID=52441) to work on /opt/airflow/dags/pipeline_one_off.py
[2026-01-22T02:39:19.330+0000] {processor.py:830} INFO - Processing file /opt/airflow/dags/pipeline_one_off.py for tasks to queue
[2026-01-22T02:39:19.332+0000] {logging_mixin.py:188} INFO - [2026-01-22T02:39:19.332+0000] {dagbag.py:545} INFO - Filling up the DagBag from /opt/airflow/dags/pipeline_one_off.py
[2026-01-22T02:39:19.388+0000] {processor.py:840} INFO - DAG(s) 'pipeline_one_off' retrieved from /opt/airflow/dags/pipeline_one_off.py
[2026-01-22T02:39:19.474+0000] {logging_mixin.py:188} INFO - [2026-01-22T02:39:19.473+0000] {dag.py:3089} INFO - Sync 1 DAGs
[2026-01-22T02:39:19.497+0000] {logging_mixin.py:188} INFO - [2026-01-22T02:39:19.497+0000] {dag.py:3947} INFO - Setting next_dagrun for pipeline_one_off to None, run_after=None
[2026-01-22T02:39:19.535+0000] {processor.py:183} INFO - Processing /opt/airflow/dags/pipeline_one_off.py took 0.221 seconds
[2026-01-22T02:39:49.978+0000] {processor.py:161} INFO - Started process (PID=52451) to work on /opt/airflow/dags/pipeline_one_off.py
[2026-01-22T02:39:49.981+0000] {processor.py:830} INFO - Processing file /opt/airflow/dags/pipeline_one_off.py for tasks to queue
[2026-01-22T02:39:49.982+0000] {logging_mixin.py:188} INFO - [2026-01-22T02:39:49.982+0000] {dagbag.py:545} INFO - Filling up the DagBag from /opt/airflow/dags/pipeline_one_off.py
[2026-01-22T02:39:50.020+0000] {processor.py:840} INFO - DAG(s) 'pipeline_one_off' retrieved from /opt/airflow/dags/pipeline_one_off.py
[2026-01-22T02:39:50.085+0000] {logging_mixin.py:188} INFO - [2026-01-22T02:39:50.085+0000] {dag.py:3089} INFO - Sync 1 DAGs
[2026-01-22T02:39:50.123+0000] {logging_mixin.py:188} INFO - [2026-01-22T02:39:50.122+0000] {dag.py:3947} INFO - Setting next_dagrun for pipeline_one_off to None, run_after=None
[2026-01-22T02:39:50.161+0000] {processor.py:183} INFO - Processing /opt/airflow/dags/pipeline_one_off.py took 0.196 seconds
[2026-01-22T02:40:20.577+0000] {processor.py:161} INFO - Started process (PID=52461) to work on /opt/airflow/dags/pipeline_one_off.py
[2026-01-22T02:40:20.579+0000] {processor.py:830} INFO - Processing file /opt/airflow/dags/pipeline_one_off.py for tasks to queue
[2026-01-22T02:40:20.581+0000] {logging_mixin.py:188} INFO - [2026-01-22T02:40:20.580+0000] {dagbag.py:545} INFO - Filling up the DagBag from /opt/airflow/dags/pipeline_one_off.py
[2026-01-22T02:40:20.631+0000] {processor.py:840} INFO - DAG(s) 'pipeline_one_off' retrieved from /opt/airflow/dags/pipeline_one_off.py
[2026-01-22T02:40:20.719+0000] {logging_mixin.py:188} INFO - [2026-01-22T02:40:20.719+0000] {dag.py:3089} INFO - Sync 1 DAGs
[2026-01-22T02:40:20.750+0000] {logging_mixin.py:188} INFO - [2026-01-22T02:40:20.749+0000] {dag.py:3947} INFO - Setting next_dagrun for pipeline_one_off to None, run_after=None
[2026-01-22T02:40:20.789+0000] {processor.py:183} INFO - Processing /opt/airflow/dags/pipeline_one_off.py took 0.227 seconds
[2026-01-22T02:40:51.273+0000] {processor.py:161} INFO - Started process (PID=52471) to work on /opt/airflow/dags/pipeline_one_off.py
[2026-01-22T02:40:51.275+0000] {processor.py:830} INFO - Processing file /opt/airflow/dags/pipeline_one_off.py for tasks to queue
[2026-01-22T02:40:51.277+0000] {logging_mixin.py:188} INFO - [2026-01-22T02:40:51.276+0000] {dagbag.py:545} INFO - Filling up the DagBag from /opt/airflow/dags/pipeline_one_off.py
[2026-01-22T02:40:51.316+0000] {processor.py:840} INFO - DAG(s) 'pipeline_one_off' retrieved from /opt/airflow/dags/pipeline_one_off.py
[2026-01-22T02:40:51.389+0000] {logging_mixin.py:188} INFO - [2026-01-22T02:40:51.388+0000] {dag.py:3089} INFO - Sync 1 DAGs
[2026-01-22T02:40:51.458+0000] {logging_mixin.py:188} INFO - [2026-01-22T02:40:51.457+0000] {dag.py:3947} INFO - Setting next_dagrun for pipeline_one_off to None, run_after=None
[2026-01-22T02:40:51.497+0000] {processor.py:183} INFO - Processing /opt/airflow/dags/pipeline_one_off.py took 0.238 seconds
[2026-01-22T02:41:21.925+0000] {processor.py:161} INFO - Started process (PID=52481) to work on /opt/airflow/dags/pipeline_one_off.py
[2026-01-22T02:41:21.927+0000] {processor.py:830} INFO - Processing file /opt/airflow/dags/pipeline_one_off.py for tasks to queue
[2026-01-22T02:41:21.929+0000] {logging_mixin.py:188} INFO - [2026-01-22T02:41:21.928+0000] {dagbag.py:545} INFO - Filling up the DagBag from /opt/airflow/dags/pipeline_one_off.py
[2026-01-22T02:41:21.978+0000] {processor.py:840} INFO - DAG(s) 'pipeline_one_off' retrieved from /opt/airflow/dags/pipeline_one_off.py
[2026-01-22T02:41:22.061+0000] {logging_mixin.py:188} INFO - [2026-01-22T02:41:22.060+0000] {dag.py:3089} INFO - Sync 1 DAGs
[2026-01-22T02:41:22.083+0000] {logging_mixin.py:188} INFO - [2026-01-22T02:41:22.083+0000] {dag.py:3947} INFO - Setting next_dagrun for pipeline_one_off to None, run_after=None
[2026-01-22T02:41:22.118+0000] {processor.py:183} INFO - Processing /opt/airflow/dags/pipeline_one_off.py took 0.209 seconds
[2026-01-22T02:41:52.517+0000] {processor.py:161} INFO - Started process (PID=52491) to work on /opt/airflow/dags/pipeline_one_off.py
[2026-01-22T02:41:52.519+0000] {processor.py:830} INFO - Processing file /opt/airflow/dags/pipeline_one_off.py for tasks to queue
[2026-01-22T02:41:52.521+0000] {logging_mixin.py:188} INFO - [2026-01-22T02:41:52.520+0000] {dagbag.py:545} INFO - Filling up the DagBag from /opt/airflow/dags/pipeline_one_off.py
[2026-01-22T02:41:52.556+0000] {processor.py:840} INFO - DAG(s) 'pipeline_one_off' retrieved from /opt/airflow/dags/pipeline_one_off.py
[2026-01-22T02:41:52.624+0000] {logging_mixin.py:188} INFO - [2026-01-22T02:41:52.624+0000] {dag.py:3089} INFO - Sync 1 DAGs
[2026-01-22T02:41:52.648+0000] {logging_mixin.py:188} INFO - [2026-01-22T02:41:52.648+0000] {dag.py:3947} INFO - Setting next_dagrun for pipeline_one_off to None, run_after=None
[2026-01-22T02:41:52.754+0000] {processor.py:183} INFO - Processing /opt/airflow/dags/pipeline_one_off.py took 0.252 seconds
[2026-01-22T02:42:22.976+0000] {processor.py:161} INFO - Started process (PID=52501) to work on /opt/airflow/dags/pipeline_one_off.py
[2026-01-22T02:42:22.978+0000] {processor.py:830} INFO - Processing file /opt/airflow/dags/pipeline_one_off.py for tasks to queue
[2026-01-22T02:42:22.980+0000] {logging_mixin.py:188} INFO - [2026-01-22T02:42:22.979+0000] {dagbag.py:545} INFO - Filling up the DagBag from /opt/airflow/dags/pipeline_one_off.py
[2026-01-22T02:42:23.033+0000] {processor.py:840} INFO - DAG(s) 'pipeline_one_off' retrieved from /opt/airflow/dags/pipeline_one_off.py
[2026-01-22T02:42:23.120+0000] {logging_mixin.py:188} INFO - [2026-01-22T02:42:23.119+0000] {dag.py:3089} INFO - Sync 1 DAGs
[2026-01-22T02:42:23.147+0000] {logging_mixin.py:188} INFO - [2026-01-22T02:42:23.146+0000] {dag.py:3947} INFO - Setting next_dagrun for pipeline_one_off to None, run_after=None
[2026-01-22T02:42:23.184+0000] {processor.py:183} INFO - Processing /opt/airflow/dags/pipeline_one_off.py took 0.286 seconds
[2026-01-22T02:42:53.594+0000] {processor.py:161} INFO - Started process (PID=52511) to work on /opt/airflow/dags/pipeline_one_off.py
[2026-01-22T02:42:53.596+0000] {processor.py:830} INFO - Processing file /opt/airflow/dags/pipeline_one_off.py for tasks to queue
[2026-01-22T02:42:53.598+0000] {logging_mixin.py:188} INFO - [2026-01-22T02:42:53.598+0000] {dagbag.py:545} INFO - Filling up the DagBag from /opt/airflow/dags/pipeline_one_off.py
[2026-01-22T02:42:53.635+0000] {processor.py:840} INFO - DAG(s) 'pipeline_one_off' retrieved from /opt/airflow/dags/pipeline_one_off.py
[2026-01-22T02:42:53.707+0000] {logging_mixin.py:188} INFO - [2026-01-22T02:42:53.706+0000] {dag.py:3089} INFO - Sync 1 DAGs
[2026-01-22T02:42:53.732+0000] {logging_mixin.py:188} INFO - [2026-01-22T02:42:53.732+0000] {dag.py:3947} INFO - Setting next_dagrun for pipeline_one_off to None, run_after=None
[2026-01-22T02:42:53.839+0000] {processor.py:183} INFO - Processing /opt/airflow/dags/pipeline_one_off.py took 0.259 seconds
[2026-01-22T02:43:24.041+0000] {processor.py:161} INFO - Started process (PID=52521) to work on /opt/airflow/dags/pipeline_one_off.py
[2026-01-22T02:43:24.045+0000] {processor.py:830} INFO - Processing file /opt/airflow/dags/pipeline_one_off.py for tasks to queue
[2026-01-22T02:43:24.048+0000] {logging_mixin.py:188} INFO - [2026-01-22T02:43:24.047+0000] {dagbag.py:545} INFO - Filling up the DagBag from /opt/airflow/dags/pipeline_one_off.py
[2026-01-22T02:43:24.106+0000] {processor.py:840} INFO - DAG(s) 'pipeline_one_off' retrieved from /opt/airflow/dags/pipeline_one_off.py
[2026-01-22T02:43:24.195+0000] {logging_mixin.py:188} INFO - [2026-01-22T02:43:24.195+0000] {dag.py:3089} INFO - Sync 1 DAGs
[2026-01-22T02:43:24.217+0000] {logging_mixin.py:188} INFO - [2026-01-22T02:43:24.217+0000] {dag.py:3947} INFO - Setting next_dagrun for pipeline_one_off to None, run_after=None
[2026-01-22T02:43:24.256+0000] {processor.py:183} INFO - Processing /opt/airflow/dags/pipeline_one_off.py took 0.298 seconds
[2026-01-22T02:43:54.665+0000] {processor.py:161} INFO - Started process (PID=52531) to work on /opt/airflow/dags/pipeline_one_off.py
[2026-01-22T02:43:54.667+0000] {processor.py:830} INFO - Processing file /opt/airflow/dags/pipeline_one_off.py for tasks to queue
[2026-01-22T02:43:54.669+0000] {logging_mixin.py:188} INFO - [2026-01-22T02:43:54.669+0000] {dagbag.py:545} INFO - Filling up the DagBag from /opt/airflow/dags/pipeline_one_off.py
[2026-01-22T02:43:54.710+0000] {processor.py:840} INFO - DAG(s) 'pipeline_one_off' retrieved from /opt/airflow/dags/pipeline_one_off.py
[2026-01-22T02:43:54.773+0000] {logging_mixin.py:188} INFO - [2026-01-22T02:43:54.773+0000] {dag.py:3089} INFO - Sync 1 DAGs
[2026-01-22T02:43:54.798+0000] {logging_mixin.py:188} INFO - [2026-01-22T02:43:54.797+0000] {dag.py:3947} INFO - Setting next_dagrun for pipeline_one_off to None, run_after=None
[2026-01-22T02:43:54.900+0000] {processor.py:183} INFO - Processing /opt/airflow/dags/pipeline_one_off.py took 0.248 seconds
[2026-01-22T02:44:25.121+0000] {processor.py:161} INFO - Started process (PID=52541) to work on /opt/airflow/dags/pipeline_one_off.py
[2026-01-22T02:44:25.124+0000] {processor.py:830} INFO - Processing file /opt/airflow/dags/pipeline_one_off.py for tasks to queue
[2026-01-22T02:44:25.125+0000] {logging_mixin.py:188} INFO - [2026-01-22T02:44:25.125+0000] {dagbag.py:545} INFO - Filling up the DagBag from /opt/airflow/dags/pipeline_one_off.py
[2026-01-22T02:44:25.178+0000] {processor.py:840} INFO - DAG(s) 'pipeline_one_off' retrieved from /opt/airflow/dags/pipeline_one_off.py
[2026-01-22T02:44:25.259+0000] {logging_mixin.py:188} INFO - [2026-01-22T02:44:25.259+0000] {dag.py:3089} INFO - Sync 1 DAGs
[2026-01-22T02:44:25.282+0000] {logging_mixin.py:188} INFO - [2026-01-22T02:44:25.282+0000] {dag.py:3947} INFO - Setting next_dagrun for pipeline_one_off to None, run_after=None
[2026-01-22T02:44:25.317+0000] {processor.py:183} INFO - Processing /opt/airflow/dags/pipeline_one_off.py took 0.277 seconds
[2026-01-22T02:44:55.729+0000] {processor.py:161} INFO - Started process (PID=52551) to work on /opt/airflow/dags/pipeline_one_off.py
[2026-01-22T02:44:55.732+0000] {processor.py:830} INFO - Processing file /opt/airflow/dags/pipeline_one_off.py for tasks to queue
[2026-01-22T02:44:55.734+0000] {logging_mixin.py:188} INFO - [2026-01-22T02:44:55.733+0000] {dagbag.py:545} INFO - Filling up the DagBag from /opt/airflow/dags/pipeline_one_off.py
[2026-01-22T02:44:55.771+0000] {processor.py:840} INFO - DAG(s) 'pipeline_one_off' retrieved from /opt/airflow/dags/pipeline_one_off.py
[2026-01-22T02:44:55.842+0000] {logging_mixin.py:188} INFO - [2026-01-22T02:44:55.841+0000] {dag.py:3089} INFO - Sync 1 DAGs
[2026-01-22T02:44:55.865+0000] {logging_mixin.py:188} INFO - [2026-01-22T02:44:55.865+0000] {dag.py:3947} INFO - Setting next_dagrun for pipeline_one_off to None, run_after=None
[2026-01-22T02:44:55.975+0000] {processor.py:183} INFO - Processing /opt/airflow/dags/pipeline_one_off.py took 0.258 seconds
[2026-01-22T02:45:26.179+0000] {processor.py:161} INFO - Started process (PID=52561) to work on /opt/airflow/dags/pipeline_one_off.py
[2026-01-22T02:45:26.182+0000] {processor.py:830} INFO - Processing file /opt/airflow/dags/pipeline_one_off.py for tasks to queue
[2026-01-22T02:45:26.183+0000] {logging_mixin.py:188} INFO - [2026-01-22T02:45:26.183+0000] {dagbag.py:545} INFO - Filling up the DagBag from /opt/airflow/dags/pipeline_one_off.py
[2026-01-22T02:45:26.232+0000] {processor.py:840} INFO - DAG(s) 'pipeline_one_off' retrieved from /opt/airflow/dags/pipeline_one_off.py
[2026-01-22T02:45:26.322+0000] {logging_mixin.py:188} INFO - [2026-01-22T02:45:26.322+0000] {dag.py:3089} INFO - Sync 1 DAGs
[2026-01-22T02:45:26.346+0000] {logging_mixin.py:188} INFO - [2026-01-22T02:45:26.345+0000] {dag.py:3947} INFO - Setting next_dagrun for pipeline_one_off to None, run_after=None
[2026-01-22T02:45:26.387+0000] {processor.py:183} INFO - Processing /opt/airflow/dags/pipeline_one_off.py took 0.287 seconds
[2026-01-22T02:45:56.890+0000] {processor.py:161} INFO - Started process (PID=52571) to work on /opt/airflow/dags/pipeline_one_off.py
[2026-01-22T02:45:56.892+0000] {processor.py:830} INFO - Processing file /opt/airflow/dags/pipeline_one_off.py for tasks to queue
[2026-01-22T02:45:56.894+0000] {logging_mixin.py:188} INFO - [2026-01-22T02:45:56.893+0000] {dagbag.py:545} INFO - Filling up the DagBag from /opt/airflow/dags/pipeline_one_off.py
[2026-01-22T02:45:56.930+0000] {processor.py:840} INFO - DAG(s) 'pipeline_one_off' retrieved from /opt/airflow/dags/pipeline_one_off.py
[2026-01-22T02:45:56.998+0000] {logging_mixin.py:188} INFO - [2026-01-22T02:45:56.997+0000] {dag.py:3089} INFO - Sync 1 DAGs
[2026-01-22T02:45:57.024+0000] {logging_mixin.py:188} INFO - [2026-01-22T02:45:57.024+0000] {dag.py:3947} INFO - Setting next_dagrun for pipeline_one_off to None, run_after=None
[2026-01-22T02:45:57.130+0000] {processor.py:183} INFO - Processing /opt/airflow/dags/pipeline_one_off.py took 0.254 seconds
[2026-01-22T02:46:27.270+0000] {processor.py:161} INFO - Started process (PID=52581) to work on /opt/airflow/dags/pipeline_one_off.py
[2026-01-22T02:46:27.272+0000] {processor.py:830} INFO - Processing file /opt/airflow/dags/pipeline_one_off.py for tasks to queue
[2026-01-22T02:46:27.274+0000] {logging_mixin.py:188} INFO - [2026-01-22T02:46:27.273+0000] {dagbag.py:545} INFO - Filling up the DagBag from /opt/airflow/dags/pipeline_one_off.py
[2026-01-22T02:46:27.323+0000] {processor.py:840} INFO - DAG(s) 'pipeline_one_off' retrieved from /opt/airflow/dags/pipeline_one_off.py
[2026-01-22T02:46:27.405+0000] {logging_mixin.py:188} INFO - [2026-01-22T02:46:27.405+0000] {dag.py:3089} INFO - Sync 1 DAGs
[2026-01-22T02:46:27.428+0000] {logging_mixin.py:188} INFO - [2026-01-22T02:46:27.428+0000] {dag.py:3947} INFO - Setting next_dagrun for pipeline_one_off to None, run_after=None
[2026-01-22T02:46:27.462+0000] {processor.py:183} INFO - Processing /opt/airflow/dags/pipeline_one_off.py took 0.206 seconds
[2026-01-22T02:46:57.894+0000] {processor.py:161} INFO - Started process (PID=52591) to work on /opt/airflow/dags/pipeline_one_off.py
[2026-01-22T02:46:57.897+0000] {processor.py:830} INFO - Processing file /opt/airflow/dags/pipeline_one_off.py for tasks to queue
[2026-01-22T02:46:57.902+0000] {logging_mixin.py:188} INFO - [2026-01-22T02:46:57.901+0000] {dagbag.py:545} INFO - Filling up the DagBag from /opt/airflow/dags/pipeline_one_off.py
[2026-01-22T02:46:57.939+0000] {processor.py:840} INFO - DAG(s) 'pipeline_one_off' retrieved from /opt/airflow/dags/pipeline_one_off.py
[2026-01-22T02:46:58.011+0000] {logging_mixin.py:188} INFO - [2026-01-22T02:46:58.011+0000] {dag.py:3089} INFO - Sync 1 DAGs
[2026-01-22T02:46:58.036+0000] {logging_mixin.py:188} INFO - [2026-01-22T02:46:58.035+0000] {dag.py:3947} INFO - Setting next_dagrun for pipeline_one_off to None, run_after=None
[2026-01-22T02:46:58.072+0000] {processor.py:183} INFO - Processing /opt/airflow/dags/pipeline_one_off.py took 0.190 seconds
[2026-01-22T02:47:28.608+0000] {processor.py:161} INFO - Started process (PID=52601) to work on /opt/airflow/dags/pipeline_one_off.py
[2026-01-22T02:47:28.612+0000] {processor.py:830} INFO - Processing file /opt/airflow/dags/pipeline_one_off.py for tasks to queue
[2026-01-22T02:47:28.614+0000] {logging_mixin.py:188} INFO - [2026-01-22T02:47:28.613+0000] {dagbag.py:545} INFO - Filling up the DagBag from /opt/airflow/dags/pipeline_one_off.py
[2026-01-22T02:47:28.671+0000] {processor.py:840} INFO - DAG(s) 'pipeline_one_off' retrieved from /opt/airflow/dags/pipeline_one_off.py
[2026-01-22T02:47:28.755+0000] {logging_mixin.py:188} INFO - [2026-01-22T02:47:28.755+0000] {dag.py:3089} INFO - Sync 1 DAGs
[2026-01-22T02:47:28.778+0000] {logging_mixin.py:188} INFO - [2026-01-22T02:47:28.778+0000] {dag.py:3947} INFO - Setting next_dagrun for pipeline_one_off to None, run_after=None
[2026-01-22T02:47:28.816+0000] {processor.py:183} INFO - Processing /opt/airflow/dags/pipeline_one_off.py took 0.290 seconds
[2026-01-22T02:47:59.249+0000] {processor.py:161} INFO - Started process (PID=52611) to work on /opt/airflow/dags/pipeline_one_off.py
[2026-01-22T02:47:59.252+0000] {processor.py:830} INFO - Processing file /opt/airflow/dags/pipeline_one_off.py for tasks to queue
[2026-01-22T02:47:59.254+0000] {logging_mixin.py:188} INFO - [2026-01-22T02:47:59.253+0000] {dagbag.py:545} INFO - Filling up the DagBag from /opt/airflow/dags/pipeline_one_off.py
[2026-01-22T02:47:59.298+0000] {processor.py:840} INFO - DAG(s) 'pipeline_one_off' retrieved from /opt/airflow/dags/pipeline_one_off.py
[2026-01-22T02:47:59.370+0000] {logging_mixin.py:188} INFO - [2026-01-22T02:47:59.370+0000] {dag.py:3089} INFO - Sync 1 DAGs
[2026-01-22T02:47:59.397+0000] {logging_mixin.py:188} INFO - [2026-01-22T02:47:59.396+0000] {dag.py:3947} INFO - Setting next_dagrun for pipeline_one_off to None, run_after=None
[2026-01-22T02:47:59.442+0000] {processor.py:183} INFO - Processing /opt/airflow/dags/pipeline_one_off.py took 0.211 seconds
[2026-01-22T02:48:29.888+0000] {processor.py:161} INFO - Started process (PID=52621) to work on /opt/airflow/dags/pipeline_one_off.py
[2026-01-22T02:48:29.890+0000] {processor.py:830} INFO - Processing file /opt/airflow/dags/pipeline_one_off.py for tasks to queue
[2026-01-22T02:48:29.892+0000] {logging_mixin.py:188} INFO - [2026-01-22T02:48:29.891+0000] {dagbag.py:545} INFO - Filling up the DagBag from /opt/airflow/dags/pipeline_one_off.py
[2026-01-22T02:48:29.931+0000] {processor.py:840} INFO - DAG(s) 'pipeline_one_off' retrieved from /opt/airflow/dags/pipeline_one_off.py
[2026-01-22T02:48:29.997+0000] {logging_mixin.py:188} INFO - [2026-01-22T02:48:29.997+0000] {dag.py:3089} INFO - Sync 1 DAGs
[2026-01-22T02:48:30.020+0000] {logging_mixin.py:188} INFO - [2026-01-22T02:48:30.020+0000] {dag.py:3947} INFO - Setting next_dagrun for pipeline_one_off to None, run_after=None
[2026-01-22T02:48:30.072+0000] {processor.py:183} INFO - Processing /opt/airflow/dags/pipeline_one_off.py took 0.196 seconds
[2026-01-22T02:49:00.489+0000] {processor.py:161} INFO - Started process (PID=52631) to work on /opt/airflow/dags/pipeline_one_off.py
[2026-01-22T02:49:00.491+0000] {processor.py:830} INFO - Processing file /opt/airflow/dags/pipeline_one_off.py for tasks to queue
[2026-01-22T02:49:00.492+0000] {logging_mixin.py:188} INFO - [2026-01-22T02:49:00.492+0000] {dagbag.py:545} INFO - Filling up the DagBag from /opt/airflow/dags/pipeline_one_off.py
[2026-01-22T02:49:00.539+0000] {processor.py:840} INFO - DAG(s) 'pipeline_one_off' retrieved from /opt/airflow/dags/pipeline_one_off.py
[2026-01-22T02:49:00.614+0000] {logging_mixin.py:188} INFO - [2026-01-22T02:49:00.613+0000] {dag.py:3089} INFO - Sync 1 DAGs
[2026-01-22T02:49:00.647+0000] {logging_mixin.py:188} INFO - [2026-01-22T02:49:00.646+0000] {dag.py:3947} INFO - Setting next_dagrun for pipeline_one_off to None, run_after=None
[2026-01-22T02:49:00.686+0000] {processor.py:183} INFO - Processing /opt/airflow/dags/pipeline_one_off.py took 0.213 seconds
[2026-01-22T02:49:31.162+0000] {processor.py:161} INFO - Started process (PID=52641) to work on /opt/airflow/dags/pipeline_one_off.py
[2026-01-22T02:49:31.164+0000] {processor.py:830} INFO - Processing file /opt/airflow/dags/pipeline_one_off.py for tasks to queue
[2026-01-22T02:49:31.166+0000] {logging_mixin.py:188} INFO - [2026-01-22T02:49:31.166+0000] {dagbag.py:545} INFO - Filling up the DagBag from /opt/airflow/dags/pipeline_one_off.py
[2026-01-22T02:49:31.222+0000] {processor.py:840} INFO - DAG(s) 'pipeline_one_off' retrieved from /opt/airflow/dags/pipeline_one_off.py
[2026-01-22T02:49:31.309+0000] {logging_mixin.py:188} INFO - [2026-01-22T02:49:31.309+0000] {dag.py:3089} INFO - Sync 1 DAGs
[2026-01-22T02:49:31.340+0000] {logging_mixin.py:188} INFO - [2026-01-22T02:49:31.339+0000] {dag.py:3947} INFO - Setting next_dagrun for pipeline_one_off to None, run_after=None
[2026-01-22T02:49:31.382+0000] {processor.py:183} INFO - Processing /opt/airflow/dags/pipeline_one_off.py took 0.304 seconds
[2026-01-22T02:50:01.801+0000] {processor.py:161} INFO - Started process (PID=52651) to work on /opt/airflow/dags/pipeline_one_off.py
[2026-01-22T02:50:01.804+0000] {processor.py:830} INFO - Processing file /opt/airflow/dags/pipeline_one_off.py for tasks to queue
[2026-01-22T02:50:01.806+0000] {logging_mixin.py:188} INFO - [2026-01-22T02:50:01.805+0000] {dagbag.py:545} INFO - Filling up the DagBag from /opt/airflow/dags/pipeline_one_off.py
[2026-01-22T02:50:01.844+0000] {processor.py:840} INFO - DAG(s) 'pipeline_one_off' retrieved from /opt/airflow/dags/pipeline_one_off.py
[2026-01-22T02:50:01.918+0000] {logging_mixin.py:188} INFO - [2026-01-22T02:50:01.917+0000] {dag.py:3089} INFO - Sync 1 DAGs
[2026-01-22T02:50:01.941+0000] {logging_mixin.py:188} INFO - [2026-01-22T02:50:01.941+0000] {dag.py:3947} INFO - Setting next_dagrun for pipeline_one_off to None, run_after=None
[2026-01-22T02:50:01.976+0000] {processor.py:183} INFO - Processing /opt/airflow/dags/pipeline_one_off.py took 0.189 seconds
[2026-01-22T02:50:32.489+0000] {processor.py:161} INFO - Started process (PID=52661) to work on /opt/airflow/dags/pipeline_one_off.py
[2026-01-22T02:50:32.491+0000] {processor.py:830} INFO - Processing file /opt/airflow/dags/pipeline_one_off.py for tasks to queue
[2026-01-22T02:50:32.493+0000] {logging_mixin.py:188} INFO - [2026-01-22T02:50:32.493+0000] {dagbag.py:545} INFO - Filling up the DagBag from /opt/airflow/dags/pipeline_one_off.py
[2026-01-22T02:50:32.547+0000] {processor.py:840} INFO - DAG(s) 'pipeline_one_off' retrieved from /opt/airflow/dags/pipeline_one_off.py
[2026-01-22T02:50:32.640+0000] {logging_mixin.py:188} INFO - [2026-01-22T02:50:32.640+0000] {dag.py:3089} INFO - Sync 1 DAGs
[2026-01-22T02:50:32.666+0000] {logging_mixin.py:188} INFO - [2026-01-22T02:50:32.666+0000] {dag.py:3947} INFO - Setting next_dagrun for pipeline_one_off to None, run_after=None
[2026-01-22T02:50:32.702+0000] {processor.py:183} INFO - Processing /opt/airflow/dags/pipeline_one_off.py took 0.292 seconds
[2026-01-22T02:51:03.191+0000] {processor.py:161} INFO - Started process (PID=52671) to work on /opt/airflow/dags/pipeline_one_off.py
[2026-01-22T02:51:03.193+0000] {processor.py:830} INFO - Processing file /opt/airflow/dags/pipeline_one_off.py for tasks to queue
[2026-01-22T02:51:03.196+0000] {logging_mixin.py:188} INFO - [2026-01-22T02:51:03.195+0000] {dagbag.py:545} INFO - Filling up the DagBag from /opt/airflow/dags/pipeline_one_off.py
[2026-01-22T02:51:03.233+0000] {processor.py:840} INFO - DAG(s) 'pipeline_one_off' retrieved from /opt/airflow/dags/pipeline_one_off.py
[2026-01-22T02:51:03.310+0000] {logging_mixin.py:188} INFO - [2026-01-22T02:51:03.310+0000] {dag.py:3089} INFO - Sync 1 DAGs
[2026-01-22T02:51:03.335+0000] {logging_mixin.py:188} INFO - [2026-01-22T02:51:03.335+0000] {dag.py:3947} INFO - Setting next_dagrun for pipeline_one_off to None, run_after=None
[2026-01-22T02:51:03.451+0000] {processor.py:183} INFO - Processing /opt/airflow/dags/pipeline_one_off.py took 0.273 seconds
[2026-01-22T02:51:33.656+0000] {processor.py:161} INFO - Started process (PID=52681) to work on /opt/airflow/dags/pipeline_one_off.py
[2026-01-22T02:51:33.658+0000] {processor.py:830} INFO - Processing file /opt/airflow/dags/pipeline_one_off.py for tasks to queue
[2026-01-22T02:51:33.660+0000] {logging_mixin.py:188} INFO - [2026-01-22T02:51:33.659+0000] {dagbag.py:545} INFO - Filling up the DagBag from /opt/airflow/dags/pipeline_one_off.py
[2026-01-22T02:51:33.711+0000] {processor.py:840} INFO - DAG(s) 'pipeline_one_off' retrieved from /opt/airflow/dags/pipeline_one_off.py
[2026-01-22T02:51:33.796+0000] {logging_mixin.py:188} INFO - [2026-01-22T02:51:33.796+0000] {dag.py:3089} INFO - Sync 1 DAGs
[2026-01-22T02:51:33.822+0000] {logging_mixin.py:188} INFO - [2026-01-22T02:51:33.821+0000] {dag.py:3947} INFO - Setting next_dagrun for pipeline_one_off to None, run_after=None
[2026-01-22T02:51:33.857+0000] {processor.py:183} INFO - Processing /opt/airflow/dags/pipeline_one_off.py took 0.284 seconds
[2026-01-22T02:52:04.260+0000] {processor.py:161} INFO - Started process (PID=52691) to work on /opt/airflow/dags/pipeline_one_off.py
[2026-01-22T02:52:04.262+0000] {processor.py:830} INFO - Processing file /opt/airflow/dags/pipeline_one_off.py for tasks to queue
[2026-01-22T02:52:04.264+0000] {logging_mixin.py:188} INFO - [2026-01-22T02:52:04.264+0000] {dagbag.py:545} INFO - Filling up the DagBag from /opt/airflow/dags/pipeline_one_off.py
[2026-01-22T02:52:04.299+0000] {processor.py:840} INFO - DAG(s) 'pipeline_one_off' retrieved from /opt/airflow/dags/pipeline_one_off.py
[2026-01-22T02:52:04.371+0000] {logging_mixin.py:188} INFO - [2026-01-22T02:52:04.371+0000] {dag.py:3089} INFO - Sync 1 DAGs
[2026-01-22T02:52:04.398+0000] {logging_mixin.py:188} INFO - [2026-01-22T02:52:04.397+0000] {dag.py:3947} INFO - Setting next_dagrun for pipeline_one_off to None, run_after=None
[2026-01-22T02:52:04.445+0000] {processor.py:183} INFO - Processing /opt/airflow/dags/pipeline_one_off.py took 0.198 seconds
[2026-01-22T02:52:34.933+0000] {processor.py:161} INFO - Started process (PID=52701) to work on /opt/airflow/dags/pipeline_one_off.py
[2026-01-22T02:52:34.936+0000] {processor.py:830} INFO - Processing file /opt/airflow/dags/pipeline_one_off.py for tasks to queue
[2026-01-22T02:52:34.940+0000] {logging_mixin.py:188} INFO - [2026-01-22T02:52:34.939+0000] {dagbag.py:545} INFO - Filling up the DagBag from /opt/airflow/dags/pipeline_one_off.py
[2026-01-22T02:52:34.990+0000] {processor.py:840} INFO - DAG(s) 'pipeline_one_off' retrieved from /opt/airflow/dags/pipeline_one_off.py
[2026-01-22T02:52:35.074+0000] {logging_mixin.py:188} INFO - [2026-01-22T02:52:35.074+0000] {dag.py:3089} INFO - Sync 1 DAGs
[2026-01-22T02:52:35.116+0000] {logging_mixin.py:188} INFO - [2026-01-22T02:52:35.115+0000] {dag.py:3947} INFO - Setting next_dagrun for pipeline_one_off to None, run_after=None
[2026-01-22T02:52:35.159+0000] {processor.py:183} INFO - Processing /opt/airflow/dags/pipeline_one_off.py took 0.306 seconds
[2026-01-22T02:53:05.613+0000] {processor.py:161} INFO - Started process (PID=52711) to work on /opt/airflow/dags/pipeline_one_off.py
[2026-01-22T02:53:05.616+0000] {processor.py:830} INFO - Processing file /opt/airflow/dags/pipeline_one_off.py for tasks to queue
[2026-01-22T02:53:05.618+0000] {logging_mixin.py:188} INFO - [2026-01-22T02:53:05.617+0000] {dagbag.py:545} INFO - Filling up the DagBag from /opt/airflow/dags/pipeline_one_off.py
[2026-01-22T02:53:05.657+0000] {processor.py:840} INFO - DAG(s) 'pipeline_one_off' retrieved from /opt/airflow/dags/pipeline_one_off.py
[2026-01-22T02:53:05.728+0000] {logging_mixin.py:188} INFO - [2026-01-22T02:53:05.728+0000] {dag.py:3089} INFO - Sync 1 DAGs
[2026-01-22T02:53:05.753+0000] {logging_mixin.py:188} INFO - [2026-01-22T02:53:05.752+0000] {dag.py:3947} INFO - Setting next_dagrun for pipeline_one_off to None, run_after=None
[2026-01-22T02:53:05.790+0000] {processor.py:183} INFO - Processing /opt/airflow/dags/pipeline_one_off.py took 0.191 seconds
[2026-01-22T02:53:36.219+0000] {processor.py:161} INFO - Started process (PID=52721) to work on /opt/airflow/dags/pipeline_one_off.py
[2026-01-22T02:53:36.221+0000] {processor.py:830} INFO - Processing file /opt/airflow/dags/pipeline_one_off.py for tasks to queue
[2026-01-22T02:53:36.223+0000] {logging_mixin.py:188} INFO - [2026-01-22T02:53:36.222+0000] {dagbag.py:545} INFO - Filling up the DagBag from /opt/airflow/dags/pipeline_one_off.py
[2026-01-22T02:53:36.273+0000] {processor.py:840} INFO - DAG(s) 'pipeline_one_off' retrieved from /opt/airflow/dags/pipeline_one_off.py
[2026-01-22T02:53:36.361+0000] {logging_mixin.py:188} INFO - [2026-01-22T02:53:36.361+0000] {dag.py:3089} INFO - Sync 1 DAGs
[2026-01-22T02:53:36.386+0000] {logging_mixin.py:188} INFO - [2026-01-22T02:53:36.386+0000] {dag.py:3947} INFO - Setting next_dagrun for pipeline_one_off to None, run_after=None
[2026-01-22T02:53:36.428+0000] {processor.py:183} INFO - Processing /opt/airflow/dags/pipeline_one_off.py took 0.226 seconds
[2026-01-22T02:54:06.867+0000] {processor.py:161} INFO - Started process (PID=52731) to work on /opt/airflow/dags/pipeline_one_off.py
[2026-01-22T02:54:06.869+0000] {processor.py:830} INFO - Processing file /opt/airflow/dags/pipeline_one_off.py for tasks to queue
[2026-01-22T02:54:06.872+0000] {logging_mixin.py:188} INFO - [2026-01-22T02:54:06.871+0000] {dagbag.py:545} INFO - Filling up the DagBag from /opt/airflow/dags/pipeline_one_off.py
[2026-01-22T02:54:06.912+0000] {processor.py:840} INFO - DAG(s) 'pipeline_one_off' retrieved from /opt/airflow/dags/pipeline_one_off.py
[2026-01-22T02:54:06.986+0000] {logging_mixin.py:188} INFO - [2026-01-22T02:54:06.985+0000] {dag.py:3089} INFO - Sync 1 DAGs
[2026-01-22T02:54:07.010+0000] {logging_mixin.py:188} INFO - [2026-01-22T02:54:07.009+0000] {dag.py:3947} INFO - Setting next_dagrun for pipeline_one_off to None, run_after=None
[2026-01-22T02:54:07.050+0000] {processor.py:183} INFO - Processing /opt/airflow/dags/pipeline_one_off.py took 0.197 seconds
[2026-01-22T02:54:37.537+0000] {processor.py:161} INFO - Started process (PID=52741) to work on /opt/airflow/dags/pipeline_one_off.py
[2026-01-22T02:54:37.539+0000] {processor.py:830} INFO - Processing file /opt/airflow/dags/pipeline_one_off.py for tasks to queue
[2026-01-22T02:54:37.541+0000] {logging_mixin.py:188} INFO - [2026-01-22T02:54:37.540+0000] {dagbag.py:545} INFO - Filling up the DagBag from /opt/airflow/dags/pipeline_one_off.py
[2026-01-22T02:54:37.592+0000] {processor.py:840} INFO - DAG(s) 'pipeline_one_off' retrieved from /opt/airflow/dags/pipeline_one_off.py
[2026-01-22T02:54:37.681+0000] {logging_mixin.py:188} INFO - [2026-01-22T02:54:37.681+0000] {dag.py:3089} INFO - Sync 1 DAGs
[2026-01-22T02:54:37.714+0000] {logging_mixin.py:188} INFO - [2026-01-22T02:54:37.713+0000] {dag.py:3947} INFO - Setting next_dagrun for pipeline_one_off to None, run_after=None
[2026-01-22T02:54:37.754+0000] {processor.py:183} INFO - Processing /opt/airflow/dags/pipeline_one_off.py took 0.288 seconds
[2026-01-22T02:55:08.171+0000] {processor.py:161} INFO - Started process (PID=52751) to work on /opt/airflow/dags/pipeline_one_off.py
[2026-01-22T02:55:08.174+0000] {processor.py:830} INFO - Processing file /opt/airflow/dags/pipeline_one_off.py for tasks to queue
[2026-01-22T02:55:08.176+0000] {logging_mixin.py:188} INFO - [2026-01-22T02:55:08.175+0000] {dagbag.py:545} INFO - Filling up the DagBag from /opt/airflow/dags/pipeline_one_off.py
[2026-01-22T02:55:08.215+0000] {processor.py:840} INFO - DAG(s) 'pipeline_one_off' retrieved from /opt/airflow/dags/pipeline_one_off.py
[2026-01-22T02:55:08.286+0000] {logging_mixin.py:188} INFO - [2026-01-22T02:55:08.285+0000] {dag.py:3089} INFO - Sync 1 DAGs
[2026-01-22T02:55:08.312+0000] {logging_mixin.py:188} INFO - [2026-01-22T02:55:08.312+0000] {dag.py:3947} INFO - Setting next_dagrun for pipeline_one_off to None, run_after=None
[2026-01-22T02:55:08.417+0000] {processor.py:183} INFO - Processing /opt/airflow/dags/pipeline_one_off.py took 0.262 seconds
[2026-01-22T02:55:38.660+0000] {processor.py:161} INFO - Started process (PID=52761) to work on /opt/airflow/dags/pipeline_one_off.py
[2026-01-22T02:55:38.663+0000] {processor.py:830} INFO - Processing file /opt/airflow/dags/pipeline_one_off.py for tasks to queue
[2026-01-22T02:55:38.665+0000] {logging_mixin.py:188} INFO - [2026-01-22T02:55:38.665+0000] {dagbag.py:545} INFO - Filling up the DagBag from /opt/airflow/dags/pipeline_one_off.py
[2026-01-22T02:55:38.721+0000] {processor.py:840} INFO - DAG(s) 'pipeline_one_off' retrieved from /opt/airflow/dags/pipeline_one_off.py
[2026-01-22T02:55:38.804+0000] {logging_mixin.py:188} INFO - [2026-01-22T02:55:38.804+0000] {dag.py:3089} INFO - Sync 1 DAGs
[2026-01-22T02:55:38.832+0000] {logging_mixin.py:188} INFO - [2026-01-22T02:55:38.831+0000] {dag.py:3947} INFO - Setting next_dagrun for pipeline_one_off to None, run_after=None
[2026-01-22T02:55:38.868+0000] {processor.py:183} INFO - Processing /opt/airflow/dags/pipeline_one_off.py took 0.289 seconds
[2026-01-22T02:56:09.378+0000] {processor.py:161} INFO - Started process (PID=52771) to work on /opt/airflow/dags/pipeline_one_off.py
[2026-01-22T02:56:09.380+0000] {processor.py:830} INFO - Processing file /opt/airflow/dags/pipeline_one_off.py for tasks to queue
[2026-01-22T02:56:09.382+0000] {logging_mixin.py:188} INFO - [2026-01-22T02:56:09.381+0000] {dagbag.py:545} INFO - Filling up the DagBag from /opt/airflow/dags/pipeline_one_off.py
[2026-01-22T02:56:09.429+0000] {processor.py:840} INFO - DAG(s) 'pipeline_one_off' retrieved from /opt/airflow/dags/pipeline_one_off.py
[2026-01-22T02:56:09.503+0000] {logging_mixin.py:188} INFO - [2026-01-22T02:56:09.502+0000] {dag.py:3089} INFO - Sync 1 DAGs
[2026-01-22T02:56:09.526+0000] {logging_mixin.py:188} INFO - [2026-01-22T02:56:09.526+0000] {dag.py:3947} INFO - Setting next_dagrun for pipeline_one_off to None, run_after=None
[2026-01-22T02:56:09.631+0000] {processor.py:183} INFO - Processing /opt/airflow/dags/pipeline_one_off.py took 0.268 seconds
[2026-01-22T02:56:39.832+0000] {processor.py:161} INFO - Started process (PID=52781) to work on /opt/airflow/dags/pipeline_one_off.py
[2026-01-22T02:56:39.835+0000] {processor.py:830} INFO - Processing file /opt/airflow/dags/pipeline_one_off.py for tasks to queue
[2026-01-22T02:56:39.837+0000] {logging_mixin.py:188} INFO - [2026-01-22T02:56:39.836+0000] {dagbag.py:545} INFO - Filling up the DagBag from /opt/airflow/dags/pipeline_one_off.py
[2026-01-22T02:56:39.895+0000] {processor.py:840} INFO - DAG(s) 'pipeline_one_off' retrieved from /opt/airflow/dags/pipeline_one_off.py
[2026-01-22T02:56:39.979+0000] {logging_mixin.py:188} INFO - [2026-01-22T02:56:39.978+0000] {dag.py:3089} INFO - Sync 1 DAGs
[2026-01-22T02:56:40.004+0000] {logging_mixin.py:188} INFO - [2026-01-22T02:56:40.003+0000] {dag.py:3947} INFO - Setting next_dagrun for pipeline_one_off to None, run_after=None
[2026-01-22T02:56:40.040+0000] {processor.py:183} INFO - Processing /opt/airflow/dags/pipeline_one_off.py took 0.293 seconds
[2026-01-22T02:57:10.460+0000] {processor.py:161} INFO - Started process (PID=52791) to work on /opt/airflow/dags/pipeline_one_off.py
[2026-01-22T02:57:10.462+0000] {processor.py:830} INFO - Processing file /opt/airflow/dags/pipeline_one_off.py for tasks to queue
[2026-01-22T02:57:10.463+0000] {logging_mixin.py:188} INFO - [2026-01-22T02:57:10.463+0000] {dagbag.py:545} INFO - Filling up the DagBag from /opt/airflow/dags/pipeline_one_off.py
[2026-01-22T02:57:10.497+0000] {processor.py:840} INFO - DAG(s) 'pipeline_one_off' retrieved from /opt/airflow/dags/pipeline_one_off.py
[2026-01-22T02:57:10.559+0000] {logging_mixin.py:188} INFO - [2026-01-22T02:57:10.558+0000] {dag.py:3089} INFO - Sync 1 DAGs
[2026-01-22T02:57:10.579+0000] {logging_mixin.py:188} INFO - [2026-01-22T02:57:10.579+0000] {dag.py:3947} INFO - Setting next_dagrun for pipeline_one_off to None, run_after=None
[2026-01-22T02:57:10.614+0000] {processor.py:183} INFO - Processing /opt/airflow/dags/pipeline_one_off.py took 0.167 seconds
[2026-01-22T02:57:41.056+0000] {processor.py:161} INFO - Started process (PID=52801) to work on /opt/airflow/dags/pipeline_one_off.py
[2026-01-22T02:57:41.058+0000] {processor.py:830} INFO - Processing file /opt/airflow/dags/pipeline_one_off.py for tasks to queue
[2026-01-22T02:57:41.060+0000] {logging_mixin.py:188} INFO - [2026-01-22T02:57:41.059+0000] {dagbag.py:545} INFO - Filling up the DagBag from /opt/airflow/dags/pipeline_one_off.py
[2026-01-22T02:57:41.112+0000] {processor.py:840} INFO - DAG(s) 'pipeline_one_off' retrieved from /opt/airflow/dags/pipeline_one_off.py
[2026-01-22T02:57:41.259+0000] {logging_mixin.py:188} INFO - [2026-01-22T02:57:41.259+0000] {dag.py:3089} INFO - Sync 1 DAGs
[2026-01-22T02:57:41.292+0000] {logging_mixin.py:188} INFO - [2026-01-22T02:57:41.292+0000] {dag.py:3947} INFO - Setting next_dagrun for pipeline_one_off to None, run_after=None
[2026-01-22T02:57:41.345+0000] {processor.py:183} INFO - Processing /opt/airflow/dags/pipeline_one_off.py took 0.305 seconds
[2026-01-22T02:58:11.756+0000] {processor.py:161} INFO - Started process (PID=52811) to work on /opt/airflow/dags/pipeline_one_off.py
[2026-01-22T02:58:11.758+0000] {processor.py:830} INFO - Processing file /opt/airflow/dags/pipeline_one_off.py for tasks to queue
[2026-01-22T02:58:11.759+0000] {logging_mixin.py:188} INFO - [2026-01-22T02:58:11.759+0000] {dagbag.py:545} INFO - Filling up the DagBag from /opt/airflow/dags/pipeline_one_off.py
[2026-01-22T02:58:11.798+0000] {processor.py:840} INFO - DAG(s) 'pipeline_one_off' retrieved from /opt/airflow/dags/pipeline_one_off.py
[2026-01-22T02:58:11.863+0000] {logging_mixin.py:188} INFO - [2026-01-22T02:58:11.863+0000] {dag.py:3089} INFO - Sync 1 DAGs
[2026-01-22T02:58:11.886+0000] {logging_mixin.py:188} INFO - [2026-01-22T02:58:11.886+0000] {dag.py:3947} INFO - Setting next_dagrun for pipeline_one_off to None, run_after=None
[2026-01-22T02:58:11.922+0000] {processor.py:183} INFO - Processing /opt/airflow/dags/pipeline_one_off.py took 0.179 seconds
[2026-01-22T02:58:42.384+0000] {processor.py:161} INFO - Started process (PID=52821) to work on /opt/airflow/dags/pipeline_one_off.py
[2026-01-22T02:58:42.387+0000] {processor.py:830} INFO - Processing file /opt/airflow/dags/pipeline_one_off.py for tasks to queue
[2026-01-22T02:58:42.389+0000] {logging_mixin.py:188} INFO - [2026-01-22T02:58:42.388+0000] {dagbag.py:545} INFO - Filling up the DagBag from /opt/airflow/dags/pipeline_one_off.py
[2026-01-22T02:58:42.449+0000] {processor.py:840} INFO - DAG(s) 'pipeline_one_off' retrieved from /opt/airflow/dags/pipeline_one_off.py
[2026-01-22T02:58:42.536+0000] {logging_mixin.py:188} INFO - [2026-01-22T02:58:42.535+0000] {dag.py:3089} INFO - Sync 1 DAGs
[2026-01-22T02:58:42.559+0000] {logging_mixin.py:188} INFO - [2026-01-22T02:58:42.559+0000] {dag.py:3947} INFO - Setting next_dagrun for pipeline_one_off to None, run_after=None
[2026-01-22T02:58:42.598+0000] {processor.py:183} INFO - Processing /opt/airflow/dags/pipeline_one_off.py took 0.269 seconds
[2026-01-22T02:59:13.035+0000] {processor.py:161} INFO - Started process (PID=52831) to work on /opt/airflow/dags/pipeline_one_off.py
[2026-01-22T02:59:13.037+0000] {processor.py:830} INFO - Processing file /opt/airflow/dags/pipeline_one_off.py for tasks to queue
[2026-01-22T02:59:13.039+0000] {logging_mixin.py:188} INFO - [2026-01-22T02:59:13.038+0000] {dagbag.py:545} INFO - Filling up the DagBag from /opt/airflow/dags/pipeline_one_off.py
[2026-01-22T02:59:13.081+0000] {processor.py:840} INFO - DAG(s) 'pipeline_one_off' retrieved from /opt/airflow/dags/pipeline_one_off.py
[2026-01-22T02:59:13.151+0000] {logging_mixin.py:188} INFO - [2026-01-22T02:59:13.151+0000] {dag.py:3089} INFO - Sync 1 DAGs
[2026-01-22T02:59:13.177+0000] {logging_mixin.py:188} INFO - [2026-01-22T02:59:13.177+0000] {dag.py:3947} INFO - Setting next_dagrun for pipeline_one_off to None, run_after=None
[2026-01-22T02:59:13.218+0000] {processor.py:183} INFO - Processing /opt/airflow/dags/pipeline_one_off.py took 0.201 seconds
[2026-01-22T02:59:43.662+0000] {processor.py:161} INFO - Started process (PID=52841) to work on /opt/airflow/dags/pipeline_one_off.py
[2026-01-22T02:59:43.665+0000] {processor.py:830} INFO - Processing file /opt/airflow/dags/pipeline_one_off.py for tasks to queue
[2026-01-22T02:59:43.667+0000] {logging_mixin.py:188} INFO - [2026-01-22T02:59:43.666+0000] {dagbag.py:545} INFO - Filling up the DagBag from /opt/airflow/dags/pipeline_one_off.py
[2026-01-22T02:59:43.722+0000] {processor.py:840} INFO - DAG(s) 'pipeline_one_off' retrieved from /opt/airflow/dags/pipeline_one_off.py
[2026-01-22T02:59:43.812+0000] {logging_mixin.py:188} INFO - [2026-01-22T02:59:43.812+0000] {dag.py:3089} INFO - Sync 1 DAGs
[2026-01-22T02:59:43.849+0000] {logging_mixin.py:188} INFO - [2026-01-22T02:59:43.848+0000] {dag.py:3947} INFO - Setting next_dagrun for pipeline_one_off to None, run_after=None
[2026-01-22T02:59:43.894+0000] {processor.py:183} INFO - Processing /opt/airflow/dags/pipeline_one_off.py took 0.257 seconds
[2026-01-22T03:00:14.303+0000] {processor.py:161} INFO - Started process (PID=52854) to work on /opt/airflow/dags/pipeline_one_off.py
[2026-01-22T03:00:14.305+0000] {processor.py:830} INFO - Processing file /opt/airflow/dags/pipeline_one_off.py for tasks to queue
[2026-01-22T03:00:14.306+0000] {logging_mixin.py:188} INFO - [2026-01-22T03:00:14.306+0000] {dagbag.py:545} INFO - Filling up the DagBag from /opt/airflow/dags/pipeline_one_off.py
[2026-01-22T03:00:14.343+0000] {processor.py:840} INFO - DAG(s) 'pipeline_one_off' retrieved from /opt/airflow/dags/pipeline_one_off.py
[2026-01-22T03:00:14.414+0000] {logging_mixin.py:188} INFO - [2026-01-22T03:00:14.414+0000] {dag.py:3089} INFO - Sync 1 DAGs
[2026-01-22T03:00:14.440+0000] {logging_mixin.py:188} INFO - [2026-01-22T03:00:14.440+0000] {dag.py:3947} INFO - Setting next_dagrun for pipeline_one_off to None, run_after=None
[2026-01-22T03:00:14.549+0000] {processor.py:183} INFO - Processing /opt/airflow/dags/pipeline_one_off.py took 0.259 seconds
[2026-01-22T03:00:44.686+0000] {processor.py:161} INFO - Started process (PID=52864) to work on /opt/airflow/dags/pipeline_one_off.py
[2026-01-22T03:00:44.688+0000] {processor.py:830} INFO - Processing file /opt/airflow/dags/pipeline_one_off.py for tasks to queue
[2026-01-22T03:00:44.690+0000] {logging_mixin.py:188} INFO - [2026-01-22T03:00:44.689+0000] {dagbag.py:545} INFO - Filling up the DagBag from /opt/airflow/dags/pipeline_one_off.py
[2026-01-22T03:00:44.723+0000] {processor.py:840} INFO - DAG(s) 'pipeline_one_off' retrieved from /opt/airflow/dags/pipeline_one_off.py
[2026-01-22T03:00:44.866+0000] {logging_mixin.py:188} INFO - [2026-01-22T03:00:44.865+0000] {dag.py:3089} INFO - Sync 1 DAGs
[2026-01-22T03:00:44.894+0000] {logging_mixin.py:188} INFO - [2026-01-22T03:00:44.893+0000] {dag.py:3947} INFO - Setting next_dagrun for pipeline_one_off to None, run_after=None
[2026-01-22T03:00:44.934+0000] {processor.py:183} INFO - Processing /opt/airflow/dags/pipeline_one_off.py took 0.261 seconds
[2026-01-22T03:01:15.449+0000] {processor.py:161} INFO - Started process (PID=52874) to work on /opt/airflow/dags/pipeline_one_off.py
[2026-01-22T03:01:15.451+0000] {processor.py:830} INFO - Processing file /opt/airflow/dags/pipeline_one_off.py for tasks to queue
[2026-01-22T03:01:15.453+0000] {logging_mixin.py:188} INFO - [2026-01-22T03:01:15.452+0000] {dagbag.py:545} INFO - Filling up the DagBag from /opt/airflow/dags/pipeline_one_off.py
[2026-01-22T03:01:15.488+0000] {processor.py:840} INFO - DAG(s) 'pipeline_one_off' retrieved from /opt/airflow/dags/pipeline_one_off.py
[2026-01-22T03:01:15.584+0000] {logging_mixin.py:188} INFO - [2026-01-22T03:01:15.584+0000] {dag.py:3089} INFO - Sync 1 DAGs
[2026-01-22T03:01:15.625+0000] {logging_mixin.py:188} INFO - [2026-01-22T03:01:15.625+0000] {dag.py:3947} INFO - Setting next_dagrun for pipeline_one_off to None, run_after=None
[2026-01-22T03:01:15.664+0000] {processor.py:183} INFO - Processing /opt/airflow/dags/pipeline_one_off.py took 0.230 seconds
[2026-01-22T03:01:46.100+0000] {processor.py:161} INFO - Started process (PID=52884) to work on /opt/airflow/dags/pipeline_one_off.py
[2026-01-22T03:01:46.102+0000] {processor.py:830} INFO - Processing file /opt/airflow/dags/pipeline_one_off.py for tasks to queue
[2026-01-22T03:01:46.104+0000] {logging_mixin.py:188} INFO - [2026-01-22T03:01:46.103+0000] {dagbag.py:545} INFO - Filling up the DagBag from /opt/airflow/dags/pipeline_one_off.py
[2026-01-22T03:01:46.140+0000] {processor.py:840} INFO - DAG(s) 'pipeline_one_off' retrieved from /opt/airflow/dags/pipeline_one_off.py
[2026-01-22T03:01:46.206+0000] {logging_mixin.py:188} INFO - [2026-01-22T03:01:46.206+0000] {dag.py:3089} INFO - Sync 1 DAGs
[2026-01-22T03:01:46.232+0000] {logging_mixin.py:188} INFO - [2026-01-22T03:01:46.231+0000] {dag.py:3947} INFO - Setting next_dagrun for pipeline_one_off to None, run_after=None
[2026-01-22T03:01:46.335+0000] {processor.py:183} INFO - Processing /opt/airflow/dags/pipeline_one_off.py took 0.248 seconds
[2026-01-22T03:02:16.638+0000] {processor.py:161} INFO - Started process (PID=52894) to work on /opt/airflow/dags/pipeline_one_off.py
[2026-01-22T03:02:16.641+0000] {processor.py:830} INFO - Processing file /opt/airflow/dags/pipeline_one_off.py for tasks to queue
[2026-01-22T03:02:16.642+0000] {logging_mixin.py:188} INFO - [2026-01-22T03:02:16.642+0000] {dagbag.py:545} INFO - Filling up the DagBag from /opt/airflow/dags/pipeline_one_off.py
[2026-01-22T03:02:16.695+0000] {processor.py:840} INFO - DAG(s) 'pipeline_one_off' retrieved from /opt/airflow/dags/pipeline_one_off.py
[2026-01-22T03:02:16.785+0000] {logging_mixin.py:188} INFO - [2026-01-22T03:02:16.784+0000] {dag.py:3089} INFO - Sync 1 DAGs
[2026-01-22T03:02:16.811+0000] {logging_mixin.py:188} INFO - [2026-01-22T03:02:16.810+0000] {dag.py:3947} INFO - Setting next_dagrun for pipeline_one_off to None, run_after=None
[2026-01-22T03:02:16.848+0000] {processor.py:183} INFO - Processing /opt/airflow/dags/pipeline_one_off.py took 0.291 seconds
[2026-01-22T03:02:47.262+0000] {processor.py:161} INFO - Started process (PID=52904) to work on /opt/airflow/dags/pipeline_one_off.py
[2026-01-22T03:02:47.265+0000] {processor.py:830} INFO - Processing file /opt/airflow/dags/pipeline_one_off.py for tasks to queue
[2026-01-22T03:02:47.267+0000] {logging_mixin.py:188} INFO - [2026-01-22T03:02:47.266+0000] {dagbag.py:545} INFO - Filling up the DagBag from /opt/airflow/dags/pipeline_one_off.py
[2026-01-22T03:02:47.305+0000] {processor.py:840} INFO - DAG(s) 'pipeline_one_off' retrieved from /opt/airflow/dags/pipeline_one_off.py
[2026-01-22T03:02:47.373+0000] {logging_mixin.py:188} INFO - [2026-01-22T03:02:47.372+0000] {dag.py:3089} INFO - Sync 1 DAGs
[2026-01-22T03:02:47.400+0000] {logging_mixin.py:188} INFO - [2026-01-22T03:02:47.399+0000] {dag.py:3947} INFO - Setting next_dagrun for pipeline_one_off to None, run_after=None
[2026-01-22T03:02:47.504+0000] {processor.py:183} INFO - Processing /opt/airflow/dags/pipeline_one_off.py took 0.255 seconds
[2026-01-22T03:03:17.646+0000] {processor.py:161} INFO - Started process (PID=52914) to work on /opt/airflow/dags/pipeline_one_off.py
[2026-01-22T03:03:17.648+0000] {processor.py:830} INFO - Processing file /opt/airflow/dags/pipeline_one_off.py for tasks to queue
[2026-01-22T03:03:17.650+0000] {logging_mixin.py:188} INFO - [2026-01-22T03:03:17.649+0000] {dagbag.py:545} INFO - Filling up the DagBag from /opt/airflow/dags/pipeline_one_off.py
[2026-01-22T03:03:17.707+0000] {processor.py:840} INFO - DAG(s) 'pipeline_one_off' retrieved from /opt/airflow/dags/pipeline_one_off.py
[2026-01-22T03:03:17.790+0000] {logging_mixin.py:188} INFO - [2026-01-22T03:03:17.789+0000] {dag.py:3089} INFO - Sync 1 DAGs
[2026-01-22T03:03:17.815+0000] {logging_mixin.py:188} INFO - [2026-01-22T03:03:17.815+0000] {dag.py:3947} INFO - Setting next_dagrun for pipeline_one_off to None, run_after=None
[2026-01-22T03:03:17.851+0000] {processor.py:183} INFO - Processing /opt/airflow/dags/pipeline_one_off.py took 0.222 seconds
[2026-01-22T03:03:48.277+0000] {processor.py:161} INFO - Started process (PID=52924) to work on /opt/airflow/dags/pipeline_one_off.py
[2026-01-22T03:03:48.279+0000] {processor.py:830} INFO - Processing file /opt/airflow/dags/pipeline_one_off.py for tasks to queue
[2026-01-22T03:03:48.280+0000] {logging_mixin.py:188} INFO - [2026-01-22T03:03:48.280+0000] {dagbag.py:545} INFO - Filling up the DagBag from /opt/airflow/dags/pipeline_one_off.py
[2026-01-22T03:03:48.319+0000] {processor.py:840} INFO - DAG(s) 'pipeline_one_off' retrieved from /opt/airflow/dags/pipeline_one_off.py
[2026-01-22T03:03:48.394+0000] {logging_mixin.py:188} INFO - [2026-01-22T03:03:48.393+0000] {dag.py:3089} INFO - Sync 1 DAGs
[2026-01-22T03:03:48.416+0000] {logging_mixin.py:188} INFO - [2026-01-22T03:03:48.416+0000] {dag.py:3947} INFO - Setting next_dagrun for pipeline_one_off to None, run_after=None
[2026-01-22T03:03:48.519+0000] {processor.py:183} INFO - Processing /opt/airflow/dags/pipeline_one_off.py took 0.257 seconds
[2026-01-22T03:04:18.654+0000] {processor.py:161} INFO - Started process (PID=52934) to work on /opt/airflow/dags/pipeline_one_off.py
[2026-01-22T03:04:18.657+0000] {processor.py:830} INFO - Processing file /opt/airflow/dags/pipeline_one_off.py for tasks to queue
[2026-01-22T03:04:18.658+0000] {logging_mixin.py:188} INFO - [2026-01-22T03:04:18.658+0000] {dagbag.py:545} INFO - Filling up the DagBag from /opt/airflow/dags/pipeline_one_off.py
[2026-01-22T03:04:18.710+0000] {processor.py:840} INFO - DAG(s) 'pipeline_one_off' retrieved from /opt/airflow/dags/pipeline_one_off.py
[2026-01-22T03:04:18.803+0000] {logging_mixin.py:188} INFO - [2026-01-22T03:04:18.802+0000] {dag.py:3089} INFO - Sync 1 DAGs
[2026-01-22T03:04:18.830+0000] {logging_mixin.py:188} INFO - [2026-01-22T03:04:18.829+0000] {dag.py:3947} INFO - Setting next_dagrun for pipeline_one_off to None, run_after=None
[2026-01-22T03:04:18.868+0000] {processor.py:183} INFO - Processing /opt/airflow/dags/pipeline_one_off.py took 0.231 seconds
[2026-01-22T03:04:49.288+0000] {processor.py:161} INFO - Started process (PID=52944) to work on /opt/airflow/dags/pipeline_one_off.py
[2026-01-22T03:04:49.290+0000] {processor.py:830} INFO - Processing file /opt/airflow/dags/pipeline_one_off.py for tasks to queue
[2026-01-22T03:04:49.292+0000] {logging_mixin.py:188} INFO - [2026-01-22T03:04:49.292+0000] {dagbag.py:545} INFO - Filling up the DagBag from /opt/airflow/dags/pipeline_one_off.py
[2026-01-22T03:04:49.335+0000] {processor.py:840} INFO - DAG(s) 'pipeline_one_off' retrieved from /opt/airflow/dags/pipeline_one_off.py
[2026-01-22T03:04:49.416+0000] {logging_mixin.py:188} INFO - [2026-01-22T03:04:49.416+0000] {dag.py:3089} INFO - Sync 1 DAGs
[2026-01-22T03:04:49.444+0000] {logging_mixin.py:188} INFO - [2026-01-22T03:04:49.443+0000] {dag.py:3947} INFO - Setting next_dagrun for pipeline_one_off to None, run_after=None
[2026-01-22T03:04:49.503+0000] {processor.py:183} INFO - Processing /opt/airflow/dags/pipeline_one_off.py took 0.233 seconds
[2026-01-22T03:05:19.986+0000] {processor.py:161} INFO - Started process (PID=52954) to work on /opt/airflow/dags/pipeline_one_off.py
[2026-01-22T03:05:19.989+0000] {processor.py:830} INFO - Processing file /opt/airflow/dags/pipeline_one_off.py for tasks to queue
[2026-01-22T03:05:19.991+0000] {logging_mixin.py:188} INFO - [2026-01-22T03:05:19.990+0000] {dagbag.py:545} INFO - Filling up the DagBag from /opt/airflow/dags/pipeline_one_off.py
[2026-01-22T03:05:20.047+0000] {processor.py:840} INFO - DAG(s) 'pipeline_one_off' retrieved from /opt/airflow/dags/pipeline_one_off.py
[2026-01-22T03:05:20.124+0000] {logging_mixin.py:188} INFO - [2026-01-22T03:05:20.123+0000] {dag.py:3089} INFO - Sync 1 DAGs
[2026-01-22T03:05:20.146+0000] {logging_mixin.py:188} INFO - [2026-01-22T03:05:20.146+0000] {dag.py:3947} INFO - Setting next_dagrun for pipeline_one_off to None, run_after=None
[2026-01-22T03:05:20.187+0000] {processor.py:183} INFO - Processing /opt/airflow/dags/pipeline_one_off.py took 0.284 seconds
[2026-01-22T03:05:50.722+0000] {processor.py:161} INFO - Started process (PID=52964) to work on /opt/airflow/dags/pipeline_one_off.py
[2026-01-22T03:05:50.724+0000] {processor.py:830} INFO - Processing file /opt/airflow/dags/pipeline_one_off.py for tasks to queue
[2026-01-22T03:05:50.725+0000] {logging_mixin.py:188} INFO - [2026-01-22T03:05:50.725+0000] {dagbag.py:545} INFO - Filling up the DagBag from /opt/airflow/dags/pipeline_one_off.py
[2026-01-22T03:05:50.759+0000] {processor.py:840} INFO - DAG(s) 'pipeline_one_off' retrieved from /opt/airflow/dags/pipeline_one_off.py
[2026-01-22T03:05:50.822+0000] {logging_mixin.py:188} INFO - [2026-01-22T03:05:50.821+0000] {dag.py:3089} INFO - Sync 1 DAGs
[2026-01-22T03:05:50.845+0000] {logging_mixin.py:188} INFO - [2026-01-22T03:05:50.845+0000] {dag.py:3947} INFO - Setting next_dagrun for pipeline_one_off to None, run_after=None
[2026-01-22T03:05:50.951+0000] {processor.py:183} INFO - Processing /opt/airflow/dags/pipeline_one_off.py took 0.246 seconds
[2026-01-22T03:06:21.093+0000] {processor.py:161} INFO - Started process (PID=52974) to work on /opt/airflow/dags/pipeline_one_off.py
[2026-01-22T03:06:21.095+0000] {processor.py:830} INFO - Processing file /opt/airflow/dags/pipeline_one_off.py for tasks to queue
[2026-01-22T03:06:21.097+0000] {logging_mixin.py:188} INFO - [2026-01-22T03:06:21.096+0000] {dagbag.py:545} INFO - Filling up the DagBag from /opt/airflow/dags/pipeline_one_off.py
[2026-01-22T03:06:21.132+0000] {processor.py:840} INFO - DAG(s) 'pipeline_one_off' retrieved from /opt/airflow/dags/pipeline_one_off.py
[2026-01-22T03:06:21.201+0000] {logging_mixin.py:188} INFO - [2026-01-22T03:06:21.201+0000] {dag.py:3089} INFO - Sync 1 DAGs
[2026-01-22T03:06:21.226+0000] {logging_mixin.py:188} INFO - [2026-01-22T03:06:21.226+0000] {dag.py:3947} INFO - Setting next_dagrun for pipeline_one_off to None, run_after=None
[2026-01-22T03:06:21.329+0000] {processor.py:183} INFO - Processing /opt/airflow/dags/pipeline_one_off.py took 0.250 seconds
[2026-01-22T03:06:51.655+0000] {processor.py:161} INFO - Started process (PID=52984) to work on /opt/airflow/dags/pipeline_one_off.py
[2026-01-22T03:06:51.659+0000] {processor.py:830} INFO - Processing file /opt/airflow/dags/pipeline_one_off.py for tasks to queue
[2026-01-22T03:06:51.661+0000] {logging_mixin.py:188} INFO - [2026-01-22T03:06:51.660+0000] {dagbag.py:545} INFO - Filling up the DagBag from /opt/airflow/dags/pipeline_one_off.py
[2026-01-22T03:06:51.704+0000] {processor.py:840} INFO - DAG(s) 'pipeline_one_off' retrieved from /opt/airflow/dags/pipeline_one_off.py
[2026-01-22T03:06:51.773+0000] {logging_mixin.py:188} INFO - [2026-01-22T03:06:51.773+0000] {dag.py:3089} INFO - Sync 1 DAGs
[2026-01-22T03:06:51.795+0000] {logging_mixin.py:188} INFO - [2026-01-22T03:06:51.795+0000] {dag.py:3947} INFO - Setting next_dagrun for pipeline_one_off to None, run_after=None
[2026-01-22T03:06:51.835+0000] {processor.py:183} INFO - Processing /opt/airflow/dags/pipeline_one_off.py took 0.194 seconds
[2026-01-22T03:07:22.277+0000] {processor.py:161} INFO - Started process (PID=52994) to work on /opt/airflow/dags/pipeline_one_off.py
[2026-01-22T03:07:22.279+0000] {processor.py:830} INFO - Processing file /opt/airflow/dags/pipeline_one_off.py for tasks to queue
[2026-01-22T03:07:22.281+0000] {logging_mixin.py:188} INFO - [2026-01-22T03:07:22.280+0000] {dagbag.py:545} INFO - Filling up the DagBag from /opt/airflow/dags/pipeline_one_off.py
[2026-01-22T03:07:22.320+0000] {processor.py:840} INFO - DAG(s) 'pipeline_one_off' retrieved from /opt/airflow/dags/pipeline_one_off.py
[2026-01-22T03:07:22.388+0000] {logging_mixin.py:188} INFO - [2026-01-22T03:07:22.388+0000] {dag.py:3089} INFO - Sync 1 DAGs
[2026-01-22T03:07:22.412+0000] {logging_mixin.py:188} INFO - [2026-01-22T03:07:22.411+0000] {dag.py:3947} INFO - Setting next_dagrun for pipeline_one_off to None, run_after=None
[2026-01-22T03:07:22.520+0000] {processor.py:183} INFO - Processing /opt/airflow/dags/pipeline_one_off.py took 0.256 seconds
[2026-01-22T03:07:52.659+0000] {processor.py:161} INFO - Started process (PID=53004) to work on /opt/airflow/dags/pipeline_one_off.py
[2026-01-22T03:07:52.661+0000] {processor.py:830} INFO - Processing file /opt/airflow/dags/pipeline_one_off.py for tasks to queue
[2026-01-22T03:07:52.663+0000] {logging_mixin.py:188} INFO - [2026-01-22T03:07:52.662+0000] {dagbag.py:545} INFO - Filling up the DagBag from /opt/airflow/dags/pipeline_one_off.py
[2026-01-22T03:07:52.706+0000] {processor.py:840} INFO - DAG(s) 'pipeline_one_off' retrieved from /opt/airflow/dags/pipeline_one_off.py
[2026-01-22T03:07:52.775+0000] {logging_mixin.py:188} INFO - [2026-01-22T03:07:52.775+0000] {dag.py:3089} INFO - Sync 1 DAGs
[2026-01-22T03:07:52.799+0000] {logging_mixin.py:188} INFO - [2026-01-22T03:07:52.798+0000] {dag.py:3947} INFO - Setting next_dagrun for pipeline_one_off to None, run_after=None
[2026-01-22T03:07:52.903+0000] {processor.py:183} INFO - Processing /opt/airflow/dags/pipeline_one_off.py took 0.258 seconds
[2026-01-22T03:08:23.208+0000] {processor.py:161} INFO - Started process (PID=53014) to work on /opt/airflow/dags/pipeline_one_off.py
[2026-01-22T03:08:23.210+0000] {processor.py:830} INFO - Processing file /opt/airflow/dags/pipeline_one_off.py for tasks to queue
[2026-01-22T03:08:23.212+0000] {logging_mixin.py:188} INFO - [2026-01-22T03:08:23.211+0000] {dagbag.py:545} INFO - Filling up the DagBag from /opt/airflow/dags/pipeline_one_off.py
[2026-01-22T03:08:23.248+0000] {processor.py:840} INFO - DAG(s) 'pipeline_one_off' retrieved from /opt/airflow/dags/pipeline_one_off.py
[2026-01-22T03:08:23.312+0000] {logging_mixin.py:188} INFO - [2026-01-22T03:08:23.312+0000] {dag.py:3089} INFO - Sync 1 DAGs
[2026-01-22T03:08:23.336+0000] {logging_mixin.py:188} INFO - [2026-01-22T03:08:23.336+0000] {dag.py:3947} INFO - Setting next_dagrun for pipeline_one_off to None, run_after=None
[2026-01-22T03:08:23.442+0000] {processor.py:183} INFO - Processing /opt/airflow/dags/pipeline_one_off.py took 0.246 seconds
[2026-01-22T03:08:53.588+0000] {processor.py:161} INFO - Started process (PID=53024) to work on /opt/airflow/dags/pipeline_one_off.py
[2026-01-22T03:08:53.590+0000] {processor.py:830} INFO - Processing file /opt/airflow/dags/pipeline_one_off.py for tasks to queue
[2026-01-22T03:08:53.592+0000] {logging_mixin.py:188} INFO - [2026-01-22T03:08:53.591+0000] {dagbag.py:545} INFO - Filling up the DagBag from /opt/airflow/dags/pipeline_one_off.py
[2026-01-22T03:08:53.627+0000] {processor.py:840} INFO - DAG(s) 'pipeline_one_off' retrieved from /opt/airflow/dags/pipeline_one_off.py
[2026-01-22T03:08:53.694+0000] {logging_mixin.py:188} INFO - [2026-01-22T03:08:53.694+0000] {dag.py:3089} INFO - Sync 1 DAGs
[2026-01-22T03:08:53.717+0000] {logging_mixin.py:188} INFO - [2026-01-22T03:08:53.716+0000] {dag.py:3947} INFO - Setting next_dagrun for pipeline_one_off to None, run_after=None
[2026-01-22T03:08:53.753+0000] {processor.py:183} INFO - Processing /opt/airflow/dags/pipeline_one_off.py took 0.177 seconds
[2026-01-22T03:09:24.173+0000] {processor.py:161} INFO - Started process (PID=53034) to work on /opt/airflow/dags/pipeline_one_off.py
[2026-01-22T03:09:24.175+0000] {processor.py:830} INFO - Processing file /opt/airflow/dags/pipeline_one_off.py for tasks to queue
[2026-01-22T03:09:24.177+0000] {logging_mixin.py:188} INFO - [2026-01-22T03:09:24.176+0000] {dagbag.py:545} INFO - Filling up the DagBag from /opt/airflow/dags/pipeline_one_off.py
[2026-01-22T03:09:24.211+0000] {processor.py:840} INFO - DAG(s) 'pipeline_one_off' retrieved from /opt/airflow/dags/pipeline_one_off.py
[2026-01-22T03:09:24.282+0000] {logging_mixin.py:188} INFO - [2026-01-22T03:09:24.281+0000] {dag.py:3089} INFO - Sync 1 DAGs
[2026-01-22T03:09:24.306+0000] {logging_mixin.py:188} INFO - [2026-01-22T03:09:24.305+0000] {dag.py:3947} INFO - Setting next_dagrun for pipeline_one_off to None, run_after=None
[2026-01-22T03:09:24.412+0000] {processor.py:183} INFO - Processing /opt/airflow/dags/pipeline_one_off.py took 0.253 seconds
[2026-01-22T03:09:54.583+0000] {processor.py:161} INFO - Started process (PID=53044) to work on /opt/airflow/dags/pipeline_one_off.py
[2026-01-22T03:09:54.585+0000] {processor.py:830} INFO - Processing file /opt/airflow/dags/pipeline_one_off.py for tasks to queue
[2026-01-22T03:09:54.587+0000] {logging_mixin.py:188} INFO - [2026-01-22T03:09:54.586+0000] {dagbag.py:545} INFO - Filling up the DagBag from /opt/airflow/dags/pipeline_one_off.py
[2026-01-22T03:09:54.623+0000] {processor.py:840} INFO - DAG(s) 'pipeline_one_off' retrieved from /opt/airflow/dags/pipeline_one_off.py
[2026-01-22T03:09:54.702+0000] {logging_mixin.py:188} INFO - [2026-01-22T03:09:54.701+0000] {dag.py:3089} INFO - Sync 1 DAGs
[2026-01-22T03:09:54.728+0000] {logging_mixin.py:188} INFO - [2026-01-22T03:09:54.727+0000] {dag.py:3947} INFO - Setting next_dagrun for pipeline_one_off to None, run_after=None
[2026-01-22T03:09:54.840+0000] {processor.py:183} INFO - Processing /opt/airflow/dags/pipeline_one_off.py took 0.269 seconds
[2026-01-22T03:10:25.098+0000] {processor.py:161} INFO - Started process (PID=53057) to work on /opt/airflow/dags/pipeline_one_off.py
[2026-01-22T03:10:25.100+0000] {processor.py:830} INFO - Processing file /opt/airflow/dags/pipeline_one_off.py for tasks to queue
[2026-01-22T03:10:25.101+0000] {logging_mixin.py:188} INFO - [2026-01-22T03:10:25.101+0000] {dagbag.py:545} INFO - Filling up the DagBag from /opt/airflow/dags/pipeline_one_off.py
[2026-01-22T03:10:25.139+0000] {processor.py:840} INFO - DAG(s) 'pipeline_one_off' retrieved from /opt/airflow/dags/pipeline_one_off.py
[2026-01-22T03:10:25.269+0000] {logging_mixin.py:188} INFO - [2026-01-22T03:10:25.268+0000] {dag.py:3089} INFO - Sync 1 DAGs
[2026-01-22T03:10:25.289+0000] {logging_mixin.py:188} INFO - [2026-01-22T03:10:25.289+0000] {dag.py:3947} INFO - Setting next_dagrun for pipeline_one_off to None, run_after=None
[2026-01-22T03:10:25.324+0000] {processor.py:183} INFO - Processing /opt/airflow/dags/pipeline_one_off.py took 0.242 seconds
[2026-01-22T03:10:55.806+0000] {processor.py:161} INFO - Started process (PID=53067) to work on /opt/airflow/dags/pipeline_one_off.py
[2026-01-22T03:10:55.808+0000] {processor.py:830} INFO - Processing file /opt/airflow/dags/pipeline_one_off.py for tasks to queue
[2026-01-22T03:10:55.810+0000] {logging_mixin.py:188} INFO - [2026-01-22T03:10:55.809+0000] {dagbag.py:545} INFO - Filling up the DagBag from /opt/airflow/dags/pipeline_one_off.py
[2026-01-22T03:10:55.857+0000] {processor.py:840} INFO - DAG(s) 'pipeline_one_off' retrieved from /opt/airflow/dags/pipeline_one_off.py
[2026-01-22T03:10:55.932+0000] {logging_mixin.py:188} INFO - [2026-01-22T03:10:55.932+0000] {dag.py:3089} INFO - Sync 1 DAGs
[2026-01-22T03:10:55.955+0000] {logging_mixin.py:188} INFO - [2026-01-22T03:10:55.955+0000] {dag.py:3947} INFO - Setting next_dagrun for pipeline_one_off to None, run_after=None
[2026-01-22T03:10:56.068+0000] {processor.py:183} INFO - Processing /opt/airflow/dags/pipeline_one_off.py took 0.277 seconds
[2026-01-22T03:11:26.197+0000] {processor.py:161} INFO - Started process (PID=53077) to work on /opt/airflow/dags/pipeline_one_off.py
[2026-01-22T03:11:26.199+0000] {processor.py:830} INFO - Processing file /opt/airflow/dags/pipeline_one_off.py for tasks to queue
[2026-01-22T03:11:26.201+0000] {logging_mixin.py:188} INFO - [2026-01-22T03:11:26.200+0000] {dagbag.py:545} INFO - Filling up the DagBag from /opt/airflow/dags/pipeline_one_off.py
[2026-01-22T03:11:26.239+0000] {processor.py:840} INFO - DAG(s) 'pipeline_one_off' retrieved from /opt/airflow/dags/pipeline_one_off.py
[2026-01-22T03:11:26.309+0000] {logging_mixin.py:188} INFO - [2026-01-22T03:11:26.308+0000] {dag.py:3089} INFO - Sync 1 DAGs
[2026-01-22T03:11:26.333+0000] {logging_mixin.py:188} INFO - [2026-01-22T03:11:26.333+0000] {dag.py:3947} INFO - Setting next_dagrun for pipeline_one_off to None, run_after=None
[2026-01-22T03:11:26.372+0000] {processor.py:183} INFO - Processing /opt/airflow/dags/pipeline_one_off.py took 0.188 seconds
[2026-01-22T03:11:56.784+0000] {processor.py:161} INFO - Started process (PID=53087) to work on /opt/airflow/dags/pipeline_one_off.py
[2026-01-22T03:11:56.787+0000] {processor.py:830} INFO - Processing file /opt/airflow/dags/pipeline_one_off.py for tasks to queue
[2026-01-22T03:11:56.789+0000] {logging_mixin.py:188} INFO - [2026-01-22T03:11:56.788+0000] {dagbag.py:545} INFO - Filling up the DagBag from /opt/airflow/dags/pipeline_one_off.py
[2026-01-22T03:11:56.826+0000] {processor.py:840} INFO - DAG(s) 'pipeline_one_off' retrieved from /opt/airflow/dags/pipeline_one_off.py
[2026-01-22T03:11:56.893+0000] {logging_mixin.py:188} INFO - [2026-01-22T03:11:56.892+0000] {dag.py:3089} INFO - Sync 1 DAGs
[2026-01-22T03:11:56.915+0000] {logging_mixin.py:188} INFO - [2026-01-22T03:11:56.915+0000] {dag.py:3947} INFO - Setting next_dagrun for pipeline_one_off to None, run_after=None
[2026-01-22T03:11:56.952+0000] {processor.py:183} INFO - Processing /opt/airflow/dags/pipeline_one_off.py took 0.185 seconds
[2026-01-22T03:12:27.402+0000] {processor.py:161} INFO - Started process (PID=53097) to work on /opt/airflow/dags/pipeline_one_off.py
[2026-01-22T03:12:27.404+0000] {processor.py:830} INFO - Processing file /opt/airflow/dags/pipeline_one_off.py for tasks to queue
[2026-01-22T03:12:27.406+0000] {logging_mixin.py:188} INFO - [2026-01-22T03:12:27.405+0000] {dagbag.py:545} INFO - Filling up the DagBag from /opt/airflow/dags/pipeline_one_off.py
[2026-01-22T03:12:27.452+0000] {processor.py:840} INFO - DAG(s) 'pipeline_one_off' retrieved from /opt/airflow/dags/pipeline_one_off.py
[2026-01-22T03:12:27.531+0000] {logging_mixin.py:188} INFO - [2026-01-22T03:12:27.530+0000] {dag.py:3089} INFO - Sync 1 DAGs
[2026-01-22T03:12:27.561+0000] {logging_mixin.py:188} INFO - [2026-01-22T03:12:27.560+0000] {dag.py:3947} INFO - Setting next_dagrun for pipeline_one_off to None, run_after=None
[2026-01-22T03:12:27.672+0000] {processor.py:183} INFO - Processing /opt/airflow/dags/pipeline_one_off.py took 0.285 seconds
[2026-01-22T03:12:58.102+0000] {processor.py:161} INFO - Started process (PID=53107) to work on /opt/airflow/dags/pipeline_one_off.py
[2026-01-22T03:12:58.104+0000] {processor.py:830} INFO - Processing file /opt/airflow/dags/pipeline_one_off.py for tasks to queue
[2026-01-22T03:12:58.106+0000] {logging_mixin.py:188} INFO - [2026-01-22T03:12:58.105+0000] {dagbag.py:545} INFO - Filling up the DagBag from /opt/airflow/dags/pipeline_one_off.py
[2026-01-22T03:12:58.143+0000] {processor.py:840} INFO - DAG(s) 'pipeline_one_off' retrieved from /opt/airflow/dags/pipeline_one_off.py
[2026-01-22T03:12:58.210+0000] {logging_mixin.py:188} INFO - [2026-01-22T03:12:58.209+0000] {dag.py:3089} INFO - Sync 1 DAGs
[2026-01-22T03:12:58.238+0000] {logging_mixin.py:188} INFO - [2026-01-22T03:12:58.237+0000] {dag.py:3947} INFO - Setting next_dagrun for pipeline_one_off to None, run_after=None
[2026-01-22T03:12:58.274+0000] {processor.py:183} INFO - Processing /opt/airflow/dags/pipeline_one_off.py took 0.186 seconds
[2026-01-22T03:13:28.695+0000] {processor.py:161} INFO - Started process (PID=53117) to work on /opt/airflow/dags/pipeline_one_off.py
[2026-01-22T03:13:28.698+0000] {processor.py:830} INFO - Processing file /opt/airflow/dags/pipeline_one_off.py for tasks to queue
[2026-01-22T03:13:28.702+0000] {logging_mixin.py:188} INFO - [2026-01-22T03:13:28.701+0000] {dagbag.py:545} INFO - Filling up the DagBag from /opt/airflow/dags/pipeline_one_off.py
[2026-01-22T03:13:28.740+0000] {processor.py:840} INFO - DAG(s) 'pipeline_one_off' retrieved from /opt/airflow/dags/pipeline_one_off.py
[2026-01-22T03:13:28.837+0000] {logging_mixin.py:188} INFO - [2026-01-22T03:13:28.837+0000] {dag.py:3089} INFO - Sync 1 DAGs
[2026-01-22T03:13:28.874+0000] {logging_mixin.py:188} INFO - [2026-01-22T03:13:28.874+0000] {dag.py:3947} INFO - Setting next_dagrun for pipeline_one_off to None, run_after=None
[2026-01-22T03:13:28.986+0000] {processor.py:183} INFO - Processing /opt/airflow/dags/pipeline_one_off.py took 0.304 seconds
[2026-01-22T03:13:59.408+0000] {processor.py:161} INFO - Started process (PID=53127) to work on /opt/airflow/dags/pipeline_one_off.py
[2026-01-22T03:13:59.410+0000] {processor.py:830} INFO - Processing file /opt/airflow/dags/pipeline_one_off.py for tasks to queue
[2026-01-22T03:13:59.412+0000] {logging_mixin.py:188} INFO - [2026-01-22T03:13:59.412+0000] {dagbag.py:545} INFO - Filling up the DagBag from /opt/airflow/dags/pipeline_one_off.py
[2026-01-22T03:13:59.450+0000] {processor.py:840} INFO - DAG(s) 'pipeline_one_off' retrieved from /opt/airflow/dags/pipeline_one_off.py
[2026-01-22T03:13:59.539+0000] {logging_mixin.py:188} INFO - [2026-01-22T03:13:59.539+0000] {dag.py:3089} INFO - Sync 1 DAGs
[2026-01-22T03:13:59.564+0000] {logging_mixin.py:188} INFO - [2026-01-22T03:13:59.563+0000] {dag.py:3947} INFO - Setting next_dagrun for pipeline_one_off to None, run_after=None
[2026-01-22T03:13:59.601+0000] {processor.py:183} INFO - Processing /opt/airflow/dags/pipeline_one_off.py took 0.206 seconds
[2026-01-22T03:14:30.022+0000] {processor.py:161} INFO - Started process (PID=53137) to work on /opt/airflow/dags/pipeline_one_off.py
[2026-01-22T03:14:30.025+0000] {processor.py:830} INFO - Processing file /opt/airflow/dags/pipeline_one_off.py for tasks to queue
[2026-01-22T03:14:30.027+0000] {logging_mixin.py:188} INFO - [2026-01-22T03:14:30.026+0000] {dagbag.py:545} INFO - Filling up the DagBag from /opt/airflow/dags/pipeline_one_off.py
[2026-01-22T03:14:30.068+0000] {processor.py:840} INFO - DAG(s) 'pipeline_one_off' retrieved from /opt/airflow/dags/pipeline_one_off.py
[2026-01-22T03:14:30.145+0000] {logging_mixin.py:188} INFO - [2026-01-22T03:14:30.144+0000] {dag.py:3089} INFO - Sync 1 DAGs
[2026-01-22T03:14:30.175+0000] {logging_mixin.py:188} INFO - [2026-01-22T03:14:30.174+0000] {dag.py:3947} INFO - Setting next_dagrun for pipeline_one_off to None, run_after=None
[2026-01-22T03:14:30.212+0000] {processor.py:183} INFO - Processing /opt/airflow/dags/pipeline_one_off.py took 0.203 seconds
[2026-01-22T03:15:00.662+0000] {processor.py:161} INFO - Started process (PID=53147) to work on /opt/airflow/dags/pipeline_one_off.py
[2026-01-22T03:15:00.665+0000] {processor.py:830} INFO - Processing file /opt/airflow/dags/pipeline_one_off.py for tasks to queue
[2026-01-22T03:15:00.667+0000] {logging_mixin.py:188} INFO - [2026-01-22T03:15:00.666+0000] {dagbag.py:545} INFO - Filling up the DagBag from /opt/airflow/dags/pipeline_one_off.py
[2026-01-22T03:15:00.706+0000] {processor.py:840} INFO - DAG(s) 'pipeline_one_off' retrieved from /opt/airflow/dags/pipeline_one_off.py
[2026-01-22T03:15:00.776+0000] {logging_mixin.py:188} INFO - [2026-01-22T03:15:00.776+0000] {dag.py:3089} INFO - Sync 1 DAGs
[2026-01-22T03:15:00.802+0000] {logging_mixin.py:188} INFO - [2026-01-22T03:15:00.802+0000] {dag.py:3947} INFO - Setting next_dagrun for pipeline_one_off to None, run_after=None
[2026-01-22T03:15:00.875+0000] {processor.py:183} INFO - Processing /opt/airflow/dags/pipeline_one_off.py took 0.228 seconds
[2026-01-22T03:15:31.058+0000] {processor.py:161} INFO - Started process (PID=53157) to work on /opt/airflow/dags/pipeline_one_off.py
[2026-01-22T03:15:31.060+0000] {processor.py:830} INFO - Processing file /opt/airflow/dags/pipeline_one_off.py for tasks to queue
[2026-01-22T03:15:31.062+0000] {logging_mixin.py:188} INFO - [2026-01-22T03:15:31.062+0000] {dagbag.py:545} INFO - Filling up the DagBag from /opt/airflow/dags/pipeline_one_off.py
[2026-01-22T03:15:31.107+0000] {processor.py:840} INFO - DAG(s) 'pipeline_one_off' retrieved from /opt/airflow/dags/pipeline_one_off.py
[2026-01-22T03:15:31.183+0000] {logging_mixin.py:188} INFO - [2026-01-22T03:15:31.182+0000] {dag.py:3089} INFO - Sync 1 DAGs
[2026-01-22T03:15:31.210+0000] {logging_mixin.py:188} INFO - [2026-01-22T03:15:31.209+0000] {dag.py:3947} INFO - Setting next_dagrun for pipeline_one_off to None, run_after=None
[2026-01-22T03:15:31.327+0000] {processor.py:183} INFO - Processing /opt/airflow/dags/pipeline_one_off.py took 0.282 seconds
[2026-01-22T03:16:01.652+0000] {processor.py:161} INFO - Started process (PID=53167) to work on /opt/airflow/dags/pipeline_one_off.py
[2026-01-22T03:16:01.654+0000] {processor.py:830} INFO - Processing file /opt/airflow/dags/pipeline_one_off.py for tasks to queue
[2026-01-22T03:16:01.657+0000] {logging_mixin.py:188} INFO - [2026-01-22T03:16:01.656+0000] {dagbag.py:545} INFO - Filling up the DagBag from /opt/airflow/dags/pipeline_one_off.py
[2026-01-22T03:16:01.699+0000] {processor.py:840} INFO - DAG(s) 'pipeline_one_off' retrieved from /opt/airflow/dags/pipeline_one_off.py
[2026-01-22T03:16:01.768+0000] {logging_mixin.py:188} INFO - [2026-01-22T03:16:01.768+0000] {dag.py:3089} INFO - Sync 1 DAGs
[2026-01-22T03:16:01.796+0000] {logging_mixin.py:188} INFO - [2026-01-22T03:16:01.795+0000] {dag.py:3947} INFO - Setting next_dagrun for pipeline_one_off to None, run_after=None
[2026-01-22T03:16:01.906+0000] {processor.py:183} INFO - Processing /opt/airflow/dags/pipeline_one_off.py took 0.268 seconds
[2026-01-22T03:16:32.051+0000] {processor.py:161} INFO - Started process (PID=53177) to work on /opt/airflow/dags/pipeline_one_off.py
[2026-01-22T03:16:32.054+0000] {processor.py:830} INFO - Processing file /opt/airflow/dags/pipeline_one_off.py for tasks to queue
[2026-01-22T03:16:32.056+0000] {logging_mixin.py:188} INFO - [2026-01-22T03:16:32.055+0000] {dagbag.py:545} INFO - Filling up the DagBag from /opt/airflow/dags/pipeline_one_off.py
[2026-01-22T03:16:32.096+0000] {processor.py:840} INFO - DAG(s) 'pipeline_one_off' retrieved from /opt/airflow/dags/pipeline_one_off.py
[2026-01-22T03:16:32.167+0000] {logging_mixin.py:188} INFO - [2026-01-22T03:16:32.167+0000] {dag.py:3089} INFO - Sync 1 DAGs
[2026-01-22T03:16:32.193+0000] {logging_mixin.py:188} INFO - [2026-01-22T03:16:32.192+0000] {dag.py:3947} INFO - Setting next_dagrun for pipeline_one_off to None, run_after=None
[2026-01-22T03:16:32.302+0000] {processor.py:183} INFO - Processing /opt/airflow/dags/pipeline_one_off.py took 0.264 seconds
[2026-01-22T03:17:02.620+0000] {processor.py:161} INFO - Started process (PID=53187) to work on /opt/airflow/dags/pipeline_one_off.py
[2026-01-22T03:17:02.621+0000] {processor.py:830} INFO - Processing file /opt/airflow/dags/pipeline_one_off.py for tasks to queue
[2026-01-22T03:17:02.623+0000] {logging_mixin.py:188} INFO - [2026-01-22T03:17:02.622+0000] {dagbag.py:545} INFO - Filling up the DagBag from /opt/airflow/dags/pipeline_one_off.py
[2026-01-22T03:17:02.659+0000] {processor.py:840} INFO - DAG(s) 'pipeline_one_off' retrieved from /opt/airflow/dags/pipeline_one_off.py
[2026-01-22T03:17:02.720+0000] {logging_mixin.py:188} INFO - [2026-01-22T03:17:02.720+0000] {dag.py:3089} INFO - Sync 1 DAGs
[2026-01-22T03:17:02.743+0000] {logging_mixin.py:188} INFO - [2026-01-22T03:17:02.742+0000] {dag.py:3947} INFO - Setting next_dagrun for pipeline_one_off to None, run_after=None
[2026-01-22T03:17:02.847+0000] {processor.py:183} INFO - Processing /opt/airflow/dags/pipeline_one_off.py took 0.239 seconds
[2026-01-22T03:17:33.035+0000] {processor.py:161} INFO - Started process (PID=53197) to work on /opt/airflow/dags/pipeline_one_off.py
[2026-01-22T03:17:33.038+0000] {processor.py:830} INFO - Processing file /opt/airflow/dags/pipeline_one_off.py for tasks to queue
[2026-01-22T03:17:33.040+0000] {logging_mixin.py:188} INFO - [2026-01-22T03:17:33.039+0000] {dagbag.py:545} INFO - Filling up the DagBag from /opt/airflow/dags/pipeline_one_off.py
[2026-01-22T03:17:33.090+0000] {processor.py:840} INFO - DAG(s) 'pipeline_one_off' retrieved from /opt/airflow/dags/pipeline_one_off.py
[2026-01-22T03:17:33.173+0000] {logging_mixin.py:188} INFO - [2026-01-22T03:17:33.171+0000] {dag.py:3089} INFO - Sync 1 DAGs
[2026-01-22T03:17:33.199+0000] {logging_mixin.py:188} INFO - [2026-01-22T03:17:33.199+0000] {dag.py:3947} INFO - Setting next_dagrun for pipeline_one_off to None, run_after=None
[2026-01-22T03:17:33.309+0000] {processor.py:183} INFO - Processing /opt/airflow/dags/pipeline_one_off.py took 0.289 seconds
[2026-01-22T03:18:03.563+0000] {processor.py:161} INFO - Started process (PID=53207) to work on /opt/airflow/dags/pipeline_one_off.py
[2026-01-22T03:18:03.565+0000] {processor.py:830} INFO - Processing file /opt/airflow/dags/pipeline_one_off.py for tasks to queue
[2026-01-22T03:18:03.567+0000] {logging_mixin.py:188} INFO - [2026-01-22T03:18:03.566+0000] {dagbag.py:545} INFO - Filling up the DagBag from /opt/airflow/dags/pipeline_one_off.py
[2026-01-22T03:18:03.605+0000] {processor.py:840} INFO - DAG(s) 'pipeline_one_off' retrieved from /opt/airflow/dags/pipeline_one_off.py
[2026-01-22T03:18:03.681+0000] {logging_mixin.py:188} INFO - [2026-01-22T03:18:03.681+0000] {dag.py:3089} INFO - Sync 1 DAGs
[2026-01-22T03:18:03.708+0000] {logging_mixin.py:188} INFO - [2026-01-22T03:18:03.708+0000] {dag.py:3947} INFO - Setting next_dagrun for pipeline_one_off to None, run_after=None
[2026-01-22T03:18:03.815+0000] {processor.py:183} INFO - Processing /opt/airflow/dags/pipeline_one_off.py took 0.266 seconds
[2026-01-22T03:18:34.023+0000] {processor.py:161} INFO - Started process (PID=53217) to work on /opt/airflow/dags/pipeline_one_off.py
[2026-01-22T03:18:34.025+0000] {processor.py:830} INFO - Processing file /opt/airflow/dags/pipeline_one_off.py for tasks to queue
[2026-01-22T03:18:34.027+0000] {logging_mixin.py:188} INFO - [2026-01-22T03:18:34.026+0000] {dagbag.py:545} INFO - Filling up the DagBag from /opt/airflow/dags/pipeline_one_off.py
[2026-01-22T03:18:34.065+0000] {processor.py:840} INFO - DAG(s) 'pipeline_one_off' retrieved from /opt/airflow/dags/pipeline_one_off.py
[2026-01-22T03:18:34.138+0000] {logging_mixin.py:188} INFO - [2026-01-22T03:18:34.137+0000] {dag.py:3089} INFO - Sync 1 DAGs
[2026-01-22T03:18:34.163+0000] {logging_mixin.py:188} INFO - [2026-01-22T03:18:34.162+0000] {dag.py:3947} INFO - Setting next_dagrun for pipeline_one_off to None, run_after=None
[2026-01-22T03:18:34.267+0000] {processor.py:183} INFO - Processing /opt/airflow/dags/pipeline_one_off.py took 0.257 seconds
[2026-01-22T03:19:04.552+0000] {processor.py:161} INFO - Started process (PID=53227) to work on /opt/airflow/dags/pipeline_one_off.py
[2026-01-22T03:19:04.554+0000] {processor.py:830} INFO - Processing file /opt/airflow/dags/pipeline_one_off.py for tasks to queue
[2026-01-22T03:19:04.556+0000] {logging_mixin.py:188} INFO - [2026-01-22T03:19:04.555+0000] {dagbag.py:545} INFO - Filling up the DagBag from /opt/airflow/dags/pipeline_one_off.py
[2026-01-22T03:19:04.596+0000] {processor.py:840} INFO - DAG(s) 'pipeline_one_off' retrieved from /opt/airflow/dags/pipeline_one_off.py
[2026-01-22T03:19:04.668+0000] {logging_mixin.py:188} INFO - [2026-01-22T03:19:04.668+0000] {dag.py:3089} INFO - Sync 1 DAGs
[2026-01-22T03:19:04.705+0000] {logging_mixin.py:188} INFO - [2026-01-22T03:19:04.704+0000] {dag.py:3947} INFO - Setting next_dagrun for pipeline_one_off to None, run_after=None
[2026-01-22T03:19:04.816+0000] {processor.py:183} INFO - Processing /opt/airflow/dags/pipeline_one_off.py took 0.278 seconds
[2026-01-22T03:19:35.006+0000] {processor.py:161} INFO - Started process (PID=53237) to work on /opt/airflow/dags/pipeline_one_off.py
[2026-01-22T03:19:35.008+0000] {processor.py:830} INFO - Processing file /opt/airflow/dags/pipeline_one_off.py for tasks to queue
[2026-01-22T03:19:35.010+0000] {logging_mixin.py:188} INFO - [2026-01-22T03:19:35.009+0000] {dagbag.py:545} INFO - Filling up the DagBag from /opt/airflow/dags/pipeline_one_off.py
[2026-01-22T03:19:35.053+0000] {processor.py:840} INFO - DAG(s) 'pipeline_one_off' retrieved from /opt/airflow/dags/pipeline_one_off.py
[2026-01-22T03:19:35.139+0000] {logging_mixin.py:188} INFO - [2026-01-22T03:19:35.138+0000] {dag.py:3089} INFO - Sync 1 DAGs
[2026-01-22T03:19:35.174+0000] {logging_mixin.py:188} INFO - [2026-01-22T03:19:35.173+0000] {dag.py:3947} INFO - Setting next_dagrun for pipeline_one_off to None, run_after=None
[2026-01-22T03:19:35.279+0000] {processor.py:183} INFO - Processing /opt/airflow/dags/pipeline_one_off.py took 0.289 seconds
[2026-01-22T03:20:05.591+0000] {processor.py:161} INFO - Started process (PID=53248) to work on /opt/airflow/dags/pipeline_one_off.py
[2026-01-22T03:20:05.595+0000] {processor.py:830} INFO - Processing file /opt/airflow/dags/pipeline_one_off.py for tasks to queue
[2026-01-22T03:20:05.598+0000] {logging_mixin.py:188} INFO - [2026-01-22T03:20:05.597+0000] {dagbag.py:545} INFO - Filling up the DagBag from /opt/airflow/dags/pipeline_one_off.py
[2026-01-22T03:20:05.646+0000] {processor.py:840} INFO - DAG(s) 'pipeline_one_off' retrieved from /opt/airflow/dags/pipeline_one_off.py
[2026-01-22T03:20:05.756+0000] {logging_mixin.py:188} INFO - [2026-01-22T03:20:05.756+0000] {dag.py:3089} INFO - Sync 1 DAGs
[2026-01-22T03:20:05.783+0000] {logging_mixin.py:188} INFO - [2026-01-22T03:20:05.783+0000] {dag.py:3947} INFO - Setting next_dagrun for pipeline_one_off to None, run_after=None
[2026-01-22T03:20:05.822+0000] {processor.py:183} INFO - Processing /opt/airflow/dags/pipeline_one_off.py took 0.252 seconds
[2026-01-22T03:20:36.250+0000] {processor.py:161} INFO - Started process (PID=53260) to work on /opt/airflow/dags/pipeline_one_off.py
[2026-01-22T03:20:36.253+0000] {processor.py:830} INFO - Processing file /opt/airflow/dags/pipeline_one_off.py for tasks to queue
[2026-01-22T03:20:36.255+0000] {logging_mixin.py:188} INFO - [2026-01-22T03:20:36.254+0000] {dagbag.py:545} INFO - Filling up the DagBag from /opt/airflow/dags/pipeline_one_off.py
[2026-01-22T03:20:36.302+0000] {processor.py:840} INFO - DAG(s) 'pipeline_one_off' retrieved from /opt/airflow/dags/pipeline_one_off.py
[2026-01-22T03:20:36.385+0000] {logging_mixin.py:188} INFO - [2026-01-22T03:20:36.385+0000] {dag.py:3089} INFO - Sync 1 DAGs
[2026-01-22T03:20:36.414+0000] {logging_mixin.py:188} INFO - [2026-01-22T03:20:36.414+0000] {dag.py:3947} INFO - Setting next_dagrun for pipeline_one_off to None, run_after=None
[2026-01-22T03:20:36.526+0000] {processor.py:183} INFO - Processing /opt/airflow/dags/pipeline_one_off.py took 0.290 seconds
[2026-01-22T03:21:06.981+0000] {processor.py:161} INFO - Started process (PID=53270) to work on /opt/airflow/dags/pipeline_one_off.py
[2026-01-22T03:21:06.983+0000] {processor.py:830} INFO - Processing file /opt/airflow/dags/pipeline_one_off.py for tasks to queue
[2026-01-22T03:21:06.985+0000] {logging_mixin.py:188} INFO - [2026-01-22T03:21:06.984+0000] {dagbag.py:545} INFO - Filling up the DagBag from /opt/airflow/dags/pipeline_one_off.py
[2026-01-22T03:21:07.029+0000] {processor.py:840} INFO - DAG(s) 'pipeline_one_off' retrieved from /opt/airflow/dags/pipeline_one_off.py
[2026-01-22T03:21:07.103+0000] {logging_mixin.py:188} INFO - [2026-01-22T03:21:07.102+0000] {dag.py:3089} INFO - Sync 1 DAGs
[2026-01-22T03:21:07.130+0000] {logging_mixin.py:188} INFO - [2026-01-22T03:21:07.130+0000] {dag.py:3947} INFO - Setting next_dagrun for pipeline_one_off to None, run_after=None
[2026-01-22T03:21:07.238+0000] {processor.py:183} INFO - Processing /opt/airflow/dags/pipeline_one_off.py took 0.269 seconds
[2026-01-22T03:21:37.409+0000] {processor.py:161} INFO - Started process (PID=53280) to work on /opt/airflow/dags/pipeline_one_off.py
[2026-01-22T03:21:37.412+0000] {processor.py:830} INFO - Processing file /opt/airflow/dags/pipeline_one_off.py for tasks to queue
[2026-01-22T03:21:37.415+0000] {logging_mixin.py:188} INFO - [2026-01-22T03:21:37.414+0000] {dagbag.py:545} INFO - Filling up the DagBag from /opt/airflow/dags/pipeline_one_off.py
[2026-01-22T03:21:37.455+0000] {processor.py:840} INFO - DAG(s) 'pipeline_one_off' retrieved from /opt/airflow/dags/pipeline_one_off.py
[2026-01-22T03:21:37.528+0000] {logging_mixin.py:188} INFO - [2026-01-22T03:21:37.527+0000] {dag.py:3089} INFO - Sync 1 DAGs
[2026-01-22T03:21:37.554+0000] {logging_mixin.py:188} INFO - [2026-01-22T03:21:37.553+0000] {dag.py:3947} INFO - Setting next_dagrun for pipeline_one_off to None, run_after=None
[2026-01-22T03:21:37.660+0000] {processor.py:183} INFO - Processing /opt/airflow/dags/pipeline_one_off.py took 0.267 seconds
[2026-01-22T03:22:07.976+0000] {processor.py:161} INFO - Started process (PID=53290) to work on /opt/airflow/dags/pipeline_one_off.py
[2026-01-22T03:22:07.978+0000] {processor.py:830} INFO - Processing file /opt/airflow/dags/pipeline_one_off.py for tasks to queue
[2026-01-22T03:22:07.980+0000] {logging_mixin.py:188} INFO - [2026-01-22T03:22:07.979+0000] {dagbag.py:545} INFO - Filling up the DagBag from /opt/airflow/dags/pipeline_one_off.py
[2026-01-22T03:22:08.029+0000] {processor.py:840} INFO - DAG(s) 'pipeline_one_off' retrieved from /opt/airflow/dags/pipeline_one_off.py
[2026-01-22T03:22:08.097+0000] {logging_mixin.py:188} INFO - [2026-01-22T03:22:08.097+0000] {dag.py:3089} INFO - Sync 1 DAGs
[2026-01-22T03:22:08.121+0000] {logging_mixin.py:188} INFO - [2026-01-22T03:22:08.121+0000] {dag.py:3947} INFO - Setting next_dagrun for pipeline_one_off to None, run_after=None
[2026-01-22T03:22:08.226+0000] {processor.py:183} INFO - Processing /opt/airflow/dags/pipeline_one_off.py took 0.265 seconds
[2026-01-22T03:22:38.458+0000] {processor.py:161} INFO - Started process (PID=53300) to work on /opt/airflow/dags/pipeline_one_off.py
[2026-01-22T03:22:38.460+0000] {processor.py:830} INFO - Processing file /opt/airflow/dags/pipeline_one_off.py for tasks to queue
[2026-01-22T03:22:38.461+0000] {logging_mixin.py:188} INFO - [2026-01-22T03:22:38.461+0000] {dagbag.py:545} INFO - Filling up the DagBag from /opt/airflow/dags/pipeline_one_off.py
[2026-01-22T03:22:38.500+0000] {processor.py:840} INFO - DAG(s) 'pipeline_one_off' retrieved from /opt/airflow/dags/pipeline_one_off.py
[2026-01-22T03:22:38.569+0000] {logging_mixin.py:188} INFO - [2026-01-22T03:22:38.569+0000] {dag.py:3089} INFO - Sync 1 DAGs
[2026-01-22T03:22:38.600+0000] {logging_mixin.py:188} INFO - [2026-01-22T03:22:38.600+0000] {dag.py:3947} INFO - Setting next_dagrun for pipeline_one_off to None, run_after=None
[2026-01-22T03:22:38.672+0000] {processor.py:183} INFO - Processing /opt/airflow/dags/pipeline_one_off.py took 0.227 seconds
[2026-01-22T03:23:09.155+0000] {processor.py:161} INFO - Started process (PID=53310) to work on /opt/airflow/dags/pipeline_one_off.py
[2026-01-22T03:23:09.157+0000] {processor.py:830} INFO - Processing file /opt/airflow/dags/pipeline_one_off.py for tasks to queue
[2026-01-22T03:23:09.158+0000] {logging_mixin.py:188} INFO - [2026-01-22T03:23:09.158+0000] {dagbag.py:545} INFO - Filling up the DagBag from /opt/airflow/dags/pipeline_one_off.py
[2026-01-22T03:23:09.198+0000] {processor.py:840} INFO - DAG(s) 'pipeline_one_off' retrieved from /opt/airflow/dags/pipeline_one_off.py
[2026-01-22T03:23:09.267+0000] {logging_mixin.py:188} INFO - [2026-01-22T03:23:09.267+0000] {dag.py:3089} INFO - Sync 1 DAGs
[2026-01-22T03:23:09.293+0000] {logging_mixin.py:188} INFO - [2026-01-22T03:23:09.292+0000] {dag.py:3947} INFO - Setting next_dagrun for pipeline_one_off to None, run_after=None
[2026-01-22T03:23:09.336+0000] {processor.py:183} INFO - Processing /opt/airflow/dags/pipeline_one_off.py took 0.195 seconds
[2026-01-22T03:23:39.747+0000] {processor.py:161} INFO - Started process (PID=53320) to work on /opt/airflow/dags/pipeline_one_off.py
[2026-01-22T03:23:39.749+0000] {processor.py:830} INFO - Processing file /opt/airflow/dags/pipeline_one_off.py for tasks to queue
[2026-01-22T03:23:39.751+0000] {logging_mixin.py:188} INFO - [2026-01-22T03:23:39.750+0000] {dagbag.py:545} INFO - Filling up the DagBag from /opt/airflow/dags/pipeline_one_off.py
[2026-01-22T03:23:39.788+0000] {processor.py:840} INFO - DAG(s) 'pipeline_one_off' retrieved from /opt/airflow/dags/pipeline_one_off.py
[2026-01-22T03:23:39.848+0000] {logging_mixin.py:188} INFO - [2026-01-22T03:23:39.848+0000] {dag.py:3089} INFO - Sync 1 DAGs
[2026-01-22T03:23:39.871+0000] {logging_mixin.py:188} INFO - [2026-01-22T03:23:39.870+0000] {dag.py:3947} INFO - Setting next_dagrun for pipeline_one_off to None, run_after=None
[2026-01-22T03:23:39.976+0000] {processor.py:183} INFO - Processing /opt/airflow/dags/pipeline_one_off.py took 0.244 seconds
[2026-01-22T03:24:10.114+0000] {processor.py:161} INFO - Started process (PID=53330) to work on /opt/airflow/dags/pipeline_one_off.py
[2026-01-22T03:24:10.116+0000] {processor.py:830} INFO - Processing file /opt/airflow/dags/pipeline_one_off.py for tasks to queue
[2026-01-22T03:24:10.117+0000] {logging_mixin.py:188} INFO - [2026-01-22T03:24:10.117+0000] {dagbag.py:545} INFO - Filling up the DagBag from /opt/airflow/dags/pipeline_one_off.py
[2026-01-22T03:24:10.161+0000] {processor.py:840} INFO - DAG(s) 'pipeline_one_off' retrieved from /opt/airflow/dags/pipeline_one_off.py
[2026-01-22T03:24:10.236+0000] {logging_mixin.py:188} INFO - [2026-01-22T03:24:10.236+0000] {dag.py:3089} INFO - Sync 1 DAGs
[2026-01-22T03:24:10.263+0000] {logging_mixin.py:188} INFO - [2026-01-22T03:24:10.263+0000] {dag.py:3947} INFO - Setting next_dagrun for pipeline_one_off to None, run_after=None
[2026-01-22T03:24:10.303+0000] {processor.py:183} INFO - Processing /opt/airflow/dags/pipeline_one_off.py took 0.202 seconds
[2026-01-22T03:24:40.729+0000] {processor.py:161} INFO - Started process (PID=53340) to work on /opt/airflow/dags/pipeline_one_off.py
[2026-01-22T03:24:40.733+0000] {processor.py:830} INFO - Processing file /opt/airflow/dags/pipeline_one_off.py for tasks to queue
[2026-01-22T03:24:40.735+0000] {logging_mixin.py:188} INFO - [2026-01-22T03:24:40.734+0000] {dagbag.py:545} INFO - Filling up the DagBag from /opt/airflow/dags/pipeline_one_off.py
[2026-01-22T03:24:40.773+0000] {processor.py:840} INFO - DAG(s) 'pipeline_one_off' retrieved from /opt/airflow/dags/pipeline_one_off.py
[2026-01-22T03:24:40.840+0000] {logging_mixin.py:188} INFO - [2026-01-22T03:24:40.840+0000] {dag.py:3089} INFO - Sync 1 DAGs
[2026-01-22T03:24:40.865+0000] {logging_mixin.py:188} INFO - [2026-01-22T03:24:40.864+0000] {dag.py:3947} INFO - Setting next_dagrun for pipeline_one_off to None, run_after=None
[2026-01-22T03:24:40.971+0000] {processor.py:183} INFO - Processing /opt/airflow/dags/pipeline_one_off.py took 0.253 seconds
[2026-01-22T03:25:11.104+0000] {processor.py:161} INFO - Started process (PID=53350) to work on /opt/airflow/dags/pipeline_one_off.py
[2026-01-22T03:25:11.106+0000] {processor.py:830} INFO - Processing file /opt/airflow/dags/pipeline_one_off.py for tasks to queue
[2026-01-22T03:25:11.107+0000] {logging_mixin.py:188} INFO - [2026-01-22T03:25:11.107+0000] {dagbag.py:545} INFO - Filling up the DagBag from /opt/airflow/dags/pipeline_one_off.py
[2026-01-22T03:25:11.147+0000] {processor.py:840} INFO - DAG(s) 'pipeline_one_off' retrieved from /opt/airflow/dags/pipeline_one_off.py
[2026-01-22T03:25:11.220+0000] {logging_mixin.py:188} INFO - [2026-01-22T03:25:11.219+0000] {dag.py:3089} INFO - Sync 1 DAGs
[2026-01-22T03:25:11.248+0000] {logging_mixin.py:188} INFO - [2026-01-22T03:25:11.247+0000] {dag.py:3947} INFO - Setting next_dagrun for pipeline_one_off to None, run_after=None
[2026-01-22T03:25:11.284+0000] {processor.py:183} INFO - Processing /opt/airflow/dags/pipeline_one_off.py took 0.193 seconds
[2026-01-22T03:25:41.706+0000] {processor.py:161} INFO - Started process (PID=53360) to work on /opt/airflow/dags/pipeline_one_off.py
[2026-01-22T03:25:41.709+0000] {processor.py:830} INFO - Processing file /opt/airflow/dags/pipeline_one_off.py for tasks to queue
[2026-01-22T03:25:41.710+0000] {logging_mixin.py:188} INFO - [2026-01-22T03:25:41.710+0000] {dagbag.py:545} INFO - Filling up the DagBag from /opt/airflow/dags/pipeline_one_off.py
[2026-01-22T03:25:41.749+0000] {processor.py:840} INFO - DAG(s) 'pipeline_one_off' retrieved from /opt/airflow/dags/pipeline_one_off.py
[2026-01-22T03:25:41.814+0000] {logging_mixin.py:188} INFO - [2026-01-22T03:25:41.814+0000] {dag.py:3089} INFO - Sync 1 DAGs
[2026-01-22T03:25:41.840+0000] {logging_mixin.py:188} INFO - [2026-01-22T03:25:41.840+0000] {dag.py:3947} INFO - Setting next_dagrun for pipeline_one_off to None, run_after=None
[2026-01-22T03:25:41.944+0000] {processor.py:183} INFO - Processing /opt/airflow/dags/pipeline_one_off.py took 0.253 seconds
[2026-01-22T03:26:12.146+0000] {processor.py:161} INFO - Started process (PID=53370) to work on /opt/airflow/dags/pipeline_one_off.py
[2026-01-22T03:26:12.147+0000] {processor.py:830} INFO - Processing file /opt/airflow/dags/pipeline_one_off.py for tasks to queue
[2026-01-22T03:26:12.149+0000] {logging_mixin.py:188} INFO - [2026-01-22T03:26:12.149+0000] {dagbag.py:545} INFO - Filling up the DagBag from /opt/airflow/dags/pipeline_one_off.py
[2026-01-22T03:26:12.186+0000] {processor.py:840} INFO - DAG(s) 'pipeline_one_off' retrieved from /opt/airflow/dags/pipeline_one_off.py
[2026-01-22T03:26:12.254+0000] {logging_mixin.py:188} INFO - [2026-01-22T03:26:12.254+0000] {dag.py:3089} INFO - Sync 1 DAGs
[2026-01-22T03:26:12.277+0000] {logging_mixin.py:188} INFO - [2026-01-22T03:26:12.277+0000] {dag.py:3947} INFO - Setting next_dagrun for pipeline_one_off to None, run_after=None
[2026-01-22T03:26:12.380+0000] {processor.py:183} INFO - Processing /opt/airflow/dags/pipeline_one_off.py took 0.246 seconds
[2026-01-22T03:26:42.666+0000] {processor.py:161} INFO - Started process (PID=53380) to work on /opt/airflow/dags/pipeline_one_off.py
[2026-01-22T03:26:42.668+0000] {processor.py:830} INFO - Processing file /opt/airflow/dags/pipeline_one_off.py for tasks to queue
[2026-01-22T03:26:42.670+0000] {logging_mixin.py:188} INFO - [2026-01-22T03:26:42.669+0000] {dagbag.py:545} INFO - Filling up the DagBag from /opt/airflow/dags/pipeline_one_off.py
[2026-01-22T03:26:42.711+0000] {processor.py:840} INFO - DAG(s) 'pipeline_one_off' retrieved from /opt/airflow/dags/pipeline_one_off.py
[2026-01-22T03:26:42.781+0000] {logging_mixin.py:188} INFO - [2026-01-22T03:26:42.781+0000] {dag.py:3089} INFO - Sync 1 DAGs
[2026-01-22T03:26:42.804+0000] {logging_mixin.py:188} INFO - [2026-01-22T03:26:42.804+0000] {dag.py:3947} INFO - Setting next_dagrun for pipeline_one_off to None, run_after=None
[2026-01-22T03:26:42.916+0000] {processor.py:183} INFO - Processing /opt/airflow/dags/pipeline_one_off.py took 0.263 seconds
[2026-01-22T03:27:13.080+0000] {processor.py:161} INFO - Started process (PID=53390) to work on /opt/airflow/dags/pipeline_one_off.py
[2026-01-22T03:27:13.082+0000] {processor.py:830} INFO - Processing file /opt/airflow/dags/pipeline_one_off.py for tasks to queue
[2026-01-22T03:27:13.084+0000] {logging_mixin.py:188} INFO - [2026-01-22T03:27:13.083+0000] {dagbag.py:545} INFO - Filling up the DagBag from /opt/airflow/dags/pipeline_one_off.py
[2026-01-22T03:27:13.126+0000] {processor.py:840} INFO - DAG(s) 'pipeline_one_off' retrieved from /opt/airflow/dags/pipeline_one_off.py
[2026-01-22T03:27:13.195+0000] {logging_mixin.py:188} INFO - [2026-01-22T03:27:13.195+0000] {dag.py:3089} INFO - Sync 1 DAGs
[2026-01-22T03:27:13.223+0000] {logging_mixin.py:188} INFO - [2026-01-22T03:27:13.223+0000] {dag.py:3947} INFO - Setting next_dagrun for pipeline_one_off to None, run_after=None
[2026-01-22T03:27:13.333+0000] {processor.py:183} INFO - Processing /opt/airflow/dags/pipeline_one_off.py took 0.266 seconds
[2026-01-22T03:27:43.635+0000] {processor.py:161} INFO - Started process (PID=53400) to work on /opt/airflow/dags/pipeline_one_off.py
[2026-01-22T03:27:43.637+0000] {processor.py:830} INFO - Processing file /opt/airflow/dags/pipeline_one_off.py for tasks to queue
[2026-01-22T03:27:43.639+0000] {logging_mixin.py:188} INFO - [2026-01-22T03:27:43.638+0000] {dagbag.py:545} INFO - Filling up the DagBag from /opt/airflow/dags/pipeline_one_off.py
[2026-01-22T03:27:43.679+0000] {processor.py:840} INFO - DAG(s) 'pipeline_one_off' retrieved from /opt/airflow/dags/pipeline_one_off.py
[2026-01-22T03:27:43.748+0000] {logging_mixin.py:188} INFO - [2026-01-22T03:27:43.748+0000] {dag.py:3089} INFO - Sync 1 DAGs
[2026-01-22T03:27:43.771+0000] {logging_mixin.py:188} INFO - [2026-01-22T03:27:43.771+0000] {dag.py:3947} INFO - Setting next_dagrun for pipeline_one_off to None, run_after=None
[2026-01-22T03:27:43.871+0000] {processor.py:183} INFO - Processing /opt/airflow/dags/pipeline_one_off.py took 0.250 seconds
[2026-01-22T03:28:14.275+0000] {processor.py:161} INFO - Started process (PID=53410) to work on /opt/airflow/dags/pipeline_one_off.py
[2026-01-22T03:28:14.278+0000] {processor.py:830} INFO - Processing file /opt/airflow/dags/pipeline_one_off.py for tasks to queue
[2026-01-22T03:28:14.280+0000] {logging_mixin.py:188} INFO - [2026-01-22T03:28:14.279+0000] {dagbag.py:545} INFO - Filling up the DagBag from /opt/airflow/dags/pipeline_one_off.py
[2026-01-22T03:28:14.325+0000] {processor.py:840} INFO - DAG(s) 'pipeline_one_off' retrieved from /opt/airflow/dags/pipeline_one_off.py
[2026-01-22T03:28:14.397+0000] {logging_mixin.py:188} INFO - [2026-01-22T03:28:14.397+0000] {dag.py:3089} INFO - Sync 1 DAGs
[2026-01-22T03:28:14.426+0000] {logging_mixin.py:188} INFO - [2026-01-22T03:28:14.425+0000] {dag.py:3947} INFO - Setting next_dagrun for pipeline_one_off to None, run_after=None
[2026-01-22T03:28:14.533+0000] {processor.py:183} INFO - Processing /opt/airflow/dags/pipeline_one_off.py took 0.270 seconds
[2026-01-22T03:28:44.677+0000] {processor.py:161} INFO - Started process (PID=53420) to work on /opt/airflow/dags/pipeline_one_off.py
[2026-01-22T03:28:44.679+0000] {processor.py:830} INFO - Processing file /opt/airflow/dags/pipeline_one_off.py for tasks to queue
[2026-01-22T03:28:44.681+0000] {logging_mixin.py:188} INFO - [2026-01-22T03:28:44.680+0000] {dagbag.py:545} INFO - Filling up the DagBag from /opt/airflow/dags/pipeline_one_off.py
[2026-01-22T03:28:44.719+0000] {processor.py:840} INFO - DAG(s) 'pipeline_one_off' retrieved from /opt/airflow/dags/pipeline_one_off.py
[2026-01-22T03:28:44.788+0000] {logging_mixin.py:188} INFO - [2026-01-22T03:28:44.788+0000] {dag.py:3089} INFO - Sync 1 DAGs
[2026-01-22T03:28:44.818+0000] {logging_mixin.py:188} INFO - [2026-01-22T03:28:44.817+0000] {dag.py:3947} INFO - Setting next_dagrun for pipeline_one_off to None, run_after=None
[2026-01-22T03:28:44.931+0000] {processor.py:183} INFO - Processing /opt/airflow/dags/pipeline_one_off.py took 0.266 seconds
[2026-01-22T03:29:15.237+0000] {processor.py:161} INFO - Started process (PID=53430) to work on /opt/airflow/dags/pipeline_one_off.py
[2026-01-22T03:29:15.239+0000] {processor.py:830} INFO - Processing file /opt/airflow/dags/pipeline_one_off.py for tasks to queue
[2026-01-22T03:29:15.241+0000] {logging_mixin.py:188} INFO - [2026-01-22T03:29:15.240+0000] {dagbag.py:545} INFO - Filling up the DagBag from /opt/airflow/dags/pipeline_one_off.py
[2026-01-22T03:29:15.282+0000] {processor.py:840} INFO - DAG(s) 'pipeline_one_off' retrieved from /opt/airflow/dags/pipeline_one_off.py
[2026-01-22T03:29:15.346+0000] {logging_mixin.py:188} INFO - [2026-01-22T03:29:15.346+0000] {dag.py:3089} INFO - Sync 1 DAGs
[2026-01-22T03:29:15.369+0000] {logging_mixin.py:188} INFO - [2026-01-22T03:29:15.369+0000] {dag.py:3947} INFO - Setting next_dagrun for pipeline_one_off to None, run_after=None
[2026-01-22T03:29:15.475+0000] {processor.py:183} INFO - Processing /opt/airflow/dags/pipeline_one_off.py took 0.249 seconds
[2026-01-22T03:29:45.608+0000] {processor.py:161} INFO - Started process (PID=53440) to work on /opt/airflow/dags/pipeline_one_off.py
[2026-01-22T03:29:45.610+0000] {processor.py:830} INFO - Processing file /opt/airflow/dags/pipeline_one_off.py for tasks to queue
[2026-01-22T03:29:45.612+0000] {logging_mixin.py:188} INFO - [2026-01-22T03:29:45.611+0000] {dagbag.py:545} INFO - Filling up the DagBag from /opt/airflow/dags/pipeline_one_off.py
[2026-01-22T03:29:45.652+0000] {processor.py:840} INFO - DAG(s) 'pipeline_one_off' retrieved from /opt/airflow/dags/pipeline_one_off.py
[2026-01-22T03:29:45.709+0000] {logging_mixin.py:188} INFO - [2026-01-22T03:29:45.708+0000] {dag.py:3089} INFO - Sync 1 DAGs
[2026-01-22T03:29:45.728+0000] {logging_mixin.py:188} INFO - [2026-01-22T03:29:45.727+0000] {dag.py:3947} INFO - Setting next_dagrun for pipeline_one_off to None, run_after=None
[2026-01-22T03:29:45.826+0000] {processor.py:183} INFO - Processing /opt/airflow/dags/pipeline_one_off.py took 0.229 seconds
[2026-01-22T03:30:16.116+0000] {processor.py:161} INFO - Started process (PID=53453) to work on /opt/airflow/dags/pipeline_one_off.py
[2026-01-22T03:30:16.119+0000] {processor.py:830} INFO - Processing file /opt/airflow/dags/pipeline_one_off.py for tasks to queue
[2026-01-22T03:30:16.121+0000] {logging_mixin.py:188} INFO - [2026-01-22T03:30:16.120+0000] {dagbag.py:545} INFO - Filling up the DagBag from /opt/airflow/dags/pipeline_one_off.py
[2026-01-22T03:30:16.164+0000] {processor.py:840} INFO - DAG(s) 'pipeline_one_off' retrieved from /opt/airflow/dags/pipeline_one_off.py
[2026-01-22T03:30:16.229+0000] {logging_mixin.py:188} INFO - [2026-01-22T03:30:16.229+0000] {dag.py:3089} INFO - Sync 1 DAGs
[2026-01-22T03:30:16.252+0000] {logging_mixin.py:188} INFO - [2026-01-22T03:30:16.252+0000] {dag.py:3947} INFO - Setting next_dagrun for pipeline_one_off to None, run_after=None
[2026-01-22T03:30:16.356+0000] {processor.py:183} INFO - Processing /opt/airflow/dags/pipeline_one_off.py took 0.257 seconds
[2026-01-22T03:30:46.530+0000] {processor.py:161} INFO - Started process (PID=53463) to work on /opt/airflow/dags/pipeline_one_off.py
[2026-01-22T03:30:46.532+0000] {processor.py:830} INFO - Processing file /opt/airflow/dags/pipeline_one_off.py for tasks to queue
[2026-01-22T03:30:46.533+0000] {logging_mixin.py:188} INFO - [2026-01-22T03:30:46.533+0000] {dagbag.py:545} INFO - Filling up the DagBag from /opt/airflow/dags/pipeline_one_off.py
[2026-01-22T03:30:46.580+0000] {processor.py:840} INFO - DAG(s) 'pipeline_one_off' retrieved from /opt/airflow/dags/pipeline_one_off.py
[2026-01-22T03:30:46.663+0000] {logging_mixin.py:188} INFO - [2026-01-22T03:30:46.662+0000] {dag.py:3089} INFO - Sync 1 DAGs
[2026-01-22T03:30:46.694+0000] {logging_mixin.py:188} INFO - [2026-01-22T03:30:46.694+0000] {dag.py:3947} INFO - Setting next_dagrun for pipeline_one_off to None, run_after=None
[2026-01-22T03:30:46.804+0000] {processor.py:183} INFO - Processing /opt/airflow/dags/pipeline_one_off.py took 0.288 seconds
[2026-01-22T03:31:17.068+0000] {processor.py:161} INFO - Started process (PID=53473) to work on /opt/airflow/dags/pipeline_one_off.py
[2026-01-22T03:31:17.070+0000] {processor.py:830} INFO - Processing file /opt/airflow/dags/pipeline_one_off.py for tasks to queue
[2026-01-22T03:31:17.072+0000] {logging_mixin.py:188} INFO - [2026-01-22T03:31:17.071+0000] {dagbag.py:545} INFO - Filling up the DagBag from /opt/airflow/dags/pipeline_one_off.py
[2026-01-22T03:31:17.115+0000] {processor.py:840} INFO - DAG(s) 'pipeline_one_off' retrieved from /opt/airflow/dags/pipeline_one_off.py
[2026-01-22T03:31:17.184+0000] {logging_mixin.py:188} INFO - [2026-01-22T03:31:17.183+0000] {dag.py:3089} INFO - Sync 1 DAGs
[2026-01-22T03:31:17.207+0000] {logging_mixin.py:188} INFO - [2026-01-22T03:31:17.207+0000] {dag.py:3947} INFO - Setting next_dagrun for pipeline_one_off to None, run_after=None
[2026-01-22T03:31:17.313+0000] {processor.py:183} INFO - Processing /opt/airflow/dags/pipeline_one_off.py took 0.260 seconds
[2026-01-22T03:31:47.734+0000] {processor.py:161} INFO - Started process (PID=53483) to work on /opt/airflow/dags/pipeline_one_off.py
[2026-01-22T03:31:47.737+0000] {processor.py:830} INFO - Processing file /opt/airflow/dags/pipeline_one_off.py for tasks to queue
[2026-01-22T03:31:47.740+0000] {logging_mixin.py:188} INFO - [2026-01-22T03:31:47.739+0000] {dagbag.py:545} INFO - Filling up the DagBag from /opt/airflow/dags/pipeline_one_off.py
[2026-01-22T03:31:47.778+0000] {processor.py:840} INFO - DAG(s) 'pipeline_one_off' retrieved from /opt/airflow/dags/pipeline_one_off.py
[2026-01-22T03:31:47.850+0000] {logging_mixin.py:188} INFO - [2026-01-22T03:31:47.849+0000] {dag.py:3089} INFO - Sync 1 DAGs
[2026-01-22T03:31:47.877+0000] {logging_mixin.py:188} INFO - [2026-01-22T03:31:47.877+0000] {dag.py:3947} INFO - Setting next_dagrun for pipeline_one_off to None, run_after=None
[2026-01-22T03:31:47.983+0000] {processor.py:183} INFO - Processing /opt/airflow/dags/pipeline_one_off.py took 0.265 seconds
[2026-01-22T03:32:18.121+0000] {processor.py:161} INFO - Started process (PID=53493) to work on /opt/airflow/dags/pipeline_one_off.py
[2026-01-22T03:32:18.123+0000] {processor.py:830} INFO - Processing file /opt/airflow/dags/pipeline_one_off.py for tasks to queue
[2026-01-22T03:32:18.125+0000] {logging_mixin.py:188} INFO - [2026-01-22T03:32:18.124+0000] {dagbag.py:545} INFO - Filling up the DagBag from /opt/airflow/dags/pipeline_one_off.py
[2026-01-22T03:32:18.185+0000] {processor.py:840} INFO - DAG(s) 'pipeline_one_off' retrieved from /opt/airflow/dags/pipeline_one_off.py
[2026-01-22T03:32:18.253+0000] {logging_mixin.py:188} INFO - [2026-01-22T03:32:18.253+0000] {dag.py:3089} INFO - Sync 1 DAGs
[2026-01-22T03:32:18.283+0000] {logging_mixin.py:188} INFO - [2026-01-22T03:32:18.282+0000] {dag.py:3947} INFO - Setting next_dagrun for pipeline_one_off to None, run_after=None
[2026-01-22T03:32:18.388+0000] {processor.py:183} INFO - Processing /opt/airflow/dags/pipeline_one_off.py took 0.281 seconds
[2026-01-22T03:32:48.697+0000] {processor.py:161} INFO - Started process (PID=53503) to work on /opt/airflow/dags/pipeline_one_off.py
[2026-01-22T03:32:48.699+0000] {processor.py:830} INFO - Processing file /opt/airflow/dags/pipeline_one_off.py for tasks to queue
[2026-01-22T03:32:48.701+0000] {logging_mixin.py:188} INFO - [2026-01-22T03:32:48.700+0000] {dagbag.py:545} INFO - Filling up the DagBag from /opt/airflow/dags/pipeline_one_off.py
[2026-01-22T03:32:48.738+0000] {processor.py:840} INFO - DAG(s) 'pipeline_one_off' retrieved from /opt/airflow/dags/pipeline_one_off.py
[2026-01-22T03:32:48.805+0000] {logging_mixin.py:188} INFO - [2026-01-22T03:32:48.805+0000] {dag.py:3089} INFO - Sync 1 DAGs
[2026-01-22T03:32:48.831+0000] {logging_mixin.py:188} INFO - [2026-01-22T03:32:48.831+0000] {dag.py:3947} INFO - Setting next_dagrun for pipeline_one_off to None, run_after=None
[2026-01-22T03:32:48.937+0000] {processor.py:183} INFO - Processing /opt/airflow/dags/pipeline_one_off.py took 0.252 seconds
[2026-01-22T03:33:19.110+0000] {processor.py:161} INFO - Started process (PID=53513) to work on /opt/airflow/dags/pipeline_one_off.py
[2026-01-22T03:33:19.112+0000] {processor.py:830} INFO - Processing file /opt/airflow/dags/pipeline_one_off.py for tasks to queue
[2026-01-22T03:33:19.114+0000] {logging_mixin.py:188} INFO - [2026-01-22T03:33:19.113+0000] {dagbag.py:545} INFO - Filling up the DagBag from /opt/airflow/dags/pipeline_one_off.py
[2026-01-22T03:33:19.155+0000] {processor.py:840} INFO - DAG(s) 'pipeline_one_off' retrieved from /opt/airflow/dags/pipeline_one_off.py
[2026-01-22T03:33:19.231+0000] {logging_mixin.py:188} INFO - [2026-01-22T03:33:19.231+0000] {dag.py:3089} INFO - Sync 1 DAGs
[2026-01-22T03:33:19.261+0000] {logging_mixin.py:188} INFO - [2026-01-22T03:33:19.260+0000] {dag.py:3947} INFO - Setting next_dagrun for pipeline_one_off to None, run_after=None
[2026-01-22T03:33:19.367+0000] {processor.py:183} INFO - Processing /opt/airflow/dags/pipeline_one_off.py took 0.269 seconds
[2026-01-22T03:33:49.651+0000] {processor.py:161} INFO - Started process (PID=53523) to work on /opt/airflow/dags/pipeline_one_off.py
[2026-01-22T03:33:49.653+0000] {processor.py:830} INFO - Processing file /opt/airflow/dags/pipeline_one_off.py for tasks to queue
[2026-01-22T03:33:49.654+0000] {logging_mixin.py:188} INFO - [2026-01-22T03:33:49.654+0000] {dagbag.py:545} INFO - Filling up the DagBag from /opt/airflow/dags/pipeline_one_off.py
[2026-01-22T03:33:49.694+0000] {processor.py:840} INFO - DAG(s) 'pipeline_one_off' retrieved from /opt/airflow/dags/pipeline_one_off.py
[2026-01-22T03:33:49.764+0000] {logging_mixin.py:188} INFO - [2026-01-22T03:33:49.764+0000] {dag.py:3089} INFO - Sync 1 DAGs
[2026-01-22T03:33:49.790+0000] {logging_mixin.py:188} INFO - [2026-01-22T03:33:49.789+0000] {dag.py:3947} INFO - Setting next_dagrun for pipeline_one_off to None, run_after=None
[2026-01-22T03:33:49.895+0000] {processor.py:183} INFO - Processing /opt/airflow/dags/pipeline_one_off.py took 0.256 seconds
[2026-01-22T03:34:20.153+0000] {processor.py:161} INFO - Started process (PID=53533) to work on /opt/airflow/dags/pipeline_one_off.py
[2026-01-22T03:34:20.156+0000] {processor.py:830} INFO - Processing file /opt/airflow/dags/pipeline_one_off.py for tasks to queue
[2026-01-22T03:34:20.158+0000] {logging_mixin.py:188} INFO - [2026-01-22T03:34:20.157+0000] {dagbag.py:545} INFO - Filling up the DagBag from /opt/airflow/dags/pipeline_one_off.py
[2026-01-22T03:34:20.211+0000] {processor.py:840} INFO - DAG(s) 'pipeline_one_off' retrieved from /opt/airflow/dags/pipeline_one_off.py
[2026-01-22T03:34:20.296+0000] {logging_mixin.py:188} INFO - [2026-01-22T03:34:20.295+0000] {dag.py:3089} INFO - Sync 1 DAGs
[2026-01-22T03:34:20.319+0000] {logging_mixin.py:188} INFO - [2026-01-22T03:34:20.318+0000] {dag.py:3947} INFO - Setting next_dagrun for pipeline_one_off to None, run_after=None
[2026-01-22T03:34:20.355+0000] {processor.py:183} INFO - Processing /opt/airflow/dags/pipeline_one_off.py took 0.286 seconds
[2026-01-22T03:34:50.773+0000] {processor.py:161} INFO - Started process (PID=53543) to work on /opt/airflow/dags/pipeline_one_off.py
[2026-01-22T03:34:50.775+0000] {processor.py:830} INFO - Processing file /opt/airflow/dags/pipeline_one_off.py for tasks to queue
[2026-01-22T03:34:50.777+0000] {logging_mixin.py:188} INFO - [2026-01-22T03:34:50.776+0000] {dagbag.py:545} INFO - Filling up the DagBag from /opt/airflow/dags/pipeline_one_off.py
[2026-01-22T03:34:50.813+0000] {processor.py:840} INFO - DAG(s) 'pipeline_one_off' retrieved from /opt/airflow/dags/pipeline_one_off.py
[2026-01-22T03:34:50.885+0000] {logging_mixin.py:188} INFO - [2026-01-22T03:34:50.884+0000] {dag.py:3089} INFO - Sync 1 DAGs
[2026-01-22T03:34:50.910+0000] {logging_mixin.py:188} INFO - [2026-01-22T03:34:50.909+0000] {dag.py:3947} INFO - Setting next_dagrun for pipeline_one_off to None, run_after=None
[2026-01-22T03:34:50.947+0000] {processor.py:183} INFO - Processing /opt/airflow/dags/pipeline_one_off.py took 0.186 seconds
[2026-01-22T03:35:21.377+0000] {processor.py:161} INFO - Started process (PID=53553) to work on /opt/airflow/dags/pipeline_one_off.py
[2026-01-22T03:35:21.379+0000] {processor.py:830} INFO - Processing file /opt/airflow/dags/pipeline_one_off.py for tasks to queue
[2026-01-22T03:35:21.381+0000] {logging_mixin.py:188} INFO - [2026-01-22T03:35:21.381+0000] {dagbag.py:545} INFO - Filling up the DagBag from /opt/airflow/dags/pipeline_one_off.py
[2026-01-22T03:35:21.434+0000] {processor.py:840} INFO - DAG(s) 'pipeline_one_off' retrieved from /opt/airflow/dags/pipeline_one_off.py
[2026-01-22T03:35:21.527+0000] {logging_mixin.py:188} INFO - [2026-01-22T03:35:21.526+0000] {dag.py:3089} INFO - Sync 1 DAGs
[2026-01-22T03:35:21.550+0000] {logging_mixin.py:188} INFO - [2026-01-22T03:35:21.549+0000] {dag.py:3947} INFO - Setting next_dagrun for pipeline_one_off to None, run_after=None
[2026-01-22T03:35:21.589+0000] {processor.py:183} INFO - Processing /opt/airflow/dags/pipeline_one_off.py took 0.230 seconds
[2026-01-22T03:35:52.082+0000] {processor.py:161} INFO - Started process (PID=53563) to work on /opt/airflow/dags/pipeline_one_off.py
[2026-01-22T03:35:52.085+0000] {processor.py:830} INFO - Processing file /opt/airflow/dags/pipeline_one_off.py for tasks to queue
[2026-01-22T03:35:52.087+0000] {logging_mixin.py:188} INFO - [2026-01-22T03:35:52.086+0000] {dagbag.py:545} INFO - Filling up the DagBag from /opt/airflow/dags/pipeline_one_off.py
[2026-01-22T03:35:52.120+0000] {processor.py:840} INFO - DAG(s) 'pipeline_one_off' retrieved from /opt/airflow/dags/pipeline_one_off.py
[2026-01-22T03:35:52.185+0000] {logging_mixin.py:188} INFO - [2026-01-22T03:35:52.184+0000] {dag.py:3089} INFO - Sync 1 DAGs
[2026-01-22T03:35:52.207+0000] {logging_mixin.py:188} INFO - [2026-01-22T03:35:52.207+0000] {dag.py:3947} INFO - Setting next_dagrun for pipeline_one_off to None, run_after=None
[2026-01-22T03:35:52.308+0000] {processor.py:183} INFO - Processing /opt/airflow/dags/pipeline_one_off.py took 0.239 seconds
[2026-01-22T03:36:22.468+0000] {processor.py:161} INFO - Started process (PID=53573) to work on /opt/airflow/dags/pipeline_one_off.py
[2026-01-22T03:36:22.471+0000] {processor.py:830} INFO - Processing file /opt/airflow/dags/pipeline_one_off.py for tasks to queue
[2026-01-22T03:36:22.473+0000] {logging_mixin.py:188} INFO - [2026-01-22T03:36:22.472+0000] {dagbag.py:545} INFO - Filling up the DagBag from /opt/airflow/dags/pipeline_one_off.py
[2026-01-22T03:36:22.520+0000] {processor.py:840} INFO - DAG(s) 'pipeline_one_off' retrieved from /opt/airflow/dags/pipeline_one_off.py
[2026-01-22T03:36:22.606+0000] {logging_mixin.py:188} INFO - [2026-01-22T03:36:22.605+0000] {dag.py:3089} INFO - Sync 1 DAGs
[2026-01-22T03:36:22.632+0000] {logging_mixin.py:188} INFO - [2026-01-22T03:36:22.632+0000] {dag.py:3947} INFO - Setting next_dagrun for pipeline_one_off to None, run_after=None
[2026-01-22T03:36:22.667+0000] {processor.py:183} INFO - Processing /opt/airflow/dags/pipeline_one_off.py took 0.215 seconds
[2026-01-22T03:36:53.098+0000] {processor.py:161} INFO - Started process (PID=53583) to work on /opt/airflow/dags/pipeline_one_off.py
[2026-01-22T03:36:53.100+0000] {processor.py:830} INFO - Processing file /opt/airflow/dags/pipeline_one_off.py for tasks to queue
[2026-01-22T03:36:53.102+0000] {logging_mixin.py:188} INFO - [2026-01-22T03:36:53.102+0000] {dagbag.py:545} INFO - Filling up the DagBag from /opt/airflow/dags/pipeline_one_off.py
[2026-01-22T03:36:53.203+0000] {processor.py:840} INFO - DAG(s) 'pipeline_one_off' retrieved from /opt/airflow/dags/pipeline_one_off.py
[2026-01-22T03:36:53.285+0000] {logging_mixin.py:188} INFO - [2026-01-22T03:36:53.284+0000] {dag.py:3089} INFO - Sync 1 DAGs
[2026-01-22T03:36:53.315+0000] {logging_mixin.py:188} INFO - [2026-01-22T03:36:53.314+0000] {dag.py:3947} INFO - Setting next_dagrun for pipeline_one_off to None, run_after=None
[2026-01-22T03:36:53.350+0000] {processor.py:183} INFO - Processing /opt/airflow/dags/pipeline_one_off.py took 0.265 seconds
[2026-01-22T03:37:23.834+0000] {processor.py:161} INFO - Started process (PID=53593) to work on /opt/airflow/dags/pipeline_one_off.py
[2026-01-22T03:37:23.837+0000] {processor.py:830} INFO - Processing file /opt/airflow/dags/pipeline_one_off.py for tasks to queue
[2026-01-22T03:37:23.839+0000] {logging_mixin.py:188} INFO - [2026-01-22T03:37:23.838+0000] {dagbag.py:545} INFO - Filling up the DagBag from /opt/airflow/dags/pipeline_one_off.py
[2026-01-22T03:37:23.897+0000] {processor.py:840} INFO - DAG(s) 'pipeline_one_off' retrieved from /opt/airflow/dags/pipeline_one_off.py
[2026-01-22T03:37:23.987+0000] {logging_mixin.py:188} INFO - [2026-01-22T03:37:23.987+0000] {dag.py:3089} INFO - Sync 1 DAGs
[2026-01-22T03:37:24.010+0000] {logging_mixin.py:188} INFO - [2026-01-22T03:37:24.009+0000] {dag.py:3947} INFO - Setting next_dagrun for pipeline_one_off to None, run_after=None
[2026-01-22T03:37:24.046+0000] {processor.py:183} INFO - Processing /opt/airflow/dags/pipeline_one_off.py took 0.298 seconds
[2026-01-22T03:37:54.470+0000] {processor.py:161} INFO - Started process (PID=53603) to work on /opt/airflow/dags/pipeline_one_off.py
[2026-01-22T03:37:54.515+0000] {processor.py:830} INFO - Processing file /opt/airflow/dags/pipeline_one_off.py for tasks to queue
[2026-01-22T03:37:54.517+0000] {logging_mixin.py:188} INFO - [2026-01-22T03:37:54.516+0000] {dagbag.py:545} INFO - Filling up the DagBag from /opt/airflow/dags/pipeline_one_off.py
[2026-01-22T03:37:54.557+0000] {processor.py:840} INFO - DAG(s) 'pipeline_one_off' retrieved from /opt/airflow/dags/pipeline_one_off.py
[2026-01-22T03:37:54.631+0000] {logging_mixin.py:188} INFO - [2026-01-22T03:37:54.631+0000] {dag.py:3089} INFO - Sync 1 DAGs
[2026-01-22T03:37:54.655+0000] {logging_mixin.py:188} INFO - [2026-01-22T03:37:54.654+0000] {dag.py:3947} INFO - Setting next_dagrun for pipeline_one_off to None, run_after=None
[2026-01-22T03:37:54.693+0000] {processor.py:183} INFO - Processing /opt/airflow/dags/pipeline_one_off.py took 0.237 seconds
[2026-01-22T03:38:25.180+0000] {processor.py:161} INFO - Started process (PID=53613) to work on /opt/airflow/dags/pipeline_one_off.py
[2026-01-22T03:38:25.182+0000] {processor.py:830} INFO - Processing file /opt/airflow/dags/pipeline_one_off.py for tasks to queue
[2026-01-22T03:38:25.184+0000] {logging_mixin.py:188} INFO - [2026-01-22T03:38:25.184+0000] {dagbag.py:545} INFO - Filling up the DagBag from /opt/airflow/dags/pipeline_one_off.py
[2026-01-22T03:38:25.240+0000] {processor.py:840} INFO - DAG(s) 'pipeline_one_off' retrieved from /opt/airflow/dags/pipeline_one_off.py
[2026-01-22T03:38:25.322+0000] {logging_mixin.py:188} INFO - [2026-01-22T03:38:25.322+0000] {dag.py:3089} INFO - Sync 1 DAGs
[2026-01-22T03:38:25.346+0000] {logging_mixin.py:188} INFO - [2026-01-22T03:38:25.345+0000] {dag.py:3947} INFO - Setting next_dagrun for pipeline_one_off to None, run_after=None
[2026-01-22T03:38:25.384+0000] {processor.py:183} INFO - Processing /opt/airflow/dags/pipeline_one_off.py took 0.287 seconds
[2026-01-22T03:38:55.810+0000] {processor.py:161} INFO - Started process (PID=53623) to work on /opt/airflow/dags/pipeline_one_off.py
[2026-01-22T03:38:55.813+0000] {processor.py:830} INFO - Processing file /opt/airflow/dags/pipeline_one_off.py for tasks to queue
[2026-01-22T03:38:55.815+0000] {logging_mixin.py:188} INFO - [2026-01-22T03:38:55.814+0000] {dagbag.py:545} INFO - Filling up the DagBag from /opt/airflow/dags/pipeline_one_off.py
[2026-01-22T03:38:55.852+0000] {processor.py:840} INFO - DAG(s) 'pipeline_one_off' retrieved from /opt/airflow/dags/pipeline_one_off.py
[2026-01-22T03:38:55.928+0000] {logging_mixin.py:188} INFO - [2026-01-22T03:38:55.927+0000] {dag.py:3089} INFO - Sync 1 DAGs
[2026-01-22T03:38:55.952+0000] {logging_mixin.py:188} INFO - [2026-01-22T03:38:55.952+0000] {dag.py:3947} INFO - Setting next_dagrun for pipeline_one_off to None, run_after=None
[2026-01-22T03:38:56.057+0000] {processor.py:183} INFO - Processing /opt/airflow/dags/pipeline_one_off.py took 0.263 seconds
[2026-01-22T03:39:26.276+0000] {processor.py:161} INFO - Started process (PID=53633) to work on /opt/airflow/dags/pipeline_one_off.py
[2026-01-22T03:39:26.280+0000] {processor.py:830} INFO - Processing file /opt/airflow/dags/pipeline_one_off.py for tasks to queue
[2026-01-22T03:39:26.282+0000] {logging_mixin.py:188} INFO - [2026-01-22T03:39:26.281+0000] {dagbag.py:545} INFO - Filling up the DagBag from /opt/airflow/dags/pipeline_one_off.py
[2026-01-22T03:39:26.336+0000] {processor.py:840} INFO - DAG(s) 'pipeline_one_off' retrieved from /opt/airflow/dags/pipeline_one_off.py
[2026-01-22T03:39:26.422+0000] {logging_mixin.py:188} INFO - [2026-01-22T03:39:26.422+0000] {dag.py:3089} INFO - Sync 1 DAGs
[2026-01-22T03:39:26.448+0000] {logging_mixin.py:188} INFO - [2026-01-22T03:39:26.447+0000] {dag.py:3947} INFO - Setting next_dagrun for pipeline_one_off to None, run_after=None
[2026-01-22T03:39:26.484+0000] {processor.py:183} INFO - Processing /opt/airflow/dags/pipeline_one_off.py took 0.292 seconds
[2026-01-22T03:39:56.919+0000] {processor.py:161} INFO - Started process (PID=53643) to work on /opt/airflow/dags/pipeline_one_off.py
[2026-01-22T03:39:56.921+0000] {processor.py:830} INFO - Processing file /opt/airflow/dags/pipeline_one_off.py for tasks to queue
[2026-01-22T03:39:56.924+0000] {logging_mixin.py:188} INFO - [2026-01-22T03:39:56.923+0000] {dagbag.py:545} INFO - Filling up the DagBag from /opt/airflow/dags/pipeline_one_off.py
[2026-01-22T03:39:56.961+0000] {processor.py:840} INFO - DAG(s) 'pipeline_one_off' retrieved from /opt/airflow/dags/pipeline_one_off.py
[2026-01-22T03:39:57.028+0000] {logging_mixin.py:188} INFO - [2026-01-22T03:39:57.028+0000] {dag.py:3089} INFO - Sync 1 DAGs
[2026-01-22T03:39:57.051+0000] {logging_mixin.py:188} INFO - [2026-01-22T03:39:57.051+0000] {dag.py:3947} INFO - Setting next_dagrun for pipeline_one_off to None, run_after=None
[2026-01-22T03:39:57.154+0000] {processor.py:183} INFO - Processing /opt/airflow/dags/pipeline_one_off.py took 0.251 seconds
[2026-01-22T03:40:27.302+0000] {processor.py:161} INFO - Started process (PID=53653) to work on /opt/airflow/dags/pipeline_one_off.py
[2026-01-22T03:40:27.304+0000] {processor.py:830} INFO - Processing file /opt/airflow/dags/pipeline_one_off.py for tasks to queue
[2026-01-22T03:40:27.306+0000] {logging_mixin.py:188} INFO - [2026-01-22T03:40:27.305+0000] {dagbag.py:545} INFO - Filling up the DagBag from /opt/airflow/dags/pipeline_one_off.py
[2026-01-22T03:40:27.355+0000] {processor.py:840} INFO - DAG(s) 'pipeline_one_off' retrieved from /opt/airflow/dags/pipeline_one_off.py
[2026-01-22T03:40:27.440+0000] {logging_mixin.py:188} INFO - [2026-01-22T03:40:27.439+0000] {dag.py:3089} INFO - Sync 1 DAGs
[2026-01-22T03:40:27.464+0000] {logging_mixin.py:188} INFO - [2026-01-22T03:40:27.464+0000] {dag.py:3947} INFO - Setting next_dagrun for pipeline_one_off to None, run_after=None
[2026-01-22T03:40:27.503+0000] {processor.py:183} INFO - Processing /opt/airflow/dags/pipeline_one_off.py took 0.217 seconds
[2026-01-22T03:40:57.994+0000] {processor.py:161} INFO - Started process (PID=53663) to work on /opt/airflow/dags/pipeline_one_off.py
[2026-01-22T03:40:57.997+0000] {processor.py:830} INFO - Processing file /opt/airflow/dags/pipeline_one_off.py for tasks to queue
[2026-01-22T03:40:57.998+0000] {logging_mixin.py:188} INFO - [2026-01-22T03:40:57.998+0000] {dagbag.py:545} INFO - Filling up the DagBag from /opt/airflow/dags/pipeline_one_off.py
[2026-01-22T03:40:58.038+0000] {processor.py:840} INFO - DAG(s) 'pipeline_one_off' retrieved from /opt/airflow/dags/pipeline_one_off.py
[2026-01-22T03:40:58.102+0000] {logging_mixin.py:188} INFO - [2026-01-22T03:40:58.101+0000] {dag.py:3089} INFO - Sync 1 DAGs
[2026-01-22T03:40:58.124+0000] {logging_mixin.py:188} INFO - [2026-01-22T03:40:58.123+0000] {dag.py:3947} INFO - Setting next_dagrun for pipeline_one_off to None, run_after=None
[2026-01-22T03:40:58.155+0000] {processor.py:183} INFO - Processing /opt/airflow/dags/pipeline_one_off.py took 0.178 seconds
[2026-01-22T03:41:28.695+0000] {processor.py:161} INFO - Started process (PID=53673) to work on /opt/airflow/dags/pipeline_one_off.py
[2026-01-22T03:41:28.698+0000] {processor.py:830} INFO - Processing file /opt/airflow/dags/pipeline_one_off.py for tasks to queue
[2026-01-22T03:41:28.700+0000] {logging_mixin.py:188} INFO - [2026-01-22T03:41:28.699+0000] {dagbag.py:545} INFO - Filling up the DagBag from /opt/airflow/dags/pipeline_one_off.py
[2026-01-22T03:41:28.756+0000] {processor.py:840} INFO - DAG(s) 'pipeline_one_off' retrieved from /opt/airflow/dags/pipeline_one_off.py
[2026-01-22T03:41:28.840+0000] {logging_mixin.py:188} INFO - [2026-01-22T03:41:28.840+0000] {dag.py:3089} INFO - Sync 1 DAGs
[2026-01-22T03:41:28.864+0000] {logging_mixin.py:188} INFO - [2026-01-22T03:41:28.863+0000] {dag.py:3947} INFO - Setting next_dagrun for pipeline_one_off to None, run_after=None
[2026-01-22T03:41:28.902+0000] {processor.py:183} INFO - Processing /opt/airflow/dags/pipeline_one_off.py took 0.290 seconds
[2026-01-22T03:41:59.332+0000] {processor.py:161} INFO - Started process (PID=53683) to work on /opt/airflow/dags/pipeline_one_off.py
[2026-01-22T03:41:59.335+0000] {processor.py:830} INFO - Processing file /opt/airflow/dags/pipeline_one_off.py for tasks to queue
[2026-01-22T03:41:59.337+0000] {logging_mixin.py:188} INFO - [2026-01-22T03:41:59.336+0000] {dagbag.py:545} INFO - Filling up the DagBag from /opt/airflow/dags/pipeline_one_off.py
[2026-01-22T03:41:59.380+0000] {processor.py:840} INFO - DAG(s) 'pipeline_one_off' retrieved from /opt/airflow/dags/pipeline_one_off.py
[2026-01-22T03:41:59.449+0000] {logging_mixin.py:188} INFO - [2026-01-22T03:41:59.449+0000] {dag.py:3089} INFO - Sync 1 DAGs
[2026-01-22T03:41:59.475+0000] {logging_mixin.py:188} INFO - [2026-01-22T03:41:59.475+0000] {dag.py:3947} INFO - Setting next_dagrun for pipeline_one_off to None, run_after=None
[2026-01-22T03:41:59.540+0000] {processor.py:183} INFO - Processing /opt/airflow/dags/pipeline_one_off.py took 0.223 seconds
[2026-01-22T03:42:30.045+0000] {processor.py:161} INFO - Started process (PID=53693) to work on /opt/airflow/dags/pipeline_one_off.py
[2026-01-22T03:42:30.047+0000] {processor.py:830} INFO - Processing file /opt/airflow/dags/pipeline_one_off.py for tasks to queue
[2026-01-22T03:42:30.049+0000] {logging_mixin.py:188} INFO - [2026-01-22T03:42:30.048+0000] {dagbag.py:545} INFO - Filling up the DagBag from /opt/airflow/dags/pipeline_one_off.py
[2026-01-22T03:42:30.104+0000] {processor.py:840} INFO - DAG(s) 'pipeline_one_off' retrieved from /opt/airflow/dags/pipeline_one_off.py
[2026-01-22T03:42:30.182+0000] {logging_mixin.py:188} INFO - [2026-01-22T03:42:30.182+0000] {dag.py:3089} INFO - Sync 1 DAGs
[2026-01-22T03:42:30.204+0000] {logging_mixin.py:188} INFO - [2026-01-22T03:42:30.204+0000] {dag.py:3947} INFO - Setting next_dagrun for pipeline_one_off to None, run_after=None
[2026-01-22T03:42:30.236+0000] {processor.py:183} INFO - Processing /opt/airflow/dags/pipeline_one_off.py took 0.224 seconds
[2026-01-22T03:43:00.651+0000] {processor.py:161} INFO - Started process (PID=53703) to work on /opt/airflow/dags/pipeline_one_off.py
[2026-01-22T03:43:00.654+0000] {processor.py:830} INFO - Processing file /opt/airflow/dags/pipeline_one_off.py for tasks to queue
[2026-01-22T03:43:00.656+0000] {logging_mixin.py:188} INFO - [2026-01-22T03:43:00.655+0000] {dagbag.py:545} INFO - Filling up the DagBag from /opt/airflow/dags/pipeline_one_off.py
[2026-01-22T03:43:00.697+0000] {processor.py:840} INFO - DAG(s) 'pipeline_one_off' retrieved from /opt/airflow/dags/pipeline_one_off.py
[2026-01-22T03:43:00.765+0000] {logging_mixin.py:188} INFO - [2026-01-22T03:43:00.765+0000] {dag.py:3089} INFO - Sync 1 DAGs
[2026-01-22T03:43:00.790+0000] {logging_mixin.py:188} INFO - [2026-01-22T03:43:00.789+0000] {dag.py:3947} INFO - Setting next_dagrun for pipeline_one_off to None, run_after=None
[2026-01-22T03:43:00.899+0000] {processor.py:183} INFO - Processing /opt/airflow/dags/pipeline_one_off.py took 0.263 seconds
[2026-01-22T03:43:31.046+0000] {processor.py:161} INFO - Started process (PID=53713) to work on /opt/airflow/dags/pipeline_one_off.py
[2026-01-22T03:43:31.049+0000] {processor.py:830} INFO - Processing file /opt/airflow/dags/pipeline_one_off.py for tasks to queue
[2026-01-22T03:43:31.051+0000] {logging_mixin.py:188} INFO - [2026-01-22T03:43:31.050+0000] {dagbag.py:545} INFO - Filling up the DagBag from /opt/airflow/dags/pipeline_one_off.py
[2026-01-22T03:43:31.094+0000] {processor.py:840} INFO - DAG(s) 'pipeline_one_off' retrieved from /opt/airflow/dags/pipeline_one_off.py
[2026-01-22T03:43:31.177+0000] {logging_mixin.py:188} INFO - [2026-01-22T03:43:31.176+0000] {dag.py:3089} INFO - Sync 1 DAGs
[2026-01-22T03:43:31.224+0000] {logging_mixin.py:188} INFO - [2026-01-22T03:43:31.223+0000] {dag.py:3947} INFO - Setting next_dagrun for pipeline_one_off to None, run_after=None
[2026-01-22T03:43:31.264+0000] {processor.py:183} INFO - Processing /opt/airflow/dags/pipeline_one_off.py took 0.233 seconds
[2026-01-22T03:44:01.692+0000] {processor.py:161} INFO - Started process (PID=53723) to work on /opt/airflow/dags/pipeline_one_off.py
[2026-01-22T03:44:01.719+0000] {processor.py:830} INFO - Processing file /opt/airflow/dags/pipeline_one_off.py for tasks to queue
[2026-01-22T03:44:01.721+0000] {logging_mixin.py:188} INFO - [2026-01-22T03:44:01.720+0000] {dagbag.py:545} INFO - Filling up the DagBag from /opt/airflow/dags/pipeline_one_off.py
[2026-01-22T03:44:01.763+0000] {processor.py:840} INFO - DAG(s) 'pipeline_one_off' retrieved from /opt/airflow/dags/pipeline_one_off.py
[2026-01-22T03:44:01.830+0000] {logging_mixin.py:188} INFO - [2026-01-22T03:44:01.830+0000] {dag.py:3089} INFO - Sync 1 DAGs
[2026-01-22T03:44:01.853+0000] {logging_mixin.py:188} INFO - [2026-01-22T03:44:01.852+0000] {dag.py:3947} INFO - Setting next_dagrun for pipeline_one_off to None, run_after=None
[2026-01-22T03:44:01.957+0000] {processor.py:183} INFO - Processing /opt/airflow/dags/pipeline_one_off.py took 0.278 seconds
[2026-01-22T03:44:32.174+0000] {processor.py:161} INFO - Started process (PID=53733) to work on /opt/airflow/dags/pipeline_one_off.py
[2026-01-22T03:44:32.177+0000] {processor.py:830} INFO - Processing file /opt/airflow/dags/pipeline_one_off.py for tasks to queue
[2026-01-22T03:44:32.179+0000] {logging_mixin.py:188} INFO - [2026-01-22T03:44:32.178+0000] {dagbag.py:545} INFO - Filling up the DagBag from /opt/airflow/dags/pipeline_one_off.py
[2026-01-22T03:44:32.240+0000] {processor.py:840} INFO - DAG(s) 'pipeline_one_off' retrieved from /opt/airflow/dags/pipeline_one_off.py
[2026-01-22T03:44:32.324+0000] {logging_mixin.py:188} INFO - [2026-01-22T03:44:32.324+0000] {dag.py:3089} INFO - Sync 1 DAGs
[2026-01-22T03:44:32.348+0000] {logging_mixin.py:188} INFO - [2026-01-22T03:44:32.348+0000] {dag.py:3947} INFO - Setting next_dagrun for pipeline_one_off to None, run_after=None
[2026-01-22T03:44:32.388+0000] {processor.py:183} INFO - Processing /opt/airflow/dags/pipeline_one_off.py took 0.298 seconds
[2026-01-22T03:45:02.886+0000] {processor.py:161} INFO - Started process (PID=53743) to work on /opt/airflow/dags/pipeline_one_off.py
[2026-01-22T03:45:02.888+0000] {processor.py:830} INFO - Processing file /opt/airflow/dags/pipeline_one_off.py for tasks to queue
[2026-01-22T03:45:02.890+0000] {logging_mixin.py:188} INFO - [2026-01-22T03:45:02.889+0000] {dagbag.py:545} INFO - Filling up the DagBag from /opt/airflow/dags/pipeline_one_off.py
[2026-01-22T03:45:02.929+0000] {processor.py:840} INFO - DAG(s) 'pipeline_one_off' retrieved from /opt/airflow/dags/pipeline_one_off.py
[2026-01-22T03:45:02.996+0000] {logging_mixin.py:188} INFO - [2026-01-22T03:45:02.996+0000] {dag.py:3089} INFO - Sync 1 DAGs
[2026-01-22T03:45:03.022+0000] {logging_mixin.py:188} INFO - [2026-01-22T03:45:03.022+0000] {dag.py:3947} INFO - Setting next_dagrun for pipeline_one_off to None, run_after=None
[2026-01-22T03:45:03.126+0000] {processor.py:183} INFO - Processing /opt/airflow/dags/pipeline_one_off.py took 0.255 seconds
[2026-01-22T03:45:33.278+0000] {processor.py:161} INFO - Started process (PID=53753) to work on /opt/airflow/dags/pipeline_one_off.py
[2026-01-22T03:45:33.281+0000] {processor.py:830} INFO - Processing file /opt/airflow/dags/pipeline_one_off.py for tasks to queue
[2026-01-22T03:45:33.285+0000] {logging_mixin.py:188} INFO - [2026-01-22T03:45:33.284+0000] {dagbag.py:545} INFO - Filling up the DagBag from /opt/airflow/dags/pipeline_one_off.py
[2026-01-22T03:45:33.339+0000] {processor.py:840} INFO - DAG(s) 'pipeline_one_off' retrieved from /opt/airflow/dags/pipeline_one_off.py
[2026-01-22T03:45:33.427+0000] {logging_mixin.py:188} INFO - [2026-01-22T03:45:33.427+0000] {dag.py:3089} INFO - Sync 1 DAGs
[2026-01-22T03:45:33.454+0000] {logging_mixin.py:188} INFO - [2026-01-22T03:45:33.453+0000] {dag.py:3947} INFO - Setting next_dagrun for pipeline_one_off to None, run_after=None
[2026-01-22T03:45:33.491+0000] {processor.py:183} INFO - Processing /opt/airflow/dags/pipeline_one_off.py took 0.235 seconds
[2026-01-22T03:46:03.974+0000] {processor.py:161} INFO - Started process (PID=53763) to work on /opt/airflow/dags/pipeline_one_off.py
[2026-01-22T03:46:03.977+0000] {processor.py:830} INFO - Processing file /opt/airflow/dags/pipeline_one_off.py for tasks to queue
[2026-01-22T03:46:03.979+0000] {logging_mixin.py:188} INFO - [2026-01-22T03:46:03.979+0000] {dagbag.py:545} INFO - Filling up the DagBag from /opt/airflow/dags/pipeline_one_off.py
[2026-01-22T03:46:04.016+0000] {processor.py:840} INFO - DAG(s) 'pipeline_one_off' retrieved from /opt/airflow/dags/pipeline_one_off.py
[2026-01-22T03:46:04.086+0000] {logging_mixin.py:188} INFO - [2026-01-22T03:46:04.085+0000] {dag.py:3089} INFO - Sync 1 DAGs
[2026-01-22T03:46:04.109+0000] {logging_mixin.py:188} INFO - [2026-01-22T03:46:04.109+0000] {dag.py:3947} INFO - Setting next_dagrun for pipeline_one_off to None, run_after=None
[2026-01-22T03:46:04.188+0000] {processor.py:183} INFO - Processing /opt/airflow/dags/pipeline_one_off.py took 0.226 seconds
[2026-01-22T03:46:34.351+0000] {processor.py:161} INFO - Started process (PID=53773) to work on /opt/airflow/dags/pipeline_one_off.py
[2026-01-22T03:46:34.353+0000] {processor.py:830} INFO - Processing file /opt/airflow/dags/pipeline_one_off.py for tasks to queue
[2026-01-22T03:46:34.354+0000] {logging_mixin.py:188} INFO - [2026-01-22T03:46:34.354+0000] {dagbag.py:545} INFO - Filling up the DagBag from /opt/airflow/dags/pipeline_one_off.py
[2026-01-22T03:46:34.404+0000] {processor.py:840} INFO - DAG(s) 'pipeline_one_off' retrieved from /opt/airflow/dags/pipeline_one_off.py
[2026-01-22T03:46:34.489+0000] {logging_mixin.py:188} INFO - [2026-01-22T03:46:34.488+0000] {dag.py:3089} INFO - Sync 1 DAGs
[2026-01-22T03:46:34.510+0000] {logging_mixin.py:188} INFO - [2026-01-22T03:46:34.510+0000] {dag.py:3947} INFO - Setting next_dagrun for pipeline_one_off to None, run_after=None
[2026-01-22T03:46:34.546+0000] {processor.py:183} INFO - Processing /opt/airflow/dags/pipeline_one_off.py took 0.209 seconds
[2026-01-22T03:47:04.972+0000] {processor.py:161} INFO - Started process (PID=53783) to work on /opt/airflow/dags/pipeline_one_off.py
[2026-01-22T03:47:04.974+0000] {processor.py:830} INFO - Processing file /opt/airflow/dags/pipeline_one_off.py for tasks to queue
[2026-01-22T03:47:04.976+0000] {logging_mixin.py:188} INFO - [2026-01-22T03:47:04.975+0000] {dagbag.py:545} INFO - Filling up the DagBag from /opt/airflow/dags/pipeline_one_off.py
[2026-01-22T03:47:05.020+0000] {processor.py:840} INFO - DAG(s) 'pipeline_one_off' retrieved from /opt/airflow/dags/pipeline_one_off.py
[2026-01-22T03:47:05.099+0000] {logging_mixin.py:188} INFO - [2026-01-22T03:47:05.098+0000] {dag.py:3089} INFO - Sync 1 DAGs
[2026-01-22T03:47:05.126+0000] {logging_mixin.py:188} INFO - [2026-01-22T03:47:05.125+0000] {dag.py:3947} INFO - Setting next_dagrun for pipeline_one_off to None, run_after=None
[2026-01-22T03:47:05.232+0000] {processor.py:183} INFO - Processing /opt/airflow/dags/pipeline_one_off.py took 0.276 seconds
[2026-01-22T03:47:35.418+0000] {processor.py:161} INFO - Started process (PID=53793) to work on /opt/airflow/dags/pipeline_one_off.py
[2026-01-22T03:47:35.422+0000] {processor.py:830} INFO - Processing file /opt/airflow/dags/pipeline_one_off.py for tasks to queue
[2026-01-22T03:47:35.425+0000] {logging_mixin.py:188} INFO - [2026-01-22T03:47:35.424+0000] {dagbag.py:545} INFO - Filling up the DagBag from /opt/airflow/dags/pipeline_one_off.py
[2026-01-22T03:47:35.482+0000] {processor.py:840} INFO - DAG(s) 'pipeline_one_off' retrieved from /opt/airflow/dags/pipeline_one_off.py
[2026-01-22T03:47:35.563+0000] {logging_mixin.py:188} INFO - [2026-01-22T03:47:35.562+0000] {dag.py:3089} INFO - Sync 1 DAGs
[2026-01-22T03:47:35.589+0000] {logging_mixin.py:188} INFO - [2026-01-22T03:47:35.589+0000] {dag.py:3947} INFO - Setting next_dagrun for pipeline_one_off to None, run_after=None
[2026-01-22T03:47:35.625+0000] {processor.py:183} INFO - Processing /opt/airflow/dags/pipeline_one_off.py took 0.270 seconds
[2026-01-22T03:48:06.036+0000] {processor.py:161} INFO - Started process (PID=53803) to work on /opt/airflow/dags/pipeline_one_off.py
[2026-01-22T03:48:06.039+0000] {processor.py:830} INFO - Processing file /opt/airflow/dags/pipeline_one_off.py for tasks to queue
[2026-01-22T03:48:06.041+0000] {logging_mixin.py:188} INFO - [2026-01-22T03:48:06.040+0000] {dagbag.py:545} INFO - Filling up the DagBag from /opt/airflow/dags/pipeline_one_off.py
[2026-01-22T03:48:06.078+0000] {processor.py:840} INFO - DAG(s) 'pipeline_one_off' retrieved from /opt/airflow/dags/pipeline_one_off.py
[2026-01-22T03:48:06.139+0000] {logging_mixin.py:188} INFO - [2026-01-22T03:48:06.139+0000] {dag.py:3089} INFO - Sync 1 DAGs
[2026-01-22T03:48:06.164+0000] {logging_mixin.py:188} INFO - [2026-01-22T03:48:06.164+0000] {dag.py:3947} INFO - Setting next_dagrun for pipeline_one_off to None, run_after=None
[2026-01-22T03:48:06.234+0000] {processor.py:183} INFO - Processing /opt/airflow/dags/pipeline_one_off.py took 0.209 seconds
[2026-01-22T03:48:36.639+0000] {processor.py:161} INFO - Started process (PID=53813) to work on /opt/airflow/dags/pipeline_one_off.py
[2026-01-22T03:48:36.641+0000] {processor.py:830} INFO - Processing file /opt/airflow/dags/pipeline_one_off.py for tasks to queue
[2026-01-22T03:48:36.643+0000] {logging_mixin.py:188} INFO - [2026-01-22T03:48:36.642+0000] {dagbag.py:545} INFO - Filling up the DagBag from /opt/airflow/dags/pipeline_one_off.py
[2026-01-22T03:48:36.681+0000] {processor.py:840} INFO - DAG(s) 'pipeline_one_off' retrieved from /opt/airflow/dags/pipeline_one_off.py
[2026-01-22T03:48:36.749+0000] {logging_mixin.py:188} INFO - [2026-01-22T03:48:36.749+0000] {dag.py:3089} INFO - Sync 1 DAGs
[2026-01-22T03:48:36.772+0000] {logging_mixin.py:188} INFO - [2026-01-22T03:48:36.772+0000] {dag.py:3947} INFO - Setting next_dagrun for pipeline_one_off to None, run_after=None
[2026-01-22T03:48:36.876+0000] {processor.py:183} INFO - Processing /opt/airflow/dags/pipeline_one_off.py took 0.251 seconds
[2026-01-22T03:49:07.032+0000] {processor.py:161} INFO - Started process (PID=53823) to work on /opt/airflow/dags/pipeline_one_off.py
[2026-01-22T03:49:07.035+0000] {processor.py:830} INFO - Processing file /opt/airflow/dags/pipeline_one_off.py for tasks to queue
[2026-01-22T03:49:07.036+0000] {logging_mixin.py:188} INFO - [2026-01-22T03:49:07.036+0000] {dagbag.py:545} INFO - Filling up the DagBag from /opt/airflow/dags/pipeline_one_off.py
[2026-01-22T03:49:07.079+0000] {processor.py:840} INFO - DAG(s) 'pipeline_one_off' retrieved from /opt/airflow/dags/pipeline_one_off.py
[2026-01-22T03:49:07.156+0000] {logging_mixin.py:188} INFO - [2026-01-22T03:49:07.155+0000] {dag.py:3089} INFO - Sync 1 DAGs
[2026-01-22T03:49:07.181+0000] {logging_mixin.py:188} INFO - [2026-01-22T03:49:07.181+0000] {dag.py:3947} INFO - Setting next_dagrun for pipeline_one_off to None, run_after=None
[2026-01-22T03:49:07.226+0000] {processor.py:183} INFO - Processing /opt/airflow/dags/pipeline_one_off.py took 0.208 seconds
[2026-01-22T03:49:37.657+0000] {processor.py:161} INFO - Started process (PID=53833) to work on /opt/airflow/dags/pipeline_one_off.py
[2026-01-22T03:49:37.660+0000] {processor.py:830} INFO - Processing file /opt/airflow/dags/pipeline_one_off.py for tasks to queue
[2026-01-22T03:49:37.662+0000] {logging_mixin.py:188} INFO - [2026-01-22T03:49:37.662+0000] {dagbag.py:545} INFO - Filling up the DagBag from /opt/airflow/dags/pipeline_one_off.py
[2026-01-22T03:49:37.716+0000] {processor.py:840} INFO - DAG(s) 'pipeline_one_off' retrieved from /opt/airflow/dags/pipeline_one_off.py
[2026-01-22T03:49:37.798+0000] {logging_mixin.py:188} INFO - [2026-01-22T03:49:37.798+0000] {dag.py:3089} INFO - Sync 1 DAGs
[2026-01-22T03:49:37.821+0000] {logging_mixin.py:188} INFO - [2026-01-22T03:49:37.821+0000] {dag.py:3947} INFO - Setting next_dagrun for pipeline_one_off to None, run_after=None
[2026-01-22T03:49:37.856+0000] {processor.py:183} INFO - Processing /opt/airflow/dags/pipeline_one_off.py took 0.235 seconds
[2026-01-22T03:50:08.286+0000] {processor.py:161} INFO - Started process (PID=53843) to work on /opt/airflow/dags/pipeline_one_off.py
[2026-01-22T03:50:08.289+0000] {processor.py:830} INFO - Processing file /opt/airflow/dags/pipeline_one_off.py for tasks to queue
[2026-01-22T03:50:08.291+0000] {logging_mixin.py:188} INFO - [2026-01-22T03:50:08.290+0000] {dagbag.py:545} INFO - Filling up the DagBag from /opt/airflow/dags/pipeline_one_off.py
[2026-01-22T03:50:08.336+0000] {processor.py:840} INFO - DAG(s) 'pipeline_one_off' retrieved from /opt/airflow/dags/pipeline_one_off.py
[2026-01-22T03:50:08.403+0000] {logging_mixin.py:188} INFO - [2026-01-22T03:50:08.402+0000] {dag.py:3089} INFO - Sync 1 DAGs
[2026-01-22T03:50:08.430+0000] {logging_mixin.py:188} INFO - [2026-01-22T03:50:08.429+0000] {dag.py:3947} INFO - Setting next_dagrun for pipeline_one_off to None, run_after=None
[2026-01-22T03:50:08.532+0000] {processor.py:183} INFO - Processing /opt/airflow/dags/pipeline_one_off.py took 0.264 seconds
[2026-01-22T03:50:38.743+0000] {processor.py:161} INFO - Started process (PID=53853) to work on /opt/airflow/dags/pipeline_one_off.py
[2026-01-22T03:50:38.746+0000] {processor.py:830} INFO - Processing file /opt/airflow/dags/pipeline_one_off.py for tasks to queue
[2026-01-22T03:50:38.749+0000] {logging_mixin.py:188} INFO - [2026-01-22T03:50:38.748+0000] {dagbag.py:545} INFO - Filling up the DagBag from /opt/airflow/dags/pipeline_one_off.py
[2026-01-22T03:50:38.808+0000] {processor.py:840} INFO - DAG(s) 'pipeline_one_off' retrieved from /opt/airflow/dags/pipeline_one_off.py
[2026-01-22T03:50:38.898+0000] {logging_mixin.py:188} INFO - [2026-01-22T03:50:38.898+0000] {dag.py:3089} INFO - Sync 1 DAGs
[2026-01-22T03:50:38.926+0000] {logging_mixin.py:188} INFO - [2026-01-22T03:50:38.925+0000] {dag.py:3947} INFO - Setting next_dagrun for pipeline_one_off to None, run_after=None
[2026-01-22T03:50:38.960+0000] {processor.py:183} INFO - Processing /opt/airflow/dags/pipeline_one_off.py took 0.301 seconds
[2026-01-22T03:51:09.459+0000] {processor.py:161} INFO - Started process (PID=53863) to work on /opt/airflow/dags/pipeline_one_off.py
[2026-01-22T03:51:09.461+0000] {processor.py:830} INFO - Processing file /opt/airflow/dags/pipeline_one_off.py for tasks to queue
[2026-01-22T03:51:09.463+0000] {logging_mixin.py:188} INFO - [2026-01-22T03:51:09.463+0000] {dagbag.py:545} INFO - Filling up the DagBag from /opt/airflow/dags/pipeline_one_off.py
[2026-01-22T03:51:09.503+0000] {processor.py:840} INFO - DAG(s) 'pipeline_one_off' retrieved from /opt/airflow/dags/pipeline_one_off.py
[2026-01-22T03:51:09.597+0000] {logging_mixin.py:188} INFO - [2026-01-22T03:51:09.597+0000] {dag.py:3089} INFO - Sync 1 DAGs
[2026-01-22T03:51:09.621+0000] {logging_mixin.py:188} INFO - [2026-01-22T03:51:09.620+0000] {dag.py:3947} INFO - Setting next_dagrun for pipeline_one_off to None, run_after=None
[2026-01-22T03:51:09.656+0000] {processor.py:183} INFO - Processing /opt/airflow/dags/pipeline_one_off.py took 0.211 seconds
[2026-01-22T03:51:40.093+0000] {processor.py:161} INFO - Started process (PID=53873) to work on /opt/airflow/dags/pipeline_one_off.py
[2026-01-22T03:51:40.096+0000] {processor.py:830} INFO - Processing file /opt/airflow/dags/pipeline_one_off.py for tasks to queue
[2026-01-22T03:51:40.098+0000] {logging_mixin.py:188} INFO - [2026-01-22T03:51:40.097+0000] {dagbag.py:545} INFO - Filling up the DagBag from /opt/airflow/dags/pipeline_one_off.py
[2026-01-22T03:51:40.135+0000] {processor.py:840} INFO - DAG(s) 'pipeline_one_off' retrieved from /opt/airflow/dags/pipeline_one_off.py
[2026-01-22T03:51:40.204+0000] {logging_mixin.py:188} INFO - [2026-01-22T03:51:40.203+0000] {dag.py:3089} INFO - Sync 1 DAGs
[2026-01-22T03:51:40.227+0000] {logging_mixin.py:188} INFO - [2026-01-22T03:51:40.227+0000] {dag.py:3947} INFO - Setting next_dagrun for pipeline_one_off to None, run_after=None
[2026-01-22T03:51:40.332+0000] {processor.py:183} INFO - Processing /opt/airflow/dags/pipeline_one_off.py took 0.252 seconds
[2026-01-22T03:52:10.488+0000] {processor.py:161} INFO - Started process (PID=53883) to work on /opt/airflow/dags/pipeline_one_off.py
[2026-01-22T03:52:10.491+0000] {processor.py:830} INFO - Processing file /opt/airflow/dags/pipeline_one_off.py for tasks to queue
[2026-01-22T03:52:10.493+0000] {logging_mixin.py:188} INFO - [2026-01-22T03:52:10.492+0000] {dagbag.py:545} INFO - Filling up the DagBag from /opt/airflow/dags/pipeline_one_off.py
[2026-01-22T03:52:10.534+0000] {processor.py:840} INFO - DAG(s) 'pipeline_one_off' retrieved from /opt/airflow/dags/pipeline_one_off.py
[2026-01-22T03:52:10.603+0000] {logging_mixin.py:188} INFO - [2026-01-22T03:52:10.602+0000] {dag.py:3089} INFO - Sync 1 DAGs
[2026-01-22T03:52:10.625+0000] {logging_mixin.py:188} INFO - [2026-01-22T03:52:10.625+0000] {dag.py:3947} INFO - Setting next_dagrun for pipeline_one_off to None, run_after=None
[2026-01-22T03:52:10.733+0000] {processor.py:183} INFO - Processing /opt/airflow/dags/pipeline_one_off.py took 0.256 seconds
[2026-01-22T03:52:41.226+0000] {processor.py:161} INFO - Started process (PID=53893) to work on /opt/airflow/dags/pipeline_one_off.py
[2026-01-22T03:52:41.229+0000] {processor.py:830} INFO - Processing file /opt/airflow/dags/pipeline_one_off.py for tasks to queue
[2026-01-22T03:52:41.232+0000] {logging_mixin.py:188} INFO - [2026-01-22T03:52:41.231+0000] {dagbag.py:545} INFO - Filling up the DagBag from /opt/airflow/dags/pipeline_one_off.py
[2026-01-22T03:52:41.285+0000] {processor.py:840} INFO - DAG(s) 'pipeline_one_off' retrieved from /opt/airflow/dags/pipeline_one_off.py
[2026-01-22T03:52:41.366+0000] {logging_mixin.py:188} INFO - [2026-01-22T03:52:41.366+0000] {dag.py:3089} INFO - Sync 1 DAGs
[2026-01-22T03:52:41.393+0000] {logging_mixin.py:188} INFO - [2026-01-22T03:52:41.393+0000] {dag.py:3947} INFO - Setting next_dagrun for pipeline_one_off to None, run_after=None
[2026-01-22T03:52:41.428+0000] {processor.py:183} INFO - Processing /opt/airflow/dags/pipeline_one_off.py took 0.288 seconds
[2026-01-22T03:53:11.855+0000] {processor.py:161} INFO - Started process (PID=53903) to work on /opt/airflow/dags/pipeline_one_off.py
[2026-01-22T03:53:11.857+0000] {processor.py:830} INFO - Processing file /opt/airflow/dags/pipeline_one_off.py for tasks to queue
[2026-01-22T03:53:11.859+0000] {logging_mixin.py:188} INFO - [2026-01-22T03:53:11.859+0000] {dagbag.py:545} INFO - Filling up the DagBag from /opt/airflow/dags/pipeline_one_off.py
[2026-01-22T03:53:11.899+0000] {processor.py:840} INFO - DAG(s) 'pipeline_one_off' retrieved from /opt/airflow/dags/pipeline_one_off.py
[2026-01-22T03:53:11.976+0000] {logging_mixin.py:188} INFO - [2026-01-22T03:53:11.975+0000] {dag.py:3089} INFO - Sync 1 DAGs
[2026-01-22T03:53:12.001+0000] {logging_mixin.py:188} INFO - [2026-01-22T03:53:12.000+0000] {dag.py:3947} INFO - Setting next_dagrun for pipeline_one_off to None, run_after=None
[2026-01-22T03:53:12.111+0000] {processor.py:183} INFO - Processing /opt/airflow/dags/pipeline_one_off.py took 0.268 seconds
[2026-01-22T03:53:42.631+0000] {processor.py:161} INFO - Started process (PID=53913) to work on /opt/airflow/dags/pipeline_one_off.py
[2026-01-22T03:53:42.633+0000] {processor.py:830} INFO - Processing file /opt/airflow/dags/pipeline_one_off.py for tasks to queue
[2026-01-22T03:53:42.635+0000] {logging_mixin.py:188} INFO - [2026-01-22T03:53:42.634+0000] {dagbag.py:545} INFO - Filling up the DagBag from /opt/airflow/dags/pipeline_one_off.py
[2026-01-22T03:53:42.690+0000] {processor.py:840} INFO - DAG(s) 'pipeline_one_off' retrieved from /opt/airflow/dags/pipeline_one_off.py
[2026-01-22T03:53:42.772+0000] {logging_mixin.py:188} INFO - [2026-01-22T03:53:42.771+0000] {dag.py:3089} INFO - Sync 1 DAGs
[2026-01-22T03:53:42.795+0000] {logging_mixin.py:188} INFO - [2026-01-22T03:53:42.795+0000] {dag.py:3947} INFO - Setting next_dagrun for pipeline_one_off to None, run_after=None
[2026-01-22T03:53:42.832+0000] {processor.py:183} INFO - Processing /opt/airflow/dags/pipeline_one_off.py took 0.279 seconds
[2026-01-22T03:54:13.258+0000] {processor.py:161} INFO - Started process (PID=53923) to work on /opt/airflow/dags/pipeline_one_off.py
[2026-01-22T03:54:13.261+0000] {processor.py:830} INFO - Processing file /opt/airflow/dags/pipeline_one_off.py for tasks to queue
[2026-01-22T03:54:13.263+0000] {logging_mixin.py:188} INFO - [2026-01-22T03:54:13.262+0000] {dagbag.py:545} INFO - Filling up the DagBag from /opt/airflow/dags/pipeline_one_off.py
[2026-01-22T03:54:13.306+0000] {processor.py:840} INFO - DAG(s) 'pipeline_one_off' retrieved from /opt/airflow/dags/pipeline_one_off.py
[2026-01-22T03:54:13.383+0000] {logging_mixin.py:188} INFO - [2026-01-22T03:54:13.383+0000] {dag.py:3089} INFO - Sync 1 DAGs
[2026-01-22T03:54:13.410+0000] {logging_mixin.py:188} INFO - [2026-01-22T03:54:13.409+0000] {dag.py:3947} INFO - Setting next_dagrun for pipeline_one_off to None, run_after=None
[2026-01-22T03:54:13.506+0000] {processor.py:183} INFO - Processing /opt/airflow/dags/pipeline_one_off.py took 0.261 seconds
[2026-01-22T03:54:43.703+0000] {processor.py:161} INFO - Started process (PID=53933) to work on /opt/airflow/dags/pipeline_one_off.py
[2026-01-22T03:54:43.705+0000] {processor.py:830} INFO - Processing file /opt/airflow/dags/pipeline_one_off.py for tasks to queue
[2026-01-22T03:54:43.707+0000] {logging_mixin.py:188} INFO - [2026-01-22T03:54:43.707+0000] {dagbag.py:545} INFO - Filling up the DagBag from /opt/airflow/dags/pipeline_one_off.py
[2026-01-22T03:54:43.761+0000] {processor.py:840} INFO - DAG(s) 'pipeline_one_off' retrieved from /opt/airflow/dags/pipeline_one_off.py
[2026-01-22T03:54:43.839+0000] {logging_mixin.py:188} INFO - [2026-01-22T03:54:43.839+0000] {dag.py:3089} INFO - Sync 1 DAGs
[2026-01-22T03:54:43.861+0000] {logging_mixin.py:188} INFO - [2026-01-22T03:54:43.860+0000] {dag.py:3947} INFO - Setting next_dagrun for pipeline_one_off to None, run_after=None
[2026-01-22T03:54:43.892+0000] {processor.py:183} INFO - Processing /opt/airflow/dags/pipeline_one_off.py took 0.272 seconds
[2026-01-22T03:55:14.308+0000] {processor.py:161} INFO - Started process (PID=53943) to work on /opt/airflow/dags/pipeline_one_off.py
[2026-01-22T03:55:14.311+0000] {processor.py:830} INFO - Processing file /opt/airflow/dags/pipeline_one_off.py for tasks to queue
[2026-01-22T03:55:14.313+0000] {logging_mixin.py:188} INFO - [2026-01-22T03:55:14.312+0000] {dagbag.py:545} INFO - Filling up the DagBag from /opt/airflow/dags/pipeline_one_off.py
[2026-01-22T03:55:14.354+0000] {processor.py:840} INFO - DAG(s) 'pipeline_one_off' retrieved from /opt/airflow/dags/pipeline_one_off.py
[2026-01-22T03:55:14.429+0000] {logging_mixin.py:188} INFO - [2026-01-22T03:55:14.428+0000] {dag.py:3089} INFO - Sync 1 DAGs
[2026-01-22T03:55:14.455+0000] {logging_mixin.py:188} INFO - [2026-01-22T03:55:14.454+0000] {dag.py:3947} INFO - Setting next_dagrun for pipeline_one_off to None, run_after=None
[2026-01-22T03:55:14.562+0000] {processor.py:183} INFO - Processing /opt/airflow/dags/pipeline_one_off.py took 0.266 seconds
[2026-01-22T03:55:44.770+0000] {processor.py:161} INFO - Started process (PID=53953) to work on /opt/airflow/dags/pipeline_one_off.py
[2026-01-22T03:55:44.772+0000] {processor.py:830} INFO - Processing file /opt/airflow/dags/pipeline_one_off.py for tasks to queue
[2026-01-22T03:55:44.774+0000] {logging_mixin.py:188} INFO - [2026-01-22T03:55:44.774+0000] {dagbag.py:545} INFO - Filling up the DagBag from /opt/airflow/dags/pipeline_one_off.py
[2026-01-22T03:55:44.835+0000] {processor.py:840} INFO - DAG(s) 'pipeline_one_off' retrieved from /opt/airflow/dags/pipeline_one_off.py
[2026-01-22T03:55:44.916+0000] {logging_mixin.py:188} INFO - [2026-01-22T03:55:44.916+0000] {dag.py:3089} INFO - Sync 1 DAGs
[2026-01-22T03:55:44.938+0000] {logging_mixin.py:188} INFO - [2026-01-22T03:55:44.938+0000] {dag.py:3947} INFO - Setting next_dagrun for pipeline_one_off to None, run_after=None
[2026-01-22T03:55:44.974+0000] {processor.py:183} INFO - Processing /opt/airflow/dags/pipeline_one_off.py took 0.287 seconds
[2026-01-22T03:56:15.473+0000] {processor.py:161} INFO - Started process (PID=53963) to work on /opt/airflow/dags/pipeline_one_off.py
[2026-01-22T03:56:15.477+0000] {processor.py:830} INFO - Processing file /opt/airflow/dags/pipeline_one_off.py for tasks to queue
[2026-01-22T03:56:15.479+0000] {logging_mixin.py:188} INFO - [2026-01-22T03:56:15.478+0000] {dagbag.py:545} INFO - Filling up the DagBag from /opt/airflow/dags/pipeline_one_off.py
[2026-01-22T03:56:15.518+0000] {processor.py:840} INFO - DAG(s) 'pipeline_one_off' retrieved from /opt/airflow/dags/pipeline_one_off.py
[2026-01-22T03:56:15.586+0000] {logging_mixin.py:188} INFO - [2026-01-22T03:56:15.586+0000] {dag.py:3089} INFO - Sync 1 DAGs
[2026-01-22T03:56:15.610+0000] {logging_mixin.py:188} INFO - [2026-01-22T03:56:15.610+0000] {dag.py:3947} INFO - Setting next_dagrun for pipeline_one_off to None, run_after=None
[2026-01-22T03:56:15.724+0000] {processor.py:183} INFO - Processing /opt/airflow/dags/pipeline_one_off.py took 0.273 seconds
[2026-01-22T03:56:45.869+0000] {processor.py:161} INFO - Started process (PID=53973) to work on /opt/airflow/dags/pipeline_one_off.py
[2026-01-22T03:56:45.872+0000] {processor.py:830} INFO - Processing file /opt/airflow/dags/pipeline_one_off.py for tasks to queue
[2026-01-22T03:56:45.873+0000] {logging_mixin.py:188} INFO - [2026-01-22T03:56:45.872+0000] {dagbag.py:545} INFO - Filling up the DagBag from /opt/airflow/dags/pipeline_one_off.py
[2026-01-22T03:56:45.908+0000] {processor.py:840} INFO - DAG(s) 'pipeline_one_off' retrieved from /opt/airflow/dags/pipeline_one_off.py
[2026-01-22T03:56:45.978+0000] {logging_mixin.py:188} INFO - [2026-01-22T03:56:45.978+0000] {dag.py:3089} INFO - Sync 1 DAGs
[2026-01-22T03:56:46.002+0000] {logging_mixin.py:188} INFO - [2026-01-22T03:56:46.002+0000] {dag.py:3947} INFO - Setting next_dagrun for pipeline_one_off to None, run_after=None
[2026-01-22T03:56:46.113+0000] {processor.py:183} INFO - Processing /opt/airflow/dags/pipeline_one_off.py took 0.257 seconds
[2026-01-22T03:57:16.441+0000] {processor.py:161} INFO - Started process (PID=53983) to work on /opt/airflow/dags/pipeline_one_off.py
[2026-01-22T03:57:16.443+0000] {processor.py:830} INFO - Processing file /opt/airflow/dags/pipeline_one_off.py for tasks to queue
[2026-01-22T03:57:16.445+0000] {logging_mixin.py:188} INFO - [2026-01-22T03:57:16.444+0000] {dagbag.py:545} INFO - Filling up the DagBag from /opt/airflow/dags/pipeline_one_off.py
[2026-01-22T03:57:16.497+0000] {processor.py:840} INFO - DAG(s) 'pipeline_one_off' retrieved from /opt/airflow/dags/pipeline_one_off.py
[2026-01-22T03:57:16.579+0000] {logging_mixin.py:188} INFO - [2026-01-22T03:57:16.579+0000] {dag.py:3089} INFO - Sync 1 DAGs
[2026-01-22T03:57:16.601+0000] {logging_mixin.py:188} INFO - [2026-01-22T03:57:16.600+0000] {dag.py:3947} INFO - Setting next_dagrun for pipeline_one_off to None, run_after=None
[2026-01-22T03:57:16.636+0000] {processor.py:183} INFO - Processing /opt/airflow/dags/pipeline_one_off.py took 0.209 seconds
[2026-01-22T03:57:47.058+0000] {processor.py:161} INFO - Started process (PID=53993) to work on /opt/airflow/dags/pipeline_one_off.py
[2026-01-22T03:57:47.060+0000] {processor.py:830} INFO - Processing file /opt/airflow/dags/pipeline_one_off.py for tasks to queue
[2026-01-22T03:57:47.062+0000] {logging_mixin.py:188} INFO - [2026-01-22T03:57:47.061+0000] {dagbag.py:545} INFO - Filling up the DagBag from /opt/airflow/dags/pipeline_one_off.py
[2026-01-22T03:57:47.101+0000] {processor.py:840} INFO - DAG(s) 'pipeline_one_off' retrieved from /opt/airflow/dags/pipeline_one_off.py
[2026-01-22T03:57:47.166+0000] {logging_mixin.py:188} INFO - [2026-01-22T03:57:47.166+0000] {dag.py:3089} INFO - Sync 1 DAGs
[2026-01-22T03:57:47.190+0000] {logging_mixin.py:188} INFO - [2026-01-22T03:57:47.190+0000] {dag.py:3947} INFO - Setting next_dagrun for pipeline_one_off to None, run_after=None
[2026-01-22T03:57:47.283+0000] {processor.py:183} INFO - Processing /opt/airflow/dags/pipeline_one_off.py took 0.238 seconds
[2026-01-22T03:58:17.557+0000] {processor.py:161} INFO - Started process (PID=54003) to work on /opt/airflow/dags/pipeline_one_off.py
[2026-01-22T03:58:17.560+0000] {processor.py:830} INFO - Processing file /opt/airflow/dags/pipeline_one_off.py for tasks to queue
[2026-01-22T03:58:17.562+0000] {logging_mixin.py:188} INFO - [2026-01-22T03:58:17.561+0000] {dagbag.py:545} INFO - Filling up the DagBag from /opt/airflow/dags/pipeline_one_off.py
[2026-01-22T03:58:17.606+0000] {processor.py:840} INFO - DAG(s) 'pipeline_one_off' retrieved from /opt/airflow/dags/pipeline_one_off.py
[2026-01-22T03:58:17.690+0000] {logging_mixin.py:188} INFO - [2026-01-22T03:58:17.689+0000] {dag.py:3089} INFO - Sync 1 DAGs
[2026-01-22T03:58:17.713+0000] {logging_mixin.py:188} INFO - [2026-01-22T03:58:17.713+0000] {dag.py:3947} INFO - Setting next_dagrun for pipeline_one_off to None, run_after=None
[2026-01-22T03:58:17.749+0000] {processor.py:183} INFO - Processing /opt/airflow/dags/pipeline_one_off.py took 0.214 seconds
[2026-01-22T03:58:48.174+0000] {processor.py:161} INFO - Started process (PID=54013) to work on /opt/airflow/dags/pipeline_one_off.py
[2026-01-22T03:58:48.176+0000] {processor.py:830} INFO - Processing file /opt/airflow/dags/pipeline_one_off.py for tasks to queue
[2026-01-22T03:58:48.178+0000] {logging_mixin.py:188} INFO - [2026-01-22T03:58:48.177+0000] {dagbag.py:545} INFO - Filling up the DagBag from /opt/airflow/dags/pipeline_one_off.py
[2026-01-22T03:58:48.217+0000] {processor.py:840} INFO - DAG(s) 'pipeline_one_off' retrieved from /opt/airflow/dags/pipeline_one_off.py
[2026-01-22T03:58:48.293+0000] {logging_mixin.py:188} INFO - [2026-01-22T03:58:48.293+0000] {dag.py:3089} INFO - Sync 1 DAGs
[2026-01-22T03:58:48.317+0000] {logging_mixin.py:188} INFO - [2026-01-22T03:58:48.317+0000] {dag.py:3947} INFO - Setting next_dagrun for pipeline_one_off to None, run_after=None
[2026-01-22T03:58:48.409+0000] {processor.py:183} INFO - Processing /opt/airflow/dags/pipeline_one_off.py took 0.249 seconds
[2026-01-22T03:59:18.614+0000] {processor.py:161} INFO - Started process (PID=54023) to work on /opt/airflow/dags/pipeline_one_off.py
[2026-01-22T03:59:18.617+0000] {processor.py:830} INFO - Processing file /opt/airflow/dags/pipeline_one_off.py for tasks to queue
[2026-01-22T03:59:18.619+0000] {logging_mixin.py:188} INFO - [2026-01-22T03:59:18.618+0000] {dagbag.py:545} INFO - Filling up the DagBag from /opt/airflow/dags/pipeline_one_off.py
[2026-01-22T03:59:18.676+0000] {processor.py:840} INFO - DAG(s) 'pipeline_one_off' retrieved from /opt/airflow/dags/pipeline_one_off.py
[2026-01-22T03:59:18.764+0000] {logging_mixin.py:188} INFO - [2026-01-22T03:59:18.764+0000] {dag.py:3089} INFO - Sync 1 DAGs
[2026-01-22T03:59:18.788+0000] {logging_mixin.py:188} INFO - [2026-01-22T03:59:18.788+0000] {dag.py:3947} INFO - Setting next_dagrun for pipeline_one_off to None, run_after=None
[2026-01-22T03:59:18.829+0000] {processor.py:183} INFO - Processing /opt/airflow/dags/pipeline_one_off.py took 0.286 seconds
[2026-01-22T03:59:49.260+0000] {processor.py:161} INFO - Started process (PID=54033) to work on /opt/airflow/dags/pipeline_one_off.py
[2026-01-22T03:59:49.262+0000] {processor.py:830} INFO - Processing file /opt/airflow/dags/pipeline_one_off.py for tasks to queue
[2026-01-22T03:59:49.264+0000] {logging_mixin.py:188} INFO - [2026-01-22T03:59:49.263+0000] {dagbag.py:545} INFO - Filling up the DagBag from /opt/airflow/dags/pipeline_one_off.py
[2026-01-22T03:59:49.305+0000] {processor.py:840} INFO - DAG(s) 'pipeline_one_off' retrieved from /opt/airflow/dags/pipeline_one_off.py
[2026-01-22T03:59:49.444+0000] {logging_mixin.py:188} INFO - [2026-01-22T03:59:49.444+0000] {dag.py:3089} INFO - Sync 1 DAGs
[2026-01-22T03:59:49.469+0000] {logging_mixin.py:188} INFO - [2026-01-22T03:59:49.469+0000] {dag.py:3947} INFO - Setting next_dagrun for pipeline_one_off to None, run_after=None
[2026-01-22T03:59:49.506+0000] {processor.py:183} INFO - Processing /opt/airflow/dags/pipeline_one_off.py took 0.260 seconds
[2026-01-22T04:00:19.916+0000] {processor.py:161} INFO - Started process (PID=54046) to work on /opt/airflow/dags/pipeline_one_off.py
[2026-01-22T04:00:19.918+0000] {processor.py:830} INFO - Processing file /opt/airflow/dags/pipeline_one_off.py for tasks to queue
[2026-01-22T04:00:19.920+0000] {logging_mixin.py:188} INFO - [2026-01-22T04:00:19.919+0000] {dagbag.py:545} INFO - Filling up the DagBag from /opt/airflow/dags/pipeline_one_off.py
[2026-01-22T04:00:19.958+0000] {processor.py:840} INFO - DAG(s) 'pipeline_one_off' retrieved from /opt/airflow/dags/pipeline_one_off.py
[2026-01-22T04:00:20.029+0000] {logging_mixin.py:188} INFO - [2026-01-22T04:00:20.028+0000] {dag.py:3089} INFO - Sync 1 DAGs
[2026-01-22T04:00:20.054+0000] {logging_mixin.py:188} INFO - [2026-01-22T04:00:20.053+0000] {dag.py:3947} INFO - Setting next_dagrun for pipeline_one_off to None, run_after=None
[2026-01-22T04:00:20.160+0000] {processor.py:183} INFO - Processing /opt/airflow/dags/pipeline_one_off.py took 0.261 seconds
[2026-01-22T04:00:50.297+0000] {processor.py:161} INFO - Started process (PID=54056) to work on /opt/airflow/dags/pipeline_one_off.py
[2026-01-22T04:00:50.299+0000] {processor.py:830} INFO - Processing file /opt/airflow/dags/pipeline_one_off.py for tasks to queue
[2026-01-22T04:00:50.301+0000] {logging_mixin.py:188} INFO - [2026-01-22T04:00:50.300+0000] {dagbag.py:545} INFO - Filling up the DagBag from /opt/airflow/dags/pipeline_one_off.py
[2026-01-22T04:00:50.337+0000] {processor.py:840} INFO - DAG(s) 'pipeline_one_off' retrieved from /opt/airflow/dags/pipeline_one_off.py
[2026-01-22T04:00:50.401+0000] {logging_mixin.py:188} INFO - [2026-01-22T04:00:50.401+0000] {dag.py:3089} INFO - Sync 1 DAGs
[2026-01-22T04:00:50.425+0000] {logging_mixin.py:188} INFO - [2026-01-22T04:00:50.424+0000] {dag.py:3947} INFO - Setting next_dagrun for pipeline_one_off to None, run_after=None
[2026-01-22T04:00:50.463+0000] {processor.py:183} INFO - Processing /opt/airflow/dags/pipeline_one_off.py took 0.177 seconds
[2026-01-22T04:01:21.014+0000] {processor.py:161} INFO - Started process (PID=54066) to work on /opt/airflow/dags/pipeline_one_off.py
[2026-01-22T04:01:21.017+0000] {processor.py:830} INFO - Processing file /opt/airflow/dags/pipeline_one_off.py for tasks to queue
[2026-01-22T04:01:21.018+0000] {logging_mixin.py:188} INFO - [2026-01-22T04:01:21.018+0000] {dagbag.py:545} INFO - Filling up the DagBag from /opt/airflow/dags/pipeline_one_off.py
[2026-01-22T04:01:21.070+0000] {processor.py:840} INFO - DAG(s) 'pipeline_one_off' retrieved from /opt/airflow/dags/pipeline_one_off.py
[2026-01-22T04:01:21.150+0000] {logging_mixin.py:188} INFO - [2026-01-22T04:01:21.150+0000] {dag.py:3089} INFO - Sync 1 DAGs
[2026-01-22T04:01:21.172+0000] {logging_mixin.py:188} INFO - [2026-01-22T04:01:21.171+0000] {dag.py:3947} INFO - Setting next_dagrun for pipeline_one_off to None, run_after=None
[2026-01-22T04:01:21.202+0000] {processor.py:183} INFO - Processing /opt/airflow/dags/pipeline_one_off.py took 0.268 seconds
[2026-01-22T04:01:51.625+0000] {processor.py:161} INFO - Started process (PID=54076) to work on /opt/airflow/dags/pipeline_one_off.py
[2026-01-22T04:01:51.627+0000] {processor.py:830} INFO - Processing file /opt/airflow/dags/pipeline_one_off.py for tasks to queue
[2026-01-22T04:01:51.629+0000] {logging_mixin.py:188} INFO - [2026-01-22T04:01:51.628+0000] {dagbag.py:545} INFO - Filling up the DagBag from /opt/airflow/dags/pipeline_one_off.py
[2026-01-22T04:01:51.666+0000] {processor.py:840} INFO - DAG(s) 'pipeline_one_off' retrieved from /opt/airflow/dags/pipeline_one_off.py
[2026-01-22T04:01:51.734+0000] {logging_mixin.py:188} INFO - [2026-01-22T04:01:51.733+0000] {dag.py:3089} INFO - Sync 1 DAGs
[2026-01-22T04:01:51.759+0000] {logging_mixin.py:188} INFO - [2026-01-22T04:01:51.758+0000] {dag.py:3947} INFO - Setting next_dagrun for pipeline_one_off to None, run_after=None
[2026-01-22T04:01:51.863+0000] {processor.py:183} INFO - Processing /opt/airflow/dags/pipeline_one_off.py took 0.251 seconds
[2026-01-22T04:02:22.069+0000] {processor.py:161} INFO - Started process (PID=54086) to work on /opt/airflow/dags/pipeline_one_off.py
[2026-01-22T04:02:22.071+0000] {processor.py:830} INFO - Processing file /opt/airflow/dags/pipeline_one_off.py for tasks to queue
[2026-01-22T04:02:22.073+0000] {logging_mixin.py:188} INFO - [2026-01-22T04:02:22.073+0000] {dagbag.py:545} INFO - Filling up the DagBag from /opt/airflow/dags/pipeline_one_off.py
[2026-01-22T04:02:22.127+0000] {processor.py:840} INFO - DAG(s) 'pipeline_one_off' retrieved from /opt/airflow/dags/pipeline_one_off.py
[2026-01-22T04:02:22.214+0000] {logging_mixin.py:188} INFO - [2026-01-22T04:02:22.214+0000] {dag.py:3089} INFO - Sync 1 DAGs
[2026-01-22T04:02:22.240+0000] {logging_mixin.py:188} INFO - [2026-01-22T04:02:22.239+0000] {dag.py:3947} INFO - Setting next_dagrun for pipeline_one_off to None, run_after=None
[2026-01-22T04:02:22.274+0000] {processor.py:183} INFO - Processing /opt/airflow/dags/pipeline_one_off.py took 0.288 seconds
[2026-01-22T04:02:52.701+0000] {processor.py:161} INFO - Started process (PID=54096) to work on /opt/airflow/dags/pipeline_one_off.py
[2026-01-22T04:02:52.704+0000] {processor.py:830} INFO - Processing file /opt/airflow/dags/pipeline_one_off.py for tasks to queue
[2026-01-22T04:02:52.706+0000] {logging_mixin.py:188} INFO - [2026-01-22T04:02:52.705+0000] {dagbag.py:545} INFO - Filling up the DagBag from /opt/airflow/dags/pipeline_one_off.py
[2026-01-22T04:02:52.749+0000] {processor.py:840} INFO - DAG(s) 'pipeline_one_off' retrieved from /opt/airflow/dags/pipeline_one_off.py
[2026-01-22T04:02:52.823+0000] {logging_mixin.py:188} INFO - [2026-01-22T04:02:52.822+0000] {dag.py:3089} INFO - Sync 1 DAGs
[2026-01-22T04:02:52.902+0000] {logging_mixin.py:188} INFO - [2026-01-22T04:02:52.901+0000] {dag.py:3947} INFO - Setting next_dagrun for pipeline_one_off to None, run_after=None
[2026-01-22T04:02:52.940+0000] {processor.py:183} INFO - Processing /opt/airflow/dags/pipeline_one_off.py took 0.254 seconds
[2026-01-22T04:03:23.457+0000] {processor.py:161} INFO - Started process (PID=54106) to work on /opt/airflow/dags/pipeline_one_off.py
[2026-01-22T04:03:23.459+0000] {processor.py:830} INFO - Processing file /opt/airflow/dags/pipeline_one_off.py for tasks to queue
[2026-01-22T04:03:23.461+0000] {logging_mixin.py:188} INFO - [2026-01-22T04:03:23.460+0000] {dagbag.py:545} INFO - Filling up the DagBag from /opt/airflow/dags/pipeline_one_off.py
[2026-01-22T04:03:23.508+0000] {processor.py:840} INFO - DAG(s) 'pipeline_one_off' retrieved from /opt/airflow/dags/pipeline_one_off.py
[2026-01-22T04:03:23.582+0000] {logging_mixin.py:188} INFO - [2026-01-22T04:03:23.582+0000] {dag.py:3089} INFO - Sync 1 DAGs
[2026-01-22T04:03:23.608+0000] {logging_mixin.py:188} INFO - [2026-01-22T04:03:23.607+0000] {dag.py:3947} INFO - Setting next_dagrun for pipeline_one_off to None, run_after=None
[2026-01-22T04:03:23.641+0000] {processor.py:183} INFO - Processing /opt/airflow/dags/pipeline_one_off.py took 0.280 seconds
[2026-01-22T04:03:54.074+0000] {processor.py:161} INFO - Started process (PID=54116) to work on /opt/airflow/dags/pipeline_one_off.py
[2026-01-22T04:03:54.076+0000] {processor.py:830} INFO - Processing file /opt/airflow/dags/pipeline_one_off.py for tasks to queue
[2026-01-22T04:03:54.078+0000] {logging_mixin.py:188} INFO - [2026-01-22T04:03:54.077+0000] {dagbag.py:545} INFO - Filling up the DagBag from /opt/airflow/dags/pipeline_one_off.py
[2026-01-22T04:03:54.115+0000] {processor.py:840} INFO - DAG(s) 'pipeline_one_off' retrieved from /opt/airflow/dags/pipeline_one_off.py
[2026-01-22T04:03:54.242+0000] {logging_mixin.py:188} INFO - [2026-01-22T04:03:54.242+0000] {dag.py:3089} INFO - Sync 1 DAGs
[2026-01-22T04:03:54.264+0000] {logging_mixin.py:188} INFO - [2026-01-22T04:03:54.264+0000] {dag.py:3947} INFO - Setting next_dagrun for pipeline_one_off to None, run_after=None
[2026-01-22T04:03:54.299+0000] {processor.py:183} INFO - Processing /opt/airflow/dags/pipeline_one_off.py took 0.239 seconds
[2026-01-22T04:04:24.724+0000] {processor.py:161} INFO - Started process (PID=54126) to work on /opt/airflow/dags/pipeline_one_off.py
[2026-01-22T04:04:24.726+0000] {processor.py:830} INFO - Processing file /opt/airflow/dags/pipeline_one_off.py for tasks to queue
[2026-01-22T04:04:24.728+0000] {logging_mixin.py:188} INFO - [2026-01-22T04:04:24.727+0000] {dagbag.py:545} INFO - Filling up the DagBag from /opt/airflow/dags/pipeline_one_off.py
[2026-01-22T04:04:24.778+0000] {processor.py:840} INFO - DAG(s) 'pipeline_one_off' retrieved from /opt/airflow/dags/pipeline_one_off.py
[2026-01-22T04:04:24.858+0000] {logging_mixin.py:188} INFO - [2026-01-22T04:04:24.858+0000] {dag.py:3089} INFO - Sync 1 DAGs
[2026-01-22T04:04:24.882+0000] {logging_mixin.py:188} INFO - [2026-01-22T04:04:24.882+0000] {dag.py:3947} INFO - Setting next_dagrun for pipeline_one_off to None, run_after=None
[2026-01-22T04:04:24.916+0000] {processor.py:183} INFO - Processing /opt/airflow/dags/pipeline_one_off.py took 0.208 seconds
[2026-01-22T04:04:55.336+0000] {processor.py:161} INFO - Started process (PID=54136) to work on /opt/airflow/dags/pipeline_one_off.py
[2026-01-22T04:04:55.339+0000] {processor.py:830} INFO - Processing file /opt/airflow/dags/pipeline_one_off.py for tasks to queue
[2026-01-22T04:04:55.341+0000] {logging_mixin.py:188} INFO - [2026-01-22T04:04:55.341+0000] {dagbag.py:545} INFO - Filling up the DagBag from /opt/airflow/dags/pipeline_one_off.py
[2026-01-22T04:04:55.386+0000] {processor.py:840} INFO - DAG(s) 'pipeline_one_off' retrieved from /opt/airflow/dags/pipeline_one_off.py
[2026-01-22T04:04:55.463+0000] {logging_mixin.py:188} INFO - [2026-01-22T04:04:55.463+0000] {dag.py:3089} INFO - Sync 1 DAGs
[2026-01-22T04:04:55.492+0000] {logging_mixin.py:188} INFO - [2026-01-22T04:04:55.492+0000] {dag.py:3947} INFO - Setting next_dagrun for pipeline_one_off to None, run_after=None
[2026-01-22T04:04:55.577+0000] {processor.py:183} INFO - Processing /opt/airflow/dags/pipeline_one_off.py took 0.255 seconds
[2026-01-22T04:05:26.069+0000] {processor.py:161} INFO - Started process (PID=54146) to work on /opt/airflow/dags/pipeline_one_off.py
[2026-01-22T04:05:26.072+0000] {processor.py:830} INFO - Processing file /opt/airflow/dags/pipeline_one_off.py for tasks to queue
[2026-01-22T04:05:26.074+0000] {logging_mixin.py:188} INFO - [2026-01-22T04:05:26.073+0000] {dagbag.py:545} INFO - Filling up the DagBag from /opt/airflow/dags/pipeline_one_off.py
[2026-01-22T04:05:26.124+0000] {processor.py:840} INFO - DAG(s) 'pipeline_one_off' retrieved from /opt/airflow/dags/pipeline_one_off.py
[2026-01-22T04:05:26.199+0000] {logging_mixin.py:188} INFO - [2026-01-22T04:05:26.199+0000] {dag.py:3089} INFO - Sync 1 DAGs
[2026-01-22T04:05:26.225+0000] {logging_mixin.py:188} INFO - [2026-01-22T04:05:26.225+0000] {dag.py:3947} INFO - Setting next_dagrun for pipeline_one_off to None, run_after=None
[2026-01-22T04:05:26.339+0000] {processor.py:183} INFO - Processing /opt/airflow/dags/pipeline_one_off.py took 0.351 seconds
[2026-01-22T04:05:56.850+0000] {processor.py:161} INFO - Started process (PID=54156) to work on /opt/airflow/dags/pipeline_one_off.py
[2026-01-22T04:05:56.852+0000] {processor.py:830} INFO - Processing file /opt/airflow/dags/pipeline_one_off.py for tasks to queue
[2026-01-22T04:05:56.853+0000] {logging_mixin.py:188} INFO - [2026-01-22T04:05:56.853+0000] {dagbag.py:545} INFO - Filling up the DagBag from /opt/airflow/dags/pipeline_one_off.py
[2026-01-22T04:05:56.889+0000] {processor.py:840} INFO - DAG(s) 'pipeline_one_off' retrieved from /opt/airflow/dags/pipeline_one_off.py
[2026-01-22T04:05:56.959+0000] {logging_mixin.py:188} INFO - [2026-01-22T04:05:56.959+0000] {dag.py:3089} INFO - Sync 1 DAGs
[2026-01-22T04:05:56.984+0000] {logging_mixin.py:188} INFO - [2026-01-22T04:05:56.983+0000] {dag.py:3947} INFO - Setting next_dagrun for pipeline_one_off to None, run_after=None
[2026-01-22T04:05:57.091+0000] {processor.py:183} INFO - Processing /opt/airflow/dags/pipeline_one_off.py took 0.253 seconds
[2026-01-22T04:06:27.235+0000] {processor.py:161} INFO - Started process (PID=54166) to work on /opt/airflow/dags/pipeline_one_off.py
[2026-01-22T04:06:27.237+0000] {processor.py:830} INFO - Processing file /opt/airflow/dags/pipeline_one_off.py for tasks to queue
[2026-01-22T04:06:27.239+0000] {logging_mixin.py:188} INFO - [2026-01-22T04:06:27.239+0000] {dagbag.py:545} INFO - Filling up the DagBag from /opt/airflow/dags/pipeline_one_off.py
[2026-01-22T04:06:27.299+0000] {processor.py:840} INFO - DAG(s) 'pipeline_one_off' retrieved from /opt/airflow/dags/pipeline_one_off.py
[2026-01-22T04:06:27.393+0000] {logging_mixin.py:188} INFO - [2026-01-22T04:06:27.393+0000] {dag.py:3089} INFO - Sync 1 DAGs
[2026-01-22T04:06:27.420+0000] {logging_mixin.py:188} INFO - [2026-01-22T04:06:27.419+0000] {dag.py:3947} INFO - Setting next_dagrun for pipeline_one_off to None, run_after=None
[2026-01-22T04:06:27.459+0000] {processor.py:183} INFO - Processing /opt/airflow/dags/pipeline_one_off.py took 0.242 seconds
[2026-01-22T04:06:57.861+0000] {processor.py:161} INFO - Started process (PID=54176) to work on /opt/airflow/dags/pipeline_one_off.py
[2026-01-22T04:06:57.863+0000] {processor.py:830} INFO - Processing file /opt/airflow/dags/pipeline_one_off.py for tasks to queue
[2026-01-22T04:06:57.865+0000] {logging_mixin.py:188} INFO - [2026-01-22T04:06:57.864+0000] {dagbag.py:545} INFO - Filling up the DagBag from /opt/airflow/dags/pipeline_one_off.py
[2026-01-22T04:06:57.908+0000] {processor.py:840} INFO - DAG(s) 'pipeline_one_off' retrieved from /opt/airflow/dags/pipeline_one_off.py
[2026-01-22T04:06:58.003+0000] {logging_mixin.py:188} INFO - [2026-01-22T04:06:58.003+0000] {dag.py:3089} INFO - Sync 1 DAGs
[2026-01-22T04:06:58.034+0000] {logging_mixin.py:188} INFO - [2026-01-22T04:06:58.033+0000] {dag.py:3947} INFO - Setting next_dagrun for pipeline_one_off to None, run_after=None
[2026-01-22T04:06:58.085+0000] {processor.py:183} INFO - Processing /opt/airflow/dags/pipeline_one_off.py took 0.239 seconds
[2026-01-22T04:07:28.503+0000] {processor.py:161} INFO - Started process (PID=54186) to work on /opt/airflow/dags/pipeline_one_off.py
[2026-01-22T04:07:28.506+0000] {processor.py:830} INFO - Processing file /opt/airflow/dags/pipeline_one_off.py for tasks to queue
[2026-01-22T04:07:28.508+0000] {logging_mixin.py:188} INFO - [2026-01-22T04:07:28.508+0000] {dagbag.py:545} INFO - Filling up the DagBag from /opt/airflow/dags/pipeline_one_off.py
[2026-01-22T04:07:28.548+0000] {processor.py:840} INFO - DAG(s) 'pipeline_one_off' retrieved from /opt/airflow/dags/pipeline_one_off.py
[2026-01-22T04:07:28.616+0000] {logging_mixin.py:188} INFO - [2026-01-22T04:07:28.615+0000] {dag.py:3089} INFO - Sync 1 DAGs
[2026-01-22T04:07:28.643+0000] {logging_mixin.py:188} INFO - [2026-01-22T04:07:28.642+0000] {dag.py:3947} INFO - Setting next_dagrun for pipeline_one_off to None, run_after=None
[2026-01-22T04:07:28.748+0000] {processor.py:183} INFO - Processing /opt/airflow/dags/pipeline_one_off.py took 0.259 seconds
[2026-01-22T04:07:58.883+0000] {processor.py:161} INFO - Started process (PID=54196) to work on /opt/airflow/dags/pipeline_one_off.py
[2026-01-22T04:07:58.885+0000] {processor.py:830} INFO - Processing file /opt/airflow/dags/pipeline_one_off.py for tasks to queue
[2026-01-22T04:07:58.887+0000] {logging_mixin.py:188} INFO - [2026-01-22T04:07:58.886+0000] {dagbag.py:545} INFO - Filling up the DagBag from /opt/airflow/dags/pipeline_one_off.py
[2026-01-22T04:07:58.924+0000] {processor.py:840} INFO - DAG(s) 'pipeline_one_off' retrieved from /opt/airflow/dags/pipeline_one_off.py
[2026-01-22T04:07:58.984+0000] {logging_mixin.py:188} INFO - [2026-01-22T04:07:58.984+0000] {dag.py:3089} INFO - Sync 1 DAGs
[2026-01-22T04:07:59.006+0000] {logging_mixin.py:188} INFO - [2026-01-22T04:07:59.005+0000] {dag.py:3947} INFO - Setting next_dagrun for pipeline_one_off to None, run_after=None
[2026-01-22T04:07:59.109+0000] {processor.py:183} INFO - Processing /opt/airflow/dags/pipeline_one_off.py took 0.239 seconds
[2026-01-22T04:08:29.457+0000] {processor.py:161} INFO - Started process (PID=54206) to work on /opt/airflow/dags/pipeline_one_off.py
[2026-01-22T04:08:29.460+0000] {processor.py:830} INFO - Processing file /opt/airflow/dags/pipeline_one_off.py for tasks to queue
[2026-01-22T04:08:29.462+0000] {logging_mixin.py:188} INFO - [2026-01-22T04:08:29.461+0000] {dagbag.py:545} INFO - Filling up the DagBag from /opt/airflow/dags/pipeline_one_off.py
[2026-01-22T04:08:29.501+0000] {processor.py:840} INFO - DAG(s) 'pipeline_one_off' retrieved from /opt/airflow/dags/pipeline_one_off.py
[2026-01-22T04:08:29.565+0000] {logging_mixin.py:188} INFO - [2026-01-22T04:08:29.565+0000] {dag.py:3089} INFO - Sync 1 DAGs
[2026-01-22T04:08:29.589+0000] {logging_mixin.py:188} INFO - [2026-01-22T04:08:29.589+0000] {dag.py:3947} INFO - Setting next_dagrun for pipeline_one_off to None, run_after=None
[2026-01-22T04:08:29.626+0000] {processor.py:183} INFO - Processing /opt/airflow/dags/pipeline_one_off.py took 0.185 seconds
[2026-01-22T04:09:00.090+0000] {processor.py:161} INFO - Started process (PID=54216) to work on /opt/airflow/dags/pipeline_one_off.py
[2026-01-22T04:09:00.093+0000] {processor.py:830} INFO - Processing file /opt/airflow/dags/pipeline_one_off.py for tasks to queue
[2026-01-22T04:09:00.098+0000] {logging_mixin.py:188} INFO - [2026-01-22T04:09:00.097+0000] {dagbag.py:545} INFO - Filling up the DagBag from /opt/airflow/dags/pipeline_one_off.py
[2026-01-22T04:09:00.140+0000] {processor.py:840} INFO - DAG(s) 'pipeline_one_off' retrieved from /opt/airflow/dags/pipeline_one_off.py
[2026-01-22T04:09:00.210+0000] {logging_mixin.py:188} INFO - [2026-01-22T04:09:00.210+0000] {dag.py:3089} INFO - Sync 1 DAGs
[2026-01-22T04:09:00.236+0000] {logging_mixin.py:188} INFO - [2026-01-22T04:09:00.236+0000] {dag.py:3947} INFO - Setting next_dagrun for pipeline_one_off to None, run_after=None
[2026-01-22T04:09:00.340+0000] {processor.py:183} INFO - Processing /opt/airflow/dags/pipeline_one_off.py took 0.271 seconds
[2026-01-22T04:09:30.475+0000] {processor.py:161} INFO - Started process (PID=54226) to work on /opt/airflow/dags/pipeline_one_off.py
[2026-01-22T04:09:30.477+0000] {processor.py:830} INFO - Processing file /opt/airflow/dags/pipeline_one_off.py for tasks to queue
[2026-01-22T04:09:30.480+0000] {logging_mixin.py:188} INFO - [2026-01-22T04:09:30.479+0000] {dagbag.py:545} INFO - Filling up the DagBag from /opt/airflow/dags/pipeline_one_off.py
[2026-01-22T04:09:30.521+0000] {processor.py:840} INFO - DAG(s) 'pipeline_one_off' retrieved from /opt/airflow/dags/pipeline_one_off.py
[2026-01-22T04:09:30.592+0000] {logging_mixin.py:188} INFO - [2026-01-22T04:09:30.591+0000] {dag.py:3089} INFO - Sync 1 DAGs
[2026-01-22T04:09:30.615+0000] {logging_mixin.py:188} INFO - [2026-01-22T04:09:30.615+0000] {dag.py:3947} INFO - Setting next_dagrun for pipeline_one_off to None, run_after=None
[2026-01-22T04:09:30.720+0000] {processor.py:183} INFO - Processing /opt/airflow/dags/pipeline_one_off.py took 0.259 seconds
[2026-01-22T04:10:01.059+0000] {processor.py:161} INFO - Started process (PID=54236) to work on /opt/airflow/dags/pipeline_one_off.py
[2026-01-22T04:10:01.062+0000] {processor.py:830} INFO - Processing file /opt/airflow/dags/pipeline_one_off.py for tasks to queue
[2026-01-22T04:10:01.064+0000] {logging_mixin.py:188} INFO - [2026-01-22T04:10:01.063+0000] {dagbag.py:545} INFO - Filling up the DagBag from /opt/airflow/dags/pipeline_one_off.py
[2026-01-22T04:10:01.105+0000] {processor.py:840} INFO - DAG(s) 'pipeline_one_off' retrieved from /opt/airflow/dags/pipeline_one_off.py
[2026-01-22T04:10:01.175+0000] {logging_mixin.py:188} INFO - [2026-01-22T04:10:01.175+0000] {dag.py:3089} INFO - Sync 1 DAGs
[2026-01-22T04:10:01.203+0000] {logging_mixin.py:188} INFO - [2026-01-22T04:10:01.202+0000] {dag.py:3947} INFO - Setting next_dagrun for pipeline_one_off to None, run_after=None
[2026-01-22T04:10:01.237+0000] {processor.py:183} INFO - Processing /opt/airflow/dags/pipeline_one_off.py took 0.190 seconds
[2026-01-22T04:10:31.633+0000] {processor.py:161} INFO - Started process (PID=54249) to work on /opt/airflow/dags/pipeline_one_off.py
[2026-01-22T04:10:31.635+0000] {processor.py:830} INFO - Processing file /opt/airflow/dags/pipeline_one_off.py for tasks to queue
[2026-01-22T04:10:31.637+0000] {logging_mixin.py:188} INFO - [2026-01-22T04:10:31.636+0000] {dagbag.py:545} INFO - Filling up the DagBag from /opt/airflow/dags/pipeline_one_off.py
[2026-01-22T04:10:31.671+0000] {processor.py:840} INFO - DAG(s) 'pipeline_one_off' retrieved from /opt/airflow/dags/pipeline_one_off.py
[2026-01-22T04:10:31.744+0000] {logging_mixin.py:188} INFO - [2026-01-22T04:10:31.743+0000] {dag.py:3089} INFO - Sync 1 DAGs
[2026-01-22T04:10:31.772+0000] {logging_mixin.py:188} INFO - [2026-01-22T04:10:31.772+0000] {dag.py:3947} INFO - Setting next_dagrun for pipeline_one_off to None, run_after=None
[2026-01-22T04:10:31.811+0000] {processor.py:183} INFO - Processing /opt/airflow/dags/pipeline_one_off.py took 0.191 seconds
[2026-01-22T04:11:02.298+0000] {processor.py:161} INFO - Started process (PID=54259) to work on /opt/airflow/dags/pipeline_one_off.py
[2026-01-22T04:11:02.300+0000] {processor.py:830} INFO - Processing file /opt/airflow/dags/pipeline_one_off.py for tasks to queue
[2026-01-22T04:11:02.302+0000] {logging_mixin.py:188} INFO - [2026-01-22T04:11:02.301+0000] {dagbag.py:545} INFO - Filling up the DagBag from /opt/airflow/dags/pipeline_one_off.py
[2026-01-22T04:11:02.338+0000] {processor.py:840} INFO - DAG(s) 'pipeline_one_off' retrieved from /opt/airflow/dags/pipeline_one_off.py
[2026-01-22T04:11:02.405+0000] {logging_mixin.py:188} INFO - [2026-01-22T04:11:02.405+0000] {dag.py:3089} INFO - Sync 1 DAGs
[2026-01-22T04:11:02.429+0000] {logging_mixin.py:188} INFO - [2026-01-22T04:11:02.428+0000] {dag.py:3947} INFO - Setting next_dagrun for pipeline_one_off to None, run_after=None
[2026-01-22T04:11:02.550+0000] {processor.py:183} INFO - Processing /opt/airflow/dags/pipeline_one_off.py took 0.265 seconds
[2026-01-22T04:11:32.674+0000] {processor.py:161} INFO - Started process (PID=54269) to work on /opt/airflow/dags/pipeline_one_off.py
[2026-01-22T04:11:32.676+0000] {processor.py:830} INFO - Processing file /opt/airflow/dags/pipeline_one_off.py for tasks to queue
[2026-01-22T04:11:32.678+0000] {logging_mixin.py:188} INFO - [2026-01-22T04:11:32.677+0000] {dagbag.py:545} INFO - Filling up the DagBag from /opt/airflow/dags/pipeline_one_off.py
[2026-01-22T04:11:32.720+0000] {processor.py:840} INFO - DAG(s) 'pipeline_one_off' retrieved from /opt/airflow/dags/pipeline_one_off.py
[2026-01-22T04:11:32.796+0000] {logging_mixin.py:188} INFO - [2026-01-22T04:11:32.795+0000] {dag.py:3089} INFO - Sync 1 DAGs
[2026-01-22T04:11:32.823+0000] {logging_mixin.py:188} INFO - [2026-01-22T04:11:32.823+0000] {dag.py:3947} INFO - Setting next_dagrun for pipeline_one_off to None, run_after=None
[2026-01-22T04:11:32.933+0000] {processor.py:183} INFO - Processing /opt/airflow/dags/pipeline_one_off.py took 0.273 seconds
[2026-01-22T04:12:03.274+0000] {processor.py:161} INFO - Started process (PID=54279) to work on /opt/airflow/dags/pipeline_one_off.py
[2026-01-22T04:12:03.276+0000] {processor.py:830} INFO - Processing file /opt/airflow/dags/pipeline_one_off.py for tasks to queue
[2026-01-22T04:12:03.278+0000] {logging_mixin.py:188} INFO - [2026-01-22T04:12:03.277+0000] {dagbag.py:545} INFO - Filling up the DagBag from /opt/airflow/dags/pipeline_one_off.py
[2026-01-22T04:12:03.326+0000] {processor.py:840} INFO - DAG(s) 'pipeline_one_off' retrieved from /opt/airflow/dags/pipeline_one_off.py
[2026-01-22T04:12:03.400+0000] {logging_mixin.py:188} INFO - [2026-01-22T04:12:03.399+0000] {dag.py:3089} INFO - Sync 1 DAGs
[2026-01-22T04:12:03.422+0000] {logging_mixin.py:188} INFO - [2026-01-22T04:12:03.422+0000] {dag.py:3947} INFO - Setting next_dagrun for pipeline_one_off to None, run_after=None
[2026-01-22T04:12:03.469+0000] {processor.py:183} INFO - Processing /opt/airflow/dags/pipeline_one_off.py took 0.209 seconds
[2026-01-22T04:12:33.864+0000] {processor.py:161} INFO - Started process (PID=54289) to work on /opt/airflow/dags/pipeline_one_off.py
[2026-01-22T04:12:33.866+0000] {processor.py:830} INFO - Processing file /opt/airflow/dags/pipeline_one_off.py for tasks to queue
[2026-01-22T04:12:33.867+0000] {logging_mixin.py:188} INFO - [2026-01-22T04:12:33.867+0000] {dagbag.py:545} INFO - Filling up the DagBag from /opt/airflow/dags/pipeline_one_off.py
[2026-01-22T04:12:33.903+0000] {processor.py:840} INFO - DAG(s) 'pipeline_one_off' retrieved from /opt/airflow/dags/pipeline_one_off.py
[2026-01-22T04:12:33.973+0000] {logging_mixin.py:188} INFO - [2026-01-22T04:12:33.972+0000] {dag.py:3089} INFO - Sync 1 DAGs
[2026-01-22T04:12:33.995+0000] {logging_mixin.py:188} INFO - [2026-01-22T04:12:33.994+0000] {dag.py:3947} INFO - Setting next_dagrun for pipeline_one_off to None, run_after=None
[2026-01-22T04:12:34.099+0000] {processor.py:183} INFO - Processing /opt/airflow/dags/pipeline_one_off.py took 0.251 seconds
[2026-01-22T04:13:04.235+0000] {processor.py:161} INFO - Started process (PID=54299) to work on /opt/airflow/dags/pipeline_one_off.py
[2026-01-22T04:13:04.237+0000] {processor.py:830} INFO - Processing file /opt/airflow/dags/pipeline_one_off.py for tasks to queue
[2026-01-22T04:13:04.239+0000] {logging_mixin.py:188} INFO - [2026-01-22T04:13:04.238+0000] {dagbag.py:545} INFO - Filling up the DagBag from /opt/airflow/dags/pipeline_one_off.py
[2026-01-22T04:13:04.280+0000] {processor.py:840} INFO - DAG(s) 'pipeline_one_off' retrieved from /opt/airflow/dags/pipeline_one_off.py
[2026-01-22T04:13:04.347+0000] {logging_mixin.py:188} INFO - [2026-01-22T04:13:04.347+0000] {dag.py:3089} INFO - Sync 1 DAGs
[2026-01-22T04:13:04.371+0000] {logging_mixin.py:188} INFO - [2026-01-22T04:13:04.370+0000] {dag.py:3947} INFO - Setting next_dagrun for pipeline_one_off to None, run_after=None
[2026-01-22T04:13:04.405+0000] {processor.py:183} INFO - Processing /opt/airflow/dags/pipeline_one_off.py took 0.183 seconds
[2026-01-22T04:13:34.805+0000] {processor.py:161} INFO - Started process (PID=54309) to work on /opt/airflow/dags/pipeline_one_off.py
[2026-01-22T04:13:34.807+0000] {processor.py:830} INFO - Processing file /opt/airflow/dags/pipeline_one_off.py for tasks to queue
[2026-01-22T04:13:34.809+0000] {logging_mixin.py:188} INFO - [2026-01-22T04:13:34.808+0000] {dagbag.py:545} INFO - Filling up the DagBag from /opt/airflow/dags/pipeline_one_off.py
[2026-01-22T04:13:34.855+0000] {processor.py:840} INFO - DAG(s) 'pipeline_one_off' retrieved from /opt/airflow/dags/pipeline_one_off.py
[2026-01-22T04:13:34.960+0000] {logging_mixin.py:188} INFO - [2026-01-22T04:13:34.959+0000] {dag.py:3089} INFO - Sync 1 DAGs
[2026-01-22T04:13:34.984+0000] {logging_mixin.py:188} INFO - [2026-01-22T04:13:34.984+0000] {dag.py:3947} INFO - Setting next_dagrun for pipeline_one_off to None, run_after=None
[2026-01-22T04:13:35.022+0000] {processor.py:183} INFO - Processing /opt/airflow/dags/pipeline_one_off.py took 0.231 seconds
[2026-01-22T04:14:05.443+0000] {processor.py:161} INFO - Started process (PID=54319) to work on /opt/airflow/dags/pipeline_one_off.py
[2026-01-22T04:14:05.446+0000] {processor.py:830} INFO - Processing file /opt/airflow/dags/pipeline_one_off.py for tasks to queue
[2026-01-22T04:14:05.448+0000] {logging_mixin.py:188} INFO - [2026-01-22T04:14:05.447+0000] {dagbag.py:545} INFO - Filling up the DagBag from /opt/airflow/dags/pipeline_one_off.py
[2026-01-22T04:14:05.496+0000] {processor.py:840} INFO - DAG(s) 'pipeline_one_off' retrieved from /opt/airflow/dags/pipeline_one_off.py
[2026-01-22T04:14:05.574+0000] {logging_mixin.py:188} INFO - [2026-01-22T04:14:05.573+0000] {dag.py:3089} INFO - Sync 1 DAGs
[2026-01-22T04:14:05.602+0000] {logging_mixin.py:188} INFO - [2026-01-22T04:14:05.602+0000] {dag.py:3947} INFO - Setting next_dagrun for pipeline_one_off to None, run_after=None
[2026-01-22T04:14:05.708+0000] {processor.py:183} INFO - Processing /opt/airflow/dags/pipeline_one_off.py took 0.279 seconds
[2026-01-22T04:14:35.833+0000] {processor.py:161} INFO - Started process (PID=54329) to work on /opt/airflow/dags/pipeline_one_off.py
[2026-01-22T04:14:35.836+0000] {processor.py:830} INFO - Processing file /opt/airflow/dags/pipeline_one_off.py for tasks to queue
[2026-01-22T04:14:35.838+0000] {logging_mixin.py:188} INFO - [2026-01-22T04:14:35.837+0000] {dagbag.py:545} INFO - Filling up the DagBag from /opt/airflow/dags/pipeline_one_off.py
[2026-01-22T04:14:35.881+0000] {processor.py:840} INFO - DAG(s) 'pipeline_one_off' retrieved from /opt/airflow/dags/pipeline_one_off.py
[2026-01-22T04:14:35.961+0000] {logging_mixin.py:188} INFO - [2026-01-22T04:14:35.960+0000] {dag.py:3089} INFO - Sync 1 DAGs
[2026-01-22T04:14:35.989+0000] {logging_mixin.py:188} INFO - [2026-01-22T04:14:35.988+0000] {dag.py:3947} INFO - Setting next_dagrun for pipeline_one_off to None, run_after=None
[2026-01-22T04:14:36.098+0000] {processor.py:183} INFO - Processing /opt/airflow/dags/pipeline_one_off.py took 0.278 seconds
[2026-01-22T04:15:06.432+0000] {processor.py:161} INFO - Started process (PID=54339) to work on /opt/airflow/dags/pipeline_one_off.py
[2026-01-22T04:15:06.434+0000] {processor.py:830} INFO - Processing file /opt/airflow/dags/pipeline_one_off.py for tasks to queue
[2026-01-22T04:15:06.436+0000] {logging_mixin.py:188} INFO - [2026-01-22T04:15:06.435+0000] {dagbag.py:545} INFO - Filling up the DagBag from /opt/airflow/dags/pipeline_one_off.py
[2026-01-22T04:15:06.481+0000] {processor.py:840} INFO - DAG(s) 'pipeline_one_off' retrieved from /opt/airflow/dags/pipeline_one_off.py
[2026-01-22T04:15:06.554+0000] {logging_mixin.py:188} INFO - [2026-01-22T04:15:06.553+0000] {dag.py:3089} INFO - Sync 1 DAGs
[2026-01-22T04:15:06.581+0000] {logging_mixin.py:188} INFO - [2026-01-22T04:15:06.580+0000] {dag.py:3947} INFO - Setting next_dagrun for pipeline_one_off to None, run_after=None
[2026-01-22T04:15:06.615+0000] {processor.py:183} INFO - Processing /opt/airflow/dags/pipeline_one_off.py took 0.198 seconds
[2026-01-22T04:15:37.035+0000] {processor.py:161} INFO - Started process (PID=54349) to work on /opt/airflow/dags/pipeline_one_off.py
[2026-01-22T04:15:37.037+0000] {processor.py:830} INFO - Processing file /opt/airflow/dags/pipeline_one_off.py for tasks to queue
[2026-01-22T04:15:37.039+0000] {logging_mixin.py:188} INFO - [2026-01-22T04:15:37.038+0000] {dagbag.py:545} INFO - Filling up the DagBag from /opt/airflow/dags/pipeline_one_off.py
[2026-01-22T04:15:37.075+0000] {processor.py:840} INFO - DAG(s) 'pipeline_one_off' retrieved from /opt/airflow/dags/pipeline_one_off.py
[2026-01-22T04:15:37.143+0000] {logging_mixin.py:188} INFO - [2026-01-22T04:15:37.142+0000] {dag.py:3089} INFO - Sync 1 DAGs
[2026-01-22T04:15:37.166+0000] {logging_mixin.py:188} INFO - [2026-01-22T04:15:37.166+0000] {dag.py:3947} INFO - Setting next_dagrun for pipeline_one_off to None, run_after=None
[2026-01-22T04:15:37.271+0000] {processor.py:183} INFO - Processing /opt/airflow/dags/pipeline_one_off.py took 0.250 seconds
[2026-01-22T04:16:07.553+0000] {processor.py:161} INFO - Started process (PID=54359) to work on /opt/airflow/dags/pipeline_one_off.py
[2026-01-22T04:16:07.555+0000] {processor.py:830} INFO - Processing file /opt/airflow/dags/pipeline_one_off.py for tasks to queue
[2026-01-22T04:16:07.557+0000] {logging_mixin.py:188} INFO - [2026-01-22T04:16:07.557+0000] {dagbag.py:545} INFO - Filling up the DagBag from /opt/airflow/dags/pipeline_one_off.py
[2026-01-22T04:16:07.606+0000] {processor.py:840} INFO - DAG(s) 'pipeline_one_off' retrieved from /opt/airflow/dags/pipeline_one_off.py
[2026-01-22T04:16:07.678+0000] {logging_mixin.py:188} INFO - [2026-01-22T04:16:07.677+0000] {dag.py:3089} INFO - Sync 1 DAGs
[2026-01-22T04:16:07.703+0000] {logging_mixin.py:188} INFO - [2026-01-22T04:16:07.703+0000] {dag.py:3947} INFO - Setting next_dagrun for pipeline_one_off to None, run_after=None
[2026-01-22T04:16:07.815+0000] {processor.py:183} INFO - Processing /opt/airflow/dags/pipeline_one_off.py took 0.275 seconds
[2026-01-22T04:16:38.027+0000] {processor.py:161} INFO - Started process (PID=54369) to work on /opt/airflow/dags/pipeline_one_off.py
[2026-01-22T04:16:38.030+0000] {processor.py:830} INFO - Processing file /opt/airflow/dags/pipeline_one_off.py for tasks to queue
[2026-01-22T04:16:38.032+0000] {logging_mixin.py:188} INFO - [2026-01-22T04:16:38.031+0000] {dagbag.py:545} INFO - Filling up the DagBag from /opt/airflow/dags/pipeline_one_off.py
[2026-01-22T04:16:38.078+0000] {processor.py:840} INFO - DAG(s) 'pipeline_one_off' retrieved from /opt/airflow/dags/pipeline_one_off.py
[2026-01-22T04:16:38.157+0000] {logging_mixin.py:188} INFO - [2026-01-22T04:16:38.156+0000] {dag.py:3089} INFO - Sync 1 DAGs
[2026-01-22T04:16:38.184+0000] {logging_mixin.py:188} INFO - [2026-01-22T04:16:38.184+0000] {dag.py:3947} INFO - Setting next_dagrun for pipeline_one_off to None, run_after=None
[2026-01-22T04:16:38.293+0000] {processor.py:183} INFO - Processing /opt/airflow/dags/pipeline_one_off.py took 0.280 seconds
[2026-01-22T04:17:08.558+0000] {processor.py:161} INFO - Started process (PID=54379) to work on /opt/airflow/dags/pipeline_one_off.py
[2026-01-22T04:17:08.561+0000] {processor.py:830} INFO - Processing file /opt/airflow/dags/pipeline_one_off.py for tasks to queue
[2026-01-22T04:17:08.563+0000] {logging_mixin.py:188} INFO - [2026-01-22T04:17:08.562+0000] {dagbag.py:545} INFO - Filling up the DagBag from /opt/airflow/dags/pipeline_one_off.py
[2026-01-22T04:17:08.612+0000] {processor.py:840} INFO - DAG(s) 'pipeline_one_off' retrieved from /opt/airflow/dags/pipeline_one_off.py
[2026-01-22T04:17:08.689+0000] {logging_mixin.py:188} INFO - [2026-01-22T04:17:08.688+0000] {dag.py:3089} INFO - Sync 1 DAGs
[2026-01-22T04:17:08.713+0000] {logging_mixin.py:188} INFO - [2026-01-22T04:17:08.712+0000] {dag.py:3947} INFO - Setting next_dagrun for pipeline_one_off to None, run_after=None
[2026-01-22T04:17:08.748+0000] {processor.py:183} INFO - Processing /opt/airflow/dags/pipeline_one_off.py took 0.203 seconds
[2026-01-22T04:17:39.182+0000] {processor.py:161} INFO - Started process (PID=54389) to work on /opt/airflow/dags/pipeline_one_off.py
[2026-01-22T04:17:39.185+0000] {processor.py:830} INFO - Processing file /opt/airflow/dags/pipeline_one_off.py for tasks to queue
[2026-01-22T04:17:39.188+0000] {logging_mixin.py:188} INFO - [2026-01-22T04:17:39.187+0000] {dagbag.py:545} INFO - Filling up the DagBag from /opt/airflow/dags/pipeline_one_off.py
[2026-01-22T04:17:39.232+0000] {processor.py:840} INFO - DAG(s) 'pipeline_one_off' retrieved from /opt/airflow/dags/pipeline_one_off.py
[2026-01-22T04:17:39.308+0000] {logging_mixin.py:188} INFO - [2026-01-22T04:17:39.307+0000] {dag.py:3089} INFO - Sync 1 DAGs
[2026-01-22T04:17:39.331+0000] {logging_mixin.py:188} INFO - [2026-01-22T04:17:39.330+0000] {dag.py:3947} INFO - Setting next_dagrun for pipeline_one_off to None, run_after=None
[2026-01-22T04:17:39.438+0000] {processor.py:183} INFO - Processing /opt/airflow/dags/pipeline_one_off.py took 0.271 seconds
[2026-01-22T04:18:09.569+0000] {processor.py:161} INFO - Started process (PID=54399) to work on /opt/airflow/dags/pipeline_one_off.py
[2026-01-22T04:18:09.571+0000] {processor.py:830} INFO - Processing file /opt/airflow/dags/pipeline_one_off.py for tasks to queue
[2026-01-22T04:18:09.573+0000] {logging_mixin.py:188} INFO - [2026-01-22T04:18:09.573+0000] {dagbag.py:545} INFO - Filling up the DagBag from /opt/airflow/dags/pipeline_one_off.py
[2026-01-22T04:18:09.619+0000] {processor.py:840} INFO - DAG(s) 'pipeline_one_off' retrieved from /opt/airflow/dags/pipeline_one_off.py
[2026-01-22T04:18:09.698+0000] {logging_mixin.py:188} INFO - [2026-01-22T04:18:09.697+0000] {dag.py:3089} INFO - Sync 1 DAGs
[2026-01-22T04:18:09.727+0000] {logging_mixin.py:188} INFO - [2026-01-22T04:18:09.726+0000] {dag.py:3947} INFO - Setting next_dagrun for pipeline_one_off to None, run_after=None
[2026-01-22T04:18:09.834+0000] {processor.py:183} INFO - Processing /opt/airflow/dags/pipeline_one_off.py took 0.279 seconds
[2026-01-22T04:18:40.174+0000] {processor.py:161} INFO - Started process (PID=54409) to work on /opt/airflow/dags/pipeline_one_off.py
[2026-01-22T04:18:40.176+0000] {processor.py:830} INFO - Processing file /opt/airflow/dags/pipeline_one_off.py for tasks to queue
[2026-01-22T04:18:40.179+0000] {logging_mixin.py:188} INFO - [2026-01-22T04:18:40.178+0000] {dagbag.py:545} INFO - Filling up the DagBag from /opt/airflow/dags/pipeline_one_off.py
[2026-01-22T04:18:40.217+0000] {processor.py:840} INFO - DAG(s) 'pipeline_one_off' retrieved from /opt/airflow/dags/pipeline_one_off.py
[2026-01-22T04:18:40.346+0000] {logging_mixin.py:188} INFO - [2026-01-22T04:18:40.346+0000] {dag.py:3089} INFO - Sync 1 DAGs
[2026-01-22T04:18:40.369+0000] {logging_mixin.py:188} INFO - [2026-01-22T04:18:40.369+0000] {dag.py:3947} INFO - Setting next_dagrun for pipeline_one_off to None, run_after=None
[2026-01-22T04:18:40.403+0000] {processor.py:183} INFO - Processing /opt/airflow/dags/pipeline_one_off.py took 0.243 seconds
[2026-01-22T09:14:22.468+0000] {processor.py:161} INFO - Started process (PID=54419) to work on /opt/airflow/dags/pipeline_one_off.py
[2026-01-22T09:14:22.472+0000] {processor.py:830} INFO - Processing file /opt/airflow/dags/pipeline_one_off.py for tasks to queue
[2026-01-22T09:14:22.477+0000] {logging_mixin.py:188} INFO - [2026-01-22T09:14:22.476+0000] {dagbag.py:545} INFO - Filling up the DagBag from /opt/airflow/dags/pipeline_one_off.py
[2026-01-22T09:14:22.528+0000] {processor.py:840} INFO - DAG(s) 'pipeline_one_off' retrieved from /opt/airflow/dags/pipeline_one_off.py
[2026-01-22T09:14:22.594+0000] {logging_mixin.py:188} INFO - [2026-01-22T09:14:22.593+0000] {dag.py:3089} INFO - Sync 1 DAGs
[2026-01-22T09:14:22.618+0000] {logging_mixin.py:188} INFO - [2026-01-22T09:14:22.618+0000] {dag.py:3947} INFO - Setting next_dagrun for pipeline_one_off to None, run_after=None
[2026-01-22T09:14:22.656+0000] {processor.py:183} INFO - Processing /opt/airflow/dags/pipeline_one_off.py took 0.216 seconds
[2026-01-22T10:23:46.084+0000] {processor.py:161} INFO - Started process (PID=54433) to work on /opt/airflow/dags/pipeline_one_off.py
[2026-01-22T10:23:46.086+0000] {processor.py:830} INFO - Processing file /opt/airflow/dags/pipeline_one_off.py for tasks to queue
[2026-01-22T10:23:46.091+0000] {logging_mixin.py:188} INFO - [2026-01-22T10:23:46.089+0000] {dagbag.py:545} INFO - Filling up the DagBag from /opt/airflow/dags/pipeline_one_off.py
[2026-01-22T10:23:46.144+0000] {processor.py:840} INFO - DAG(s) 'pipeline_one_off' retrieved from /opt/airflow/dags/pipeline_one_off.py
[2026-01-22T10:23:46.652+0000] {logging_mixin.py:188} INFO - [2026-01-22T10:23:46.652+0000] {dag.py:3089} INFO - Sync 1 DAGs
[2026-01-22T10:23:46.683+0000] {logging_mixin.py:188} INFO - [2026-01-22T10:23:46.682+0000] {dag.py:3947} INFO - Setting next_dagrun for pipeline_one_off to None, run_after=None
[2026-01-22T10:23:46.754+0000] {processor.py:183} INFO - Processing /opt/airflow/dags/pipeline_one_off.py took 0.688 seconds
[2026-01-22T14:22:04.709+0000] {processor.py:161} INFO - Started process (PID=54454) to work on /opt/airflow/dags/pipeline_one_off.py
[2026-01-22T14:22:04.714+0000] {processor.py:830} INFO - Processing file /opt/airflow/dags/pipeline_one_off.py for tasks to queue
[2026-01-22T14:22:04.719+0000] {logging_mixin.py:188} INFO - [2026-01-22T14:22:04.718+0000] {dagbag.py:545} INFO - Filling up the DagBag from /opt/airflow/dags/pipeline_one_off.py
[2026-01-22T14:22:04.894+0000] {processor.py:840} INFO - DAG(s) 'pipeline_one_off' retrieved from /opt/airflow/dags/pipeline_one_off.py
[2026-01-22T14:22:05.003+0000] {logging_mixin.py:188} INFO - [2026-01-22T14:22:05.003+0000] {dag.py:3089} INFO - Sync 1 DAGs
[2026-01-22T14:22:05.047+0000] {logging_mixin.py:188} INFO - [2026-01-22T14:22:05.046+0000] {dag.py:3947} INFO - Setting next_dagrun for pipeline_one_off to None, run_after=None
[2026-01-22T14:22:05.119+0000] {processor.py:183} INFO - Processing /opt/airflow/dags/pipeline_one_off.py took 0.436 seconds
[2026-01-22T14:34:24.496+0000] {processor.py:161} INFO - Started process (PID=54474) to work on /opt/airflow/dags/pipeline_one_off.py
[2026-01-22T14:34:24.500+0000] {processor.py:830} INFO - Processing file /opt/airflow/dags/pipeline_one_off.py for tasks to queue
[2026-01-22T14:34:24.502+0000] {logging_mixin.py:188} INFO - [2026-01-22T14:34:24.501+0000] {dagbag.py:545} INFO - Filling up the DagBag from /opt/airflow/dags/pipeline_one_off.py
[2026-01-22T14:34:24.561+0000] {processor.py:840} INFO - DAG(s) 'pipeline_one_off' retrieved from /opt/airflow/dags/pipeline_one_off.py
[2026-01-22T14:34:24.656+0000] {logging_mixin.py:188} INFO - [2026-01-22T14:34:24.653+0000] {dag.py:3089} INFO - Sync 1 DAGs
[2026-01-22T14:34:24.685+0000] {logging_mixin.py:188} INFO - [2026-01-22T14:34:24.684+0000] {dag.py:3947} INFO - Setting next_dagrun for pipeline_one_off to None, run_after=None
[2026-01-22T14:34:24.748+0000] {processor.py:183} INFO - Processing /opt/airflow/dags/pipeline_one_off.py took 0.266 seconds
[2026-01-22T14:34:55.035+0000] {processor.py:161} INFO - Started process (PID=54492) to work on /opt/airflow/dags/pipeline_one_off.py
[2026-01-22T14:34:55.036+0000] {processor.py:830} INFO - Processing file /opt/airflow/dags/pipeline_one_off.py for tasks to queue
[2026-01-22T14:34:55.037+0000] {logging_mixin.py:188} INFO - [2026-01-22T14:34:55.036+0000] {dagbag.py:545} INFO - Filling up the DagBag from /opt/airflow/dags/pipeline_one_off.py
[2026-01-22T14:34:55.060+0000] {processor.py:840} INFO - DAG(s) 'pipeline_one_off' retrieved from /opt/airflow/dags/pipeline_one_off.py
[2026-01-22T14:34:55.092+0000] {logging_mixin.py:188} INFO - [2026-01-22T14:34:55.091+0000] {dag.py:3089} INFO - Sync 1 DAGs
[2026-01-22T14:34:55.103+0000] {logging_mixin.py:188} INFO - [2026-01-22T14:34:55.103+0000] {dag.py:3947} INFO - Setting next_dagrun for pipeline_one_off to None, run_after=None
[2026-01-22T14:34:55.123+0000] {processor.py:183} INFO - Processing /opt/airflow/dags/pipeline_one_off.py took 0.094 seconds
[2026-01-22T14:35:25.391+0000] {processor.py:161} INFO - Started process (PID=54502) to work on /opt/airflow/dags/pipeline_one_off.py
[2026-01-22T14:35:25.393+0000] {processor.py:830} INFO - Processing file /opt/airflow/dags/pipeline_one_off.py for tasks to queue
[2026-01-22T14:35:25.393+0000] {logging_mixin.py:188} INFO - [2026-01-22T14:35:25.393+0000] {dagbag.py:545} INFO - Filling up the DagBag from /opt/airflow/dags/pipeline_one_off.py
[2026-01-22T14:35:25.419+0000] {processor.py:840} INFO - DAG(s) 'pipeline_one_off' retrieved from /opt/airflow/dags/pipeline_one_off.py
[2026-01-22T14:35:25.456+0000] {logging_mixin.py:188} INFO - [2026-01-22T14:35:25.455+0000] {dag.py:3089} INFO - Sync 1 DAGs
[2026-01-22T14:35:25.471+0000] {logging_mixin.py:188} INFO - [2026-01-22T14:35:25.471+0000] {dag.py:3947} INFO - Setting next_dagrun for pipeline_one_off to None, run_after=None
[2026-01-22T14:35:25.493+0000] {processor.py:183} INFO - Processing /opt/airflow/dags/pipeline_one_off.py took 0.109 seconds
[2026-01-22T14:35:56.081+0000] {processor.py:161} INFO - Started process (PID=54512) to work on /opt/airflow/dags/pipeline_one_off.py
[2026-01-22T14:35:56.082+0000] {processor.py:830} INFO - Processing file /opt/airflow/dags/pipeline_one_off.py for tasks to queue
[2026-01-22T14:35:56.084+0000] {logging_mixin.py:188} INFO - [2026-01-22T14:35:56.083+0000] {dagbag.py:545} INFO - Filling up the DagBag from /opt/airflow/dags/pipeline_one_off.py
[2026-01-22T14:35:56.126+0000] {processor.py:840} INFO - DAG(s) 'pipeline_one_off' retrieved from /opt/airflow/dags/pipeline_one_off.py
[2026-01-22T14:35:56.167+0000] {logging_mixin.py:188} INFO - [2026-01-22T14:35:56.167+0000] {dag.py:3089} INFO - Sync 1 DAGs
[2026-01-22T14:35:56.181+0000] {logging_mixin.py:188} INFO - [2026-01-22T14:35:56.181+0000] {dag.py:3947} INFO - Setting next_dagrun for pipeline_one_off to None, run_after=None
[2026-01-22T14:35:56.207+0000] {processor.py:183} INFO - Processing /opt/airflow/dags/pipeline_one_off.py took 0.134 seconds
[2026-01-22T14:36:26.489+0000] {processor.py:161} INFO - Started process (PID=54522) to work on /opt/airflow/dags/pipeline_one_off.py
[2026-01-22T14:36:26.491+0000] {processor.py:830} INFO - Processing file /opt/airflow/dags/pipeline_one_off.py for tasks to queue
[2026-01-22T14:36:26.492+0000] {logging_mixin.py:188} INFO - [2026-01-22T14:36:26.491+0000] {dagbag.py:545} INFO - Filling up the DagBag from /opt/airflow/dags/pipeline_one_off.py
[2026-01-22T14:36:26.516+0000] {processor.py:840} INFO - DAG(s) 'pipeline_one_off' retrieved from /opt/airflow/dags/pipeline_one_off.py
[2026-01-22T14:36:26.555+0000] {logging_mixin.py:188} INFO - [2026-01-22T14:36:26.554+0000] {dag.py:3089} INFO - Sync 1 DAGs
[2026-01-22T14:36:26.568+0000] {logging_mixin.py:188} INFO - [2026-01-22T14:36:26.568+0000] {dag.py:3947} INFO - Setting next_dagrun for pipeline_one_off to None, run_after=None
[2026-01-22T14:36:26.588+0000] {processor.py:183} INFO - Processing /opt/airflow/dags/pipeline_one_off.py took 0.110 seconds
[2026-01-22T14:36:56.839+0000] {processor.py:161} INFO - Started process (PID=54532) to work on /opt/airflow/dags/pipeline_one_off.py
[2026-01-22T14:36:56.840+0000] {processor.py:830} INFO - Processing file /opt/airflow/dags/pipeline_one_off.py for tasks to queue
[2026-01-22T14:36:56.841+0000] {logging_mixin.py:188} INFO - [2026-01-22T14:36:56.841+0000] {dagbag.py:545} INFO - Filling up the DagBag from /opt/airflow/dags/pipeline_one_off.py
[2026-01-22T14:36:56.865+0000] {processor.py:840} INFO - DAG(s) 'pipeline_one_off' retrieved from /opt/airflow/dags/pipeline_one_off.py
[2026-01-22T14:36:56.904+0000] {logging_mixin.py:188} INFO - [2026-01-22T14:36:56.904+0000] {dag.py:3089} INFO - Sync 1 DAGs
[2026-01-22T14:36:56.918+0000] {logging_mixin.py:188} INFO - [2026-01-22T14:36:56.917+0000] {dag.py:3947} INFO - Setting next_dagrun for pipeline_one_off to None, run_after=None
[2026-01-22T14:36:56.936+0000] {processor.py:183} INFO - Processing /opt/airflow/dags/pipeline_one_off.py took 0.103 seconds
[2026-01-22T14:37:27.199+0000] {processor.py:161} INFO - Started process (PID=54542) to work on /opt/airflow/dags/pipeline_one_off.py
[2026-01-22T14:37:27.200+0000] {processor.py:830} INFO - Processing file /opt/airflow/dags/pipeline_one_off.py for tasks to queue
[2026-01-22T14:37:27.202+0000] {logging_mixin.py:188} INFO - [2026-01-22T14:37:27.201+0000] {dagbag.py:545} INFO - Filling up the DagBag from /opt/airflow/dags/pipeline_one_off.py
[2026-01-22T14:37:27.228+0000] {processor.py:840} INFO - DAG(s) 'pipeline_one_off' retrieved from /opt/airflow/dags/pipeline_one_off.py
[2026-01-22T14:37:27.263+0000] {logging_mixin.py:188} INFO - [2026-01-22T14:37:27.263+0000] {dag.py:3089} INFO - Sync 1 DAGs
[2026-01-22T14:37:27.275+0000] {logging_mixin.py:188} INFO - [2026-01-22T14:37:27.275+0000] {dag.py:3947} INFO - Setting next_dagrun for pipeline_one_off to None, run_after=None
[2026-01-22T14:37:27.295+0000] {processor.py:183} INFO - Processing /opt/airflow/dags/pipeline_one_off.py took 0.103 seconds
[2026-01-22T14:37:57.561+0000] {processor.py:161} INFO - Started process (PID=54552) to work on /opt/airflow/dags/pipeline_one_off.py
[2026-01-22T14:37:57.562+0000] {processor.py:830} INFO - Processing file /opt/airflow/dags/pipeline_one_off.py for tasks to queue
[2026-01-22T14:37:57.563+0000] {logging_mixin.py:188} INFO - [2026-01-22T14:37:57.563+0000] {dagbag.py:545} INFO - Filling up the DagBag from /opt/airflow/dags/pipeline_one_off.py
[2026-01-22T14:37:57.591+0000] {processor.py:840} INFO - DAG(s) 'pipeline_one_off' retrieved from /opt/airflow/dags/pipeline_one_off.py
[2026-01-22T14:37:57.627+0000] {logging_mixin.py:188} INFO - [2026-01-22T14:37:57.626+0000] {dag.py:3089} INFO - Sync 1 DAGs
[2026-01-22T14:37:57.640+0000] {logging_mixin.py:188} INFO - [2026-01-22T14:37:57.640+0000] {dag.py:3947} INFO - Setting next_dagrun for pipeline_one_off to None, run_after=None
[2026-01-22T14:37:57.661+0000] {processor.py:183} INFO - Processing /opt/airflow/dags/pipeline_one_off.py took 0.107 seconds
[2026-01-22T14:38:27.943+0000] {processor.py:161} INFO - Started process (PID=54562) to work on /opt/airflow/dags/pipeline_one_off.py
[2026-01-22T14:38:27.944+0000] {processor.py:830} INFO - Processing file /opt/airflow/dags/pipeline_one_off.py for tasks to queue
[2026-01-22T14:38:27.945+0000] {logging_mixin.py:188} INFO - [2026-01-22T14:38:27.944+0000] {dagbag.py:545} INFO - Filling up the DagBag from /opt/airflow/dags/pipeline_one_off.py
[2026-01-22T14:38:27.971+0000] {processor.py:840} INFO - DAG(s) 'pipeline_one_off' retrieved from /opt/airflow/dags/pipeline_one_off.py
[2026-01-22T14:38:28.008+0000] {logging_mixin.py:188} INFO - [2026-01-22T14:38:28.007+0000] {dag.py:3089} INFO - Sync 1 DAGs
[2026-01-22T14:38:28.021+0000] {logging_mixin.py:188} INFO - [2026-01-22T14:38:28.020+0000] {dag.py:3947} INFO - Setting next_dagrun for pipeline_one_off to None, run_after=None
[2026-01-22T14:38:28.043+0000] {processor.py:183} INFO - Processing /opt/airflow/dags/pipeline_one_off.py took 0.107 seconds
[2026-01-22T14:38:58.317+0000] {processor.py:161} INFO - Started process (PID=54572) to work on /opt/airflow/dags/pipeline_one_off.py
[2026-01-22T14:38:58.318+0000] {processor.py:830} INFO - Processing file /opt/airflow/dags/pipeline_one_off.py for tasks to queue
[2026-01-22T14:38:58.319+0000] {logging_mixin.py:188} INFO - [2026-01-22T14:38:58.319+0000] {dagbag.py:545} INFO - Filling up the DagBag from /opt/airflow/dags/pipeline_one_off.py
[2026-01-22T14:38:58.346+0000] {processor.py:840} INFO - DAG(s) 'pipeline_one_off' retrieved from /opt/airflow/dags/pipeline_one_off.py
[2026-01-22T14:38:58.380+0000] {logging_mixin.py:188} INFO - [2026-01-22T14:38:58.380+0000] {dag.py:3089} INFO - Sync 1 DAGs
[2026-01-22T14:38:58.393+0000] {logging_mixin.py:188} INFO - [2026-01-22T14:38:58.392+0000] {dag.py:3947} INFO - Setting next_dagrun for pipeline_one_off to None, run_after=None
[2026-01-22T14:38:58.412+0000] {processor.py:183} INFO - Processing /opt/airflow/dags/pipeline_one_off.py took 0.101 seconds
[2026-01-22T14:39:28.758+0000] {processor.py:161} INFO - Started process (PID=54582) to work on /opt/airflow/dags/pipeline_one_off.py
[2026-01-22T14:39:28.760+0000] {processor.py:830} INFO - Processing file /opt/airflow/dags/pipeline_one_off.py for tasks to queue
[2026-01-22T14:39:28.761+0000] {logging_mixin.py:188} INFO - [2026-01-22T14:39:28.761+0000] {dagbag.py:545} INFO - Filling up the DagBag from /opt/airflow/dags/pipeline_one_off.py
[2026-01-22T14:39:28.788+0000] {processor.py:840} INFO - DAG(s) 'pipeline_one_off' retrieved from /opt/airflow/dags/pipeline_one_off.py
[2026-01-22T14:39:28.829+0000] {logging_mixin.py:188} INFO - [2026-01-22T14:39:28.829+0000] {dag.py:3089} INFO - Sync 1 DAGs
[2026-01-22T14:39:28.844+0000] {logging_mixin.py:188} INFO - [2026-01-22T14:39:28.843+0000] {dag.py:3947} INFO - Setting next_dagrun for pipeline_one_off to None, run_after=None
[2026-01-22T14:39:28.867+0000] {processor.py:183} INFO - Processing /opt/airflow/dags/pipeline_one_off.py took 0.117 seconds
[2026-01-22T16:42:17.900+0000] {processor.py:161} INFO - Started process (PID=54598) to work on /opt/airflow/dags/pipeline_one_off.py
[2026-01-22T16:42:17.904+0000] {processor.py:830} INFO - Processing file /opt/airflow/dags/pipeline_one_off.py for tasks to queue
[2026-01-22T16:42:17.908+0000] {logging_mixin.py:188} INFO - [2026-01-22T16:42:17.907+0000] {dagbag.py:545} INFO - Filling up the DagBag from /opt/airflow/dags/pipeline_one_off.py
[2026-01-22T16:42:18.052+0000] {processor.py:840} INFO - DAG(s) 'pipeline_one_off' retrieved from /opt/airflow/dags/pipeline_one_off.py
[2026-01-22T16:42:18.325+0000] {logging_mixin.py:188} INFO - [2026-01-22T16:42:18.324+0000] {dag.py:3089} INFO - Sync 1 DAGs
[2026-01-22T16:42:18.432+0000] {logging_mixin.py:188} INFO - [2026-01-22T16:42:18.431+0000] {dag.py:3947} INFO - Setting next_dagrun for pipeline_one_off to None, run_after=None
[2026-01-22T16:42:18.579+0000] {processor.py:183} INFO - Processing /opt/airflow/dags/pipeline_one_off.py took 0.768 seconds
[2026-01-22T16:49:28.617+0000] {processor.py:161} INFO - Started process (PID=54622) to work on /opt/airflow/dags/pipeline_one_off.py
[2026-01-22T16:49:28.627+0000] {processor.py:830} INFO - Processing file /opt/airflow/dags/pipeline_one_off.py for tasks to queue
[2026-01-22T16:49:28.633+0000] {logging_mixin.py:188} INFO - [2026-01-22T16:49:28.630+0000] {dagbag.py:545} INFO - Filling up the DagBag from /opt/airflow/dags/pipeline_one_off.py
[2026-01-22T16:49:28.683+0000] {processor.py:840} INFO - DAG(s) 'pipeline_one_off' retrieved from /opt/airflow/dags/pipeline_one_off.py
[2026-01-22T16:49:28.744+0000] {logging_mixin.py:188} INFO - [2026-01-22T16:49:28.743+0000] {dag.py:3089} INFO - Sync 1 DAGs
[2026-01-22T16:49:28.764+0000] {logging_mixin.py:188} INFO - [2026-01-22T16:49:28.763+0000] {dag.py:3947} INFO - Setting next_dagrun for pipeline_one_off to None, run_after=None
[2026-01-22T16:49:28.805+0000] {processor.py:183} INFO - Processing /opt/airflow/dags/pipeline_one_off.py took 0.246 seconds
[2026-01-22T17:08:49.455+0000] {processor.py:161} INFO - Started process (PID=54633) to work on /opt/airflow/dags/pipeline_one_off.py
[2026-01-22T17:08:49.459+0000] {processor.py:830} INFO - Processing file /opt/airflow/dags/pipeline_one_off.py for tasks to queue
[2026-01-22T17:08:49.462+0000] {logging_mixin.py:188} INFO - [2026-01-22T17:08:49.462+0000] {dagbag.py:545} INFO - Filling up the DagBag from /opt/airflow/dags/pipeline_one_off.py
[2026-01-22T17:08:49.522+0000] {processor.py:840} INFO - DAG(s) 'pipeline_one_off' retrieved from /opt/airflow/dags/pipeline_one_off.py
[2026-01-22T17:08:49.666+0000] {logging_mixin.py:188} INFO - [2026-01-22T17:08:49.665+0000] {dag.py:3089} INFO - Sync 1 DAGs
[2026-01-22T17:08:49.748+0000] {logging_mixin.py:188} INFO - [2026-01-22T17:08:49.746+0000] {dag.py:3947} INFO - Setting next_dagrun for pipeline_one_off to None, run_after=None
[2026-01-22T17:08:49.868+0000] {processor.py:183} INFO - Processing /opt/airflow/dags/pipeline_one_off.py took 0.430 seconds
[2026-01-22T17:09:20.491+0000] {processor.py:161} INFO - Started process (PID=54655) to work on /opt/airflow/dags/pipeline_one_off.py
[2026-01-22T17:09:20.493+0000] {processor.py:830} INFO - Processing file /opt/airflow/dags/pipeline_one_off.py for tasks to queue
[2026-01-22T17:09:20.494+0000] {logging_mixin.py:188} INFO - [2026-01-22T17:09:20.494+0000] {dagbag.py:545} INFO - Filling up the DagBag from /opt/airflow/dags/pipeline_one_off.py
[2026-01-22T17:09:20.519+0000] {processor.py:840} INFO - DAG(s) 'pipeline_one_off' retrieved from /opt/airflow/dags/pipeline_one_off.py
[2026-01-22T17:09:20.553+0000] {logging_mixin.py:188} INFO - [2026-01-22T17:09:20.553+0000] {dag.py:3089} INFO - Sync 1 DAGs
[2026-01-22T17:09:20.564+0000] {logging_mixin.py:188} INFO - [2026-01-22T17:09:20.563+0000] {dag.py:3947} INFO - Setting next_dagrun for pipeline_one_off to None, run_after=None
[2026-01-22T17:09:20.584+0000] {processor.py:183} INFO - Processing /opt/airflow/dags/pipeline_one_off.py took 0.100 seconds
[2026-01-22T17:09:50.873+0000] {processor.py:161} INFO - Started process (PID=54665) to work on /opt/airflow/dags/pipeline_one_off.py
[2026-01-22T17:09:50.874+0000] {processor.py:830} INFO - Processing file /opt/airflow/dags/pipeline_one_off.py for tasks to queue
[2026-01-22T17:09:50.876+0000] {logging_mixin.py:188} INFO - [2026-01-22T17:09:50.875+0000] {dagbag.py:545} INFO - Filling up the DagBag from /opt/airflow/dags/pipeline_one_off.py
[2026-01-22T17:09:50.898+0000] {processor.py:840} INFO - DAG(s) 'pipeline_one_off' retrieved from /opt/airflow/dags/pipeline_one_off.py
[2026-01-22T17:09:50.940+0000] {logging_mixin.py:188} INFO - [2026-01-22T17:09:50.940+0000] {dag.py:3089} INFO - Sync 1 DAGs
[2026-01-22T17:09:50.956+0000] {logging_mixin.py:188} INFO - [2026-01-22T17:09:50.956+0000] {dag.py:3947} INFO - Setting next_dagrun for pipeline_one_off to None, run_after=None
[2026-01-22T17:09:50.979+0000] {processor.py:183} INFO - Processing /opt/airflow/dags/pipeline_one_off.py took 0.114 seconds
[2026-01-22T17:10:21.265+0000] {processor.py:161} INFO - Started process (PID=54675) to work on /opt/airflow/dags/pipeline_one_off.py
[2026-01-22T17:10:21.266+0000] {processor.py:830} INFO - Processing file /opt/airflow/dags/pipeline_one_off.py for tasks to queue
[2026-01-22T17:10:21.267+0000] {logging_mixin.py:188} INFO - [2026-01-22T17:10:21.267+0000] {dagbag.py:545} INFO - Filling up the DagBag from /opt/airflow/dags/pipeline_one_off.py
[2026-01-22T17:10:21.292+0000] {processor.py:840} INFO - DAG(s) 'pipeline_one_off' retrieved from /opt/airflow/dags/pipeline_one_off.py
[2026-01-22T17:10:21.332+0000] {logging_mixin.py:188} INFO - [2026-01-22T17:10:21.332+0000] {dag.py:3089} INFO - Sync 1 DAGs
[2026-01-22T17:10:21.348+0000] {logging_mixin.py:188} INFO - [2026-01-22T17:10:21.347+0000] {dag.py:3947} INFO - Setting next_dagrun for pipeline_one_off to None, run_after=None
[2026-01-22T17:10:21.370+0000] {processor.py:183} INFO - Processing /opt/airflow/dags/pipeline_one_off.py took 0.112 seconds
[2026-01-22T17:10:51.660+0000] {processor.py:161} INFO - Started process (PID=54685) to work on /opt/airflow/dags/pipeline_one_off.py
[2026-01-22T17:10:51.662+0000] {processor.py:830} INFO - Processing file /opt/airflow/dags/pipeline_one_off.py for tasks to queue
[2026-01-22T17:10:51.663+0000] {logging_mixin.py:188} INFO - [2026-01-22T17:10:51.662+0000] {dagbag.py:545} INFO - Filling up the DagBag from /opt/airflow/dags/pipeline_one_off.py
[2026-01-22T17:10:51.688+0000] {processor.py:840} INFO - DAG(s) 'pipeline_one_off' retrieved from /opt/airflow/dags/pipeline_one_off.py
[2026-01-22T17:10:51.730+0000] {logging_mixin.py:188} INFO - [2026-01-22T17:10:51.730+0000] {dag.py:3089} INFO - Sync 1 DAGs
[2026-01-22T17:10:51.744+0000] {logging_mixin.py:188} INFO - [2026-01-22T17:10:51.744+0000] {dag.py:3947} INFO - Setting next_dagrun for pipeline_one_off to None, run_after=None
[2026-01-22T17:10:51.767+0000] {processor.py:183} INFO - Processing /opt/airflow/dags/pipeline_one_off.py took 0.113 seconds
[2026-01-22T17:11:22.061+0000] {processor.py:161} INFO - Started process (PID=54695) to work on /opt/airflow/dags/pipeline_one_off.py
[2026-01-22T17:11:22.062+0000] {processor.py:830} INFO - Processing file /opt/airflow/dags/pipeline_one_off.py for tasks to queue
[2026-01-22T17:11:22.064+0000] {logging_mixin.py:188} INFO - [2026-01-22T17:11:22.063+0000] {dagbag.py:545} INFO - Filling up the DagBag from /opt/airflow/dags/pipeline_one_off.py
[2026-01-22T17:11:22.094+0000] {processor.py:840} INFO - DAG(s) 'pipeline_one_off' retrieved from /opt/airflow/dags/pipeline_one_off.py
[2026-01-22T17:11:22.142+0000] {logging_mixin.py:188} INFO - [2026-01-22T17:11:22.141+0000] {dag.py:3089} INFO - Sync 1 DAGs
[2026-01-22T17:11:22.159+0000] {logging_mixin.py:188} INFO - [2026-01-22T17:11:22.159+0000] {dag.py:3947} INFO - Setting next_dagrun for pipeline_one_off to None, run_after=None
[2026-01-22T17:11:22.187+0000] {processor.py:183} INFO - Processing /opt/airflow/dags/pipeline_one_off.py took 0.136 seconds
[2026-01-22T17:11:52.493+0000] {processor.py:161} INFO - Started process (PID=54705) to work on /opt/airflow/dags/pipeline_one_off.py
[2026-01-22T17:11:52.494+0000] {processor.py:830} INFO - Processing file /opt/airflow/dags/pipeline_one_off.py for tasks to queue
[2026-01-22T17:11:52.496+0000] {logging_mixin.py:188} INFO - [2026-01-22T17:11:52.495+0000] {dagbag.py:545} INFO - Filling up the DagBag from /opt/airflow/dags/pipeline_one_off.py
[2026-01-22T17:11:52.523+0000] {processor.py:840} INFO - DAG(s) 'pipeline_one_off' retrieved from /opt/airflow/dags/pipeline_one_off.py
[2026-01-22T17:11:52.567+0000] {logging_mixin.py:188} INFO - [2026-01-22T17:11:52.567+0000] {dag.py:3089} INFO - Sync 1 DAGs
[2026-01-22T17:11:52.583+0000] {logging_mixin.py:188} INFO - [2026-01-22T17:11:52.583+0000] {dag.py:3947} INFO - Setting next_dagrun for pipeline_one_off to None, run_after=None
[2026-01-22T17:11:52.606+0000] {processor.py:183} INFO - Processing /opt/airflow/dags/pipeline_one_off.py took 0.122 seconds
[2026-01-22T17:12:22.886+0000] {processor.py:161} INFO - Started process (PID=54715) to work on /opt/airflow/dags/pipeline_one_off.py
[2026-01-22T17:12:22.888+0000] {processor.py:830} INFO - Processing file /opt/airflow/dags/pipeline_one_off.py for tasks to queue
[2026-01-22T17:12:22.891+0000] {logging_mixin.py:188} INFO - [2026-01-22T17:12:22.890+0000] {dagbag.py:545} INFO - Filling up the DagBag from /opt/airflow/dags/pipeline_one_off.py
[2026-01-22T17:12:22.933+0000] {processor.py:840} INFO - DAG(s) 'pipeline_one_off' retrieved from /opt/airflow/dags/pipeline_one_off.py
[2026-01-22T17:12:22.977+0000] {logging_mixin.py:188} INFO - [2026-01-22T17:12:22.976+0000] {dag.py:3089} INFO - Sync 1 DAGs
[2026-01-22T17:12:22.992+0000] {logging_mixin.py:188} INFO - [2026-01-22T17:12:22.991+0000] {dag.py:3947} INFO - Setting next_dagrun for pipeline_one_off to None, run_after=None
[2026-01-22T17:12:23.016+0000] {processor.py:183} INFO - Processing /opt/airflow/dags/pipeline_one_off.py took 0.138 seconds
[2026-01-22T17:12:53.292+0000] {processor.py:161} INFO - Started process (PID=54725) to work on /opt/airflow/dags/pipeline_one_off.py
[2026-01-22T17:12:53.293+0000] {processor.py:830} INFO - Processing file /opt/airflow/dags/pipeline_one_off.py for tasks to queue
[2026-01-22T17:12:53.294+0000] {logging_mixin.py:188} INFO - [2026-01-22T17:12:53.294+0000] {dagbag.py:545} INFO - Filling up the DagBag from /opt/airflow/dags/pipeline_one_off.py
[2026-01-22T17:12:53.320+0000] {processor.py:840} INFO - DAG(s) 'pipeline_one_off' retrieved from /opt/airflow/dags/pipeline_one_off.py
[2026-01-22T17:12:53.365+0000] {logging_mixin.py:188} INFO - [2026-01-22T17:12:53.364+0000] {dag.py:3089} INFO - Sync 1 DAGs
[2026-01-22T17:12:53.381+0000] {logging_mixin.py:188} INFO - [2026-01-22T17:12:53.380+0000] {dag.py:3947} INFO - Setting next_dagrun for pipeline_one_off to None, run_after=None
[2026-01-22T17:12:53.402+0000] {processor.py:183} INFO - Processing /opt/airflow/dags/pipeline_one_off.py took 0.117 seconds
[2026-01-22T17:13:23.672+0000] {processor.py:161} INFO - Started process (PID=54735) to work on /opt/airflow/dags/pipeline_one_off.py
[2026-01-22T17:13:23.673+0000] {processor.py:830} INFO - Processing file /opt/airflow/dags/pipeline_one_off.py for tasks to queue
[2026-01-22T17:13:23.675+0000] {logging_mixin.py:188} INFO - [2026-01-22T17:13:23.674+0000] {dagbag.py:545} INFO - Filling up the DagBag from /opt/airflow/dags/pipeline_one_off.py
[2026-01-22T17:13:23.700+0000] {processor.py:840} INFO - DAG(s) 'pipeline_one_off' retrieved from /opt/airflow/dags/pipeline_one_off.py
[2026-01-22T17:13:23.742+0000] {logging_mixin.py:188} INFO - [2026-01-22T17:13:23.741+0000] {dag.py:3089} INFO - Sync 1 DAGs
[2026-01-22T17:13:23.757+0000] {logging_mixin.py:188} INFO - [2026-01-22T17:13:23.757+0000] {dag.py:3947} INFO - Setting next_dagrun for pipeline_one_off to None, run_after=None
[2026-01-22T17:13:23.781+0000] {processor.py:183} INFO - Processing /opt/airflow/dags/pipeline_one_off.py took 0.116 seconds
[2026-01-22T17:13:54.093+0000] {processor.py:161} INFO - Started process (PID=54745) to work on /opt/airflow/dags/pipeline_one_off.py
[2026-01-22T17:13:54.094+0000] {processor.py:830} INFO - Processing file /opt/airflow/dags/pipeline_one_off.py for tasks to queue
[2026-01-22T17:13:54.095+0000] {logging_mixin.py:188} INFO - [2026-01-22T17:13:54.094+0000] {dagbag.py:545} INFO - Filling up the DagBag from /opt/airflow/dags/pipeline_one_off.py
[2026-01-22T17:13:54.119+0000] {processor.py:840} INFO - DAG(s) 'pipeline_one_off' retrieved from /opt/airflow/dags/pipeline_one_off.py
[2026-01-22T17:13:54.155+0000] {logging_mixin.py:188} INFO - [2026-01-22T17:13:54.154+0000] {dag.py:3089} INFO - Sync 1 DAGs
[2026-01-22T17:13:54.168+0000] {logging_mixin.py:188} INFO - [2026-01-22T17:13:54.168+0000] {dag.py:3947} INFO - Setting next_dagrun for pipeline_one_off to None, run_after=None
[2026-01-22T17:13:54.187+0000] {processor.py:183} INFO - Processing /opt/airflow/dags/pipeline_one_off.py took 0.100 seconds
[2026-01-22T17:14:24.449+0000] {processor.py:161} INFO - Started process (PID=54755) to work on /opt/airflow/dags/pipeline_one_off.py
[2026-01-22T17:14:24.450+0000] {processor.py:830} INFO - Processing file /opt/airflow/dags/pipeline_one_off.py for tasks to queue
[2026-01-22T17:14:24.451+0000] {logging_mixin.py:188} INFO - [2026-01-22T17:14:24.451+0000] {dagbag.py:545} INFO - Filling up the DagBag from /opt/airflow/dags/pipeline_one_off.py
[2026-01-22T17:14:24.477+0000] {processor.py:840} INFO - DAG(s) 'pipeline_one_off' retrieved from /opt/airflow/dags/pipeline_one_off.py
[2026-01-22T17:14:24.515+0000] {logging_mixin.py:188} INFO - [2026-01-22T17:14:24.514+0000] {dag.py:3089} INFO - Sync 1 DAGs
[2026-01-22T17:14:24.528+0000] {logging_mixin.py:188} INFO - [2026-01-22T17:14:24.528+0000] {dag.py:3947} INFO - Setting next_dagrun for pipeline_one_off to None, run_after=None
[2026-01-22T17:14:24.553+0000] {processor.py:183} INFO - Processing /opt/airflow/dags/pipeline_one_off.py took 0.111 seconds
[2026-01-22T17:14:54.823+0000] {processor.py:161} INFO - Started process (PID=54765) to work on /opt/airflow/dags/pipeline_one_off.py
[2026-01-22T17:14:54.825+0000] {processor.py:830} INFO - Processing file /opt/airflow/dags/pipeline_one_off.py for tasks to queue
[2026-01-22T17:14:54.826+0000] {logging_mixin.py:188} INFO - [2026-01-22T17:14:54.825+0000] {dagbag.py:545} INFO - Filling up the DagBag from /opt/airflow/dags/pipeline_one_off.py
[2026-01-22T17:14:54.853+0000] {processor.py:840} INFO - DAG(s) 'pipeline_one_off' retrieved from /opt/airflow/dags/pipeline_one_off.py
[2026-01-22T17:14:54.896+0000] {logging_mixin.py:188} INFO - [2026-01-22T17:14:54.896+0000] {dag.py:3089} INFO - Sync 1 DAGs
[2026-01-22T17:14:54.910+0000] {logging_mixin.py:188} INFO - [2026-01-22T17:14:54.910+0000] {dag.py:3947} INFO - Setting next_dagrun for pipeline_one_off to None, run_after=None
[2026-01-22T17:14:54.934+0000] {processor.py:183} INFO - Processing /opt/airflow/dags/pipeline_one_off.py took 0.118 seconds
[2026-01-22T17:15:25.184+0000] {processor.py:161} INFO - Started process (PID=54775) to work on /opt/airflow/dags/pipeline_one_off.py
[2026-01-22T17:15:25.186+0000] {processor.py:830} INFO - Processing file /opt/airflow/dags/pipeline_one_off.py for tasks to queue
[2026-01-22T17:15:25.187+0000] {logging_mixin.py:188} INFO - [2026-01-22T17:15:25.186+0000] {dagbag.py:545} INFO - Filling up the DagBag from /opt/airflow/dags/pipeline_one_off.py
[2026-01-22T17:15:25.211+0000] {processor.py:840} INFO - DAG(s) 'pipeline_one_off' retrieved from /opt/airflow/dags/pipeline_one_off.py
[2026-01-22T17:15:25.248+0000] {logging_mixin.py:188} INFO - [2026-01-22T17:15:25.248+0000] {dag.py:3089} INFO - Sync 1 DAGs
[2026-01-22T17:15:25.263+0000] {logging_mixin.py:188} INFO - [2026-01-22T17:15:25.262+0000] {dag.py:3947} INFO - Setting next_dagrun for pipeline_one_off to None, run_after=None
[2026-01-22T17:15:25.286+0000] {processor.py:183} INFO - Processing /opt/airflow/dags/pipeline_one_off.py took 0.108 seconds
[2026-01-22T17:15:55.552+0000] {processor.py:161} INFO - Started process (PID=54785) to work on /opt/airflow/dags/pipeline_one_off.py
[2026-01-22T17:15:55.553+0000] {processor.py:830} INFO - Processing file /opt/airflow/dags/pipeline_one_off.py for tasks to queue
[2026-01-22T17:15:55.554+0000] {logging_mixin.py:188} INFO - [2026-01-22T17:15:55.554+0000] {dagbag.py:545} INFO - Filling up the DagBag from /opt/airflow/dags/pipeline_one_off.py
[2026-01-22T17:15:55.579+0000] {processor.py:840} INFO - DAG(s) 'pipeline_one_off' retrieved from /opt/airflow/dags/pipeline_one_off.py
[2026-01-22T17:15:55.617+0000] {logging_mixin.py:188} INFO - [2026-01-22T17:15:55.617+0000] {dag.py:3089} INFO - Sync 1 DAGs
[2026-01-22T17:15:55.632+0000] {logging_mixin.py:188} INFO - [2026-01-22T17:15:55.632+0000] {dag.py:3947} INFO - Setting next_dagrun for pipeline_one_off to None, run_after=None
[2026-01-22T17:15:55.655+0000] {processor.py:183} INFO - Processing /opt/airflow/dags/pipeline_one_off.py took 0.111 seconds
[2026-01-22T17:16:25.920+0000] {processor.py:161} INFO - Started process (PID=54795) to work on /opt/airflow/dags/pipeline_one_off.py
[2026-01-22T17:16:25.921+0000] {processor.py:830} INFO - Processing file /opt/airflow/dags/pipeline_one_off.py for tasks to queue
[2026-01-22T17:16:25.922+0000] {logging_mixin.py:188} INFO - [2026-01-22T17:16:25.921+0000] {dagbag.py:545} INFO - Filling up the DagBag from /opt/airflow/dags/pipeline_one_off.py
[2026-01-22T17:16:25.947+0000] {processor.py:840} INFO - DAG(s) 'pipeline_one_off' retrieved from /opt/airflow/dags/pipeline_one_off.py
[2026-01-22T17:16:25.985+0000] {logging_mixin.py:188} INFO - [2026-01-22T17:16:25.985+0000] {dag.py:3089} INFO - Sync 1 DAGs
[2026-01-22T17:16:25.998+0000] {logging_mixin.py:188} INFO - [2026-01-22T17:16:25.998+0000] {dag.py:3947} INFO - Setting next_dagrun for pipeline_one_off to None, run_after=None
[2026-01-22T17:16:26.019+0000] {processor.py:183} INFO - Processing /opt/airflow/dags/pipeline_one_off.py took 0.106 seconds
[2026-01-22T17:16:56.275+0000] {processor.py:161} INFO - Started process (PID=54805) to work on /opt/airflow/dags/pipeline_one_off.py
[2026-01-22T17:16:56.276+0000] {processor.py:830} INFO - Processing file /opt/airflow/dags/pipeline_one_off.py for tasks to queue
[2026-01-22T17:16:56.278+0000] {logging_mixin.py:188} INFO - [2026-01-22T17:16:56.277+0000] {dagbag.py:545} INFO - Filling up the DagBag from /opt/airflow/dags/pipeline_one_off.py
[2026-01-22T17:16:56.301+0000] {processor.py:840} INFO - DAG(s) 'pipeline_one_off' retrieved from /opt/airflow/dags/pipeline_one_off.py
[2026-01-22T17:16:56.340+0000] {logging_mixin.py:188} INFO - [2026-01-22T17:16:56.340+0000] {dag.py:3089} INFO - Sync 1 DAGs
[2026-01-22T17:16:56.354+0000] {logging_mixin.py:188} INFO - [2026-01-22T17:16:56.354+0000] {dag.py:3947} INFO - Setting next_dagrun for pipeline_one_off to None, run_after=None
[2026-01-22T17:16:56.376+0000] {processor.py:183} INFO - Processing /opt/airflow/dags/pipeline_one_off.py took 0.107 seconds
[2026-01-22T17:17:26.666+0000] {processor.py:161} INFO - Started process (PID=54815) to work on /opt/airflow/dags/pipeline_one_off.py
[2026-01-22T17:17:26.667+0000] {processor.py:830} INFO - Processing file /opt/airflow/dags/pipeline_one_off.py for tasks to queue
[2026-01-22T17:17:26.668+0000] {logging_mixin.py:188} INFO - [2026-01-22T17:17:26.668+0000] {dagbag.py:545} INFO - Filling up the DagBag from /opt/airflow/dags/pipeline_one_off.py
[2026-01-22T17:17:26.695+0000] {processor.py:840} INFO - DAG(s) 'pipeline_one_off' retrieved from /opt/airflow/dags/pipeline_one_off.py
[2026-01-22T17:17:26.740+0000] {logging_mixin.py:188} INFO - [2026-01-22T17:17:26.740+0000] {dag.py:3089} INFO - Sync 1 DAGs
[2026-01-22T17:17:26.755+0000] {logging_mixin.py:188} INFO - [2026-01-22T17:17:26.755+0000] {dag.py:3947} INFO - Setting next_dagrun for pipeline_one_off to None, run_after=None
[2026-01-22T17:17:26.782+0000] {processor.py:183} INFO - Processing /opt/airflow/dags/pipeline_one_off.py took 0.124 seconds
[2026-01-22T17:17:57.055+0000] {processor.py:161} INFO - Started process (PID=54825) to work on /opt/airflow/dags/pipeline_one_off.py
[2026-01-22T17:17:57.056+0000] {processor.py:830} INFO - Processing file /opt/airflow/dags/pipeline_one_off.py for tasks to queue
[2026-01-22T17:17:57.057+0000] {logging_mixin.py:188} INFO - [2026-01-22T17:17:57.057+0000] {dagbag.py:545} INFO - Filling up the DagBag from /opt/airflow/dags/pipeline_one_off.py
[2026-01-22T17:17:57.081+0000] {processor.py:840} INFO - DAG(s) 'pipeline_one_off' retrieved from /opt/airflow/dags/pipeline_one_off.py
[2026-01-22T17:17:57.118+0000] {logging_mixin.py:188} INFO - [2026-01-22T17:17:57.118+0000] {dag.py:3089} INFO - Sync 1 DAGs
[2026-01-22T17:17:57.132+0000] {logging_mixin.py:188} INFO - [2026-01-22T17:17:57.132+0000] {dag.py:3947} INFO - Setting next_dagrun for pipeline_one_off to None, run_after=None
[2026-01-22T17:17:57.152+0000] {processor.py:183} INFO - Processing /opt/airflow/dags/pipeline_one_off.py took 0.104 seconds
[2026-01-22T17:18:27.424+0000] {processor.py:161} INFO - Started process (PID=54835) to work on /opt/airflow/dags/pipeline_one_off.py
[2026-01-22T17:18:27.425+0000] {processor.py:830} INFO - Processing file /opt/airflow/dags/pipeline_one_off.py for tasks to queue
[2026-01-22T17:18:27.427+0000] {logging_mixin.py:188} INFO - [2026-01-22T17:18:27.426+0000] {dagbag.py:545} INFO - Filling up the DagBag from /opt/airflow/dags/pipeline_one_off.py
[2026-01-22T17:18:27.453+0000] {processor.py:840} INFO - DAG(s) 'pipeline_one_off' retrieved from /opt/airflow/dags/pipeline_one_off.py
[2026-01-22T17:18:27.495+0000] {logging_mixin.py:188} INFO - [2026-01-22T17:18:27.494+0000] {dag.py:3089} INFO - Sync 1 DAGs
[2026-01-22T17:18:27.509+0000] {logging_mixin.py:188} INFO - [2026-01-22T17:18:27.508+0000] {dag.py:3947} INFO - Setting next_dagrun for pipeline_one_off to None, run_after=None
[2026-01-22T17:18:27.534+0000] {processor.py:183} INFO - Processing /opt/airflow/dags/pipeline_one_off.py took 0.117 seconds
[2026-01-22T17:18:57.855+0000] {processor.py:161} INFO - Started process (PID=54857) to work on /opt/airflow/dags/pipeline_one_off.py
[2026-01-22T17:18:57.856+0000] {processor.py:830} INFO - Processing file /opt/airflow/dags/pipeline_one_off.py for tasks to queue
[2026-01-22T17:18:57.857+0000] {logging_mixin.py:188} INFO - [2026-01-22T17:18:57.857+0000] {dagbag.py:545} INFO - Filling up the DagBag from /opt/airflow/dags/pipeline_one_off.py
[2026-01-22T17:18:57.882+0000] {processor.py:840} INFO - DAG(s) 'pipeline_one_off' retrieved from /opt/airflow/dags/pipeline_one_off.py
[2026-01-22T17:18:57.926+0000] {logging_mixin.py:188} INFO - [2026-01-22T17:18:57.925+0000] {dag.py:3089} INFO - Sync 1 DAGs
[2026-01-22T17:18:57.941+0000] {logging_mixin.py:188} INFO - [2026-01-22T17:18:57.941+0000] {dag.py:3947} INFO - Setting next_dagrun for pipeline_one_off to None, run_after=None
[2026-01-22T17:18:57.969+0000] {processor.py:183} INFO - Processing /opt/airflow/dags/pipeline_one_off.py took 0.122 seconds
[2026-01-22T17:19:28.242+0000] {processor.py:161} INFO - Started process (PID=54867) to work on /opt/airflow/dags/pipeline_one_off.py
[2026-01-22T17:19:28.244+0000] {processor.py:830} INFO - Processing file /opt/airflow/dags/pipeline_one_off.py for tasks to queue
[2026-01-22T17:19:28.245+0000] {logging_mixin.py:188} INFO - [2026-01-22T17:19:28.245+0000] {dagbag.py:545} INFO - Filling up the DagBag from /opt/airflow/dags/pipeline_one_off.py
[2026-01-22T17:19:28.270+0000] {processor.py:840} INFO - DAG(s) 'pipeline_one_off' retrieved from /opt/airflow/dags/pipeline_one_off.py
[2026-01-22T17:19:28.312+0000] {logging_mixin.py:188} INFO - [2026-01-22T17:19:28.312+0000] {dag.py:3089} INFO - Sync 1 DAGs
[2026-01-22T17:19:28.329+0000] {logging_mixin.py:188} INFO - [2026-01-22T17:19:28.328+0000] {dag.py:3947} INFO - Setting next_dagrun for pipeline_one_off to None, run_after=None
[2026-01-22T17:19:28.353+0000] {processor.py:183} INFO - Processing /opt/airflow/dags/pipeline_one_off.py took 0.119 seconds
[2026-01-22T17:19:58.643+0000] {processor.py:161} INFO - Started process (PID=54877) to work on /opt/airflow/dags/pipeline_one_off.py
[2026-01-22T17:19:58.644+0000] {processor.py:830} INFO - Processing file /opt/airflow/dags/pipeline_one_off.py for tasks to queue
[2026-01-22T17:19:58.646+0000] {logging_mixin.py:188} INFO - [2026-01-22T17:19:58.645+0000] {dagbag.py:545} INFO - Filling up the DagBag from /opt/airflow/dags/pipeline_one_off.py
[2026-01-22T17:19:58.681+0000] {processor.py:840} INFO - DAG(s) 'pipeline_one_off' retrieved from /opt/airflow/dags/pipeline_one_off.py
[2026-01-22T17:19:58.732+0000] {logging_mixin.py:188} INFO - [2026-01-22T17:19:58.732+0000] {dag.py:3089} INFO - Sync 1 DAGs
[2026-01-22T17:19:58.746+0000] {logging_mixin.py:188} INFO - [2026-01-22T17:19:58.745+0000] {dag.py:3947} INFO - Setting next_dagrun for pipeline_one_off to None, run_after=None
[2026-01-22T17:19:58.768+0000] {processor.py:183} INFO - Processing /opt/airflow/dags/pipeline_one_off.py took 0.135 seconds
[2026-01-22T17:20:29.039+0000] {processor.py:161} INFO - Started process (PID=54887) to work on /opt/airflow/dags/pipeline_one_off.py
[2026-01-22T17:20:29.041+0000] {processor.py:830} INFO - Processing file /opt/airflow/dags/pipeline_one_off.py for tasks to queue
[2026-01-22T17:20:29.042+0000] {logging_mixin.py:188} INFO - [2026-01-22T17:20:29.042+0000] {dagbag.py:545} INFO - Filling up the DagBag from /opt/airflow/dags/pipeline_one_off.py
[2026-01-22T17:20:29.066+0000] {processor.py:840} INFO - DAG(s) 'pipeline_one_off' retrieved from /opt/airflow/dags/pipeline_one_off.py
[2026-01-22T17:20:29.113+0000] {logging_mixin.py:188} INFO - [2026-01-22T17:20:29.113+0000] {dag.py:3089} INFO - Sync 1 DAGs
[2026-01-22T17:20:29.132+0000] {logging_mixin.py:188} INFO - [2026-01-22T17:20:29.132+0000] {dag.py:3947} INFO - Setting next_dagrun for pipeline_one_off to None, run_after=None
[2026-01-22T17:20:29.159+0000] {processor.py:183} INFO - Processing /opt/airflow/dags/pipeline_one_off.py took 0.128 seconds
[2026-01-22T17:20:59.436+0000] {processor.py:161} INFO - Started process (PID=54897) to work on /opt/airflow/dags/pipeline_one_off.py
[2026-01-22T17:20:59.437+0000] {processor.py:830} INFO - Processing file /opt/airflow/dags/pipeline_one_off.py for tasks to queue
[2026-01-22T17:20:59.438+0000] {logging_mixin.py:188} INFO - [2026-01-22T17:20:59.438+0000] {dagbag.py:545} INFO - Filling up the DagBag from /opt/airflow/dags/pipeline_one_off.py
[2026-01-22T17:20:59.470+0000] {processor.py:840} INFO - DAG(s) 'pipeline_one_off' retrieved from /opt/airflow/dags/pipeline_one_off.py
[2026-01-22T17:20:59.511+0000] {logging_mixin.py:188} INFO - [2026-01-22T17:20:59.511+0000] {dag.py:3089} INFO - Sync 1 DAGs
[2026-01-22T17:20:59.526+0000] {logging_mixin.py:188} INFO - [2026-01-22T17:20:59.525+0000] {dag.py:3947} INFO - Setting next_dagrun for pipeline_one_off to None, run_after=None
[2026-01-22T17:20:59.551+0000] {processor.py:183} INFO - Processing /opt/airflow/dags/pipeline_one_off.py took 0.122 seconds
[2026-01-22T17:21:29.835+0000] {processor.py:161} INFO - Started process (PID=54907) to work on /opt/airflow/dags/pipeline_one_off.py
[2026-01-22T17:21:29.836+0000] {processor.py:830} INFO - Processing file /opt/airflow/dags/pipeline_one_off.py for tasks to queue
[2026-01-22T17:21:29.837+0000] {logging_mixin.py:188} INFO - [2026-01-22T17:21:29.837+0000] {dagbag.py:545} INFO - Filling up the DagBag from /opt/airflow/dags/pipeline_one_off.py
[2026-01-22T17:21:29.862+0000] {processor.py:840} INFO - DAG(s) 'pipeline_one_off' retrieved from /opt/airflow/dags/pipeline_one_off.py
[2026-01-22T17:21:29.902+0000] {logging_mixin.py:188} INFO - [2026-01-22T17:21:29.902+0000] {dag.py:3089} INFO - Sync 1 DAGs
[2026-01-22T17:21:29.917+0000] {logging_mixin.py:188} INFO - [2026-01-22T17:21:29.917+0000] {dag.py:3947} INFO - Setting next_dagrun for pipeline_one_off to None, run_after=None
[2026-01-22T17:21:29.939+0000] {processor.py:183} INFO - Processing /opt/airflow/dags/pipeline_one_off.py took 0.111 seconds
[2026-01-22T17:22:00.217+0000] {processor.py:161} INFO - Started process (PID=54917) to work on /opt/airflow/dags/pipeline_one_off.py
[2026-01-22T17:22:00.219+0000] {processor.py:830} INFO - Processing file /opt/airflow/dags/pipeline_one_off.py for tasks to queue
[2026-01-22T17:22:00.220+0000] {logging_mixin.py:188} INFO - [2026-01-22T17:22:00.219+0000] {dagbag.py:545} INFO - Filling up the DagBag from /opt/airflow/dags/pipeline_one_off.py
[2026-01-22T17:22:00.245+0000] {processor.py:840} INFO - DAG(s) 'pipeline_one_off' retrieved from /opt/airflow/dags/pipeline_one_off.py
[2026-01-22T17:22:00.286+0000] {logging_mixin.py:188} INFO - [2026-01-22T17:22:00.285+0000] {dag.py:3089} INFO - Sync 1 DAGs
[2026-01-22T17:22:00.300+0000] {logging_mixin.py:188} INFO - [2026-01-22T17:22:00.300+0000] {dag.py:3947} INFO - Setting next_dagrun for pipeline_one_off to None, run_after=None
[2026-01-22T17:22:00.323+0000] {processor.py:183} INFO - Processing /opt/airflow/dags/pipeline_one_off.py took 0.113 seconds
[2026-01-22T17:22:30.596+0000] {processor.py:161} INFO - Started process (PID=54927) to work on /opt/airflow/dags/pipeline_one_off.py
[2026-01-22T17:22:30.597+0000] {processor.py:830} INFO - Processing file /opt/airflow/dags/pipeline_one_off.py for tasks to queue
[2026-01-22T17:22:30.599+0000] {logging_mixin.py:188} INFO - [2026-01-22T17:22:30.598+0000] {dagbag.py:545} INFO - Filling up the DagBag from /opt/airflow/dags/pipeline_one_off.py
[2026-01-22T17:22:30.626+0000] {processor.py:840} INFO - DAG(s) 'pipeline_one_off' retrieved from /opt/airflow/dags/pipeline_one_off.py
[2026-01-22T17:22:30.667+0000] {logging_mixin.py:188} INFO - [2026-01-22T17:22:30.666+0000] {dag.py:3089} INFO - Sync 1 DAGs
[2026-01-22T17:22:30.682+0000] {logging_mixin.py:188} INFO - [2026-01-22T17:22:30.682+0000] {dag.py:3947} INFO - Setting next_dagrun for pipeline_one_off to None, run_after=None
[2026-01-22T17:22:30.706+0000] {processor.py:183} INFO - Processing /opt/airflow/dags/pipeline_one_off.py took 0.118 seconds
[2026-01-22T17:23:00.977+0000] {processor.py:161} INFO - Started process (PID=54937) to work on /opt/airflow/dags/pipeline_one_off.py
[2026-01-22T17:23:00.978+0000] {processor.py:830} INFO - Processing file /opt/airflow/dags/pipeline_one_off.py for tasks to queue
[2026-01-22T17:23:00.979+0000] {logging_mixin.py:188} INFO - [2026-01-22T17:23:00.979+0000] {dagbag.py:545} INFO - Filling up the DagBag from /opt/airflow/dags/pipeline_one_off.py
[2026-01-22T17:23:01.004+0000] {processor.py:840} INFO - DAG(s) 'pipeline_one_off' retrieved from /opt/airflow/dags/pipeline_one_off.py
[2026-01-22T17:23:01.046+0000] {logging_mixin.py:188} INFO - [2026-01-22T17:23:01.046+0000] {dag.py:3089} INFO - Sync 1 DAGs
[2026-01-22T17:23:01.061+0000] {logging_mixin.py:188} INFO - [2026-01-22T17:23:01.061+0000] {dag.py:3947} INFO - Setting next_dagrun for pipeline_one_off to None, run_after=None
[2026-01-22T17:23:01.085+0000] {processor.py:183} INFO - Processing /opt/airflow/dags/pipeline_one_off.py took 0.115 seconds
[2026-01-22T17:23:31.357+0000] {processor.py:161} INFO - Started process (PID=54947) to work on /opt/airflow/dags/pipeline_one_off.py
[2026-01-22T17:23:31.359+0000] {processor.py:830} INFO - Processing file /opt/airflow/dags/pipeline_one_off.py for tasks to queue
[2026-01-22T17:23:31.360+0000] {logging_mixin.py:188} INFO - [2026-01-22T17:23:31.359+0000] {dagbag.py:545} INFO - Filling up the DagBag from /opt/airflow/dags/pipeline_one_off.py
[2026-01-22T17:23:31.386+0000] {processor.py:840} INFO - DAG(s) 'pipeline_one_off' retrieved from /opt/airflow/dags/pipeline_one_off.py
[2026-01-22T17:23:31.429+0000] {logging_mixin.py:188} INFO - [2026-01-22T17:23:31.429+0000] {dag.py:3089} INFO - Sync 1 DAGs
[2026-01-22T17:23:31.444+0000] {logging_mixin.py:188} INFO - [2026-01-22T17:23:31.444+0000] {dag.py:3947} INFO - Setting next_dagrun for pipeline_one_off to None, run_after=None
[2026-01-22T17:23:31.468+0000] {processor.py:183} INFO - Processing /opt/airflow/dags/pipeline_one_off.py took 0.119 seconds
[2026-01-22T17:24:01.784+0000] {processor.py:161} INFO - Started process (PID=54957) to work on /opt/airflow/dags/pipeline_one_off.py
[2026-01-22T17:24:01.785+0000] {processor.py:830} INFO - Processing file /opt/airflow/dags/pipeline_one_off.py for tasks to queue
[2026-01-22T17:24:01.787+0000] {logging_mixin.py:188} INFO - [2026-01-22T17:24:01.786+0000] {dagbag.py:545} INFO - Filling up the DagBag from /opt/airflow/dags/pipeline_one_off.py
[2026-01-22T17:24:01.815+0000] {processor.py:840} INFO - DAG(s) 'pipeline_one_off' retrieved from /opt/airflow/dags/pipeline_one_off.py
[2026-01-22T17:24:01.856+0000] {logging_mixin.py:188} INFO - [2026-01-22T17:24:01.856+0000] {dag.py:3089} INFO - Sync 1 DAGs
[2026-01-22T17:24:01.871+0000] {logging_mixin.py:188} INFO - [2026-01-22T17:24:01.870+0000] {dag.py:3947} INFO - Setting next_dagrun for pipeline_one_off to None, run_after=None
[2026-01-22T17:24:01.895+0000] {processor.py:183} INFO - Processing /opt/airflow/dags/pipeline_one_off.py took 0.119 seconds
[2026-01-22T17:24:32.156+0000] {processor.py:161} INFO - Started process (PID=54967) to work on /opt/airflow/dags/pipeline_one_off.py
[2026-01-22T17:24:32.158+0000] {processor.py:830} INFO - Processing file /opt/airflow/dags/pipeline_one_off.py for tasks to queue
[2026-01-22T17:24:32.159+0000] {logging_mixin.py:188} INFO - [2026-01-22T17:24:32.159+0000] {dagbag.py:545} INFO - Filling up the DagBag from /opt/airflow/dags/pipeline_one_off.py
[2026-01-22T17:24:32.182+0000] {processor.py:840} INFO - DAG(s) 'pipeline_one_off' retrieved from /opt/airflow/dags/pipeline_one_off.py
[2026-01-22T17:24:32.219+0000] {logging_mixin.py:188} INFO - [2026-01-22T17:24:32.218+0000] {dag.py:3089} INFO - Sync 1 DAGs
[2026-01-22T17:24:32.233+0000] {logging_mixin.py:188} INFO - [2026-01-22T17:24:32.233+0000] {dag.py:3947} INFO - Setting next_dagrun for pipeline_one_off to None, run_after=None
[2026-01-22T17:24:32.252+0000] {processor.py:183} INFO - Processing /opt/airflow/dags/pipeline_one_off.py took 0.102 seconds
[2026-01-22T17:25:02.527+0000] {processor.py:161} INFO - Started process (PID=54977) to work on /opt/airflow/dags/pipeline_one_off.py
[2026-01-22T17:25:02.528+0000] {processor.py:830} INFO - Processing file /opt/airflow/dags/pipeline_one_off.py for tasks to queue
[2026-01-22T17:25:02.529+0000] {logging_mixin.py:188} INFO - [2026-01-22T17:25:02.529+0000] {dagbag.py:545} INFO - Filling up the DagBag from /opt/airflow/dags/pipeline_one_off.py
[2026-01-22T17:25:02.557+0000] {processor.py:840} INFO - DAG(s) 'pipeline_one_off' retrieved from /opt/airflow/dags/pipeline_one_off.py
[2026-01-22T17:25:02.600+0000] {logging_mixin.py:188} INFO - [2026-01-22T17:25:02.599+0000] {dag.py:3089} INFO - Sync 1 DAGs
[2026-01-22T17:25:02.616+0000] {logging_mixin.py:188} INFO - [2026-01-22T17:25:02.615+0000] {dag.py:3947} INFO - Setting next_dagrun for pipeline_one_off to None, run_after=None
[2026-01-22T17:25:02.640+0000] {processor.py:183} INFO - Processing /opt/airflow/dags/pipeline_one_off.py took 0.120 seconds
[2026-01-22T17:25:32.908+0000] {processor.py:161} INFO - Started process (PID=54987) to work on /opt/airflow/dags/pipeline_one_off.py
[2026-01-22T17:25:32.909+0000] {processor.py:830} INFO - Processing file /opt/airflow/dags/pipeline_one_off.py for tasks to queue
[2026-01-22T17:25:32.911+0000] {logging_mixin.py:188} INFO - [2026-01-22T17:25:32.910+0000] {dagbag.py:545} INFO - Filling up the DagBag from /opt/airflow/dags/pipeline_one_off.py
[2026-01-22T17:25:32.936+0000] {processor.py:840} INFO - DAG(s) 'pipeline_one_off' retrieved from /opt/airflow/dags/pipeline_one_off.py
[2026-01-22T17:25:32.977+0000] {logging_mixin.py:188} INFO - [2026-01-22T17:25:32.977+0000] {dag.py:3089} INFO - Sync 1 DAGs
[2026-01-22T17:25:32.992+0000] {logging_mixin.py:188} INFO - [2026-01-22T17:25:32.991+0000] {dag.py:3947} INFO - Setting next_dagrun for pipeline_one_off to None, run_after=None
[2026-01-22T17:25:33.013+0000] {processor.py:183} INFO - Processing /opt/airflow/dags/pipeline_one_off.py took 0.112 seconds
